cliente_id,nombre,documento,genero,edad,ciudad,estrato,estado_civil,nivel_educativo,ocupacion,ingreso_mensual,score_crediticio,num_dependientes,fecha_registro,canal_adquisicion
CLI-04884,Geovanny Hernández,702186076,M,41,Barranquilla,5,  Soltero,Técnico, Pensionado ,8816000.0,575,2,2017-12-18,Corredor
CLI-01256,Nelson Garzon Gomez,1119105072,F,38,Bogotá,2,Divorciado,Profesional, Empleado ,1671000.0,455,3,2018-07-22,Asesor  comercial
CLI-04027,Luis Osorio Zapata,34503790,F,43,Medellín  ,3,Soltero,Bachiller,Empleado,4771000.0,759,0,2023-02-15,Bancaseguros
CLI-01456,David Arias,1135297593,M,56,Bogotá,2,Casado,Técnico,Independiente  ,2067000.0,594,2,2024-10-02,Corredor
CLI-01316,Pablo Silvio Hernández Hernández,316717387,F,46,Pereira,4,Viudo,Profesional,Empleado,4630000.0,745,1,2023-12-23,Web
CLI-01104,Liliana Emilce Vargas Portilla,329795891,F,41,BARRANQUILLA,5,soltero,Bachiller,Empleado,15159000.0,686,2,2019/09/30,Web
CLI-02272,Emilia Sánchez Rojas,182889821,F,48,Bogotá,2,Unión libre,Profesional,Empleado,2098000.0,584,1,07/05/2017,Web
CLI-01700,EVER ALIRIO FORERO,779847042,F,31,BARRANQUILLA,3,Divorciado,Posgrado,Independiente  ,$4.533.000,685,0,INVALID_DATE,Asesor comercial
CLI-02900,Alexandra Cristina Bernal,1314082454,M,63,Cali,4,Soltero,Profesional,Pensionado,8029000.0,721,2,2020/05/28,Web
CLI-00285, Harold Bastidas Figueroa ,1592198573,F,43,Cali,1,Soltero,Bachiller,Pensionado,2033000.0,657,5,2019-08-14,Agencia
CLI-00045,Antonio Felipe Parra López  ,1895772162,fem,23,,2,Soltero,Profesional,Independiente,2759000.0,600,0,2018-06-25,ASESOR COMERCIAL
CLI-00575,Gerson Adolfo Valencia Castro,634678982,F,22,Bogotá  ,3,Unión libre,Bachiller,Empleado,5276000.0,737,3,27/01/2022,Web
CLI-00825,GLORIA ALICIA SUAREZ MESA,1503712254,F,37,  B/quilla,5,Casado,PROFESIONAL,Independiente,5651000.0,539,0,2019-12-21,Asesor comercial
CLI-01891,Karol Torres Vanegas,710925129,M,25,barranquilla,1,Unión libre,Técnico,Pensionado,2117000.0,633,0,27/11/2024,Bancaseguros
CLI-03352,Cristina López Rincón,1088240638,M,63,Medellín,5,Unión libre  ,Posgrado,PENSIONADO,8318000.0,562,0,2018-07-19,Agencia
CLI-01341,Germán Camilo Flórez Durán,1765542892,M,39,Manizales,6,Soltero,Posgrado,Independiente,13038000.0,706,1,2018/07/07,Agencia
CLI-03752,Marina Ortiz Páez,988843484,F,18,Cartagena,4,Viudo,PROFESIONAL,Pensionado,3017000.0,659,3,2019-07-14,Asesor comercial
CLI-04966,Farid Contreras,409072446,M,48,Cartagena,2,Divorciado,Bachiller,Empleado,1756000.0,611,0,2024-10-27,Corredor
CLI-00783,Ingrid Trujillo,33642765,M,58,MANIZALES,2,Viudo,Profesional,Independiente,2492000.0,658,3,22/04/2017,Bancaseguros
CLI-04714,Patricia Elena Cano González,705704447,F,47,Medellín,5,Soltero,Posgrado,Empresario,8644000.0,582,2,2021-10-07,Bancaseguros
CLI-01574,Fidel Bonilla Martínez,136962961,F,52,Medellín,2,Soltero,Profesional,Independiente,1516000.0,620,2,22/12/2017,Agencia
CLI-02330,Adriana  Reyes,1834425096,F,18,Cali,3,Unión libre,Técnico,Pensionado,3476000.0,659,2,19/07/2018,Agencia
CLI-00802,Juan Ignacio Fernández Romero,1862377692,M,58,Bogotá,2,Casado,Profesional,Empleado,2596000.0,575,1,2018/08/26,Agencia
CLI-04829,Gabriel Edwin Giraldo Ríos,818772775,F,22,MEDELLIN,3,Unión libre,bachiller,Empleado,3961000.0,793,2,2017-04-10,Corredor
CLI-01220,Andrea Margarita Lara,1048277846,M,25,Bucaramanga,1,Soltero,Bachiller,Empleado,1622000.0,527,1,15/07/2020,Agencia
CLI-01962,Juan Víctor Martínez,1411593045,M,55,Barranquilla,3,Casado,Posgrado,Empleado  ,3314000.0,812,1,2020/02/28,Corredor
CLI-04169,Reinaldo Marcos Paez,401626376,F,35,B/manga,2, Casado ,Profesional,Empleado,2199000.0,544,2,2024-11-23,Agencia
CLI-02524,Jesús Paz Martínez,1854482006,Femenino,44,Bucaramanga,3,Casado,Profesional,Empleado,5494000.0,804,1,21/04/2017,Bancaseguros
CLI-04544,Ana Gutiérrez García,1382878697,F,,Bogotá,4,Casado,Posgrado,Pensionado,3689000.0,614,0,2022-09-18,Web
CLI-03842,Alejandra Fernández Salas,674016299,F,38,Bogotá,4,Unión libre,Bachiller,Pensionado,6528000.0,641,3,2024-07-21,Agencia
CLI-03840,Juan Alonso Camargo,1301418851,M,48,Medellín,1,Soltero,Técnico,Independiente,2020000.0,719,2,2017-10-31,Asesor comercial
CLI-00566,ALEXANDRA ANDREA FLÓREZ HERNÁNDEZ,897786257,F,50,Santa Marta,3,Soltero,Técnico,Independiente,2848000.0,625,4,31/03/2018,Asesor comercial
CLI-00531,Lina Villa,1293645739,F,42,bogotá,2,Unión libre,Bachiller,Empleado,1221000.0,522,2,2020-08-07,Web
CLI-01144,Manuel Cárdenas,661126194,F,60,Medellín,1,Casado,PROFESIONAL,Pensionado,1415000.0,627,2,2024-04-08,asesor comercial
CLI-02091,Alexis Carlos Bautista,1369950893,M,43,  Barranquilla,4,Soltero, Bachiller ,Empleado,5126000.0,749,0,2024/07/29,Web
CLI-03848,Lucia Mercedes Monsalve Santos,104716119,F,26,Cúcuta,2,Soltero,Profesional,  Estudiante,648000.0,464,0,2023-01-28,Web
CLI-05085,María Mery Córdoba,969679040,F,32,Cali,2,Soltero,Profesional,Independiente,1481000.0,467,2,2018-06-11,Bancaseguros
CLI-04170,Enrique Alexander Yepes,354726175,M,38,Pereira,2,Viudo,Posgrado,Empleado,2848000.0,538,3,02/10/2019,Asesor comercial
CLI-04902,Lucía Sarmiento,364621043,M,41,BOGOTÁ,3,Divorciado,Bachiller,Empleado,2583000.0,582,1,2021-06-06,Agencia
CLI-00379,María Henao,1794507881,M,48,Bogotá,2,Soltero,Técnico,Independiente,2021000.0,546,0,2022-10-21,Agencia
CLI-00190,Álvaro Castillo,1210109427,M,21,Barranquilla,3,Casado,Bachiller,Empleado,5508000.0,653,2,2021-01-02,asesor comercial
CLI-01325,Paola Valentina Vergara,180885137,M,29,Medellín,3,Viudo,Posgrado,Empresario,3671000.0,625,1,2022/05/13,Web
CLI-03832,Héctor Julián Gómez,1778305026,  F,35, Bucaramanga ,1,Soltero,Posgrado  ,,2268000.0,633,0,INVALID_DATE,Asesor comercial
CLI-04494,Diego Mendoza,1432044801,M,53,Cartagena  ,5,Casado,Técnico,Empresario,9792000.0,676,1,,Agencia
CLI-03023,Alejandro Morales,986112606,M,64,,3,Divorciado,Profesional,Pensionado,3935000.0,653,0,,Agencia
CLI-04397,Andrea Bustos Parra,1453697304,M,56,Cartagena,2,Soltero,Bachiller,EMPLEADO,2850000.0,577,2,2018/10/12,Corredor
CLI-00795,Inés Tania Parra Ramos  ,397377906,M,73, Bogotá ,2,Soltero,Profesional,Empresario,3809000.0,584,1,06/07/2023,Web
CLI-04752,Lizeth Mireya Fonseca,1419365669,F,22,Bucaramanga,6,Divorciado,Profesional,Estudiante,6138000.0,609,0,07/12/2024,web
CLI-01834,Ruth Blanca Jiménez,328657943,M,49,CALI,2,Soltero,POSGRADO,Empleado,3508000.0,649,0,2017-06-15,Asesor comercial
CLI-03067,Inés Ramírez Barbosa,1216374825,M,54,Medellín,3,Casado,Bachiller,Empresario,5766000.0,819,0,08/07/2019,Asesor comercial
CLI-01925,Omar Edison Medina,1355089712,M,29,Medellín,2,Casado,Bachiller,Independiente,1883000.0,632,1,2018/01/26,Agencia
CLI-01134,Cristian Ardila,1791026147,F,33,Cali,3,Casado,  Profesional,Empleado,2019000.0,639,1,2021/07/01,WEB
CLI-03266,Milena Gómez,597933803,M,25,Barranquilla,3,Unión libre  ,Técnico,Empleado,3400000.0,649,0,2019/10/01,Corredor
CLI-00994,Arnulfo Orlando García,497364173,M,27,Bta,3,SOLTERO,Bachiller,Pensionado,0.0,733,0,2021/10/21,AGENCIA
CLI-03024,Cecilia Gloria Bustos Hernández,719778497,F,57,Bogotá,5,Soltero  ,Posgrado,Empleado,15996000.0,609,1,,web
CLI-02860,Fernando Lozano,698434328,M,34,Pereira,2,Casado,Posgrado,Empleado,2057000.0,567,1,18/09/2019,Asesor comercial
CLI-03961,Martha Blanco,1157002111,M,59,Cartagena,2,Unión libre,Profesional,Empleado,1731000.0,539,0,06/11/2024,Asesor comercial
CLI-04129,Vanesa Cabrera Carvajal,254839221,F,37, Cúcuta ,3,Soltero,Posgrado,Pensionado,$1.689.000,648,1,2021-12-14,Corredor
CLI-01424,Tania Burbano Guerrero,1751342364,M,57,Bogotá,1,  Casado,Bachiller,empresario,2846000.0,612,0,2020-11-11,Web
CLI-04923,Wendy Buitrago Cuéllar,1126322115,M,39,Barranquilla,3,Soltero,  Profesional,Empresario,10886000.0,660,1,2021/03/22,Agencia
CLI-04461,Daniela Suárez,867898116,M,49, Bogotá ,2,Casado  ,Posgrado,Empleado,2051000.0,598,1,09/10/2022,Web
CLI-00091,Nancy Castrillón Gómez,123502881,  M,27,Bogotá,3,Casado,Posgrado,Independiente,4548000.0,702,2,INVALID_DATE,ASESOR COMERCIAL
CLI-03861,Rubiela Lina Zuluaga Romero,831500106,M,59,Cali,2,Casado,BACHILLER,independiente,2072000.0,544,2,12/03/2024,Bancaseguros
CLI-03525,Josué González,357916821,F,52,Cartagena,3,casado,Profesional,Independiente,1919000.0,529,2,,Corredor
CLI-02915,Liliana Inés Castillo Rojas,1540792189,M,33,Cartagena,5,Soltero,Profesional,Independiente,7912000.0,625,0,2023/03/30,Bancaseguros
CLI-00455,Luz Mena Moreno,1093122190,M,49,  Cali,5,Soltero,Profesional,Empleado,12308000.0,740,1,2022-11-21,Bancaseguros
CLI-04413,Daniel  César  Cifuentes,1374845491,F,26,Pereira,4,Unión libre,Profesional,Estudiante,1483000.0,589,0,2024-06-28,Corredor
CLI-02490,Arnulfo Vargas,265814343,F,33,Medellín,1,Unión libre,Profesional,Pensionado  ,2013000.0,621,1,2022-02-04,Web
CLI-03123, Leandro Iván Cabrera ,1897070349,M,42,Medellín,2,Casado,Profesional,Independiente,,621,1,28/06/2022,Bancaseguros
CLI-02281,Samir Jesús Ramírez  ,168221059,Masculino,36,Manizales,2,UNION LIBRE,Profesional,Empleado,3733000.0,713,3,INVALID_DATE,Web
CLI-00605,Edgar Alfonso Guerrero,238685149,F,66,Manizales,2,casado,Técnico,Pensionado,2448000.0,470,0,2018-01-09,Asesor comercial
CLI-02947,Katherine Vera,454827472,M,,Bogotá,2,Divorciado,Posgrado,Independiente,1421000.0,524,2,2021-08-16,Asesor comercial
CLI-02260,Edinson Diego Zuluaga  ,1516217515,M,63,  Bucaramanga,1,Soltero,PROFESIONAL,Pensionado,1120000.0,539,0,19/01/2023,Agencia
CLI-03148,Luz Betancur Salamanca,904282145,F,53,Cúcuta,3,Soltero,Técnico,Empleado  ,3311000.0,633,0,2019/02/02,Agencia
CLI-04284,Bernardo Rodrigo Castro Salamanca,531393811,M,36,Bogotá,2,Casado,Bachiller,Independiente,2275000.0,458,0,2019-08-08,  Web
CLI-00858,Cielo Patiño García,487906788,F,20,Bogotá,1,Casado,Profesional,Empleado,2200000.0,682,1,2020-02-27,Agencia
CLI-01017,Franklin Óscar Martínez Torres,1817505575,F,34,Medellín,3,Soltero,Bachiller,,3569000.0,602,1,2020/07/27,Asesor comercial
CLI-01919,Marcela Méndez Jiménez,751846948,F,55,  Cali,6,Divorciado,Profesional,Empleado  ,8992000.0,767,1,18/11/2022,Web
CLI-01776,Lucía Parra Pérez,278325505,F,41,Bucaramanga,2,Divorciado,Posgrado,Independiente,1148000.0,523,1,09/01/2018,Bancaseguros
CLI-00768,Leidy Luz Serna  ,1465244903,M,60,Manizales  ,6,Casado  ,Posgrado,Independiente,16693000.0,722,2,06/04/2020,Asesor comercial
CLI-04691,Juan Jiménez,404389530,M,18,  Bucaramanga,1,Viudo,Bachiller,Empresario,2521000.0,639,3,27/07/2023,Asesor comercial
CLI-05012,Patricia Judith Arroyo Rincón,90171777,F,,Manizales,2,Casado,Bachiller,Empleado,1746000.0,656,0,2021-10-06,Web
CLI-01941,Alexander John Pineda,1758294328,M,47,Cartagena,2,Soltero,Técnico,Pensionado,4014000.0,757,2,29/08/2023, Bancaseguros 
CLI-00538,Roberto Chávez González,464133614,M,51,,1,Casado  ,Profesional,Empleado,1626000.0,610,2,2022-03-17,Corredor
CLI-05004,Milena Ramírez,951014830,M,21,Bogotá,1,unión libre,Técnico,Estudiante,759000.0,527,0,22/12/2019,Web
CLI-03496,María Páez Posada,982182175,F,18,Medellín  ,5, Unión libre ,Profesional,Independiente,8840000.0,809,1,2017-08-13,Asesor comercial
CLI-00925,  Andrés Guillermo Silva,83617763,M,40,  Bogotá,3,Casado,Profesional,Independiente,4080000.0,716,0,2022-07-19,Web
CLI-04404,carlos ariel garcía,14982647,M  ,38,Bogotá,3,Casado,Profesional,  Empleado,2411000.0,701,1,2017-10-22,Bancaseguros
CLI-00564,León José Peña,540961345,F,36,Barranquilla,3,Soltero,Posgrado,Empleado,5329000.0,548,4,2021/09/10,Asesor comercial
CLI-02255,Tatiana Lorena Pérez,1730746947,F,73,Medellín,5,Casado,Bachiller,Pensionado,0.0,656,1,2017/10/03,Corredor
CLI-03593,José Ospina Loaiza,1452264743,F,41,Medellín,4,Unión libre,Técnico,Pensionado,4277000.0,654,0,23/07/2023,Bancaseguros
CLI-02464,Fernando  Rigoberto  Mosquera  Ordóñez,1881776422,F,28,Cali,4,  Unión libre,Profesional,Empleado,4344000.0,620,2,2019-10-21,Corredor
CLI-01382,horacio josé herrera quintero,626008477,M,36,  Medellín,3,Unión libre,Profesional,Empleado,2743000.0,598,0,2018/09/23,Agencia
CLI-00532,Enith Nelly Cabrera,1234464257,F,44,Medellin,3,Casado,TECNICO,Empleado,2170000.0,517,2,11/01/2020,Web
CLI-02058,Antonio González Medina,533380384,M,36,,2,SOLTERO,PROFESIONAL,EMPLEADO,2138000.0,600,2,2018-01-07,Web
CLI-00842,Óscar Santiago Hernández,1568198238,F,47,  Medellín,2,Unión  libre,BACHILLER,Pensionado,,549,0,27/07/2020,Asesor comercial
CLI-05053,Gloria Martha Quintero,1792052693,F,59,Bogota DC,4,Divorciado,Posgrado,Empleado,7661000.0,750,1,04/11/2018,Bancaseguros
CLI-00624,Jeisson Molina,1689589942,M,37,Bogotá,1,Casado,Profesional,Empleado,1800000.0,684,0,2024/06/29,Corredor
CLI-02565,Alexander Juan Córdoba Vallejo,1384472831,F,52,Medellín,4,Soltero  ,Bachiller,Empleado,6048000.0,566,1,2019/02/21,Asesor comercial
CLI-02755,Cecilia Córdoba Flórez,1693706584,F,-1,Cali,3,Soltero,TECNICO,Pensionado,2411000.0,667,0,07/04/2023,Asesor comercial
CLI-05109,SANDRA HERRERA OCAMPO,724586340,F,35,Bucaramanga,2,Divorciado,Profesional,Empleado,1593000.0,611,2,2022-07-09,Asesor comercial
CLI-03303,Jhon Alberto Osorio,573948219,M,66,Bogotá  ,3,Soltero,Profesional,Pensionado,1685000.0,506,2,18/10/2018,Asesor comercial
CLI-04151,Claudia Yesenia Gómez,1891428339,M,30,Medellín,2,VIUDO,Bachiller,Empleado,2810000.0,615,2,2018-04-22,Asesor comercial
CLI-02706,Juan Cano Velasco,275485878,M,,Medellín,1,Viudo,Técnico,Pensionado,1223000.0,508,2,2019/07/25,Agencia
CLI-04324,Eliana Antonia Sánchez,1594204637,M,30,SANTIAGO DE CALI,1,Casado,Posgrado,Empleado,3315000.0,571,0,2021-02-06,Asesor comercial
CLI-00166,Enrique Joel Muñoz Prieto,165352447,M,51,Cali,3,Casado,Técnico,Empleado,2936000.0,661,3,2023/08/08,Web
CLI-04239,María Carolina Cuesta,117374714,F,,Bogotá,1,Casado,TÉCNICO,Empleado,776000.0,496,2,16/06/2023,Agencia
CLI-03809,LINA KELLY PÉREZ,1426470717,F,64,Manizales,3,VIUDO,Profesional,Pensionado,2515000.0,530,1,02/11/2020,  Asesor comercial
CLI-03516,Yadira Gladis Giraldo,623479079,F,42,Barranquilla,1,Divorciado,Posgrado,Pensionado,1922000.0,684,3,2022-05-14,Agencia
CLI-02366,Mauricio Leonardo Vallejo Benítez,1412853864,fem,48,Pereira,2,Soltero,Profesional,EMPLEADO,1321000.0,741,4,2018-12-07,Corredor
CLI-03981,Daniel Hernando Hurtado,1838583024,M,31,Bogotá  ,2,Soltero,Profesional,Empleado,1789000.0,642,2,2021-08-15,Bancaseguros
CLI-04588,Josué González,667459376,F,34,,2,SOLTERO,profesional,Pensionado,2193000.0,638,0,2023-07-21,Agencia
CLI-02934, José Freddy Caro Gómez ,1744029331,F,46,Cali,2,Casado,Técnico,Empleado,$2.620.000,701,3,2018-11-20,Asesor comercial
CLI-00677,Marcela Emilce Méndez,1037169705,F,56,Bogotá,2,Soltero,Profesional,Independiente,2078000.0,615,1,2021/10/02,Bancaseguros
CLI-04281,Sonia Espinosa,1601854985,M,25,Bogotá,4,Viudo,  Profesional,Empleado,6083000.0,632,2,INVALID_DATE,Web
CLI-03871,Jose Junior Rodriguez,1488808123,M,36,Barranquilla,1,Soltero,Técnico,Empresario,2902000.0,530,3,2020/07/09,Asesor comercial
CLI-02611,Jonathan Pulido,25311464,F,48,Barranquilla,1,Soltero,Profesional,Independiente,817000.0,589,1,01/03/2017, Web 
CLI-00160,Heriberto Roa,539723672,F,30,Medellín,4,Soltero,Bachiller,Independiente,4542000.0,795,0,2024-01-20,Bancaseguros
CLI-03748,Arley Burbano,1404736397,F,51,Pereira,6,Soltero,Bachiller,Independiente,10960000.0,652,2,17/04/2018,Bancaseguros
CLI-04516,Fabián Marcos Rosero López,874240287,M,47,Bogotá,3,Divorciado,Profesional,Empleado,6117000.0,711,2,2023-06-19,Asesor comercial
CLI-04531,Diana Milena Suárez Monsalve,925021441,Femenino,54,Pereira  ,3,Unión libre,Bachiller,Empleado,3379000.0,,1,2020/07/09,Agencia
CLI-02545,Ismael Óscar Muñoz,1260748484,F,38, Medellín ,3,Casado,Profesional,Empleado,,631,3,2020-07-04,Agencia
CLI-04036,Jessica  Adriana  Ríos  Hernández,759347046,M,47,Barranquilla,3,Soltero,Técnico,Independiente,,613,3,26/11/2020,Asesor comercial
CLI-02554,angélica francy sánchez,998118772,F,54,Bogotá,2,Unión libre, Profesional ,Pensionado,0.0,629,0,2021-08-22,Asesor comercial
CLI-02092,José Rivera,1036021920,F,23,Bogotá,5,UNIÓN LIBRE,Bachiller,Empleado,7407000.0,690,3,2022-05-06,Asesor comercial
CLI-02849,Martha Clara Díaz Gonzáles,1077006310,F,20,  Barranquilla,4,VIUDO,BACHILLER,,5502000.0,656,2,2020/04/12,Web
CLI-00084, Adolfo Camilo Camacho ,1748229228,M,40,cartagena,6,Casado,Profesional,Empresario,30490000.0,754,1,2021-08-31,corredor
CLI-05163,Natalia Amanda Mendoza,226615890,M,51,Bogotá,4,Casado,Técnico,Independiente,4716000.0,595,0,2023-04-01,Agencia
CLI-04060,Santiago Gaviria,434725369,F,36,Bogotá,2,Unión libre,Técnico,Empresario,2443000.0,576,2,2024-06-28,Corredor
CLI-05106,José Andrés Sanabria Beltrán,723095154,M,55,Cali,2,Soltero,Profesional,  Independiente,2770000.0,709,1,2021/07/22,Asesor comercial
CLI-04106,Antonio Arango Gutiérrez,1884411611,M,55,Bta,3,Soltero,Posgrado,Independiente,3031000.0,582,3,03/03/2018,Agencia
CLI-02980,Carmenza Leonor Pinzón,970763702,F,33,BARRANQUILLA,2,Soltero,Técnico  ,Empleado,3328000.0,712,3,2019-02-15,Asesor comercial
CLI-03412,Carlos Martínez Sánchez,1745302458,M,32,Santiago de Cali,4,Viudo, Técnico ,Empleado,6031000.0,742,2,06/12/2020,Web  
CLI-04608,Nancy Calderón Marín,1068840572,M,31,Bogota,3,Soltero,TÉCNICO,Independiente,7811000.0,683,1,2018/04/03,Corredor
CLI-04542,Ángel Carlos Calderón,1834726635,M,23,Santa Marta,1,Casado,Bachiller,Independiente,2084000.0,596,1,30/10/2020,Web
CLI-02516,Yair Patiño,993531013,F,43,Barranquilla  ,3,casado,POSGRADO,Empleado,2588000.0,576,2,2019-05-26,Asesor comercial
CLI-00893,Luis Camilo Carmona,1483328531,M,61,Cartagena,1,Soltero, Profesional ,Pensionado,1809000.0,691,4,06/01/2022,Asesor comercial
CLI-03806,Enrique Carlos Ángel,856924037,M,28,Barranquilla,4,Soltero,Profesional,Empleado  ,6035000.0,805,3,2024-03-10,Web
CLI-02722,Alberto Muñoz,629931699,F,60, Bogotá ,2,Unión libre,Bachiller,Pensionado,1861000.0,515,3,13/02/2023,Agencia
CLI-02756,José Pablo Camacho Salazar,317099908,F,45,Manizales,2,Viudo  ,Profesional,INDEPENDIENTE,6284000.0,950,1,27/08/2017,Web  
CLI-02525,  César Alvarado Flórez,1684103299,F,22,Manizales,2,Unión libre,BACHILLER,Empleado,2102000.0,465,0,2020/12/31,Web
CLI-01245,Doris Viviana González Padilla,154861038,M,38,Manizales,3,Casado,Profesional,Empleado,3721000.0,647,1,08/02/2024,Agencia
CLI-00869,Concepcion Meza,1613289503,M,18,Bogotá,4, Divorciado ,Profesional,EMPRESARIO,7615000.0,705,2,17/06/2021,Corredor
CLI-03136,Dario Néstor Ortega,267634291,F,49,Bogotá,3,DIVORCIADO,Profesional,Empleado,4027000.0,709,2,01/07/2017,Agencia
CLI-00009,Francisco Rubén Ariza,1301225744,M,58,Bta,5,Soltero,Técnico,Independiente,9217000.0,694,0,,Corredor
CLI-00989,Carmen Díaz Bustos,79961993,M,46,Pereira,3,Divorciado,Posgrado,Independiente,2087000.0,561,1,2018/05/30,Asesor comercial
CLI-03732,Jorge Díaz,753269010,F,46,Bogotá,1,Casado,Bachiller,Empresario,2373000.0,629,0,13/11/2018,Web
CLI-04289,Patricia Enith Martínez López,5274684,F,20,cali,4,Unión libre,Posgrado,Pensionado,3706000.0,548,1,03/07/2022,Corredor
CLI-01479,Patricia Lucía Ojeda,327449880,F,42,CARTAGENA,2,Divorciado,Bachiller,Independiente,1484000.0,507,0,2020-06-05,Bancaseguros
CLI-03564,Magnolia María Guzmán Castro,1608325209,M,52,Medellin,2, Soltero ,Tecnico,Empleado,1248000.0,573,0,2023/02/20,Corredor
CLI-00256,Fernando Bolaños Núñez,423845422,F,45,Bogotá,3,Unión libre,Profesional,Pensionado,3327000.0,728,3,2017-12-22,Web
CLI-02475,Luz Carmenza Padilla Flórez,839102976,M,50,Cartagena,2,Divorciado,Bachiller,Empleado,1341000.0,520,0,09/08/2019,Bancaseguros
CLI-02244,Tomás Sierra,167723113,M,18,  Bucaramanga,5,CASADO,Profesional,independiente,7088000.0,609,2,22/01/2020,Corredor
CLI-01328,Cristina Molina,1040383243,F,39,Cali  ,4,Casado,Técnico,EMPLEADO,6592000.0,779,3,2021-08-23,Asesor  comercial
CLI-04784,Alberto Miguel Díaz Patiño,1318513959,F,43,Bogotá,6,Casado,Técnico,Empleado,,732,0,2024-06-14,Asesor comercial
CLI-01552,Alexander Gómez  ,1446185630,M,34,BOGOTÁ,3,Casado,  Técnico,Empleado,5938000.0,713,2,31/07/2022,Asesor comercial
CLI-01159,Lucía Gómez,299190302,M,38,Medellín (Antioquia),2,Casado,Bachiller,empleado,1006000.0,651,1,,Agencia
CLI-01312,Diego Mejía Rojas  ,842744662,F,34,Bogotá,1,Unión libre,Profesional,Empleado,3636000.0,615,0,2019-04-10,Agencia
CLI-04528,Luz Díaz Duarte,1884545894,F,53,Bogotá,3,Casado,Bachiller,Empleado,3250000.0,639,0,2018-05-07,Web
CLI-02742,José Carlos López,1030077173,F,47,Bogotá,2,Divorciado,Profesional,Empresario,4655000.0,659,3,31/05/2020,Bancaseguros
CLI-03271,Andrés Edgar Rojas Medina,1165394604,F,45,Medellín,3,Soltero,Bachiller,Empresario,5146000.0,749,3,2019-05-07,Agencia
CLI-01673,Lina Milena Gómez García,1529826373,F,36,Bogota,3,Viudo,Bachiller,EMPLEADO,5327000.0,649,3,2023-11-10,Web
CLI-00118,Gonzalo Andrés Sánchez,1676246398,F,59,Cúcuta,5,Unión libre,Profesional  ,Empresario,19709000.0,782,0,2019/08/06,Bancaseguros
CLI-05157,Emilio Álvarez Muñoz,1287715510,M,54,CARTAGENA,5,CASADO,Profesional,Empleado,6982000.0,742,2,2018-09-11,Web
CLI-03858,María Gloria Cruz,190294034,M,62,Cali,3,Unión libre,Profesional,Pensionado,1611000.0,523,3,2024-12-02,Asesor comercial
CLI-04125,Lorena Socorro González Bedoya,686891653,fem,29,BOGOTÁ,6,Soltero,Bachiller  ,Empleado,15885000.0,683,4,2017-05-05,Bancaseguros
CLI-04252,Jhonatan José Medina,1620403369,M,18,,4,Casado,TECNICO,Empleado,5282000.0,483,1,22/01/2018,Bancaseguros
CLI-04318,Juan Díaz Sanabria,979635429,F,30,Bogotá,2,Soltero,Profesional,Empleado,2729000.0,654,1,2023-05-08,Asesor comercial
CLI-04704,Lina Carolina Mejia Montoya,1667610196,M,39,Medellín,2,Casado,TÉCNICO,  Empleado,2870000.0,657,2,2023-04-12,Asesor comercial
CLI-03892,Jairo Alexander Cano,352505483,F,46,Bogotá,4,Casado,Posgrado,Empleado,7037000.0,631,0,2018/03/30,Asesor comercial
CLI-03630,Edilberto Ramón González Vélez,1285938286,M,38,Cartagena,4,VIUDO,Profesional,Pensionado,2626000.0,720,1,28/06/2022,Asesor comercial
CLI-02068,Alejandra Bermúdez Medina,1538386860,F,38,Medellín,2,Unión libre,Bachiller  ,Empleado,3230000.0,531,0,2021-08-31,Asesor comercial
CLI-02662,Julio Juan Gutiérrez,755738778,M,41,CUCUTA,1,Soltero,Profesional,Empleado,1103000.0,666,1,,Bancaseguros
CLI-03061,stiven barbosa camacho,235826534,F,50,Medellín,3,Soltero,profesional,Empleado,3033000.0,695,2,2022-01-22,Web
CLI-01268,LUZ SERNA CASTAÑO,1388478686,F,28,Bogota,3,Soltero,Profesional,Empleado,2928000.0,710,2,09/01/2024,Web
CLI-01030,Mariela Ivonne Pardo,1562170136,masc,38,Barranquilla,3,Casado,Técnico,Empresario,5313000.0,710,0,02/09/2018,Agencia
CLI-01899,Amparo Gómez,409217667,M,18,Barranquilla,5,Divorciado,Bachiller,Independiente,13321000.0,583,0,17/09/2018,Asesor comercial
CLI-00526,Astrid María Cortés Orozco  ,1609298938,M,49,Cartagena,2,Casado,Profesional,pensionado,1958000.0,684,0,2023/08/30,Agencia
CLI-01906,MARTHA SOFÍA GARCÍA MARTÍNEZ,1830597602,M,35,Bogotá,3,Casado,Profesional,Independiente,2266000.0,633,2,2023/10/17,Asesor comercial
CLI-01255,Luz Quintero,43534943,M,43, Bogotá ,6,Casado,Bachiller,Empleado  ,11888000.0,790,1,2018-02-19,Agencia
CLI-04200,Carlos Antonio Arteaga,1355398283,M,39,Bogotá,5,Soltero,Bachiller,Empleado,13046000.0,765,0,2019-01-23,Asesor comercial
CLI-03903,Pablo Dario Bedoya,1616761177,F,33,medellín,4,Casado,TECNICO,Empresario,12688000.0,887,1,2021-03-28,Asesor comercial
CLI-01698,josé gutiérrez ramírez,1631877405,F,26,  Medellín,4,Unión libre,Profesional,Empleado,9864000.0,686,0,INVALID_DATE,agencia
CLI-00071,Yuly Patricia González,1199421242,M,31,Bogotá,3,Casado,PROFESIONAL,Empleado,3939000.0,600,1,2022/06/20,Asesor comercial
CLI-03566,Juan Silva Herrera,123533571,F,33,  Bogotá,4,Soltero,Bachiller,EMPLEADO,4600000.0,651,0,2017/05/28,Agencia
CLI-03653,César Mesa,1078689081,M,26,Cali,4,Soltero,Profesional,Estudiante,3023000.0,663,0,03/03/2020,Agencia
CLI-04630,Rene Jose Rojas,1723375926,M,46,Manizales,1,Casado,Bachiller,Independiente,1136000.0,578,0,2020-10-27,Agencia
CLI-02182,Carlos Jairo Zapata,26525601,F,,Bucaramanga,3,Casado,Bachiller,Independiente,3111000.0,544,4,2020/02/17,Corredor
CLI-01155,Andrés Martínez Fuentes,487121301,F,52,BOGOTA,3,Casado,Técnico,Independiente,$3.179.000,680,0,INVALID_DATE,Corredor
CLI-02999,valentina valencia,485045268,F,30,  Medellín,2,Unión libre  ,Bachiller,EMPLEADO,4568000.0,638,1,2022-01-10,Agencia
CLI-01643,Yaneth Caballero Henao,1431529636,Masculino,40,Bogotá,2, Casado ,Bachiller,Empleado,1129000.0,562,1,2022-03-06,Asesor comercial
CLI-05159,Denis María Fuentes Yepes,649853439,M,30,Bucaramanga,3,CASADO,Profesional,Empleado  ,5159000.0,589,0,2021-01-30, Web 
CLI-00575,Gerson Adolfo Valencia Castro,634678982,F,22,Bogotá  ,3,Unión libre,Bachiller,Empleado,5276000.0,737,3,27/01/2022,Web
CLI-02530,Myriam Carolina Salcedo Mejía,1053701275,F,39,Bogotá  ,2,Soltero,Profesional,Independiente,3261000.0,678,1,2024-05-25,Corredor
CLI-03510,Jhon Rodríguez,831184404,M,49,Bucaramanga,1,Soltero,BACHILLER,Empresario,1401000.0,662,1,2019-10-01,Web
CLI-02544,Nancy García,1894509501,M,51,MANIZALES,3,Casado,Posgrado,Independiente,,640,0,2022/09/01,  Bancaseguros
CLI-00039,Margoth Myriam Barrios Amaya,916977273,M,49,Cartagena,3,Soltero,Bachiller,Empleado,5113000.0,904,0,07/11/2023,Web
CLI-04864,Tatiana Osorio,374360533,F,48,  Pereira,1,unión libre,Profesional,Empleado,763000.0,550,1,2018-06-25,Bancaseguros
CLI-02150,Jesús Luis Rodríguez,1289210220,M,25,Cúcuta,4,Soltero,Bachiller,Independiente,4415000.0,619,1,2019/05/28,Bancaseguros
CLI-05076,Esperanza Díaz Ochoa,293413178,M,51,Bogotá,2,Casado,PROFESIONAL,Empleado,1790000.0,602,2,2021/09/18,Agencia
CLI-00730, Nidia Erazo ,252914852,F,28,cali,2,Casado,Profesional,Pensionado,,526,1,15/11/2020,Corredor
CLI-04087,Edgar Felipe Castillo Cabrera,1714174777,F,37,Bogotá,2,Soltero,Posgrado,Empleado,2164000.0,682,1,2023-04-10,Web
CLI-02512,Lucía Agudelo,423027632,masc,26,Medellín,2,Casado,profesional,Empleado  ,1483000.0,438,1,2022-05-19,Asesor comercial
CLI-04355,Luis Junior Castro Sánchez,1204900485,fem,28,Medellín,2,Unión libre,Posgrado  ,Empleado,1617000.0,608,1,2017-07-27,Web
CLI-01504,Juan Jesús Sarmiento,1016491510,M,18,Bogotá,2,Divorciado,Profesional,independiente,1776000.0,514,3,INVALID_DATE,Asesor comercial
CLI-02691,José Castro,867640643,F,22,Bucaramanga,4,Casado,Bachiller,Pensionado,2796000.0,603,2,2024/12/01,  Asesor comercial
CLI-00880,Diego Moreno Cruz,280755805,F,29,Santa Marta,3, Divorciado ,Profesional,Empleado,2797000.0,562,2,30/05/2017, Agencia 
CLI-01016,Mariela Bravo,426624952,M,37,Bogotá,5,Viudo,Técnico,Empresario,8591000.0,646,2,2017/06/01,agencia
CLI-00987,María Alexandra Pérez Méndez,454431080,M,47,MEDELLÍN,2,Soltero,Posgrado,Empleado,$4.814.000,583,0,2017/09/07,Asesor comercial
CLI-04224,Adriana Beltrán,84779291,M,40,Cali,2,Divorciado,Profesional,Independiente,0.0,639,0,2020-09-07,Agencia
CLI-02887,Marina Claudia Vásquez,459578896,M,27,Bogotá,4,Viudo,TÉCNICO,Empresario  ,10949000.0,706,1,2021-04-04,Asesor comercial
CLI-01937,  Margoth Liliana Moreno López,1369236731,M,36,Bogota DC,3,Soltero,Técnico,EMPLEADO,1148000.0,470,1,2019-12-04,Asesor comercial
CLI-00753,Gloria Helena Camargo,848390755,masc,34,Manizales,2,Unión libre,Técnico,EMPLEADO,2099000.0,720,0,2023/05/07,Bancaseguros
CLI-00706,Alirio López,629060621,F,26,Bogotá,2,Casado,Profesional,Empleado,1760000.0,602,1,2021/03/17,  Web
CLI-04257,Margarita Méndez Durán,1777450909,  M,35,Bucaramanga,3,Casado,Posgrado, Independiente ,3861000.0,726,2,22/09/2019,Web
CLI-04970,HUGO MEDINA,1491122369,F,55,cúcuta,3,Soltero,Profesional,Empresario,4756000.0,698,0,2022-08-22,Asesor comercial  
CLI-00462,Tania Pérez,333264252,M,48,Bogotá,4,SOLTERO,  Posgrado,INDEPENDIENTE,5973000.0,604,4,2021-03-19,Web
CLI-04802,LUIS JOSE LOPEZ,35917013,M,29,  Cali,2,SOLTERO,  Posgrado,Empresario,4373000.0,608,0,2017/01/16,Asesor comercial
CLI-00153,Consuelo Olga Uribe Barrios,385782390,M,37,Bogotá,1,Unión libre,Técnico  ,Pensionado,1310000.0,580,0,29/01/2017,Asesor comercial
CLI-02025,Rodolfo Brayan Torres,1811382983,M,24,Medellín,3,Casado,Técnico,Independiente,3694000.0,608,1,2019-09-28,Asesor comercial
CLI-02846,Alfonso Fernando Burgos,1098409779,F,30,Bogotá,3,Unión libre,Profesional,Empresario,3935000.0,649,0,25/04/2020,Asesor comercial
CLI-05185,Angélica Correa Castro,1349898453,M,48,Barranquilla,2,Casado,Posgrado,Empleado,2410000.0,563,3,2020-04-22,  Web
CLI-03542,Antonio Sebastián Osorio,1113930806,F,42,,3,Viudo,Posgrado,Empleado,2927000.0,646,0,2017-05-27,Agencia
CLI-03994,Cecilia  Andrea  Muñoz,575582995,M,52,Barranquilla,2,Casado,Bachiller,Independiente,2405000.0,506,1,2022-04-10,Agencia  
CLI-02235,Maribel Cristina Álvarez,333063125,fem,62,Cúcuta,6,Casado,Profesional,Pensionado,13820000.0,9999,2,2018-06-22, Corredor 
CLI-03477,Orlando Garzón,1540625934,F,53,Bogotá,2,CASADO,Bachiller,Empleado,2692000.0,665,2,08/12/2020,Agencia
CLI-04201,Adriana Victoria Olaya,607493307,M,28,Pereira,1,Soltero,Profesional,Empleado,2151000.0,583,1,2022-07-27,BANCASEGUROS
CLI-00583,Ángel Mercado Mosquera,1099965760,masc  ,43,BARRANQUILLA,3,Unión libre,técnico,Independiente,3003000.0,647,3,2021-04-20,Asesor comercial
CLI-04150,Jeisson William Mendoza,1035762847,M,25,Bogotá,3,Divorciado,Profesional,empleado,6084000.0,640,2,25/06/2023,Agencia
CLI-03445,José Hernández,251508169,Femenino,29,Pereira,3,Soltero,Profesional,Empleado,2988000.0,569,2,2021-05-15,Asesor comercial
CLI-01682,Freddy López,1374640512,F,64,Bucaramanga,4,Unión libre,Bachiller,Pensionado,3648000.0,654,1,02/02/2024,Bancaseguros
CLI-04102,  Dairo Pérez,1039176010,f,36,Cali,2,Divorciado,Profesional,Independiente,1782000.0,586,0,2022/12/19,Corredor
CLI-00065,Marcela  Patricia  Jaimes  Cruz,1216465359,F,18,Medellín,3,Soltero,Profesional,Empleado,4178000.0,545,0,16/07/2018,Corredor
CLI-04788,Mariela Muñoz,1737867046,F,49,Pereira,3,Casado,Profesional,Empleado,1205000.0,540,0,2017/07/24,BANCASEGUROS
CLI-02048,Jorge Caballero,835042700,F,40,Medellín,3,SOLTERO,Posgrado,Independiente,2551000.0,620,1,2024-07-17,ASESOR COMERCIAL
CLI-05191,Yolanda Cifuentes,486462268,  F,47,  Sta. Marta,1,Soltero,Profesional,Empleado,1517000.0,535,3,16/03/2024,Web
CLI-03947,Ana Gutiérrez Hernández,945226141,M,47,BOGOTÁ,5,Unión libre,Profesional,Empleado,9829000.0,692,1,12/01/2020,Web
CLI-01098,Martha Sánchez,1162183628,F,63,Bogotá,2,Soltero,Técnico,Empleado,2027000.0,582,3,2019-04-11,Corredor
CLI-02040,Karen Álvarez,1156651322,F,44,,1,Viudo,Bachiller,pensionado,1565000.0,471,3,2023/09/20,Bancaseguros
CLI-03853,Claudia Claudia González,807737559,M,32,Cucuta,4,Soltero,Bachiller,Empleado,7011000.0,572,0,2023-11-19,Asesor comercial
CLI-04000,Jorge Andrés Acosta Ortiz,1497551005,masc,27,Cali,2,Unión libre,Posgrado,Empleado,1334000.0,545,2,18/05/2022,Web
CLI-04473,María Martha Ríos Arias,1388734791,F,35,Bogotá,3,Soltero,Profesional,Empleado,4850000.0,564,2,2023-06-19,Corredor
CLI-04242,ALCIRA ELCY QUINTERO,465786364, F ,49,Cali  ,2,Soltero,Posgrado,Empresario,3267000.0,688,0,2023/02/16,Asesor comercial
CLI-00622,Yamile Amparo Lozano Hurtado,917274819,F,33,Bogotá,3,Soltero,Profesional,Empleado,4133000.0,605,1,2021-12-07,Bancaseguros
CLI-00221,EDUARDO CARLOS CONTRERAS,858951254,M,40,Manizales,2,Soltero,Bachiller,Empleado,4756000.0,638,0,07/08/2017,WEB
CLI-04846,Magda Arango Molina,1373708856,M,29,Cúcuta,2,  Casado,Técnico,Empleado,2359000.0,596,0,2022-01-04,Bancaseguros
CLI-00148,Marleny María Rangel Vargas,1052889800,F,54,Bogotá,1,Casado,Profesional,Empleado,2542000.0,523,1,2024-10-28,Asesor comercial
CLI-05194,Víctor  Díaz  Muñoz,1870101915,F,,Bucaramanga,4,Soltero,Profesional,Empresario,15349000.0,720,2,2020/03/25,Asesor comercial
CLI-04231,marlene romero bautista,733196101,F,39,Bogotá,4,Unión libre,  Profesional,Empleado,5785000.0,783,1,2024-04-05,Corredor
CLI-02175,Alexander Martínez,801487448,M,35,Cali,2,Casado,Posgrado,Empleado,2382000.0,603,1,2022/11/04,Agencia
CLI-00185,Fabián Castellanos,672884199,F,53,Bogotá,4,Casado,Profesional,Independiente,4695000.0,714,1,2024-09-01,Web
CLI-01191,David Herrera,1778403630,M,56, Cali ,3,Soltero,Profesional,Independiente,,643,1,2018-08-02,Agencia
CLI-02753,Cristina María Duque,1077443695,F,35,Cúcuta,4,Unión libre,Posgrado,Independiente,3946000.0,750,0,2021-11-08,Bancaseguros
CLI-01011,Antonio Jesús Herrera Rueda,562842673,F,50,Cali,1,Divorciado,profesional,Empleado,1701000.0,610,0,2024-10-17,Web
CLI-01593,Patricia Andrea Manrique Mendoza,460877784,F,29,Bucaramanga,2,Casado,Técnico,EMPLEADO,$4.346.000,644,3,2018-09-22,Corredor
CLI-01591,Ximena Lucía Roa,434266916,  M,52,Medellín,3,Soltero,Técnico,Empleado,5127000.0,742,0,10/09/2017,Bancaseguros
CLI-01752,Lorena María Sánchez Velásquez,517624252,masc,36,Bogotá,2,Unión  libre,Técnico,empleado,1769000.0,660,1,2023/05/14,Web
CLI-04949,Nelly Nataly Prieto Moreno,990529095,F,34,Bogotá,2,Casado,Profesional,Empleado,3400000.0,615,1,14/09/2023,Agencia
CLI-01581,Alejandro Espitia Ramírez,101210866,F,38,Bogotá,2,Divorciado,Técnico,Independiente,1786000.0,637,1,2018-06-03,Asesor comercial
CLI-03049,Flor López,721727284,F,21,Medellin (Antioquia),3,Soltero, Posgrado ,Independiente,3752000.0,652,0,2017-04-28,Bancaseguros
CLI-02621,Jefferson  Ortiz,1496430049,F,56,Barranquilla,2,Divorciado,Técnico,Empleado,4364000.0,767,1,2021-01-27,Corredor
CLI-04391,Alexis Acosta,1108911513,M,23,  Bta,5,Casado,Posgrado,Pensionado,8146000.0,745,1,2017-10-08,Asesor comercial
CLI-01218,  Laura Ávila Martínez,1399817354,F,26,Cartagena,3,Unión  libre,Técnico,Empleado,3633000.0,580,2,10/06/2024, Asesor comercial 
CLI-02056,GILDARDO JUAN MARTÍNEZ,1836803103,M,39,Medellin,2,Unión libre,Técnico,Independiente,2704000.0,689,0,02/12/2022,Bancaseguros
CLI-03798,Luisa Orjuela Parra,925101131,F,39,BUCARAMANGA,2,Union libre,Técnico,Independiente,2172000.0,640,0,2018-05-08,Asesor comercial
CLI-01303,Myriam Durán,1528436937,F,40,CARTAGENA,1,Unión libre,Técnico,Empleado,1700000.0,621,1,2023-08-02,Bancaseguros  
CLI-03330,Leydi Teresa Murillo,918857655,M,42,Bogotá,3,Casado,Profesional,Empleado,4675000.0,693,1,01/07/2017,Asesor comercial
CLI-04759,Juan Arley Arboleda,414402132,M,23,Pereira,3,Divorciado, Técnico , Independiente ,,681,1,31/03/2021,Web
CLI-01808,Juan Nicolás Pineda,1340695031,M  ,38,Bogotá,5,Casado,Profesional,Pensionado,6816000.0,708,0,2022/11/05,Agencia
CLI-03779,Esteban Juan Herrera,1076060514,F,23,Bogotá,2,Unión libre, Técnico ,Empleado,,648,0,2022-09-19,Asesor comercial
CLI-03142,Patricia Flórez,743714778,M,52,Cali,2,Casado,Posgrado,Independiente,1925000.0,615,0,2018-02-01,Agencia
CLI-03097,Inés Solano Vergara,491624336,M,40,Bogotá,3,Unión libre,Técnico,Empresario,6064000.0,567,0,11/08/2018,Agencia
CLI-03050,Sindy Contreras,77964736,M,57,Pereira,5,Soltero,Técnico,Empleado,7464000.0,718,4,2020-01-06,Web  
CLI-03768,Nohora Cielo Bedoya Pineda,1895207692,M,58,BOGOTÁ,3,divorciado,Técnico,EMPLEADO,2342000.0,608,3,2018/01/29,ASESOR COMERCIAL
CLI-04019,Alexander Hernán Salcedo Díaz,1342174264,M,23,manizales,2,Soltero,Bachiller,Independiente,1329000.0,471,0,2023-02-07,Corredor
CLI-01532,Silvio Enrique Hurtado,1716085679,Masculino,49,bogotá,4,Casado,Profesional,Empleado,2995000.0,386,2,19/04/2021,agencia
CLI-01802,Alonso Ángel Mesa Bernal,804877098,F,41,Medellín,3,Casado,Posgrado,independiente,4533000.0,838,1,2023/04/18,Asesor comercial
CLI-00644,Pablo Rueda Rodríguez,128394106, M ,43,Manizales,3,Soltero,Profesional,Empleado,1967000.0,566,0,16/05/2022,Bancaseguros  
CLI-02809,RICARDO JUAN PINEDA,1709400022,M,22,BOGOTA,3,Casado,Bachiller,EMPLEADO,5268000.0,821,0,10/10/2020,Asesor comercial
CLI-02649,Patricia Natalia Ortega,1097589554,F,62,Medellín,1,Casado,Técnico,Pensionado,927000.0,572,1,2023-09-08,Asesor comercial
CLI-01715,Nohora Bertha Sánchez,1340943466,M,36,CÚCUTA,2,  Viudo,Bachiller,independiente,,615,2,2021-07-06,AGENCIA
CLI-03022,Omar Toro Bejarano  ,1890139510,F,41,Santa Marta  ,1,Casado,Bachiller,Empresario,2663000.0,613,1,15/12/2024, Asesor comercial 
CLI-01710,Kelly Velásquez,1114149682,M,18,Cali,2,Unión libre,PROFESIONAL,Empleado,1544000.0,602,2,2022-10-15,BANCASEGUROS
CLI-00703,Sara Orozco Sánchez,1081586305,M,33,Bogotá,3,Unión libre,Profesional,Empleado,3040000.0,781,0,2021/11/24,Web
CLI-02666,Camilo Carlos Martínez,1465299767,F,18,Bogotá,2,Casado,Bachiller,Independiente,2651000.0,637,1,22/04/2024,Agencia
CLI-01213,Beatriz Cárdenas,1349763174,F,30,Manizales,2,Soltero,  Bachiller,Empleado,2779000.0,560,2,25/10/2022,ASESOR COMERCIAL
CLI-02275,FARID ROJAS ROJAS,1381539057,F,40,Bogotá,2,Soltero,Bachiller,Empleado,2291000.0,620,2,17/12/2024,Asesor comercial
CLI-02481,Marina Contreras Angulo,1193406173,F,61,Medellín,4,Casado,Profesional,Pensionado,0.0,609,0,24/01/2021,Agencia
CLI-03614,Lucila Isabel Osorio Romero,466926657,F,29, Cali ,2,Casado,Técnico,Pensionado,1131000.0,642,1,2024-05-16,Bancaseguros
CLI-00755,Vanesa Rincón Rivera,1331364054,F,44,Bogotá,3,Casado,Técnico,Empleado,3376000.0,619,2,2019-10-04,Web
CLI-03500,Valentina Amaya  ,992855641,F,18,cartagena,2,Soltero,Bachiller,Empresario,3408000.0,582,0,2024-11-08,Web
CLI-04893,Sergio Iván García Sánchez,1576834655,M,54,Cartagena,2,Casado,Profesional,INDEPENDIENTE,1644000.0,741,1,22/01/2021,Agencia
CLI-03057,Lilia Lucía Jiménez,210060546,F,28,Medellín,2,Unión libre,Profesional,Pensionado,0.0,489,4,INVALID_DATE,CORREDOR
CLI-01692,Andrés Rodríguez Méndez,392802529,F,64,Bogotá,6,  Unión libre,Posgrado, Pensionado ,7002000.0,659,0,2018-07-11,Bancaseguros
CLI-04010,Leandro Efrain García Marín,443551859,F,34,Bogotá,4,Unión libre,Profesional,Empleado,4296000.0,477,0,2021-07-10,Web
CLI-00196,Óscar Benavides,1426179893,M,33,Bogotá,1,SOLTERO,Profesional,Empleado,1098000.0,578,1,05/07/2017,Corredor
CLI-01942,Saúl González Rojas,161643656,M,31,Medellin,2,Unión libre,profesional,Pensionado,2595000.0,647,1,,Asesor comercial
CLI-04712,Leonor Restrepo,475529018,M,54,,5,Unión libre,Profesional,Pensionado,$4.944.000,621,0,2017/04/07,Web
CLI-03158,Victoria Rodríguez,1221181599,Masculino,39,Bogotá D.C.  ,1,Casado,BACHILLER,Empleado,1046000.0,605,0,INVALID_DATE,Agencia
CLI-03244,Iván Gómez Fernández,1824967575,M,50,Bogotá,2,Casado,Profesional,Empleado,3060000.0,635,3,2021-05-05,Asesor comercial
CLI-00078,Luisa Palacio Murillo,597898478,F,50, Medellín ,3,Casado,PROFESIONAL,Empresario,7143000.0,667,1,30/07/2019,Asesor comercial
CLI-02770,María López Bonilla,72119063,F  ,48,Sta. Marta,2,Soltero,Bachiller,Independiente,798000.0,406,1,2019-01-15,Corredor
CLI-02790,Mary Muñoz Gómez,898900029,M,39,Bogotá,6,Divorciado,Posgrado,  Independiente,13213000.0,564,1,2019-02-19,Asesor comercial
CLI-03793,Melissa Wendy Fernández,1351198225,M,34,Cartagena,2,Casado,Técnico,Empleado,1779000.0,562,1,27/11/2024,Asesor comercial
CLI-00239,Ronald Barbosa,628443507,M,55, Cúcuta ,2,Casado,Profesional,Empleado,1992000.0,691,0,2017-12-21,Asesor comercial
CLI-00324,Jhon Guevara,149272301,F,37,Cartagena,2,Unión libre,Posgrado,Empleado,2189000.0,593,0,2022-12-07,Web
CLI-01811,Julián Zapata,242892494,M,,bogotá,3,Divorciado,Técnico,Empleado,4122000.0,686,1,20/03/2019,Asesor comercial
CLI-04656,Margoth Ligia Moreno,276569372,F,25,Cúcuta,2,Divorciado,Profesional,Empleado,2369000.0,481,3,18/12/2021,Web
CLI-04837,Carlos Rodríguez,998202298,masc,47,Bogotá,1,Unión libre,Bachiller,Empleado,1519000.0,655,4,2024-04-27,ASESOR COMERCIAL
CLI-03750,Enrique Caicedo Miranda,28973850,M,44,Cali,2,Soltero  ,Posgrado,Empleado,2843000.0,594,2,2021-01-19, Web 
CLI-03115,Alex Morales,1602391810,M,63,Bucaramanga,2,Divorciado,Bachiller,Pensionado,1136000.0,491,3,2024/01/17,Asesor comercial
CLI-01198,Andrea Mireya Sánchez,660514782,F,39,Bucaramanga,2,  Casado,Posgrado,Pensionado,1728000.0,621,0,2020-03-12,Web
CLI-02199, Jhon Romero Gutiérrez ,348634305,M,33,Medellín,3,Unión libre, Bachiller ,Empleado,2041000.0,460,0,2017-07-12,Web
CLI-00273,Eduardo Orlando Jiménez,857125221,M,41,CALI,1,Casado,Profesional,Empleado,2737000.0,603,1,2024-03-29,Corredor
CLI-02844,Mireya Meza,1281838387,M,41,Manizales,1,SOLTERO,Profesional,Empleado,1992000.0,610,1,2018-07-30,Web
CLI-01741,Argemiro Roberto Villamil,483154195,M,40,Medellín,4,Unión libre,Bachiller,Independiente,7137000.0,763,0,2021/10/29,Bancaseguros
CLI-01433,John Hernando Rodríguez,72348831,M,46,Bogotá,3,Unión libre  ,Técnico,Empleado,3366000.0,539,0,2024/08/06, Asesor comercial 
CLI-01460,Ana González Chacón,1882100716,M,26,Cúcuta,1,Viudo,Profesional,Independiente,1269000.0,533,3,2021-12-25,ASESOR COMERCIAL
CLI-02620,  Camilo Anderson Salazar,1743972080,F,33,Cartagena  ,3,  Unión libre,Profesional,Independiente,2467000.0,614,2,2020-02-07,Agencia
CLI-04786,Astrid Ortega,758114364,F,42,  Barranquilla,4,Casado,Técnico,Empleado,5573000.0,726,0,2022-07-15,Agencia
CLI-02976,  Sandra Sánchez Castro,272714576,F,44,Medellín,4,Casado,PROFESIONAL,Independiente,3670000.0,,1,2023-12-18,Bancaseguros  
CLI-00304, Jorge Parra Paz ,1324860730,F,57,Medellín,3,Divorciado,Profesional,Empleado,2342000.0,738,1,2019-11-08, Asesor comercial 
CLI-01683,María González,1168513927,fem,61,  Cali,3,Casado,Profesional,Pensionado,2767000.0,680,0,2019-10-19,Bancaseguros
CLI-04371,Kelly Sandra Castillo  ,1624495920,Masculino,34,Santa Marta,4,Casado,Profesional,INDEPENDIENTE,5446000.0,695,2,2017-10-16,AGENCIA
CLI-03675,Ángela María Giraldo,1109320501,F,41,Cúcuta,2,Casado,Profesional,Empresario,6976000.0,753,0,02/03/2022,AGENCIA
CLI-02836,  María Sandra Suárez Orozco,1840513252,F,39,,4,Casado,Profesional,Pensionado,9777000.0,630,3,15/03/2020,Agencia
CLI-04349,rosalba ana guerrero gonzález,1581462940,F,67,CALI,3,Soltero,Posgrado,Pensionado,$2.640.000,696,1,2024-02-15,Asesor comercial
CLI-02843,  Camila Gloria Cruz,524251216,M,71,Bogotá,2,Soltero, Profesional , Pensionado ,2011000.0,676,1,27/08/2020,Agencia
CLI-02870,Pablo Kevin Patiño Ortiz,263290774,M,49,Santa Marta,1,Casado,Profesional,Empleado,743000.0,616,2,INVALID_DATE,Web
CLI-02494,Margarita Yéssica Bustamante,1352259553,F,18,BTA,2,Divorciado,Bachiller,Empleado,3246000.0,641,1,2023-05-29,Corredor
CLI-04063,María Pacheco Acosta,1692385051,M,18,Medellín,2,Casado,Técnico,Independiente,1569000.0,681,0,2018-08-28,Web
CLI-01240,Lidia Zambrano Mosquera,830099535,M,40,Cali,2,Soltero,profesional,Independiente,1825000.0,539,4,2023/06/03,Agencia
CLI-02758,Karen Yenny Cardona,1311070365,F,56,Santa Marta,3, Unión libre ,Bachiller,Empleado,7209000.0,705,0,2018-05-18,Bancaseguros
CLI-04581,Lucila Benítez Garzón  ,1769126966,F,52,,5,Casado,Técnico,Empleado,5284000.0,598,1,21/07/2022,Asesor comercial
CLI-01271,Sergio Sánchez,420260311,F,38, Bucaramanga ,2,Unión libre,Posgrado,Independiente,1583000.0,633,1,2021-08-17,Agencia
CLI-01019,Mario Guzmán Amaya,1075067003,M,999,cartagena,4,Soltero,Técnico,Empleado,4986000.0,582,2,2021/08/15,Asesor comercial
CLI-01792,Marco Alberto Sepúlveda,756490251,M,22, Medellín ,2,Casado,Bachiller,Estudiante,977000.0,571,0,2017-07-07,Asesor comercial
CLI-03091,Jorge Gutiérrez Ordóñez,251752033,F,26,cúcuta,4,Soltero,Bachiller,Estudiante,1502000.0,584,0,INVALID_DATE,Agencia
CLI-02399,  César Pérez,1463193585,M,49,Bogotá,2,  Soltero,Profesional,Empleado,4593000.0,740,2,2017/08/26,Asesor comercial
CLI-01109,Yohana Torres,1234605242,F,22,Bogotá,4,Unión libre,Posgrado,Empresario,8068000.0,625,1,2018-10-11,Agencia
CLI-03998,Eduardo Velásquez Jiménez,1592305291,M,34,Bogotá,5,Divorciado,Profesional,Empleado,,701,2,,Agencia
CLI-01368,Alexis Rodríguez,908995971,M,41,Bogota D.C.,2,Soltero,Bachiller,EMPLEADO,2861000.0,584,3,2020-10-13,Corredor
CLI-03433,José Nel Sanabria Martínez,1065891649,F,37,Cúcuta,2,Casado,Posgrado,Independiente,1379000.0,623,1,,Asesor comercial
CLI-00001,María Marcela Torres,1443823676,Femenino,,cúcuta,4,Soltero,PROFESIONAL,Independiente,4921000.0,724,2,2022-08-05,Agencia
CLI-04547,Paula Pérez Trujillo,573460019,F,47, Cartagena de Indias ,1,soltero,Bachiller,Empleado,1260000.0,436,0,24/06/2024,Agencia
CLI-04463,Enrique Raúl Hernández,1525623493,M,46,Cúcuta,5,Casado,Bachiller,Empleado,7179000.0,709,0,2017-03-19,Agencia
CLI-02978,Constanza Stella Moreno,595330539,F,37,medellín,3,Soltero,Posgrado,pensionado,1633000.0,616,1,2022-07-19,Asesor comercial
CLI-01041,Luz María Arteaga,272996944,M,26,Pereira,5,Soltero,PROFESIONAL,Empleado,9739000.0,623,3,2017-08-24,Bancaseguros
CLI-01001,David Arenas Angulo,119194613,M,29,  Medellín,2,Casado,Profesional,Empleado,1612000000.0,632,0,2023-09-22,Asesor comercial
CLI-01820,Rafael José Camargo,650944269,F,42,Cali,4,Casado,Profesional,Empleado,5432000.0,872,2,2021-04-21,Agencia
CLI-00604,Lucía Moreno González,1521306611,F,34,BOGOTA,3,Unión  libre,Bachiller,Empleado,3139000.0,666,0,2022-05-13,AGENCIA
CLI-00598,William Jhon Rueda Rojas,1311600888,F,37,Medellín,3,Casado,Posgrado,Empresario,4567000.0,646,0,2018/05/05,Corredor
CLI-00400,Kelly Hernández Mora,424349536,M,30,Bogotá,4,Unión  libre,Técnico  ,Pensionado,3991000.0,675,1,2021/02/15,Corredor
CLI-00539,Lina Paola Beltrán,1542941815,M,36,Manizales,4,Casado,Profesional,Independiente,3630000.0,509,0,2017/03/19,Bancaseguros
CLI-02360,Bertha Gutiérrez,1527293323,M,55,Bogotá,6,Soltero,Técnico,Empleado,,708,2,2021/09/20,Agencia
CLI-00128,  María Osorio,777591827,M,20,Cartagena,2,Casado,Técnico,Independiente,4100000.0,671,0,2022/09/21,Asesor comercial
CLI-03161,Diego Herrera Valderrama,132376919,F,44,Bogotá,2,Viudo,Profesional,INDEPENDIENTE,1916000.0,695,1,2020-05-02,Web
CLI-01371,Fabián Molina Ballesteros,1695922653,M,41,Medellín,1,Casado,Técnico,Empleado,3009000.0,814,1,05/07/2019,ASESOR COMERCIAL
CLI-02000,Katerine Ana Jiménez,1809565614,Femenino,49,BOGOTA,2,Casado,POSGRADO,Empleado,1930000.0,522,1,2017-11-26,Bancaseguros
CLI-02933,José José Gómez  ,790092787,f,19, Medellín ,4,Unión libre,BACHILLER,EMPLEADO,,623,1,2019-12-08,Asesor comercial
CLI-02919,pilar gloria muñoz,1251803261,M,34,Bogotá,3,Casado,Profesional,Independiente,3372000.0,517,0,2023-06-15,Bancaseguros  
CLI-03804,Rosa Rodríguez,933090229,M,35,Bogotá,3,Soltero,Bachiller,Independiente,6441000.0,600,2,2022-07-13,Asesor comercial
CLI-02724,William Eduardo Rivera Fernández,13882289,M,48,Bogotá,3,SOLTERO,Profesional,Empleado,2488000.0,623,1,2020-05-23,Web
CLI-02468,Andrés Villa Ramos,1231867967,F,23,Bta,3,Unión libre,Técnico,Empleado,2773000.0,641,0,2019-01-03,Agencia
CLI-04018,Carmen  Gómez,1266471995,M,34,santa marta,6,Soltero,Bachiller,Empresario,19297000.0,631,2,11/03/2018,Asesor comercial
CLI-00241,Cristina María Gallego,358588483,F,58,Bogotá,4,Casado,Bachiller,Empleado,7905000.0,704,2,2019-07-21,Asesor comercial
CLI-03339,Paola Gallego Villa,1628474076,M,37,Medellín,2,Casado,Profesional,Empleado,2527000.0,573,0,2021-05-07,Bancaseguros
CLI-04953,EDISON GONZÁLEZ ORTEGA,37972660,M,48,  Barranquilla,6,UNIÓN LIBRE,Bachiller,Empleado,9478000.0,673,1,2024/12/04,Agencia
CLI-03411,Tatiana Lara,1744863134,F,36,Pereira  ,2,Soltero,Bachiller,Empleado,2596000.0,486,1,2018-08-23,Asesor comercial
CLI-01983,Paola  María  Guerra  Barrera,1366719903,F,41,Bogotá,2,Unión libre,Bachiller,Empleado,1287000.0,605,2,2021-01-31,Asesor comercial
CLI-04243,Geraldine Mosquera Ochoa,306239452,M,18,Cali,6,Casado,Técnico, Pensionado ,17898000.0,856,0,2018-03-20,Agencia
CLI-01419,Dary Henao Ávila,1206174810,F,18,Medellín  ,3,Viudo,Profesional,Empleado,1633000.0,517,2,2021-07-24,Agencia
CLI-00154,Daniel José Jiménez Parra,793522277,F,52,Bucaramanga,3,Casado,Profesional,Empresario,7344000.0,769,3,04/12/2018,Asesor comercial
CLI-01202,Andrea Castellanos Ávila,209254642,F,54,Cali,3,Soltero,Técnico,Pensionado,2769000.0,686,0,25/07/2023,Bancaseguros
CLI-00207,Miguel Ruiz Díaz,777686915,M,53,Bucaramanga,4,Soltero,Profesional,Empresario,8333000.0,639,1,2020/05/03,Agencia
CLI-02181,Carlos Moreno Bonilla,1615014160,F,32,Cali  ,3,  Casado,Técnico,Empleado,$2.464.000,649,2,2024/03/06,Agencia
CLI-01663,Jorge Gallego Arango,1293437985,F,28, Manizales ,5,Soltero,BACHILLER,Pensionado,3407000.0,530,1,2019/03/16,Asesor comercial
CLI-01309,María Londoño,166278606,M,68,Bogotá,3,Unión libre,Profesional,Empleado,2893000.0,656,0,15/07/2019,Asesor comercial
CLI-00742,Johan Salamanca Bernal,370165637,M,47,Pereira,5,Soltero,Técnico,Empleado,8358000.0,655,1,2020/03/18,Asesor comercial
CLI-02958,Emilce Marleny González Amaya,618902846,M,52,Barranquilla,2,Unión libre,Técnico,Empresario,3002000.0,583,0,2020/10/24,Corredor
CLI-01013,Stiven Aldemar López Palacios,818967520,M,32,bogotá,3,Casado,Profesional,Empresario,3156000.0,504,3,2018/03/27,Web
CLI-04262,Alfonso  Vargas  Sánchez,1702981959,F,36,Cali,3,Divorciado,Técnico,Empleado,2308000.0,584,1,30/12/2023,Agencia
CLI-03558,MARÍA NÚÑEZ FERNÁNDEZ,1271964248,F  ,33,MEDELLIN,2,Soltero,Profesional,Empresario,4076000.0,691,1,30/12/2023,Bancaseguros
CLI-04233,José Jorge Arteaga,547133186,F,24,,3,Soltero,Posgrado,Independiente,2398000.0,612,3,2017-11-29,WEB
CLI-00026,Alcides Estrada,228539713,M,55,  Pereira,2,  Soltero,Técnico,Independiente,2277000.0,722,1,2020-09-05,Asesor comercial
CLI-00223,Tatiana Margarita Moreno Henao,1267870410,F,46,bogotá,2,Unión libre,Posgrado,Pensionado,962000.0,606,0,2017-05-29,Asesor comercial
CLI-00789,José Naranjo Quintero  ,1645477739,F,20,Bogotá,3,Viudo,Posgrado,Empleado,3459000.0,686,1,2023-06-24,Corredor
CLI-04832,maría hurtado,951667185,M,25,,3,CASADO,Bachiller,Empleado,4222000.0,675,1,2021-11-17,Bancaseguros
CLI-03045,Gilberto Sierra Díaz,487177132,F,53,barranquilla,3,Unión libre,BACHILLER,Independiente,2112000.0,602,1,23/04/2024,Bancaseguros
CLI-02400,Carolina Isabel Hurtado Ardila,1608691687,fem,28, Barranquilla ,3,DIVORCIADO,Posgrado,Empleado,3075000.0,524,1,2023-03-06,Agencia
CLI-01026,Matilde Esperanza Bonilla,1532030278,M,,B/quilla  ,3,Casado,Profesional,Empresario,6777000.0,673,2,2017-02-06,  Bancaseguros
CLI-04197,Julio Valencia,871335560,M,47,Cali  ,1,Casado,Profesional,Empleado  ,2260000.0,459,3,2022-08-31,Bancaseguros
CLI-04633,Jhon Luis Muñoz,115552593,M,37,Pereira,2,Soltero,Bachiller,Independiente,2073000.0,670,3,2023/05/22,web
CLI-01783,MARCELA CORREDOR,19548119, M ,47,Pereira,1,Soltero,Bachiller,Empleado,2078000.0,569,0,2017-05-20,Asesor comercial
CLI-01366,Alberto Franco Barreto,269980251,F,57,Medellín,2,Soltero,  Bachiller,Empleado,3155000.0,643,1,2022-02-10,Corredor
CLI-01996,Juan Carlos Reyes,330335482,F,36,Bucaramanga,3,Casado,Profesional,Empleado,3815000.0,661,0,2017/11/02,Asesor comercial
CLI-03887,Angie Estella Franco Pineda,1398084945,F,21,Bogotá,6,Soltero,Profesional,Independiente,19772000.0,650,0,2023/01/22,Web
CLI-04730,Sofía Velasco,193086395,M,36,Bogotá,2,  Casado,Bachiller,Empleado,,617,1,16/09/2024,Asesor comercial
CLI-00918,Henry Iván Agudelo,638181513,M,28,Bogotá,4,  Casado,bachiller,Pensionado,6151000.0,612,1,2021-11-13,Web
CLI-02189,LUZ RODRIGUEZ,1284612589,Masculino,46,medellín,4,Viudo,Bachiller,Empleado,6123000.0,777,2,18/01/2023,Asesor comercial  
CLI-03117,Ángela Blanco,718104746,M,34,Bogotá  ,1,Divorciado,Bachiller,Empleado,2214000.0,558,1,2021/04/29,Bancaseguros
CLI-02160,Andrés Guerrero Montenegro,468018478,M,63,Cali,3,Casado,Bachiller,Empleado,$3.475.000,586,2,2018-08-29,Asesor comercial
CLI-04787,Teresa Esther Díaz,1824051059,M,48,Medellín,2,Casado,Técnico,Empleado,2882000.0,485,0,03/05/2023,Agencia
CLI-01583,Álvaro Díaz,1063885081,M,18,Medellín,3,Divorciado,Posgrado,,3246000.0,498,1,2022-12-27,Corredor
CLI-05161,Luz Mosquera,1913930,F,57,Barranquilla,3,Unión libre,Bachiller,Empleado  ,2580000.0,742,1,2024-05-16,Corredor
CLI-05025,Alexis Santos Nieto,1864806766,F,28,Cartagena,2,Soltero,BACHILLER,Independiente,1216000.0,565,3,07/02/2023,Bancaseguros
CLI-00067,María Sandra Ortiz,288729273,F,55,Cali,6,Soltero,Profesional,Empresario,23347000.0,768,2,10/08/2017,Agencia
CLI-00737,Carolina Díaz Arenas,1825953510,M,52,Bogotá,4,Soltero,  Técnico,Empleado,3725000.0,665,0,16/10/2017,Agencia
CLI-01815,Gisela Aguirre,556185266,F,36,Bogotá,2,Casado,Profesional,Empleado,2136000.0,607,1,29/03/2022,Corredor
CLI-01595,Gustavo Luis Vásquez,791294098,F,48,Barranquilla,3,Soltero,Profesional,Independiente,0.0,631,3,2023-05-08,Asesor  comercial
CLI-03046,Alberto Romero Jaimes,1579894026,F,34,Bucaramanga,3,Casado, Profesional ,Independiente,2479000.0,666,2,2023/04/27,Asesor comercial
CLI-04877,JEISSON ORDONEZ CASTRO,1575220948,M,54,CARTAGENA DE INDIAS,5,  Casado,Posgrado,empleado,6202000.0,657,2,2024-03-21,Corredor
CLI-05083,Juan Martínez Perea,306847849,M,53,Barranquilla,5,Unión libre,Técnico,  Empleado,11249000.0,695,1,2018/08/20,Asesor comercial
CLI-00050,Juan Restrepo Pulido,1387202511,M,47,Manizales,3,Soltero,Posgrado,Empleado,4604000.0,786,2,2021/10/26,Bancaseguros
CLI-02424,Cristina Sánchez Parada,1179686872,M,53,CARTAGENA,1,Soltero,Bachiller,Independiente,1362000.0,544,1,2022-06-10,Corredor
CLI-04590,Norma Clara Sánchez Sandoval,1313492086,F,31,Pereira,2,Divorciado,Bachiller,Empleado  ,1663000.0,568,1,12/11/2022,Asesor comercial
CLI-04574,maría pulido,382197654,M,62,Cartagena,1,Casado,Bachiller,Pensionado,1056000.0,685,0,2018-09-20,Asesor comercial
CLI-00032,ANA MERY MONTOYA PATINO,1337104194,F,38,Bogotá,4,Unión libre,Técnico,Pensionado,2966000.0,681,3,2017-06-08,Asesor comercial
CLI-01869,Manuela Bolaños Rivas,227879371,F,57,Bucaramanga,3,Casado,Bachiller,Independiente,2037000.0,589,1,2018-04-02,Corredor
CLI-03613,CATALINA ESTEFANÍA LÓPEZ MORA,832441648,F,49,Pereira,4,Soltero,Profesional,Independiente,5041000.0,600,1,2021/09/16,Asesor comercial
CLI-01670,Pedro Augusto Forero Granados  ,959720028,F,37,Bogotá,6, Divorciado ,Bachiller,Independiente,11700000.0,864,3,2020/01/25,Bancaseguros
CLI-02952,Daniel Rojas Trujillo,429198767,F,44,BUCARAMANGA,3,Soltero,Técnico,Empresario,5077000.0,588,1,2018-02-19,Bancaseguros
CLI-02206,Marcela Tatiana Arias,1246691471,F,57,Bogotá,2,Unión libre,Profesional,Empleado,1563000.0,617,0,11/01/2023,ASESOR COMERCIAL
CLI-04847,Marino Sánchez,1129924532,M,48,Cartagena,3,UNION LIBRE,Técnico,Empresario,9089000.0,702,0,2024-03-07,Corredor
CLI-04241,María Milena Ávila,1152390314,F,34,Medellin  ,3,unión libre,Técnico,,2919000.0,617,2,2019-09-18,Web
CLI-02927,Alonso Andrés Arenas Gaviria,1501039516,F,35,MANIZALES,2,Soltero,Profesional,,979000.0,626,3,2020/08/31,Web
CLI-02197,Luz Jiménez,1774328516,M,47,Cali,3,  Casado,Posgrado,Pensionado,2648000.0,669,0,2023-08-27,Bancaseguros
CLI-04523,Edgar Díaz  ,618553433,F,19,BOGOTÁ,1,Soltero,Bachiller,Independiente,1733000.0,555,1,2019/06/22,Agencia
CLI-01608,Jessica Doris Mora,1694250317,M,38,Barranquilla,3,Divorciado,Profesional,Independiente,2082000.0,578,4,2024/08/02,Asesor comercial
CLI-02218,Magda Martínez Romero,1484694911,F,30, Manizales ,3,Casado,Profesional,Empleado,4731000.0,619,2,2022/11/08,Corredor
CLI-03662,Andrés Alberto Peña Zuluaga,125884404,F,34,Pereira,4,Unión libre,Técnico,Empleado,2160000.0,610,2,23/12/2024,Corredor
CLI-03498,Vanesa Moreno,1663127360,F,18,Bogotá,3,Unión libre,Técnico,Empleado,4055000.0,590,3,12/12/2019,Bancaseguros
CLI-03165,María Patricia Castellanos  ,1737162886,F,28, Bogotá ,2,Divorciado,POSGRADO,Empleado,2814000.0,703,0,INVALID_DATE,Agencia
CLI-04520,Lorena María Bravo,1818683910,M,62,Cartagena,3,Unión libre,Técnico,Independiente,2623000.0,647,1,2018-11-30,Bancaseguros
CLI-04496,Marina Osorio,1079674311,M,38,Cúcuta,2,Unión libre,Técnico,Independiente,5481000.0,578,3,09/04/2023,Asesor comercial
CLI-00561,luis garcía,1415952993,M,56,B/quilla,6,SOLTERO,Técnico,,18614000.0,736,1,2020/05/22,Agencia
CLI-03425,León Johan Zambrano Bernal,237692351, M ,44,  Bogotá,3,Soltero,  Posgrado,Empleado,2484000.0,574,0,2023-07-30,Agencia
CLI-05031,Mirian Isabel Rosero Carrillo,484004497,M,23,Barranquilla,3,Viudo,Técnico, Empleado ,3336000.0,550,2,2022/10/31,Asesor comercial
CLI-03082,Andrey Diego Sánchez,857465598,M,41,Bogotá,1,Soltero  ,Posgrado,Independiente,1833000.0,680,1,2020-09-25,Web
CLI-01774,Eduardo Luis Gonzáles,712360245,F,57, Cali ,1,Soltero,Profesional,Empleado,1624000.0,567,2,2021-02-05,Corredor
CLI-04642,Maicol Julio Oviedo,1849020527,M,47, Bogotá ,2,Casado,Profesional,Empleado,2098000.0,677,1,2021-11-19,Bancaseguros
CLI-02113,Andrea Rosa Hernández Romero,1009588296,M,34,Manizales,3,Divorciado,  Profesional,Empleado,3732000.0,,2,2023/04/08,BANCASEGUROS
CLI-05118,Nelson Moreno Patino,470582669,F,31,Bta,3,Unión libre,Bachiller,Empleado,1375000.0,495,1,04/08/2021,Agencia
CLI-00042,Elizabeth María Toro Martínez,67232519,F,32,Cali,6,Unión libre,POSGRADO,Empleado  ,8737000.0,616,0,2021-06-06,Agencia
CLI-00485,Ruth Clara Reyes  ,167018437,M,73,Bucaramanga,3,Unión libre,Técnico,Pensionado,$2.244.000,742,2,03/11/2022,Asesor comercial
CLI-03917,Esperanza Pérez,371734211,F,60, Bta ,3,Divorciado,  Posgrado,,4546000.0,586,2,2019-05-11,asesor comercial
CLI-00771,marcela restrepo,1492063678,M,60,Pereira,3,Soltero,Bachiller,Pensionado,2037000.0,633,0,23/07/2022,Web
CLI-01179,Dary Natalia Martínez Hoyos,1248879597,masc,53,Cartagena,5,casado,Posgrado,,6593000.0,559,1,2021-04-17,Bancaseguros
CLI-00589,CAROLINA RODRIGUEZ LOPEZ,548648201,M,40,Medellín,6,Unión libre,bachiller,Empresario,53637000.0,827,0,2021-09-19,Web
CLI-03537,José Hernán Arias,1398168264,M,36,Cali,2,Viudo,  Bachiller,Empresario,4190000.0,628,2,2017-10-04,Corredor
CLI-03218,Julio Stiven Arteaga Reyes,1714412491,Masculino,49,  Medellín,4,Unión libre,Profesional,Empresario,,520,0,2022-03-28,Agencia  
CLI-01063,Oswaldo Samir Ramírez,1662696736,M,60,Bogotá,1,Unión libre,Bachiller,EMPLEADO,1928000.0,535,1,2024-02-20,Agencia
CLI-02008,Isaías Ferney Ibarra,1140687889,M,52,Bogotá,6,Soltero,Posgrado,Independiente,17963000.0,625,1,2017/02/01,Bancaseguros
CLI-00476,Nelly Restrepo,152872029,M,48,CARTAGENA,3,Divorciado,Profesional,Empleado,2351000.0,626,2,2024-09-06,Asesor comercial
CLI-01427,Lorena Paola Velásquez,939729764,M,51,Bogota,4,Casado  ,Bachiller,Independiente,6394000.0,695,1,2020/08/24,Corredor  
CLI-02942,Astrid Clara Gutiérrez,615563680,M,61,MEDELLIN,1,Soltero  ,Técnico, Pensionado ,1648000.0,618,1,2021/06/02,Agencia
CLI-00171,Daniel Marín Estrada,1406274987,M,55,Pereira,2,Divorciado,Profesional,Pensionado,$2.491.000,632,4,26/12/2024,Asesor comercial
CLI-01106,Jhon Arbey Rubio Sánchez,232988520,F,18,bogotá,3,Casado,Profesional,empleado,3286000.0,802,4,2021-01-27,Bancaseguros
CLI-00125,Olga Marcela Reyes Giraldo,1811350219,M,35,Barranquilla,5,Unión libre,Técnico,Empresario,16057000.0,667,1,2020-11-13,Corredor
CLI-02473,Nelly Tatiana Duarte,1850993871,F,47,medellín,2,Soltero, Bachiller ,Empresario,4251000.0,674,2,2024-10-19,Asesor comercial
CLI-04357,Marina Espitia Bautista,1321150698,F,28,Cúcuta,2,Casado,Profesional,Empresario,5234000.0,,1,INVALID_DATE,Corredor
CLI-03524,Virginia Martínez  ,741005914,M,46,Pereira,4,Soltero,Profesional,Independiente,5468000.0,627,1,2023/05/15,Corredor
CLI-00401,Marleny Delgado,311707346,M,49,  Cali,2,Soltero,Profesional,Empresario,,778,0,2022-12-04,Asesor comercial
CLI-02114,Laura Rivera,636311495,F,34,Medellín,2,Casado,Profesional,Empleado,2030000.0,614,1,2023-11-20,  Asesor comercial
CLI-00094,José Velandia Montoya,997334921,M,50,Bogotá,6,Soltero,Posgrado,Empleado,11093000.0,739,1,2021/05/25,Bancaseguros
CLI-03548,Diego Rodríguez,1686600596,  F,27, Bucaramanga ,3,Soltero,Posgrado,Pensionado,2321000.0,581,2,2019/12/16,Asesor comercial
CLI-00088,Marlén Isabel Bedoya,547393591,M,29,,1,Unión libre,Bachiller,Pensionado,901000.0,620,2,23/05/2019,Asesor comercial
CLI-03683, Constanza Ariza ,1556054710,  M,32,Pereira,4,Unión libre,Bachiller,  Independiente,10121000.0,706,2,2024-09-02,Agencia
CLI-01336,Fernando  Muñoz,1811309969,F,28,,2,Casado,Profesional,Pensionado,1696000.0,588,0,2019-02-17,Asesor comercial
CLI-02918,Germán Alexander Ramírez,395384851,F,33,bogotá,4,Soltero,Técnico,Empresario,4028000.0,630,1,16/09/2024,corredor
CLI-04618,Alexander Mercado,1393379766,F,33,Bogotá,2,Viudo,Técnico,Empleado,3204000.0,521,0,2019/10/01,Agencia
CLI-03875, Pilar Katerine García ,1324574816,fem,53,Bucaramanga,3,Soltero,Profesional,Empleado  ,2599000.0,638,1,2020-08-21,  Agencia
CLI-03485,Carlos Carlos García Fernández,1079363862,F,55,bogotá,2,Soltero,Posgrado,Empleado,1123000.0,522,2,2017/10/17,Asesor comercial
CLI-02723,Beatriz Valentina Ortega,1520016937, M ,30,Santa Marta,1,Casado,Bachiller,Estudiante,250000.0,520,0,2024-01-23,Asesor comercial
CLI-00402,CARLOS RUIZ,269912594,F,53,Barranquilla,6,Casado,Posgrado,Empleado,$11.430.000,710,1,2024-03-22,Bancaseguros
CLI-03371,Estela Castro,198755848,F,50,Cúcuta,4,Soltero,Bachiller,Independiente,6856000.0,752,1,2019/10/06,Agencia
CLI-01418,Miguel Juan Herrera Rivas,315564483,F,43,  Santa Marta,2,UNIÓN LIBRE,Profesional,Empleado,1390000.0,608,3,2018-01-01,Asesor comercial
CLI-00920,Aura González Gómez,494402159,F,44,pereira,2,Soltero,Bachiller,Empleado  ,1702000.0,612,2,2019/09/16,Agencia
CLI-05126,Alejandra Lucila Galeano Ocampo,1113821200,M,34,Bogotá,3,Casado,  Bachiller,independiente,3656000.0,607,1,2018/08/04,Corredor
CLI-01624,Jorge Zapata,1605411088,M,31,Bogotá,3,Divorciado,Profesional,EMPLEADO,3326000.0,612,1,2020/05/12,Asesor comercial
CLI-04593,Adriana Lara,1866449506,F,55,Santa Marta,3,Casado,Profesional,Independiente,2773000.0,689,2,2022/02/28,Agencia
CLI-01113,Rosa López Sánchez,1423041737,F,38,Bogotá,2,  Casado,Bachiller,Pensionado  ,2219000.0,591,2,2018/05/03,Asesor comercial
CLI-04987,margarita libia moreno,624120397,F,46,Cúcuta,3,Soltero,Posgrado,,2960000.0,772,0,08/05/2020,Asesor comercial
CLI-04047,Gloria Arteaga Espinosa,896272565,M,47,Barranquilla,2,casado,Profesional,Empleado,1500000.0,567,0,03/02/2024,Corredor
CLI-01224,Clara González González,209695617,F,61,Bogotá,6,Viudo, Posgrado ,Empleado,15748000.0,827,0,2024/07/10, Bancaseguros 
CLI-00459,Augusto Rangel Acosta,132408556,F,26,Cali,2,Divorciado,Profesional,Empleado,1537000.0,613,1,2017-08-30,asesor comercial
CLI-02826,Aida Rosero Rojas,1565396774,F,55,pereira,3,Unión libre,  Profesional, Independiente ,3352000.0,615,1,2021-08-11,Agencia
CLI-03742,Adriana Bermúdez  ,845414276,M,39,  Cali,4,Unión libre,Profesional,Independiente,5770000.0,607,1,2021-09-08,Asesor comercial
CLI-03030,Julio Andrés Romero Salas,562338173,M,50,Bogotá,2,Divorciado,profesional,Independiente,2970000.0,649,1,2022-05-28,Bancaseguros  
CLI-03501,Enrique Luis Fuentes,560056701,M,41,Barranquilla  ,2,Unión libre,Técnico,Pensionado,1409000.0,678,2,INVALID_DATE,Asesor comercial  
CLI-03628,Alexander Calderón  ,1741092785,F,33,CUCUTA,1,Casado,Profesional,Empleado,804000.0,511,0,2020-01-12,Corredor
CLI-02067,Andrés Estiven Rosero,1434885992,F,53,,2,Soltero,Posgrado,Empleado,2785000.0,631,0,2023/06/18,Bancaseguros
CLI-00675, Arturo González ,1874937501,F  ,45,Barranquilla,1,  Divorciado,Profesional,Independiente,726000.0,551,2,26/07/2022,Asesor comercial
CLI-01657, Teresa Angarita ,618247786,M,23,Medellín,5,Divorciado,Bachiller,Empleado,7587000.0,603,1,2022-09-03,Agencia
CLI-04392,OSCAR FERNANDO SANCHEZ,139947953,F,31,Medellín,2,Casado,Profesional,Independiente,2622000.0,723,2,2021-11-03,Asesor comercial
CLI-00581,Kevin García Arroyo,1203207741,F,37, Pereira ,2,Casado,Bachiller,Empleado,1452000.0,593,1,2021-12-25,Asesor comercial
CLI-00259,Helena Rojas Salcedo,1381970698,M,27,Bucaramanga,1, Casado ,Técnico, Empleado ,1862000.0,574,2,,Asesor comercial
CLI-02152,David Fernando Orozco,21454539,M,29,Cúcuta,5,Casado,TECNICO,Pensionado,7050000.0,749,4,2017-08-13,Corredor
CLI-02688,Liliana Andrea Cano Rodríguez,539964428,F,59,Cúcuta,3,Divorciado,BACHILLER,Empleado,$2.146.000,620,1,2024-08-19,Asesor comercial
CLI-02695,María María Lara,1284435258,F,34,CARTAGENA,1,Casado,Profesional,Pensionado,929000.0,524,0,03/07/2023,Agencia
CLI-04131,Yuliana López Villa  ,418446861,F,56,Cali,3,Casado, Bachiller ,Empleado,3496000.0,621,0,2023-03-08,Corredor
CLI-01466,Armando Jesús Triana,1255575227,F,50,Bogota,3,Soltero,Bachiller,Empleado,3873000.0,728,1,2018-05-15,Agencia
CLI-05184,Rocío Durán Paz,1063558823,F,23,Cartagena,4,Casado,Bachiller,Empleado,4251000.0,651,1,2022-06-19,  Bancaseguros
CLI-04218,Jhoan Alexander Gómez,235176855,M,26,Medellín,1,Soltero,Técnico,Empresario  ,3526000.0,694,2,20/09/2023,Asesor comercial
CLI-00921,Jaime Hernández,1010686629,M,62,Bogotá,3,Soltero,Profesional,Independiente,3104000.0,701,0,20/12/2024,Bancaseguros
CLI-02627,Beatriz Morales,965478262,F,37,MANIZALES,3,Casado,Bachiller,Empleado,4226000.0,625,1,01/09/2024,Bancaseguros
CLI-00710,Ruth Muñoz,244370042,M,48,B/manga,1,Soltero,Bachiller,Empleado,,560,3,2022-01-02,Agencia
CLI-04321,HERNÁN VILLEGAS DAZA,1370229622,F,28,Bogotá,5,Soltero,Bachiller,Pensionado,9641000.0,815,0,2017/10/07,BANCASEGUROS
CLI-02108,Daniela Molina Bolívar,433771265,F,44,Bogotá,3,Unión libre,Profesional,Empresario,$4.762.000,605,0,15/10/2024,BANCASEGUROS
CLI-00515,Elena Muñoz Valencia,778819850,M,43,Pereira,6,Casado,Profesional,Empleado,17767000.0,835,1,2022-12-04,Web
CLI-04290,Mauricio Castro,757088751,F,51,Bogotá,1,Soltero,Bachiller,Independiente,1149000.0,523,1,2024-08-05,Corredor
CLI-01675,Luis Durán Jaramillo,1089518548,F,39,BOGOTÁ,3,Casado,Profesional,Empleado,2358000.0,573,1,2021-03-18, Asesor comercial 
CLI-00441, Diana Inés Guerrero ,1130861551,fem,60, Bogotá ,2,Casado,Profesional,Empleado,3373000.0,564,4,2022/11/21,Asesor comercial
CLI-00941,Bertha Adriana Cardona Parra,8851889,M,21,Medellín,1,UNIÓN LIBRE,Técnico,Independiente,1133000.0,569,2,2024/10/22,  Web
CLI-04138,Ana Luz Ayala Rodríguez,914636086,F,23,Bogotá,4,Unión libre,Profesional,Empresario,8873000.0,688,4,2022/05/06,Asesor comercial
CLI-04698,Amanda Milena Ríos,505737916,M,38,cartagena,5,Unión libre,Profesional,  Empleado,5275000.0,750,3,2017/06/30,Bancaseguros
CLI-02751,Fernanda Gutiérrez Giraldo,367825052,M,39,Bogotá,3,Soltero,Profesional,empleado,3272000.0,554,0,2024-06-06,Bancaseguros
CLI-00970,Carlos Sierra,1233686862,M,52,,4,Divorciado,Profesional,Pensionado,5981000.0,734,3,11/05/2019,Web
CLI-02390,Ana Tatiana Palacios Martínez,643744787,M,36, Bogotá ,4,Casado,Posgrado,Independiente,2306000.0,537,1,2024-01-18,Asesor comercial
CLI-01685,Jesús Eliecer Garzón Barrios,1427944870,Masculino,36,Cali  ,2,Soltero,Posgrado,Empleado,1753000.0,589,0,2023-12-22,Corredor
CLI-04620,Claudia Pérez,1134327352,F,35,MEDELLIN,1,Casado,Bachiller,Pensionado,1890000.0,557,2,28/08/2021,Corredor
CLI-02493,Diego Martínez,65797582,M,48,Santa Marta,2,Casado,profesional,Independiente,1853000.0,538,1,2018/12/13,Bancaseguros
CLI-03306,Germán Solano Salazar,1619594864,M,60,Barranquilla,3,Casado,técnico,Pensionado,2426000.0,669,1,2021-07-08,AGENCIA
CLI-01924, Yolanda Gladys Restrepo ,41261423,masc,22,Bogotá  ,5,Soltero,Técnico,  Independiente,6437000.0,688,0,2018-02-13,Asesor comercial  
CLI-03611,María Johanna Ríos Navarro,1898673296,F,34,Pereira,4,Soltero,POSGRADO,Independiente,$3.845.000,575,2,2017/05/23, Corredor 
CLI-02414,  Luis Héctor Padilla Rodríguez,1704059288,F,24, Bucaramanga ,2,Soltero,  Profesional,Independiente,4310000.0,617,2,22/02/2021,Bancaseguros
CLI-04251,Vanessa Alexandra Gutiérrez Murillo,1567476530,M,46,Bogotá,5,Soltero,Técnico,Empleado,10134000.0,636,2,24/06/2021,Asesor comercial  
CLI-03849,Gladis Luz Ramos,780059476,M,50,Manizales,6, Unión libre ,Bachiller,Independiente,11045000.0,739,1,2022-03-09,Web
CLI-02810,DELIA MARÍA AGUDELO,1589924056,M,33,Medellín,1,Casado,Profesional,Empleado,1224000.0,566,1,31/05/2022,ASESOR COMERCIAL
CLI-04886,Nelson Cuéllar,310305826,F,49,CÚCUTA,3,Soltero  ,Técnico,Empleado  ,3128000.0,615,1,2017/12/02,BANCASEGUROS
CLI-03132,Gladys Mesa,1230473830,F,29,Bogotá,3,Soltero,BACHILLER,  Estudiante,967000.0,554,0,2020-10-22,Asesor comercial
CLI-05183,Sofía Rodríguez,874262099,M,31,Bogotá,1,Soltero,Técnico, Empleado ,3033000.0,628,1,2019-04-27,Bancaseguros
CLI-00535,Álvaro José Lozano Peña,418159887,M,32,Bogotá,2,Divorciado,Profesional,Pensionado,1644000.0,683,0,22/05/2018,Corredor
CLI-02909,Ximena Sandra Díaz Rodríguez,256241680,F,43,Bogotá,2,Casado,Profesional,Empleado,1984000.0,664,0,2017/05/25,Asesor comercial
CLI-03237,Esther Luisa Silva,254649137,F,31,manizales,3,Soltero,POSGRADO,Independiente,4021000.0,591,1,2021-05-13, Web 
CLI-01773,Jhonatan José Mendoza Guerrero,1436559850,F,58,Bogota,4,Casado,BACHILLER,Independiente,3916000.0,721,1,2022-10-25,Asesor comercial
CLI-02219,Milena Sánchez Márquez,1111797739,F,45,Medellín,2,Viudo,Profesional,Empleado,1387000.0,648,1,2019-02-20,Bancaseguros
CLI-04468,Enrique Jhon Mosquera Toro,1620850036,F,34,Medellín,3,Casado,Profesional,Pensionado,2797000.0,630,2,2021-01-20,Web
CLI-01945,SOFÍA ISABEL TRUJILLO,371045364,F,57, Pereira ,2,Casado  ,PROFESIONAL,Empleado,1449000.0,623,0,2020/04/16,Corredor
CLI-03480,ESTHER MARTHA GUTIÉRREZ,1403932070,F,36,Medellín,2,Casado,Profesional,,2160000.0,687,2,,Agencia
CLI-00327,Nelson Hoyos,975677939,F,41,Barranquilla,3,Soltero,Técnico,Empleado,1678000.0,671,2,2022-07-30,Agencia
CLI-00014,Javier  Fredy  Narváez,817822635,  F,45,  Bucaramanga,3,Viudo,Profesional,Pensionado,1753000.0,626,1,2022-05-22,Web
CLI-02585,Eduardo Óscar Palacios Fernández,390895236,M,53,Medellín,4,Casado,Bachiller,Pensionado,4101000.0,662,3,2019-09-20,asesor comercial
CLI-02492,Mónica Paola Delgado,231176243,M,57,Cali,4,Viudo,Bachiller,Independiente,3980000.0,614,0,2018-03-02,Asesor comercial
CLI-04449,Omar Álvarez,466498312,F,53,Cartagena,3,Casado,Posgrado,Empleado,2990000.0,746,0,2020-02-26,Agencia
CLI-02016,Pedro David Ramos,728093606,F,52,Manizales,6,Casado,Bachiller,Empleado,15354000.0,694,0,2017-11-01,Asesor comercial
CLI-00810,Alejandro Rivera,338694306,F,46,Manizales,1,Unión libre,  Bachiller,Empleado,1653000.0,642,2,11/06/2022,  Asesor comercial
CLI-01300,Juan Bryan García González,791525092,masc,18,Medellín,2,UNION LIBRE,Profesional,Empleado  ,3107000.0,719,1,2017-03-19,Agencia
CLI-02868,Cecilia Ramírez Medina,559051110,F,39,Pereira,1,divorciado,Profesional,Empleado,3170000.0,727,1,2022-03-25,Bancaseguros
CLI-00923,María  Oviedo  Hurtado,1861753239,F,23, Bogotá ,3,Casado,Profesional,Independiente,3850000.0,616,1,18/06/2017,Bancaseguros
CLI-02193,Luisa Maribel Márquez,196210332,F,47,BARRANQUILLA,2,Casado,Profesional,Independiente,2042000.0,751,1,2019-02-04,Asesor comercial
CLI-00079,Fernanda Gómez Morales,406842564,F,30,bogotá,1,Casado, Técnico ,Empresario  ,1170000.0,362,1,14/09/2017,Agencia
CLI-00688,MILTON SERGIO ÁLVAREZ GARCÍA,1193212404,F,36,Barranquilla,2,Unión libre,Profesional,Pensionado,$1.338.000,584,1,2021-03-19,corredor
CLI-00293,Ana Gallego,1334785438,F,64,Bogotá,3,Casado  ,Bachiller,Empleado,4376000.0,644,2,2019-11-16,Bancaseguros
CLI-00158,Astrid Damaris Barrios,768083847,F,33,Bucaramanga,6,Viudo,Profesional,Empleado,10898000.0,725,2,INVALID_DATE,Asesor comercial  
CLI-01040, Martha Elvira Perea Mosquera ,393682958,M,24,Santiago de Cali,4,Soltero,PROFESIONAL,Independiente,5253000.0,618,1,2017-01-10,Asesor comercial
CLI-04419,Miguel Ospina Cárdenas,1643347045,M,50,Cartagena de Indias,3,Divorciado,Posgrado,Pensionado,3220000.0,610,0,2020-04-22,Asesor comercial
CLI-03646,Marina Wendy Jaimes,824203453,F,46,Medellín,4,Unión libre,Profesional,Empleado,4580000.0,613,4,2023-08-04,Agencia
CLI-04881,Néstor Álvaro Escobar Henao,592946722,M,73,Bogotá,3,Casado,Bachiller,empleado,5666000.0,733,0,2023-02-16,Corredor
CLI-04056, Helena Mireya Trujillo ,677777580,F,35,Bogotá,2,Divorciado,Posgrado,Pensionado  ,2674000.0,571,0,03/12/2017,Asesor comercial
CLI-00002,gladys cindy garcía,39520542,M,52,Bucaramanga,1,Casado,Bachiller,Empleado,1301000.0,696,2,2023-02-09,Bancaseguros
CLI-03439,Mayra Lizeth Mejía,851956334,M,18,Bucaramanga,1,Soltero,Profesional,Pensionado,973000.0,459,1,2023/07/30,Asesor comercial
CLI-03733,Edith Cárdenas,1569895024,F,47,Barranquilla,4,Casado,Bachiller,Empleado,6973000.0,622,0,2021-07-13,Bancaseguros
CLI-00434,Claudia Ávila Pérez,1295755362,F,46,Bucaramanga,3,Casado,Bachiller,independiente,4757000000.0,754,0,23/10/2021,Agencia
CLI-03709,Angie Johana García Cardona,907322354,M,47,Cartagena,2,Casado,Técnico,Independiente,2698000.0,591,0,18/11/2023,Asesor comercial
CLI-00381, Patricia Calderón ,974973012,F,58,BOGOTÁ,3,Casado,profesional,Empleado,3222000.0,632,1,2021-01-26,ASESOR COMERCIAL
CLI-02483,María Patricia Rodríguez Guevara,725315666,M,46,Cartagena,2,Soltero,Profesional,Empleado,1805000.0,585,2,01/12/2022,Agencia
CLI-05174,Gina Arango López,1449344454,m,32,Cartagena,4,CASADO,Bachiller,Empleado  ,3679000.0,606,1,2024-11-10,Corredor
CLI-04990,María Díaz Barbosa,282651683,M,31,Bogotá,3,Divorciado,Técnico,Empleado,2986000.0,597,0,2024-10-07,Agencia
CLI-02996,Humberto Gómez Jaimes,551175085,M,23,Pereira,5,Unión libre,posgrado,Estudiante,4780000.0,766,0,2019-09-05,Agencia
CLI-05007,  Libia Marina Londoño,642564650,F,43,Medellín,2,Soltero,Técnico,Independiente,1793000.0,634,1,2023-06-05,Asesor comercial
CLI-04149,María Figueroa Castro,137885817,M,31,bogota dc,5,Soltero,Bachiller,Pensionado,18770000.0,673,4,2020/05/22,Web
CLI-04407,Pablo Jhon Álvarez Castro,1760648421,F,43, Medellín ,2,Viudo,Profesional,Empleado,,611,1,2021-11-06,Bancaseguros
CLI-01235,Paola Vásquez,12545686,M,57,Barranquilla,3,Divorciado,Técnico,Empleado,2278000.0,535,0,2022-09-05,AGENCIA
CLI-02460,Manuel Fernando Flórez Vera,1557572498,F,80,Cartagena,4,Casado,Profesional,Pensionado,3420000.0,675,1,22/06/2020,Bancaseguros
CLI-03908,Antonio Rodríguez,1490221048,Femenino,46,Bogotá,5,Unión libre,Profesional,Empleado,5725000.0,533,0,20/05/2023,Asesor comercial
CLI-02002,Daniela Mary López Martínez,1313675172,M,29,cali,1,Casado,Técnico,Empleado,2017000.0,500,2,2017/03/15,Bancaseguros
CLI-00800,Marcela Elsa Mora Acevedo,1732253414,F,34,Bogotá,3,Viudo,Posgrado,Independiente,2948000.0,663,1,,Agencia
CLI-00749,ANGELICA LUZ ZAPATA VALENCIA,1708018529,F,48,bogotá,2,Soltero,Profesional,Empleado,1983000.0,,2,,Agencia
CLI-01242,Efrain Steven Uribe,114901724,M,29,,3,Casado, Bachiller ,Independiente,2996000.0,658,0,2019/07/05,Corredor
CLI-01982,Camila Carmona,563612742,M,60,BOGOTA,6,CASADO,Técnico,Empleado,12306000.0,714,1,09/05/2019,Corredor
CLI-01734,Beatriz Ríos Rojas,913951735,M,46,Bogotá,1,Soltero,Profesional,Independiente,1285000.0,580,0,24/11/2023,  Bancaseguros
CLI-01570,Alberto Diego Pineda,853582836,F,31,Cali,3,Casado,Profesional,Empresario,,695,1,25/11/2020,Agencia
CLI-03483,Camilo Granados Alzate,973816332,f,35,BARRANQUILLA,2,Divorciado,Profesional,Empleado,2491000.0,608,3,2019-01-27,Web
CLI-04749,Ángel Gregorio Hernández,1369893911,F,80,Bogotá,6,Soltero, Bachiller ,Pensionado,12003000.0,782,2,23/04/2020,Web
CLI-04920,Edith Correa,621806730,M,40,Cali,3,Soltero,Técnico,Empleado,2045000.0,675,1,25/10/2021,Corredor
CLI-00141,Fanny Amparo Gómez,270273405,F,57,Bogotá,2,Viudo,Profesional,Pensionado,2115000.0,518,1,21/07/2020, Asesor comercial 
CLI-01004,Isabel Betty Parra,1466051162,M,30,Bogota DC,2,Casado,Profesional,Pensionado,1402000.0,549,0,29/08/2022,Web
CLI-01414,Dario Andrés Mejía Rojas,1439071128,F,54,Barranquilla,1,Casado,Profesional,Independiente,958000.0,552,1,2022-11-01,Web
CLI-04879,Robinson Marin Zuluaga,146850255,M,64,Manizales,4, Casado ,Bachiller,Pensionado,4062000.0,725,1,2017-03-08,Asesor comercial
CLI-03417,Isabel Contreras,738720092,f,50, Pereira ,4,Divorciado,Técnico,EMPLEADO,4363000.0,621,3,2019/02/15,Corredor
CLI-00761,FERNANDA ARANGO,1651742560,F,31,Bogotá,4,Soltero,Bachiller,Empleado,12947000.0,642,2,11/11/2019,Asesor comercial
CLI-03913,Humberto Alberto Toro Figueroa,1456943618,F,27, Cartagena de Indias ,3,Soltero,Técnico,Empresario,7262000.0,710,3,23/05/2023,Agencia
CLI-05018,Fernando Omar Orozco Rodríguez,1852980681,F,51,Bogotá,3,Soltero,Profesional,Independiente,4419000.0,626,1,2019/11/24,Asesor comercial
CLI-04968,  César Valencia,709477725,M,36,Cali,2, Soltero ,Técnico,Independiente,1469000.0,591,0,2018-08-24,Agencia
CLI-02888,  Jaime Figueroa,1149651357,F,60,Cali,3,Soltero,POSGRADO,Empleado,2595000.0,489,0,15/12/2017,Agencia
CLI-03512,JOSÉ GARCÍA ARENAS,607397553,F,50,  Barranquilla,4,Soltero,Posgrado,Empleado  ,,661,1,2022-06-05,Agencia
CLI-05119,Omaira Gómez,1759608170,M,48,Medellín  ,5,Divorciado,Profesional,Empleado,7636000.0,850,2,2021/12/26,WEB
CLI-01323,Dora Silva Andrade,145455757,M,50,barranquilla,2,Casado,Profesional,Empleado,2597000.0,613,2,2022-09-05,Asesor comercial
CLI-00827,Leidy Bibiana Orozco,473610609,F,43,Bucaramanga,2,Soltero,Profesional,Independiente,2022000.0,603,2,08/05/2019,Asesor comercial
CLI-04638,Valentina Sandra Arias,1209020897,F,49,MEDELLÍN,6,Casado,Bachiller,Independiente  ,19668000.0,576,1,2018-05-23,Corredor
CLI-04428,Juan Luis Gómez,902404989,M,41,Medellín,3,Soltero,Bachiller,Empleado,3226000.0,574,3,19/03/2024,Agencia
CLI-00255, Iván Herney Mosquera ,827377921,M,46,Bogotá,3,Soltero,Bachiller,Empleado,,666,1,30/04/2020,Bancaseguros
CLI-00168,Ana Arrieta,837300898,F,55,Pereira,1,Divorciado,Profesional,Empleado,1114000.0,494,0,2018-06-03,Bancaseguros
CLI-02098,Jairo Hernández Rodríguez,1600101288,F,61,Medellín (Antioquia),2,Divorciado,Profesional,Pensionado,1437000.0,566,2,2022-02-10,Web
CLI-03395,Wilmar Luis Muñoz Torres,1763575246,F,34,Santa Marta,1,Casado,Técnico,Independiente,$715.000,454,0,17/09/2020,Web
CLI-01298,Vanessa García Granados,987147399,M,32, Bogotá ,3,Unión libre  ,BACHILLER,empleado,3565000.0,696,1,2018-10-10,CORREDOR
CLI-02066,Isidro Hernando Jiménez Hernández,492633814,f,29,Bogotá,2,Unión libre,Bachiller  ,,5167000.0,721,0,2019-05-20,Bancaseguros
CLI-04858,Sandra Ortiz Parra,1446452376,F,44,Bogotá  D.C.,3,Casado,Posgrado,Empleado,4736000.0,645,0,2024/05/15,  Web
CLI-04705,Nancy Viviana Rengifo,509825573,M,38,cali,4, Divorciado ,Técnico,Independiente,7712000.0,649,0,14/07/2022,bancaseguros
CLI-04075,Fernando Rodríguez Mercado,515410133,M,39,Bogotá,4,Soltero,Bachiller,Empleado,6090000.0,621,0,2022/02/03,Asesor comercial
CLI-02831, José Cuéllar ,172600026,M,23, Bucaramanga ,3,Casado,Técnico,Estudiante,828000.0,590,0,2020/04/05,Web
CLI-02214,LILIANA ESPERANZA MONTOYA RINCON,1021752125,F,64,Pereira,6,Casado,Técnico,Independiente,,723,1,21/09/2023,asesor comercial
CLI-04334,Humberto Valderrama,124963619,M,28,Bogotá  ,1,Unión libre,Técnico,Empleado,2458000.0,701,0,INVALID_DATE,Corredor
CLI-00131,Antonio García Rodríguez,479097342,M,28,Bucaramanga,2,Casado,Bachiller,Independiente,2670000.0,644,2,2017-10-12,Asesor comercial
CLI-03544,Hernán Molano,533140088,M,55,Medellín,2,Casado,Posgrado,Empleado,2632000.0,598,2,01/03/2021,Agencia
CLI-00089,Pedro Benítez Valencia,1789551352,M,32,Manizales,1,Divorciado,Bachiller  ,Independiente,1187000.0,607,5,2020-07-05,Asesor comercial
CLI-04607,Nidia Daza,598356489,F,56,Pereira,1,Casado,Posgrado,Pensionado,1740000.0,559,4,22/01/2023,Bancaseguros
CLI-00062,Alejandra Ofelia Jaramillo Escobar,541403308,M,33,Medellín,3,Casado,Profesional,Empresario,6241000.0,720,0,04/08/2024,Asesor comercial
CLI-03896,Eduardo Pablo Moreno López,665826537,F,40,  Cali,2,Soltero  ,Bachiller,Empleado,1158000.0,641,1,06/10/2022,  Web
CLI-04918,Dayana Rodríguez Caballero,438102239,femenino,33,Medellín,1,Casado,Bachiller,Independiente,1296000.0,558,0,2017-03-09,Web
CLI-02308,Fernando Navarro,908565549,M,55,Bogotá,2,CASADO,Técnico  ,Empleado,1583000.0,611,2,2021-04-28,Agencia
CLI-02327,Luz Juana González,696410651,M,29,MEDELLÍN,1,CASADO,Profesional,Empresario,3329000.0,665,1,2020-02-11,Bancaseguros
CLI-03018,Paola Martha Jaimes Rojas,1084144662,M,24,Cúcuta,3,Soltero,Profesional, Empleado ,2423000.0,582,0,2019-11-17,Agencia
CLI-03906,  Cecilia Heidy Ortiz González,356276697,F,18,Medellin,1,Soltero,PROFESIONAL,Empleado,1850000.0,466,2,2017-07-09,Asesor comercial
CLI-00041,Luis David Quintero Fernández,252103857,M,38,Bogotá,2,Soltero,Bachiller,Independiente,1694000.0,442,2,2017-11-11,Asesor  comercial
CLI-02171,Angélica Vargas,51639239,M,47,BOGOTA,2,Soltero,Profesional,Independiente,1595000.0,535,0,2024-06-12,Web
CLI-03272,José Zapata Serrano,637457796,F,30,,3,Casado,Técnico,Empleado,5402000.0,647,2,05/12/2020,Bancaseguros  
CLI-04589,Diana Vanessa Mercado  ,339304348,F,45,Medellín,5,Divorciado,Profesional, Empresario ,11276000.0,736,3,2021-06-02,Corredor
CLI-01903,Leonardo Jesús Pérez Gil,635034428,F,20,Medellín,4,Soltero,Técnico,Empleado,5030000.0,590,2,27/10/2019,Corredor
CLI-02059, Santiago Pedraza ,1819685409,M,74,Bogotá,1,Viudo,Bachiller,Pensionado,1405000.0,744,3,2017-07-19, Agencia 
CLI-00585,Paula Gómez Castrillón,1203473756,F,44,,5,Divorciado,Bachiller,Empleado,14039000.0,714,2,2024-09-05,Agencia
CLI-00759,Carlos García Ibarra,1692597584,M,18,Medellin,4,Casado,Profesional,Empleado,4542000.0,708,1,2017/04/29,Bancaseguros
CLI-02335,Beatriz Muñoz González,1500785044,M,29,Manizales,1,Casado,Profesional,Empleado,825000.0,538,0,2018/10/20,Asesor comercial
CLI-01276,José Uribe,1217625902,M,68,B/manga,1, Viudo ,profesional,Pensionado,1285000.0,9999,0,2021-04-06,Agencia
CLI-01911,Carlos Fabián Álvarez Ramírez,1423233770,M,51,Bogotá,3,Casado,Posgrado  ,Empresario,6372000.0,552,0,24/07/2017,Agencia
CLI-05016,Jhon Enrique Pérez Alvarado,1078564408,  M,44,Bogotá,3,Casado,Profesional,Empleado,,661,1,2021-06-22,Bancaseguros
CLI-05001,Miguel Vicente Rodriguez Rojas,1836456437,M,61,Bogotá,2,Casado,Profesional,Pensionado,2951000.0,489,2,2023-05-18,Asesor comercial
CLI-01166,Augusto Ramírez Garzón,355354503,F,35,Pereira,2,Unión libre,Bachiller,Independiente,1371000.0,581,3,2023-11-30,Agencia
CLI-01252,Pilar Adiela Peña Quintero,417472475,M,54,Medellín  ,6,Soltero,Bachiller,Independiente,16777000.0,721,1,21/11/2024,Agencia
CLI-03560,Ángel Ortiz Vega,793687787,F,44,Cali,3,Soltero,Profesional,Empleado,2520000.0,646,3,2021-07-18,Bancaseguros
CLI-02963,Pilar Morales,1246422675,M,62,BOGOTA,1,Casado,Bachiller,Pensionado,1487000.0,735,1,2024/02/04,Web
CLI-03048,Estella Martínez,1588475552,F,59,Bogotá,5,Soltero,Bachiller,Independiente,10627000.0,791,1,2024/09/22,Corredor
CLI-00422,César López,749159875,M,50, Cúcuta ,2,Divorciado,Profesional,Empleado,1424000.0,615,0,2018-11-16,corredor
CLI-00296,CAROLINA LUZ BUITRAGO,530060905,F,40,Bogotá,2,VIUDO,Técnico,Independiente,1497000.0,519,1,2021/10/07,ASESOR COMERCIAL
CLI-04686,Fernando Espitia Martínez,271880092,M,38,BARRANQUILLA,5,Unión libre,Técnico  ,Empleado,11817000.0,724,3,2023-12-13,Web
CLI-03434,Juan Ever Pérez,68504109,M,26,Pereira  ,3, Casado ,Profesional,Independiente,5236000.0,670,0,07/04/2024,Agencia
CLI-01313,Leidy Díaz Flórez,225496384,F,46,Cali,3,Casado,Profesional,Pensionado,4390000.0,659,1,2018-10-03,WEB
CLI-04831,Jairo Muñoz Vargas,1713893241,F,57,  Bogotá,1,Casado,Posgrado,Empleado,1628000.0,,0,2017-01-02,Asesor comercial
CLI-00021,CARLOS CARLOS SARMIENTO MONTOYA,1469901702,F,71,CUCUTA,3,Soltero,Profesional,Pensionado,3774000.0,682,1,24/01/2023,Agencia
CLI-04280,Santiago Felipe Rueda López,72095379,F,37,Cali,2,Casado,Técnico,Empleado,2387000.0,607,0,2018-05-20,Bancaseguros
CLI-02003,Nelly Angulo,239050772,F,45,Manizales,3,Unión libre,Técnico,Empresario,6480000.0,611,1,2021-02-15,Bancaseguros
CLI-02344, Óscar Daniel Hurtado Ortiz ,1153790143,M,44,  Bogotá,2,Casado,Posgrado,Empleado,3085000.0,663,3,2019-07-21,Asesor comercial
CLI-01807,inés martha rodríguez castro,1477287236,Masculino,36,Cali,5,Unión libre,Posgrado,Empleado,7989000.0,808,1,02/02/2017,Corredor
CLI-04194,Diana Gómez García,1048479092,f,40,Bogotá,4,Soltero,Profesional,independiente,5711000.0,697,1,2020-12-08,Asesor  comercial
CLI-01201,Carlos Díaz,58597499,F,62,Bogotá,2,Soltero,Profesional,  Independiente,1503000.0,590,0,2021-06-07,Web
CLI-03694,Alejandra  Ruiz  Torres,1015107785,F,35,Bogotá  ,3,Soltero,Bachiller,Empleado,2975000000.0,530,3,2020/06/17,Corredor
CLI-03766,Milena Angie Andrade,486967612,F,34,Bogotá,5,Casado,Profesional,Independiente,4042000.0,594,2,2020-11-14,Asesor comercial
CLI-00031,Edilma Milena Henao,928134094,F,36,Cúcuta,1,Unión libre,Bachiller,Empleado,1102000.0,612,1,2020/12/28,Bancaseguros
CLI-00587,María Carmen Palacios,816384846,M,45,Cartagena,3,Casado,profesional,Empleado,2893000.0,600,2,2023/10/17,Web  
CLI-01332,EUGENIA ESCOBAR,500819261,F,26,Bogotá,2,Unión libre,TÉCNICO,Pensionado,1991000.0,712,2,22/02/2024,Corredor
CLI-04935,Edwin González Escobar,556914924,Femenino,38,Bogotá,3,  Soltero,Bachiller,Independiente,2550000.0,621,1,2023-04-05,Asesor comercial
CLI-01847,Laura Ramírez,16169429,Masculino,55,Cúcuta,2,Casado,BACHILLER,empresario,3565000.0,595,2,07/02/2022,Asesor comercial
CLI-02661,Cristian Garzón,457333582,F,35,Medellín,2,Soltero,Técnico,Empleado,3551000.0,654,1,2022-01-07,Web
CLI-03994,Cecilia  Andrea  Muñoz,575582995,M,52,Barranquilla,2,Casado,Bachiller,Independiente,2405000.0,506,1,2022-04-10,Agencia  
CLI-03526,Enrique César Palacio Lozano,1816174772,M,34,BOGOTA,1,Unión libre,Profesional,Independiente,1590000.0,673,1,2023/06/02,Agencia
CLI-02689,Manuel Juan Orozco Valencia,1196246886,M,41,Cali,1,SOLTERO,Posgrado,Independiente,0.0,571,1,2023-02-20,Asesor comercial
CLI-02509,Martha Cano,276358760,F,35,BOGOTÁ,1,Casado,Bachiller,,1349000.0,641,2,2018-02-10,Asesor comercial
CLI-01784,Paola  Yaneth  Serna,817697382,M,41,Medellín,3,Soltero,PROFESIONAL,Independiente,4965000.0,674,3,2024-05-12,Corredor
CLI-04283,María Josefa León Sánchez,382476952,F,34, Bogota DC ,1,Unión libre,Profesional,Independiente,1269000.0,563,0,2017-12-05,Web
CLI-00579,Amanda Catalina Parra,1075358026,F,,Bogotá,2,Unión libre,Profesional,Independiente,1406000.0,634,3,2024-09-17,Asesor comercial
CLI-02599,AZUCENA ARIZA GONZÁLEZ,183389840, F ,24,Cali,2,Soltero,Bachiller,Empleado,2292000.0,641,1,2021-11-01,Agencia
CLI-01694,  José Castillo,535530923,Femenino,48,Pereira,2,Casado,Técnico,Pensionado,1190000.0,595,0,08/10/2019,Corredor
CLI-00516,Miryam Estela López,46031139,M,53,Cúcuta,1,Soltero,BACHILLER,Empresario,2405000.0,631,1,2018/01/01,Asesor comercial
CLI-01795,Julieth Molano Monsalve,541063832,F,56,Barranquilla,3,Soltero,PROFESIONAL,  Independiente,2197000.0,644,2,2020-10-26,Bancaseguros
CLI-04349,rosalba ana guerrero gonzález,1581462940,F,67,CALI,3,Soltero,Posgrado,Pensionado,$2.640.000,696,1,2024-02-15,Asesor comercial
CLI-00649,Carlos Perdomo,44077250,F,44,B/manga,2,Viudo  ,Profesional,Independiente,3534000.0,784,0,2020/03/31,Bancaseguros
CLI-01316,Pablo Silvio Hernández Hernández,316717387,F,46,Pereira,4,Viudo,Profesional,Empleado,4630000.0,745,1,2023-12-23,Web
CLI-01839,Luz María Forero Vega,633885160,  F,30,Cúcuta,1,Soltero,Profesional,Independiente,1374000.0,585,1,2019-12-29,Agencia
CLI-03409,Nelson Carlos Montenegro,1609008455,F,58,B/QUILLA,2,Unión libre,Profesional,Empleado,1301000.0,559,0,2024-05-07, Bancaseguros 
CLI-02596,Arturo Guzmán Serrano,335808820,F,54,Pereira,3,Casado,Posgrado,Empleado,3343000.0,659,0,2022-07-09,Agencia
CLI-02679,Yésica María Molina,239540809,fem,37,Bogotá,5,Soltero,Profesional,Pensionado,8492000.0,706,2,28/07/2021,Agencia
CLI-00798,Andrea Pulido,1116296569,M,24, Bogotá ,3,Soltero,Profesional,Empleado  ,5096000.0,670,0,14/05/2023,ASESOR COMERCIAL
CLI-03770,Fernando Lara,916606292,f,39,Medellín,5,Casado,Profesional,Independiente,0.0,658,1,27/03/2019,Bancaseguros
CLI-02537,ANDRÉS VARGAS,1745637080,F,34,Bogotá  ,3,Soltero,Bachiller,Empleado,3427000.0,748,1,05/11/2020,Bancaseguros
CLI-01622,María Lina Perdomo,1731149990,F,37,Barranquilla,2,Soltero,Posgrado,Empresario,4763000.0,661,0,24/02/2020,Corredor
CLI-02769,Mónica Medina,623508116,F,54,Cali,3,Casado,Posgrado,Pensionado,,609,0,2020/02/03,Bancaseguros
CLI-01384,Marcos Ignacio Montoya Mena,1198765690,F,58,BOGOTA,6,Casado,Profesional,Independiente,14555000.0,730,3,2023/11/24,BANCASEGUROS
CLI-04316,Jhon Ramírez Suárez,1731052449,fem,21,Medellín,3,Soltero,Técnico,Empresario,7715000.0,739,1,07/04/2018,Agencia
CLI-02698,Lucía Andrade,437598557,  M,40,Cali,3,Soltero,Profesional,Pensionado,1853000.0,741,0,2017-11-19,Web
CLI-01853,Rubén Eduardo Castillo,693802146,F,44,Bogotá,3,Soltero,Profesional,Empleado,4547000.0,615,1,2018/07/02,Asesor comercial
CLI-03796,stiven santiago mendoza uribe,1024472074,fem,18,Bogotá,2,Unión libre,Bachiller,Independiente,2207000.0,533,1,2019-02-01,  Bancaseguros
CLI-00828,Leidy Diana González,1011567219,M,63,Bogotá,3,Unión libre,Técnico,Pensionado,3880000.0,528,0,2018-03-31,Asesor comercial
CLI-04926,Norma María Bautista,1412680431,M,22,Medellín,1,Casado,Posgrado,Empleado,2227000.0,737,1,2017/08/23,Web
CLI-01298,Vanessa García Granados,987147399,M,32, Bogotá ,3,Unión libre  ,BACHILLER,empleado,3565000.0,696,1,2018-10-10,CORREDOR
CLI-00756,Luis Acosta Alvarado,157071913,masc,44,Medellín,4,Unión libre,Técnico,Pensionado,5272000.0,655,1,2023-06-26,Asesor comercial
CLI-02232,Laura Ana Quiroz Guzmán,238293586,F,32,Bogotá,4,Casado,Bachiller,Pensionado,3937000.0,749,1,2020-03-18,Web
CLI-04353,Esther Mónica Mosquera  ,501617746,F,24,Pereira,2,Soltero  ,Profesional,Empresario,3686000.0,616,0,2020-08-01,Web
CLI-02547,Valentina Patricia Garzón Martínez,49573568,fem,45,  Cartagena,2,Soltero,Posgrado,Independiente,962000.0,511,1,,Bancaseguros
CLI-01483,Diana Roa Gutiérrez,907292143,F,39,Bogotá D.C.,3,soltero,Profesional,Independiente,1653000.0,539,2,2023-08-28,Asesor comercial
CLI-04840,Camilo Marín Rivera,1836414566,masc,20,  Bogotá,2,Unión libre,Profesional,estudiante,1313000.0,561,0,2022-02-13,Agencia
CLI-01142,Camilo Víctor Luna,375046257,F,53,Medellín,5,Divorciado,Posgrado,Empleado,7203000.0,764,1,2021/07/19,Agencia
CLI-03276,Paola Inés Rodríguez Bernal,818840443,F,52,B/quilla,5,Soltero,TÉCNICO,Independiente,16810000.0,782,0,,Corredor
CLI-04777,MARIA GRANADOS PATINO,1648620016,M,48,Bogotá,5,Soltero,Técnico,EMPLEADO,10990000.0,795,0,2021/08/16,Corredor
CLI-00133,Sara Camila Gallego,71369668,F,24,Cartagena,4,Casado,PROFESIONAL,Empresario,15263000.0,589,3,2020-08-07,Agencia
CLI-03315,carmen gonzález,406461082,M,31,Bucaramanga,6,Unión libre,Profesional,EMPLEADO,16181000.0,702,2,2019-07-10,Corredor
CLI-04053,Esperanza Arteaga,1309775539,F,53,Bogotá,3,Casado,Profesional,Pensionado,3555000.0,619,2,2023-08-22,Asesor comercial
CLI-01506,Lucia Sandra Bejarano Salazar,880520453,F,43,  Cali,2,Soltero,Profesional,Pensionado,2634000.0,545,1,2022/09/02,Web
CLI-04958,Mery Guerra,1153859672,M,31,Cartagena,3,Unión libre,Profesional,,1896000.0,502,2,2018/03/30,Corredor
CLI-00995,Jhon González Ramírez,877804467,F,24, Bogotá ,1,Casado,Bachiller,Empleado,1196000.0,668,2,16/03/2020,Agencia
CLI-03517,Juan Pablo Rodríguez  ,552284708,F,38,Cúcuta,3,Soltero,Técnico,INDEPENDIENTE,4383000.0,556,0,11/10/2019,Corredor
CLI-02563,Ángel González Monsalve,762768666,F,44,Bogotá  ,5,Soltero,Técnico,Empleado,13527000.0,734,1,INVALID_DATE,Bancaseguros
CLI-01495,Karen Ana Ruiz,1135633645,M,57,MEDELLIN,2,Soltero,Bachiller,Empleado,3071000.0,698,1,2019-12-09,Agencia
CLI-02760,luis juan salazar,1087499864,F,24, Cali ,1,Divorciado,Profesional,Empleado,1080000.0,607,2,2017-07-17,Corredor
CLI-03453,Roberto Castaño,346968683,M,48,Bogotá,2,Casado,Profesional,Empleado,2086000.0,572,1,29/08/2021,Asesor comercial
CLI-01345,Liliana Dayana Ortega Sánchez,1680529587,F,49,Medellín,5,Casado,Profesional,Independiente,7186000.0,653,0,2023-10-15,Agencia
CLI-04062,Luz Ávila,403516608,F,28,Bogotá,3,Soltero,Profesional,Independiente,1963000.0,601,1,2017-04-23,Web
CLI-03027, Humberto Armando Cortés ,124179001,masc,58,Santa Marta,2,Casado,Profesional, Empleado ,1606000.0,627,2,2024-07-19,Asesor comercial
CLI-02276,Irene Carrillo,1482090164,M,18,BARRANQUILLA,1,Casado, Bachiller ,Empleado,829000.0,424,1,2019-02-12,  Agencia
CLI-00415,Alberto Ricardo Álvarez Pinzón,280175397,M,18,MEDELLÍN,2,Casado,PROFESIONAL,Pensionado,1927000.0,585,2,2023-01-03,Corredor
CLI-00258,Helena Vargas,250403242,M,55,Medellín,5,Viudo,Bachiller,Empresario,22307000.0,785,0,2021-10-21,Asesor comercial
CLI-00888,María Gloria Acevedo Vera,986392934,M,66,MEDELLÍN,2,Soltero,Bachiller,Pensionado,1298000.0,612,1,2017-05-21,Corredor
CLI-00157,Fernando Antonio González Ramírez,1697413708,  M,68,Medellín,5,Unión libre,Bachiller,Pensionado,3585000.0,703,1,2018/10/14,Web
CLI-04202,Francia Ramírez Álvarez,1034750062,F,19,Bta,5,divorciado,Posgrado,Empresario,9473000.0,685,3,05/09/2018,Web
CLI-03322,Eliana Monroy Londoño,105140853,M,26,Cali,2,Casado,Profesional,Empleado,2185000.0,592,0,2017-03-29,AGENCIA
CLI-02725,CECILIA LOPEZ,1784541345,M,54,Bogotá,4,Casado,Profesional,Independiente,5143000.0,766,3,24/08/2021,Agencia
CLI-04398,Juan Campo Chacón,1039851709,F,32,Bogotá,1,Soltero,Posgrado,Empleado,1191000.0,579,0,13/01/2019,Corredor
CLI-05069,Guillermo Acosta Parra,559693617,masc,33,Bogotá  ,6,Unión libre,Técnico,Empleado,,756,1,2024-12-03,Bancaseguros
CLI-01092, Jorge Villamizar ,1624087267,F  ,40,Cali,5,  Unión libre,BACHILLER,Independiente,9454000.0,656,0,23/10/2023,Web
CLI-03205,Karen Mónica Herrera,1083707895,F,38,Pereira,2,  Viudo,Bachiller,Empresario,4509000.0,667,0,23/05/2021,WEB
CLI-01950,Pedro Cardozo Aguirre,1599551233,F,58,bogotá,3,Casado,Posgrado,Empresario,3808000.0,785,0,2022-12-22,Bancaseguros
CLI-01317,Ramiro Santos Vélez,38486081,fem,41,Cali,6,Divorciado,Tecnico,Independiente,9025000.0,656,0,2020/12/21,Corredor
CLI-03086,Eduardo Benítez Díaz,1255935034,M,26,Barranquilla,3,SOLTERO,Bachiller,Empleado,2590000.0,512,0,2019-09-23,Asesor comercial
CLI-00653,Mario Marín Rojas,1550393929,F,24,Cartagena,5,CASADO,bachiller,Empresario,17970000.0,808,0,07/12/2022,Agencia
CLI-02935,ALONSO CAMARGO PÉREZ,1417479511,Femenino,19,Bogotá,5,SOLTERO,Profesional,Empleado,11544000.0,733,1,2022/11/17,Asesor  comercial
CLI-02950,Ana Cecilia Córdoba Ramos,556467969,F,53,Bogota,3,Soltero,Profesional,Independiente,3951000.0,654,0,2021-10-29,ASESOR COMERCIAL
CLI-04417,Luis Wilson López Álvarez,358001328,F,42,Cali,1,Viudo,Profesional,Empleado,1200000.0,637,2,14/02/2024,Bancaseguros
CLI-02949,Patricia Gómez,1046613380,F,49,Bogotá,3,Soltero,Posgrado,Empleado,2429000.0,757,2,2019-09-24,Web
CLI-01964,Luz Andrea Caicedo Rosero,777552982,M,43,Cartagena,5,DIVORCIADO,Bachiller,Empleado,8548000.0,753,2,14/09/2024,Asesor comercial
CLI-01805,Jhon Jonathan Guerra,1159350714,F,38,Medellín,4,casado,Posgrado,Empleado,4168000.0,747,0,2019-09-13,WEB
CLI-04312,MIGUEL GALLEGO NARANJO,190369619,F,46,  Cali,3,Unión libre,Técnico  ,INDEPENDIENTE,2521000.0,494,3,2022-09-20,Web
CLI-04041,Milena Sandra Salcedo,326783703,M  ,18,Cali,4,Soltero,Posgrado,Empleado,6739000.0,757,3,2018-05-24,Web
CLI-03078,Esther Alexandra Ávila Gómez,1831520918,F,46,Cartagena,2,Viudo,Profesional,Empresario,$3.554.000,,1,05/03/2018,Web
CLI-01994,José Andrés Benavides Silva,1533115247,M,44,Barranquilla,3,Unión  libre,Técnico,Pensionado,5207000.0,698,2,2018/02/19,Bancaseguros
CLI-01822,Alexander Jhon Quintero Cuéllar,1857364969,F,28,,2,Casado,TECNICO,Independiente,1773000.0,635,0,2019-12-01,Agencia
CLI-04597,Mercedes Cristina Marín,264988605,M,79,  Bogotá,5,Unión libre,Bachiller,Pensionado,4731000.0,811,1,2023/09/11,WEB
CLI-03197,Elena Sánchez  ,981868280,F,49,  Barranquilla,2,Unión libre,Profesional,Empleado,,744,0,2023-12-17,Web
CLI-01820,Rafael José Camargo,650944269,F,42,Cali,4,Casado,Profesional,Empleado,5432000.0,872,2,2021-04-21,Agencia
CLI-02837,Manuel  Palacios,1644648326,F,19,Bogotá,3,Unión libre,Técnico,Independiente,2618000.0,539,2,2021-07-13,Corredor
CLI-00446,Ricardo Ramírez,1609103352,F,31,Bogotá,1,Unión libre,Técnico,Pensionado,1318000.0,512,0,14/12/2019,Asesor comercial
CLI-00394,Rosalba Paola Zapata Mosquera,252250372,F,37,BARRANQUILLA,5,Soltero,Posgrado,Empleado,14065000.0,752,1,12/05/2017,Web
CLI-03901,ANA PEDRAZA CHÁVEZ,1811451829,masc,44,Cúcuta,3,Casado, Profesional ,Independiente,5296000.0,671,3,18/09/2022,Corredor
CLI-01352,Lucía Rodríguez Rodríguez,1459647685,F,57,Cali,2,Unión libre,  Profesional,  Empleado,2417000.0,658,1,2020-10-09,Agencia
CLI-00201,CAMILO RAMOS,409512023,F,35,Bogotá,1, Casado ,Técnico,Empleado,1094000.0,458,0,2017/02/12, Agencia 
CLI-04668,Luis Angulo,1138085983,M,18,Cartagena,1,Soltero,Bachiller,Pensionado,976000.0,533,0,07/11/2020,Web
CLI-02442,Luis Hernández Fajardo,965303028,M,47,Cali  ,4,Soltero,POSGRADO,EMPLEADO,4771000.0,720,1,2018-11-24,Agencia
CLI-01855,Yaneth Sánchez,400391200,F,52,Bogotá,3,Unión libre,Bachiller,Independiente,3741000.0,578,2,2020-12-03,Bancaseguros
CLI-03331,Blanca Martha Sanchez,675765088,F,19,  Medellín,3, Soltero ,Bachiller,Independiente,3769000.0,748,2,2019/11/08,Bancaseguros
CLI-04378,Patricia Ana Aguirre Aguilar,1108006070,M,58,Bogotá,2,Casado,POSGRADO,Empleado,1749000.0,663,1,2023/07/02,Asesor comercial
CLI-02104,Lucía Yolima Erazo Parra,1290465930,F,39,Santiago de Cali,4,Casado,Bachiller,INDEPENDIENTE,9961000.0,619,1,2022-10-30,Corredor
CLI-03604,Sandra Peña,713695700,M,43,cali,2,Soltero,Bachiller,Pensionado,1798000.0,693,1,2020-11-02,Bancaseguros
CLI-01068,María Carolina Álvarez,1044402991,f,53,Bogotá,1,Soltero,Técnico,  Empleado,1901000.0,642,1,2022-12-17, Asesor comercial 
CLI-02643,Julio Ramos Gamboa,727683373,F,23,Cartagena,1,  Soltero,TÉCNICO,Empleado,1311000.0,545,2,2022-01-29,Asesor comercial
CLI-01306,Humberto Ceballos Cerón,1381626063,F,50,Bogotá,1,Soltero,Profesional,Empleado,2956000.0,686,0,2020/03/15,Asesor comercial
CLI-03490,  Pablo Manuel Giraldo Herrera,1606548309,F,43,Barranquilla,6,Divorciado,Bachiller,PENSIONADO,11712000.0,813,2,03/04/2020,Corredor  
CLI-03759,Graciela Roa,998739254,F,20,Barranquilla,2,Casado, Posgrado ,Empleado,1769000.0,651,1,21/07/2024,Asesor comercial
CLI-01572,Nancy Rojas Burgos,673040069,F,28,Bogotá,2,Soltero,Profesional,Empleado,1610000.0,668,3,28/12/2024,Agencia
CLI-00945,Ricardo Castro,497937287,M,19,Pereira,3,Unión libre,Bachiller,Independiente,5727000.0,581,2,07/11/2017,Corredor
CLI-05199,Esperanza Ortiz Cardona,884127056,F,59,Medellín,2,Soltero,Profesional,Empresario,5187000.0,671,1,2018-10-08,Bancaseguros
CLI-00530,Juan Humberto Reyes,594241012,M,38,Bogotá,4,Soltero,Bachiller,INDEPENDIENTE,4674000.0,563,4,2023/02/17,Corredor
CLI-04192,Andrés Cuéllar Sarmiento,1305144626,F,26,Cali,3,Soltero  ,Técnico,Empleado,3406000.0,601,2,2019-06-03,Asesor comercial  
CLI-04839,Rosa Cecilia Moreno,397426744,masc,28,Barranquilla,3,Union libre,técnico,Empleado,3189000.0,719,1,2019-11-20,Asesor comercial
CLI-00787,Fernando Hoyos Córdoba,627880353,F,,BOGOTÁ,2,Casado,Bachiller,,2619000.0,757,3,2018-05-19,Asesor comercial
CLI-02377,Nancy  Vanessa  Obando  Ruiz,580204688,F,21,  Bogotá,2,Soltero,Bachiller,,2394000.0,574,4,2023-04-05,Web
CLI-01975,María Gabriela Ariza Arias,1237642438,M,64,Barranquilla,3,Soltero,Profesional,Pensionado,2477000.0,554,0,2022-05-17,Corredor
CLI-05114,Diana Mejía Toro,110699862,F,36,cúcuta,3,Divorciado,Profesional,Independiente,2442000.0,9999,0,15/12/2024,Web  
CLI-03325,Óscar Narváez  ,1210711786,F,56,Bucaramanga,2,Casado,Bachiller,Empleado,$1.645.000,642,3,2022-11-08,Bancaseguros
CLI-03051,Claudia Suárez,1701053384,F,58,  Bogotá,3,Unión libre,Bachiller,Pensionado,3117000.0,598,2,2022-12-10,Web
CLI-02675,Enrique Fuentes Vega,107842793,F,43,Medellín,2,Soltero,Profesional,Empresario,2744000.0,579,0,2019-09-26,Web
CLI-00165,Alexandra Correa,685033224,F,32,Barranquilla,3,Casado,Posgrado  ,Independiente,2846000.0,666,4,2021-11-27, Corredor 
CLI-03440,Nelly Vásquez,1004183517,F,18,Bogotá,3,  Unión libre,Bachiller,Empleado,1597000.0,9999,2,2018-09-06,Asesor comercial  
CLI-01766,Alexandra Rosero,1854826571,M,51,Bogota DC,1,soltero,Profesional,Pensionado  ,,654,1,2017-12-26,Asesor comercial
CLI-01626,Wilson Díaz,1860029915,F,24,Bogotá,2,Unión libre,Técnico,INDEPENDIENTE,2283000.0,596,1,25/10/2023,Agencia
CLI-04988,Carlos Díaz,576029406,M,29,Barranquilla,1,Soltero,  Profesional,Empleado,2046000.0,533,2,2017/07/25,Web
CLI-03087,Antonio José Aguirre Gómez,1381399315,M,50,Bogotá,4,Soltero,profesional,Empleado  ,5326000.0,653,0,2023-10-23,Asesor comercial
CLI-02348,Jorge Niño Franco,620995196,F,44,Barranquilla,3,Unión libre,PROFESIONAL,Independiente,5480000.0,728,0,2023-07-16,Bancaseguros
CLI-00527,Jorge Ramírez Torres,1378334576,F,46,Cúcuta,3,Soltero,Posgrado,Empleado,2980000.0,679,1,03/10/2023,Corredor
CLI-03345,César García,1665853056,F,36,Bogotá,2,Soltero,Profesional,Empleado,1629000.0,669,1,11/01/2021,Agencia
CLI-05087,Gerardo López,1749295102,F,18,Bta,3,Soltero,  Técnico,Pensionado,$2.462.000,726,2,2024-11-02,Asesor comercial
CLI-03221,Lina Johana Vargas Rivera,1597905943,M,38, Cali ,2,Soltero,Bachiller,Empresario,3339000.0,655,0,2019-10-22,Bancaseguros
CLI-03791,Maira Mena Sierra,1420850614,M,53,BOGOTA,2,CASADO,Tecnico,Empresario,3897000.0,669,0,03/01/2022,Asesor comercial
CLI-00832, Víctor Juan Acevedo ,438464271,F,50,Medellin,3,Soltero,Posgrado,Independiente,5619000.0,651,0,2020/10/30,Web
CLI-03390,Juan Parra Torres,239207365,M,31,  Medellín,2,Viudo,Posgrado,independiente,1766000.0,529,1,15/01/2017,Asesor comercial
CLI-01361,Carlos  García,1564006002,F,55,Cali,4,Unión libre,Tecnico,,6303000.0,713,1,21/01/2020,Web
CLI-03219,Francisco Sebastián Bravo,652481931,M,30,Manizales,2,Casado,Bachiller,Empleado,1738000.0,633,3,2020-09-09, Web 
CLI-02350,Johan Mosquera García,506832527,M,47,BOGOTA,2,Soltero,Profesional,Empleado,2936000.0,476,0,2023/03/09,Corredor
CLI-01125,Juan Carrillo Castañeda,1770153161,M,30,Cali,4,Casado,Posgrado,Pensionado,,614,2,2019-07-17,Asesor comercial
CLI-03248,Fernando Arias,1007569559,F,34,Medellin,3,Unión libre,Bachiller,Independiente,0.0,572,5,28/05/2019,Corredor
CLI-04853, Natalia Ángel Londoño ,112555784,F,43,MANIZALES,3,Viudo,Técnico,Empleado,4565000.0,733,0,2023-10-11,Web
CLI-01706,Javier  Sánchez,1527339502,F,26,Bogotá,5,Soltero,BACHILLER,Empleado,6959000.0,674,2,07/01/2019,Asesor comercial
CLI-02994,Alexandra Luz Cabrera,996308763,Femenino,62,Cali,3, Unión libre ,Técnico,Pensionado,2494000.0,549,0,2020-06-24,Agencia
CLI-00127,Marlene Vega,356605472,M,26,Medellín,2,Soltero,Posgrado,Empleado,$1.469.000,539,4,2017-03-14,Asesor comercial
CLI-03075,Gabriel Silva Díaz,172991479,F,39,Cartagena,2,Soltero  ,Profesional,PENSIONADO,1604000.0,593,2,2017-03-13,Web
CLI-04512,Cecilia Gómez Arteaga,213367276,F,42,MEDELLÍN,4,Soltero,Profesional,Empleado,4384000.0,748,0,2020-09-25,Asesor comercial
CLI-04119,Carmenza María Andrade Alvarado,1476827146,M,37,BOGOTA,3,Casado,Posgrado,Empleado,6559000.0,555,0,24/10/2019,Bancaseguros
CLI-00397,Cristian Hugo Bravo García,1185714905,F,36,Medellín  ,2,Casado,Profesional,Empleado,1174000.0,635,2,2023-08-20,Asesor comercial
CLI-00951,Lucía Katherine Rentería,475610569,F,33,Medellin,6,Viudo,Profesional,Empresario,19828000.0,821,1,2024-05-16,Agencia
CLI-03311,José Jesús Castaño Ordóñez,615871387,Femenino,61,Bogotá,3,Soltero,  Profesional,Pensionado,1708000.0,712,4,30/09/2019,Asesor comercial
CLI-03886,Aura Diana Martínez,302471536,M,40,Cúcuta,3,Viudo,Posgrado,Pensionado,2976000.0,447,0,22/04/2021,Agencia
CLI-03988,Josué Pineda,397752670,M,32,  Bogotá,4, Soltero ,Posgrado,Independiente,,606,1,23/03/2019,Corredor
CLI-05136,María Alejandra Bermúdez Murcia,802767632,F,39,cali,3,divorciado,Posgrado,Empleado,1890000.0,522,3,2023-08-31,Asesor comercial
CLI-02456,Salvador Steven Sepúlveda Vásquez,536292970,F,22,Bogotá,1,Unión libre,Técnico,Independiente,1103000.0,519,0,2019-11-08,Asesor comercial
CLI-01209,ASTRID CANDELARIA URIBE MARTINEZ,791140788,M,24,Barranquilla,2,CASADO,Bachiller,Independiente,1397000.0,460,3,2019/03/22,Web
CLI-04957,Alfonso Enrique Muñoz Rivera,657207556,F,68,Bogotá,5, Casado ,Profesional,Pensionado,11166000.0,806,0,17/12/2023,Agencia
CLI-02858, Albert Antonio Parra Ortiz ,357095531,M,,Bucaramanga,1,Soltero,Profesional,Independiente,3237000.0,657,0,17/04/2023,Corredor
CLI-02084,Marcos Sánchez Ramírez,118130226,M,40,Bogota,4,UNION LIBRE,  Profesional,Empleado,9636000.0,757,0,,Asesor comercial
CLI-00161,David Díaz,1094941013,M,45,Medellín,1,Soltero, Profesional ,Empleado,2649000.0,670,5,17/10/2021, Agencia 
CLI-04701, Anderson Johan Rosero ,83903878,F,49,Bogotá,3,Soltero,Profesional,Empleado,3755000.0,663,0,2023-05-19,  Agencia
CLI-01781,Aldemar Ortiz Ruiz,15830904,masc,62,bogotá,3,Viudo,Bachiller,EMPLEADO,3598000.0,737,1,24/05/2019,Corredor
CLI-01500,Marta Catalina Velásquez Barrios,972870640,F,49,Bogotá,3,Casado,Profesional,Empleado,3672000.0,636,2,13/05/2022,Asesor comercial
CLI-01226,Liliana Flórez Solano,1177986702,F,38,Cúcuta,4,Casado,Técnico,Empleado,5228000.0,,4,2022/11/25,Asesor comercial
CLI-00939,María Becerra Gómez,1820835986,F,28,Cúcuta,3,Unión libre,Profesional, Empleado ,5477000.0,732,2,2023-02-12,Bancaseguros
CLI-02905,José Torres Osorio,625818674,M,44,MEDELLÍN,2,Divorciado,Profesional,Pensionado,929000.0,562,1,2020-11-02,Bancaseguros
CLI-03252,Alberto González Giraldo,699360851,F,31,Medellín,2,SOLTERO,Posgrado,Empleado,1896000.0,586,0,14/08/2021,CORREDOR
CLI-03841,Juan Santos Giraldo Tamayo,585594474,F,48,BOGOTA,1,Divorciado,Profesional  ,Empleado,2639000.0,629,1,,Corredor
CLI-05190,Paola González,1670833627,F,48,Bogotá,3,Casado,Profesional,empleado,3277000.0,542,1,2017-10-30,Asesor comercial
CLI-03103,Nohora García,55433784,F,65,Cartagena de Indias,4,Casado, Profesional ,PENSIONADO,4513000.0,806,1,15/06/2018,Bancaseguros
CLI-03026,Sebastián Luis Luna Torres,118218371,M,25,CARTAGENA,5,Union libre,Bachiller,Empleado,8528000.0,620,1,2020-08-26,AGENCIA
CLI-03664,LUZ MARTÍNEZ MENESES,706860284,F,47,Bogotá,4,Viudo,Profesional,Independiente,,579,0,19/12/2022,Bancaseguros
CLI-01196,Fernanda Chávez Fuentes,1895593312,M,48,Pereira,3,Soltero,Profesional,EMPLEADO,3262000.0,713,3,2022-04-18,Asesor comercial
CLI-01611,Valentina Mercado Hernández,883966767,M,27,Cali,2,CASADO,Profesional,Empresario,3122000.0,633,1,2022-08-29,Web
CLI-03506,Isabel Rodríguez,1245794824,F,28,Medellin,3,Union libre,Bachiller,INDEPENDIENTE,0.0,662,0,2019/09/25,Agencia
CLI-00924,Mauricio Córdoba,598402585,F,44,Bogotá,3,Soltero,Profesional,Independiente,2460000.0,755,1,2019-10-28,Agencia
CLI-04230,Luis  Alberto  Pinzón,784857441,M,39,Cúcuta,5,Unión libre, Técnico ,Empleado,4390000.0,542,1,2024-05-06,  Bancaseguros
CLI-02262,Eduardo Héctor Mora,1874896479,F,35,Bucaramanga,3,Unión libre,  Técnico,Empleado,3399000.0,701,3,2019-08-30,Web
CLI-01021,Óscar Alberto Hoyos Arenas,1121095250,F,30,,4,Casado,Bachiller,Independiente,10972000.0,821,1,23/05/2017, Agencia 
CLI-01567,Fernando Julián Contreras,1889157169,M,27,SANTIAGO DE CALI,3,Soltero,Profesional,Empleado,,605,1,2023-06-17,Bancaseguros
CLI-03076,Héctor José Rojas,792940955,F,31,Medellín,6,Unión libre, Profesional ,Empleado,12582000.0,710,1,2022/12/16, Asesor comercial 
CLI-01872,César Miguel Ruiz,568774783,M,59,Cali,3,DIVORCIADO,Profesional,Pensionado,4491000.0,676,0,19/04/2023,Agencia  
CLI-01494,Rocío Jenny Díaz,493789353,F,32,BOGOTA,5,Soltero,BACHILLER, Pensionado ,4882000.0,645,1,,Asesor comercial
CLI-01227,Julián Álvaro Sánchez,775135760,M,27,Bogotá,5,Soltero,Profesional,  Empresario,15024000.0,686,0,26/08/2024,Bancaseguros
CLI-04141,Esteban Luis Vásquez Figueroa,537906752,M,58,Barranquilla,1,Viudo,profesional,Pensionado,2153000.0,574,3,23/03/2018,Asesor comercial
CLI-00601,Cristian  Leonardo  Hurtado  León,1153566119,M,46,Cúcuta,4,Soltero,Técnico,PENSIONADO,$7.431.000,697,0,08/01/2018,Agencia
CLI-03380,Luis Antonio Parra Vargas,829108434,F,51,  Cali,2,Unión libre,Profesional,Empresario,2369000.0,743,0,2022-01-07,Bancaseguros
CLI-01028,Lorena Alejandra Rodríguez Pérez,1325514982,M,45,MEDELLÍN,5,Divorciado,Técnico,Independiente,8812000.0,736,2,2017-09-11,Bancaseguros
CLI-02543,Jairo Elkin Torres,1422621525,M,59,Cali,3,Casado,Técnico,Empleado,7554000.0,740,2,2020-02-29,Agencia
CLI-05091,Albeiro  Martínez  Obando,611410948,M,38, Bogota DC ,3,Divorciado,Posgrado  ,Empresario,4809000.0,644,2,2017-08-25,Web
CLI-02233,Astrid Castillo Martínez,1786122971,M,37,Cali,1,Soltero,bachiller, Empleado ,1320000.0,523,1,2023-09-26,Bancaseguros
CLI-02488,Patricia Beatriz Lopez,344072304,F,35,Medellín,5,Casado,Bachiller,Empleado,4669000.0,726,0,2017-11-13,Web
CLI-03797,Francy Alba Pardo Miranda,440516725,F,48,CALI,1,CASADO,Profesional, Empresario ,3928000.0,722,4,24/05/2019,Web
CLI-01396,Gladis María López Sanabria,758246919,M,43,Cartagena,4,Soltero,Bachiller,Empleado,5079000.0,582,0,2020-12-06,Asesor comercial
CLI-01538,César John Hernández López,625563912,F,63,  Cúcuta,2,Soltero,Bachiller,PENSIONADO,1419000.0,453,2,2021/01/05,Asesor comercial
CLI-04511,Carolina Bohórquez Martínez,1166925240,fem,40,Cucuta,1,CASADO,Profesional,Empleado,1570000.0,669,0,2018/09/22,Corredor
CLI-03905,Hernando Antonio Escobar,858619836,M,44,Bogotá,1,Divorciado,Bachiller,Pensionado,858000.0,515,1,2021-08-11,Asesor comercial
CLI-03127,Sofía Cuesta Mejía,941141522,F,30,CALI,4,Soltero,Técnico,ESTUDIANTE,2386000.0,591,0,2020-09-28,Web
CLI-04548,Álvaro Posada,1205528077,M,40,CARTAGENA,4, Soltero ,Profesional,Independiente,3502000.0,631,0,2018-09-08,Agencia
CLI-00845,Victoria Elizabeth Pérez Morales,763727147,M,63, Cali ,6,Soltero,Posgrado,Pensionado,12378000.0,790,1,2024/09/26,Asesor comercial
CLI-00038,Cristian Calderón,568734436,M,62,bogotá,1,Casado,Profesional,Empleado,1775000.0,670,0,2017-10-18,Agencia
CLI-03183,MARÍA HERRERA,688199712,F,45,Bogotá,2, Divorciado ,Profesional,Independiente,1467000000.0,591,1,2023/04/06,Asesor  comercial
CLI-04901,Paola  Gómez  Toro,1803933835,F,32,Barranquilla,2,Soltero,Bachiller,Independiente,,612,1,2019/02/24,Corredor
CLI-03644,Cecilia Lizeth Montes,316132976,M,22,Barranquilla,2,Unión libre,Profesional,Pensionado,2369000.0,598,0,2024/05/07,Asesor comercial
CLI-03815,Damaris Aguirre,97802262,M  ,50,Bogotá,5,Unión libre,Profesional,Empleado,7577000.0,,1,2018/03/14,Asesor comercial
CLI-04793,Andrea Sánchez Jaimes,94895814,M,25,Medellín,3,Soltero,Técnico,Empleado,2029000.0,572,1,06/12/2021,Agencia
CLI-05192,JUAN GALEANO ORTIZ,42089782,F,33,Medellín,4,  Soltero,Profesional, Independiente ,8913000.0,652,3,2021-11-16,Asesor comercial
CLI-00031,Edilma Milena Henao,928134094,F,36,Cúcuta,1,Unión libre,Bachiller,Empleado,1102000.0,612,1,2020/12/28,Bancaseguros
CLI-00487,Blanca Sandoval,1552943018,M,24,Cartagena,6,Soltero,BACHILLER,Independiente,10634000.0,781,0,20/08/2024,Asesor comercial
CLI-03446,Julián Guerrero Luna,763748728,m,41,Manizales,3,Casado,Bachiller,Empleado,9579000.0,704,0,2017/03/23,Web
CLI-03697,Alexis Pinzón Silva,788405967,M,22,Pereira,3,Divorciado,Técnico,INDEPENDIENTE,3101000.0,555,0,23/02/2020,Asesor comercial
CLI-00626,Yurani Gaviria,284705914,M,49,Barranquilla,1,Divorciado,TECNICO,Empleado,699000.0,524,1,INVALID_DATE,Asesor comercial
CLI-04944,María Milena González Salazar,613546577,F,38,Bogotá,2,Viudo,Profesional,Empleado,2928000.0,641,1,2023-09-21,Agencia
CLI-05173,Alex Murillo,1333043203,F,50,Medellín,1,Soltero,Bachiller,Pensionado,1717000.0,561,1,11/12/2019,Asesor comercial
CLI-03111,Jorge Garzón Cardona,1737177029,masc,27,Bogotá,5,Soltero,PROFESIONAL,Independiente,8344000.0,631,1,2017/01/31, Agencia 
CLI-00545,Armando Quintero Rendón,1393094977,M,43,Bogotá,6,Soltero,Profesional,Empleado,14646000.0,670,1,2020/11/14,Asesor comercial
CLI-04517,María María Contreras,567076912,M,41,PEREIRA,3,CASADO,Técnico,Empleado,3561000.0,585,0,2018/08/02,Asesor comercial
CLI-03140,Santiago Rentería,1252616169,M,27,bogotá,4,Soltero  ,Posgrado,Pensionado,4752000.0,615,1,2021-02-23,Agencia
CLI-04770,Carlos Jhon Munoz Saavedra,1731166260,F,58,Medellín,3,Casado,Posgrado,Empleado,4435000.0,724,1,31/08/2020,Asesor comercial
CLI-03996,Octavio Jhon Calderón Cerón,201841116,M,47,Cali,2,Casado,Profesional,Independiente,3065000.0,632,4,25/11/2024,Corredor
CLI-04526,Omar Vargas Velásquez,362791220,F,52,Cúcuta,1,Soltero,Bachiller,Independiente,2554000.0,618,0,2023-11-18,Bancaseguros
CLI-01921,Camilo Alonso González Arias,604185720,F,27,PEREIRA,4,SOLTERO,Técnico,Empleado,5512000.0,614,1,11/10/2021,Asesor comercial
CLI-01861, Claudia Sandra Cárdenas ,1736507287,F,34,Cartagena,2,Unión libre,Bachiller,Empleado,2947000.0,754,4,2018/05/18,Asesor comercial
CLI-05144,Jerson José Benítez Vera,446971218,F,67,Barranquilla,1,Soltero,Bachiller,Pensionado,1219000.0,510,1,2021-09-01,Asesor comercial
CLI-04020,Liliana María Hurtado López,1315655779,F,38,Cartagena,2,Soltero,Posgrado,Independiente,3215000.0,712,1,06/06/2023,Corredor
CLI-03719,Elena Duque,282463618,F,59,,2,Soltero,Profesional,Pensionado,3131000.0,637,0,19/03/2022,Bancaseguros
CLI-00027,Ruth Gonzalez,1279899955,masc,39,Cali,3,Soltero,  Profesional,Independiente,2015000.0,592,3,2024/09/29,Bancaseguros
CLI-00174,Ana Andrea García,890620040,Femenino,40,Bogotá,3,SOLTERO,Bachiller,Independiente,,657,2,2017-01-31,Agencia
CLI-00672,Luz Toro Narváez,1180718492,F,31,Bogotá,5,Soltero,Bachiller,Empleado,7112000.0,705,3,2021-05-20,  Asesor comercial
CLI-02985,Antonio  Elías  Zapata,317237429,M,29,Bogotá,1,Divorciado,Técnico  ,Pensionado,$1.581.000,652,0,2021-12-29,Asesor comercial
CLI-04584,Yolima Andrea Cortés Campo,1351144822,F,40,BOGOTÁ,6,Soltero,Posgrado,Pensionado,13089000.0,781,2,15/11/2020,Web  
CLI-02061,Ligia Yohana Bernal,1604389935,F,34,Bogotá,2, Casado ,Profesional,Pensionado,1401000.0,427,1,19/02/2023,Web
CLI-02799,Iván Romero Torres,540946936,fem,50,Bucaramanga,3,Casado,Posgrado,Empleado,2577000.0,633,4,2023/01/01,Web
CLI-02443,Nancy Rosa Beltrán Maldonado,1550614246,M,,cartagena,6,Soltero,Profesional,Empresario,22778000.0,749,0,2017/10/27,Agencia
CLI-02593,Esperanza Johana Pérez Carvajal,1508596656,F,69,  Bogotá,3,Soltero,Profesional,Pensionado,3268000.0,675,2,19/12/2021,Asesor comercial
CLI-04860,Ángela Gómez Vanegas,1636673970,M,40,Pereira,2,Soltero,posgrado,Pensionado,2177000.0,610,1,,Asesor comercial
CLI-01077,Jesus Vargas Gutierrez,228694266,F,38,,3, Casado ,Profesional,Empleado,2714000.0,611,1,01/11/2023,Asesor comercial
CLI-04083,Francisco Javier Velandia,720951287,F,58,Cali,3,Soltero,Bachiller,Empresario,5888000.0,725,1,2024-04-18,Agencia
CLI-01205,Tatiana Calderón Amaya,1744402913,M,74,BOGOTÁ,4,Soltero,Posgrado,Independiente,7911000.0,738,4,06/09/2017,Bancaseguros
CLI-02629,Rodrigo Vallejo,968584047,M,36,Cali,1,Unión  libre,Técnico,Independiente,2372000.0,653,2,INVALID_DATE,Web
CLI-03351,Jhon Freddy Pacheco Vélez,1846739916,M,43,Medellín (Antioquia),3,Divorciado,Profesional,EMPLEADO,3261000.0,595,2,2019-11-20,Asesor comercial
CLI-04872,Jaime Alejandro Rincón,20714407,M,,,2,DIVORCIADO, Profesional ,Empresario,2385000.0,504,2,2023-05-26,Asesor comercial
CLI-00216,Segundo José García Barrera,715088164,F,,Medellín,1,Casado,Profesional,Independiente  ,$1.778.000,576,1,26/12/2020,Agencia
CLI-04779,Elena Mariela Camargo García,1801278512,M,36,,2,Casado,Profesional,Empresario,7121000.0,726,1,22/01/2023,Asesor comercial
CLI-01146,Beatriz Chacón,1677669099,M,41,Barranquilla,3,Unión libre  ,Profesional,Independiente,2114000.0,658,3,2021-10-16,Web
CLI-02521,  Lucía Yaneth González Vanegas,1781464940,M,27,SANTA MARTA,3,Soltero,Bachiller,Empleado,3633000.0,678,0,18/12/2023,Bancaseguros
CLI-02105, Harold Víctor García ,1536748697,F,45,manizales,3,Soltero,Posgrado,Empleado,4234000.0,574,0,2019-06-18,Corredor
CLI-01923,Carmen Mora Restrepo,151280200,masc,47,Medellín,3,Casado  ,Posgrado,Independiente,2873000.0,643,1,19/03/2020,Bancaseguros
CLI-00611,Camilo Jonathan Reyes García,184983817,F,59,Bogotá,2,Soltero,Bachiller,Empleado,1163000.0,512,2,2024/02/06,Asesor comercial
CLI-02123,Adriana Barreto Rodríguez,1046205788,M,52, Bogotá ,4,Viudo,Técnico  ,,10561000.0,716,3,2021/12/05,Bancaseguros
CLI-00343,Horacio Ayala Meneses,1630378665,F,25,Bogotá,3,Soltero,Técnico, Empleado ,3275000.0,504,1,13/08/2018,Asesor comercial
CLI-03346,Laura Londoño,650265891,F,44,Bogotá,3,SOLTERO,Posgrado  ,Empleado,2322000.0,584,2,2024/06/28,Bancaseguros
CLI-00233,David Juan Vargas,1365942671,F,50,Barranquilla,3,Casado,Profesional,Pensionado,2416000.0,621,0,2017/11/11,Agencia
CLI-00108,Lorena  Raquel  Escobar,315706178,M,27,Bogotá,5,Soltero,Posgrado,Independiente,6846000.0,665,1,2022-03-13,Web
CLI-04460,Carlos Edgar González Acosta,11591539,F,39,Cali,4,Casado,  Profesional,Empleado,8425000.0,608,3,2022-08-08,Agencia
CLI-04882,José Camilo Saavedra,1765427035,F,31,MEDELLÍN (ANTIOQUIA),5,Union libre,Posgrado,Independiente,8460000.0,,1,2024/07/20,Agencia
CLI-02502,Camila  Fernanda  Suárez  Gaitán,420979506, F ,58,Medellín,4,Soltero,Posgrado,Empleado,4570000.0,583,0,2019-07-16,Web
CLI-05050,Rubén David Rodríguez Vega,737634695,F,33,Bogotá,4,Soltero,Profesional,Empleado,5554000.0,735,1,2019-06-09,Agencia
CLI-04612,Jesús Pedro Muñoz Romero,1624279597,M,37,,2,Soltero,Bachiller,Empleado,2160000.0,535,1,22/05/2022,Asesor  comercial
CLI-04754,Johana Sandra Correa,1044957803,F,,Barranquilla,5,casado,Profesional,Empleado,7538000.0,638,1,2019-06-03,Bancaseguros
CLI-05014,CAROLINA MARIA BASTIDAS LONDONO,431065076,F,24,Manizales,4,Casado,Profesional,Empleado,,675,1,2017-01-13,Bancaseguros
CLI-04081,Graciela Díaz Guerrero,1596757223,M,63,bucaramanga,3,Unión libre,Profesional,Empleado,0.0,648,2,08/10/2021,Agencia
CLI-04088,Elena Luz Díaz,1451456860,F,63,Cali  ,3,Soltero,Bachiller,Pensionado,4221000.0,645,2,2018-01-30,Bancaseguros
CLI-02416,José Fabián Vélez Osorio,90448081,M,25,Bogotá,2,Soltero,Técnico,,2389000.0,587,0,19/11/2021,Bancaseguros
CLI-01192,Pablo López Flórez,1291939898,M,40,Bta,2,Soltero, Posgrado ,INDEPENDIENTE,2209000.0,603,0,26/06/2023,Agencia
CLI-00690,Cristina Elizabeth Rincón Perdomo,1543223220,F,35,Bogotá,3,Soltero,Bachiller,,2881000.0,729,0,2023-01-03,Bancaseguros
CLI-03031,María Mosquera Pedraza,630383849,F,54,Bogotá,2,Soltero,Bachiller,Empleado,2366000.0,622,0,2018-06-03,  Agencia
CLI-03377,Ana Yaneth Ruiz Torres,596265403,M,48,Medellín,3,Unión libre,Profesional,Independiente,4548000.0,622,2,2023-02-20,Agencia
CLI-03362,STELLA VALENTINA QUINTERO MURCIA,1489985853,M,54,Bogotá,2,Soltero,Profesional,EMPLEADO,3350000.0,616,1,21/08/2019,ASESOR COMERCIAL
CLI-02939,BERNARDO ANTONIO RUIZ MONTOYA,1722834152,M,56,Santiago de Cali,2,Soltero,Bachiller,,2086000.0,544,3,30/03/2024,Agencia
CLI-01091,Andrés Pineda,774184488,M,18,Bogotá,5,Soltero,Posgrado,Empleado,13029000.0,852,2,2021-03-11,Corredor
CLI-03174,Sonia Esther Toro Correa,403500753,F,32,Bogotá,1,Casado,Profesional,Independiente,1901000.0,485,2,2023-12-22,Asesor comercial
CLI-01681, Sandra García Riascos ,1539747603,F,25,Pereira,4,Unión libre,Profesional,Empresario,17053000.0,771,5,10/07/2021, Agencia 
CLI-01265,Hernando Álvarez,1888936880,F,30,BARRANQUILLA,3,Casado,  Profesional,Pensionado,4778000.0,631,0,2020-12-14,Web
CLI-00445,Ángela Lozano Vásquez,154330241,M,49,Cali,1,Unión libre,Profesional,Independiente,2546000.0,603,0,2022-11-08,corredor
CLI-04549,Fernanda García,1600745603,F,53,bogotá,1,Soltero,Profesional,Empleado,2661000.0,696,3,2022-09-15,Corredor
CLI-01097,Isabel Luz Mendoza,1364625697,M,25,Bogotá,5,Soltero,Técnico,Empleado,6246000.0,635,1,2021-10-04,asesor comercial
CLI-02519,María Norma Rueda,1077123353,F,24,Bogotá,2,Unión libre,Profesional,Independiente,2815000.0,600,1,2022-09-07,Corredor
CLI-02406,Stella Tamayo,1495640561,M,43,Bogotá,3,Viudo,Bachiller,  Empleado,2351000.0,611,1,2017/06/27,Agencia
CLI-03112,Flor Viviana Herrera Ojeda,171956516,M,50,Pereira,4,Soltero,PROFESIONAL,Empleado,8798000.0,813,0,2021-06-18,Bancaseguros
CLI-01145,José Gómez Gutiérrez,395503569,M,37,BUCARAMANGA,5, Casado ,Posgrado,Empresario,9229000.0,743,0,2020-06-24,Bancaseguros  
CLI-04852,Aldair José Jiménez,1062310236,fem,41,,1,Casado,Profesional,Empresario,4458000.0,671,2,2020-01-24,Asesor comercial
CLI-02078,  Edgar Cristian Rengifo Romero,912786824,M,64,Medellín,2,Unión libre  ,Profesional,Pensionado,$1.396.000,633,1,2022-10-14,Asesor comercial
CLI-03577,Carlos Nelson Serna Salas,1478562517,F,25,Cartagena  ,2,Soltero,Bachiller,Empleado,1741000.0,708,0,08/12/2021,Web
CLI-03444,Luz Liliana Medina Gómez,1312746451,M,34,Medellín,1,Soltero,Técnico,Empleado,1627000.0,675,1,2019-04-17,Asesor comercial
CLI-00037,Patricia Ortega Caicedo,362500876,M,51,Medellin,2,Casado,Bachiller,Empleado,2362000.0,667,0,2024-02-05,Bancaseguros
CLI-01275,Claudia Hilda López,193619974,M,30,Barranquilla,2,Unión libre,Profesional,  Empleado,2119000.0,704,0,2022-01-06,  Web
CLI-03799, David Germán Olaya ,1082366355,M,28,Cali,6,Casado,Bachiller,independiente,26564000.0,670,0,2021-01-11,Bancaseguros
CLI-00034,margoth estella serrano,116245231,M,39,Bogota D.C.,3,Soltero,Bachiller,Empleado,3340000.0,541,2,2017-10-30,Asesor comercial
CLI-02223,Judith Vergara,564396084,M,42,Bogotá,1,Viudo,  Profesional,Empleado,1555000.0,578,1,2019-04-20, Agencia 
CLI-00244,Lorena Mary Sandoval,1300275684,F,50,Cartagena,6,Casado,Técnico,Empleado,,795,3,2023/02/17,Asesor comercial
CLI-05054,Cecilia Ortiz,1350046216,M,48,B/MANGA,5,Unión libre,Profesional,  Independiente,11652000.0,861,0,2022-06-30,Bancaseguros
CLI-03168,Ignacio Mario Sánchez,855545001,M,43,,2,Casado,Posgrado,Empresario,7083000.0,715,3,2023/01/26,Web
CLI-02136,Marina Gutiérrez,1300637435,F,43,MEDELLIN,2,UNION LIBRE,Profesional,Independiente,3732000.0,657,1,11/04/2020,Agencia
CLI-01915,Javier Marco Mercado Giraldo,422858366,M,45,Bucaramanga,6,Casado,Profesional,Empleado,11680000.0,807,0,17/05/2019,Bancaseguros
CLI-04001,Marleny Mery Mendoza Rojas,1287924258,F,34,Bogotá  D.C.,3,Divorciado,Posgrado,empleado,3587000.0,623,3,2020-04-20,Asesor comercial
CLI-04514,René Vanegas,1653527078,M,32,BOGOTÁ,3,Casado,Profesional,Independiente,3860000.0,600,0,2021-07-28,WEB
CLI-03447,Fernanda Jaramillo Cerón,1467837703,F,35,Medellín,4,Soltero,PROFESIONAL,Empleado,4568000.0,524,1,2018-09-26,Corredor
CLI-02864,Lucila Inés Henao,1007930193,M,40,Bogota,6, Casado , Profesional ,Empleado,9042000.0,560,0,2017-08-31,BANCASEGUROS
CLI-04475,María Vargas Álvarez,608737170,F,0,,3,CASADO,Posgrado,Empleado,1880000.0,634,0,2017-08-31,Asesor comercial
CLI-04374,Beatriz Giraldo Fajardo,261614246,M,47,Pereira  ,1,Casado,Profesional,Independiente,1057000.0,622,1,2022-12-03,Agencia
CLI-02216,Dayana Paola Rodríguez Portilla,984439105,M,38,Santa Marta,3,Divorciado,Técnico,Empleado,3019000.0,689,1,2019/06/07,Asesor comercial
CLI-02536,Isabel  Carrillo,1084459106,F,56,BOGOTÁ,2,Divorciado,Bachiller,  Empleado,3670000.0,756,2,2017-05-03,AGENCIA
CLI-01977,Eduardo Jesús Ojeda,1043889013,M,67,  Medellín,2,Divorciado,  Profesional,Pensionado,1170000.0,677,0,2021-03-04,Corredor
CLI-04368,Adrián Juan Hernández Álvarez,396885184,F,58,Cartagena,2,Viudo,Profesional,Empresario,2183000.0,694,1,2019-01-21,WEB
CLI-00630,valentina carmenza lópez,1491907411,F,54,Barranquilla,2,Casado,Bachiller,Independiente,0.0,592,0,06/01/2024,Agencia
CLI-00728,Cristian Brayan Anaya Quiroz,967371687,M,37,Medellín,1,Viudo,Profesional,Empleado,2285000.0,513,0,2019-12-04,Bancaseguros
CLI-04042,Gloria Myriam Carvajal Aguilar,1258765071,F,40,Cúcuta,3,Viudo,Bachiller,Empleado,4163000.0,699,0,23/11/2023,Web
CLI-03758,Elías Ortiz,1758027396,M,26,  Bogotá,3,Divorciado,Técnico,Independiente,4079000.0,657,1,2018/02/09, Agencia 
CLI-04804,Andrea Fernanda Rangel,1362026060,M,68,Bogota,2,Casado,Bachiller,Pensionado,2281000.0,599,2,30/12/2018,Bancaseguros
CLI-03193,Xiomara Mesa,1444368141,F,50,santa marta,6,Soltero,Profesional,Empresario,43123000.0,780,4,2024-10-06,ASESOR COMERCIAL
CLI-05130,Nancy González Castaño,1523570784,F,38,Bogotá,2,Casado,Posgrado,Independiente,4180000.0,730,1,2020-05-05,Bancaseguros
CLI-04880,Johan Jiménez,526008487,M,49,Bta,3,casado,POSGRADO,Empleado,2303000.0,689,2,,Web
CLI-03582,Miguel Martínez Campo,1114896907,F,49,Bogotá  ,5,Soltero,Bachiller,Independiente,10502000.0,909,2,2024-10-05,Bancaseguros
CLI-03844,Blanca Elena Morales,1729753423,F,48,Cali,3,Viudo,Posgrado,Pensionado,2521000.0,637,0,16/05/2022,Agencia
CLI-00743,sonia londoño naranjo,480296764,fem,45,Cali,2,UNIÓN LIBRE,Profesional,Independiente,886000.0,545,1,2019-04-05,Bancaseguros
CLI-04533,Alfonso Dario Valencia Ortiz,990952565,F,39,Cali,2,Soltero  ,Bachiller,Empleado,2082000.0,626,1,15/01/2019,Agencia
CLI-03230,Eugenia  Jaimes,1310227812,F,23,Cali,4,Unión libre,Profesional  ,INDEPENDIENTE,7300000.0,680,2,2021/10/06,Web
CLI-05063,Magdalena Carmenza Uribe Fernández,939143937,M,44,Barranquilla,6,Unión libre,Técnico,Pensionado,10560000.0,662,0,,Corredor
CLI-02339,Marcela Ramos Posada,367720961,F,24,Cartagena,4, Casado ,Profesional,pensionado,3151000.0,548,1,2024-07-03,  Bancaseguros
CLI-01475,Eduardo Gutiérrez Romero,1893535964,F,27,Bogotá,2,Soltero,Bachiller,Independiente,1119000.0,601,1,2022/03/04,Bancaseguros
CLI-03431,Vicente Bohórquez García,1132161155,F,22,Cúcuta,2,Casado,Bachiller,Empresario,3487000.0,582,2,2018-09-11,Bancaseguros
CLI-03546,Enrique Peña,1088625853,M,39,CALI,5,Divorciado,Bachiller,Independiente,8619000.0,737,2,2024-04-04,Web
CLI-00508,Fernando Velásquez,590713584,F,34, Cartagena ,5,Soltero,Profesional,Empresario,18781000.0,682,2,2023-10-01,BANCASEGUROS
CLI-03150,GLORIA NATHALIA ZAPATA,1365021253,M,48,  Bucaramanga,1,Soltero,Profesional,Independiente,2832000.0,650,2,2018-04-26,Agencia
CLI-03898,Aurelio Armando Díaz Cruz,1493788734,M,26,bucaramanga,2,Casado,Profesional,  Empleado,3214000.0,737,3,2020-09-29,Agencia
CLI-03760,Daniela Torres Rodríguez,917633990,M  ,43,Medellín,3,Soltero,Profesional,Pensionado,3181000.0,711,1,2020-06-02, Bancaseguros 
CLI-05009,Astrid  Tovar,1626372490,F,18,Medellín,6,Divorciado,Bachiller,Empleado,27379000.0,812,0,14/04/2018,Agencia
CLI-04342,Mery Hurtado Ruiz,941662174,M,50,Barranquilla,1,Soltero,Bachiller,Empleado,1126000.0,,1,08/03/2022,Web
CLI-02757,Lucía Muñoz,927062508,fem,48,Santiago  de  Cali,5,Soltero,Posgrado,Independiente,4500000.0,708,0,2024-10-23,Asesor comercial
CLI-02467,isabel castellanos suárez,821407301,F,33,Cucuta,2,Unión  libre,Técnico, Independiente ,2986000.0,740,2,2019/01/12,Agencia
CLI-03289,JESSICA ALEJANDRA BRAVO RANGEL,1010805029,M,41,Cali,1,Casado,Técnico,Empleado,1896000.0,645,1,2022/11/23,Asesor comercial
CLI-01296,Eduardo Enrique Aguilar Vega  ,92232679,M,35,Bucaramanga,1,Soltero,Profesional,Independiente,1440000.0,670,1,2020/05/10,ASESOR COMERCIAL
CLI-02553,Sandra Alexandra Salcedo Duarte,1241265723,F,37,  Santiago de Cali,2,  Divorciado,Bachiller,EMPLEADO,1550000.0,653,0,2018-07-20,Bancaseguros
CLI-00057,Gustavo Ariza Páez,1793169272,M,23,Cartagena,1,Viudo,Técnico,Empleado,1341000.0,550,1,2022-04-17,Agencia
CLI-00725,Jairo Adolfo Herrera,298881651, M ,23,Cartagena,2,Casado,Profesional,Empleado,1296000.0,524,0,28/01/2022,Web
CLI-04778,Stella Patiño,1829675592,M,47,Bta,4,Unión libre,Bachiller,Independiente,4928000.0,671,1,2024-12-04,asesor comercial
CLI-04797,Ernesto Felipe Díaz Garzón,81418870,M,35,Bucaramanga,2,Soltero,Técnico,Empleado,5088000.0,572,2,2023-02-27,Asesor comercial
CLI-04992,Néstor Augusto Rincón Calderón,1690918606,F,43,Cali,3,Unión libre,Técnico,,3084000.0,,1,2018-05-16,Web
CLI-01743,Edith Delgado Vargas,1176088252,M,33,medellín,6,Casado,Bachiller,Empresario,16487000.0,756,1,2018-05-17,  Bancaseguros
CLI-03284,James Quintero,1082303947,M,30,Cali,2,Unión libre,Bachiller,Empleado,2865000.0,616,2,2020-06-15,Bancaseguros
CLI-04961,Hugo Alejandro Restrepo,1746012460,M,32,BOGOTÁ,3,Viudo,Profesional,empresario,8161000.0,777,1,2017-08-14,Bancaseguros
CLI-00337,Stella Sánchez Díaz,665213834,M,53,Barranquilla,5,Casado,Profesional,Empleado,7343000.0,708,1,2024-12-20,AGENCIA
CLI-02205,John Gutiérrez,455744611,M,35,Bogotá,6,Soltero,Técnico,Independiente,7665000.0,651,0,2022/05/28,Agencia
CLI-00947,Patricia Elena Bautista Vásquez,383881080,F,49,Medellín,4,Unión libre,Posgrado,EMPRESARIO,21149000.0,704,1,2018-04-12,Asesor comercial
CLI-02210,Nicolás Luis Osorio Bonilla,403237000,  M,36,Barranquilla,4,Soltero,PROFESIONAL,Empleado,10038000.0,757,0,2017-10-05,Web  
CLI-02109,Alejandra Natalia Vallejo,421101945,M,49,Bogotá,3,Unión libre,Posgrado  ,Independiente,6444000.0,662,0,28/11/2021,Bancaseguros
CLI-04729,Jorge Medina Duarte,1516795654,F,22,  Cali,4,Soltero,Técnico,Independiente,4002000.0,,2,05/02/2021, Corredor 
CLI-02810,DELIA MARÍA AGUDELO,1589924056,M,33,Medellín,1,Casado,Profesional,Empleado,1224000.0,566,1,31/05/2022,ASESOR COMERCIAL
CLI-02204,Francisco Pedro Sánchez,1582875835,M,29,Santa Marta,3,Casado, Profesional ,Independiente  ,3308000.0,596,0,11/11/2022,Asesor comercial
CLI-02482,Margarita Eugenia Camacho,444325038,M,35,Barranquilla,2,Soltero,Bachiller,Pensionado,3200000.0,661,3,2017/05/08,Asesor comercial
CLI-01439,Rosa Díaz,477886429,F,22,Bucaramanga,6,Casado,Bachiller,Independiente,14363000.0,689,0,22/12/2023,Web
CLI-02023,Paola Andrea Barbosa Bermúdez,1667723490,M,46,Bogotá D.C.,2,Casado,Posgrado,Empleado,1696000.0,556,0,2017-10-17,Corredor
CLI-00954,Luz Mary Ospina Martínez,1400144347,M,46,Bogotá,2,Casado,profesional,Empresario,3529000.0,,1,2023-11-03,Agencia
CLI-01212,Jhon Saúl Córdoba,214694895,F,42,Medellín,1,Unión libre,Bachiller,Empleado,$1.946.000,637,3,2021/05/07,Web
CLI-04993,Luis Carlos Patiño Sánchez,1605415044,F,72,Santa Marta,3,Soltero,Técnico,Independiente,5263000.0,682,2,2024-02-28,Asesor comercial
CLI-01428,Erika Parra,191643024,M,-5,MEDELLÍN,2,Soltero,Técnico, Pensionado ,1698000.0,546,0,2019-08-02,Agencia
CLI-03247,Alba Ceballos Sarmiento,616871093,M,50,barranquilla,4,Soltero,Bachiller, Empleado ,3460000.0,500,4,19/07/2019,Bancaseguros
CLI-01551,William Eduardo Buitrago Castañeda,702047156,M,38,Barranquilla,1,Casado,Profesional,Empleado,3935000.0,719,2,2020/10/08,AGENCIA
CLI-02070,Leonor Sandra Navarro,1028818531,F,62,  Cartagena,1,Unión libre,Posgrado, Empleado ,1816000.0,520,1,2023-06-06,Asesor comercial
CLI-02457,Edinson Mario Mejía Acevedo,328948387,F,61,  Barranquilla,1,Divorciado,Bachiller,Pensionado,$996.000,361,2,2018-01-25,Agencia
CLI-01563,Juan Jesús Tamayo,1010265832,F,50,Bogotá,6,Union libre,Profesional, Independiente ,14722000.0,816,1,2024/09/19,Asesor comercial
CLI-01655,Carlos Andrés Serrano,998931719,F,40,Manizales,3,Soltero,Profesional,Empresario,6900000.0,588,1,2019-09-15,Agencia
CLI-00764,Jesús López,604742007,M,33,Bogotá,2, Soltero , Bachiller ,Pensionado,1202000.0,489,3,2024-03-20,Asesor comercial
CLI-01381,Olga María Ríos Álvarez,585564335,M,44,Bogotá,2,Casado,Técnico,Empresario,2065000.0,714,2,2017-05-18,Bancaseguros
CLI-00228,alirio gonzález flórez,971427606,F,61,Pereira,2,Divorciado,Técnico,Pensionado,1579000.0,604,0,2021-10-16,Asesor comercial
CLI-04643,Juan Danny Rivera,1884484099,M,42,Bucaramanga,5,Divorciado,Bachiller,Empleado,13662000.0,692,1,2020-04-23,Asesor comercial
CLI-00758,Fernando Luis Herrera,48270265,F,39,Bogotá,3,Casado,Profesional,Empleado,5044000.0,753,1,05/04/2024,Corredor
CLI-03495,Agustín Germán Salas,528134798,M,47, Cartagena ,3,Unión libre,Técnico,Empresario,4265000.0,608,4,2023-08-09,Bancaseguros
CLI-03320, Milton Dario Rincón ,108331499,M,32,Medellín  ,4,Soltero,Técnico,Empleado,8149000.0,738,3,2022/12/15,Asesor  comercial
CLI-02402,Alirio Pacheco  ,488521228,F,18,Cúcuta,2,Soltero,Bachiller,Empleado  ,,,1,2024-01-29,Web
CLI-01735,Rafael Uribe,1683962853,F,35,Bogotá,2,Soltero,Bachiller,Empresario,3235000.0,759,3,21/11/2017,Web
CLI-01318,Edwin Cárdenas Salazar,659102856,M,66,Cúcuta,2,  Divorciado,Profesional,Pensionado,862000.0,514,3,07/03/2020,Agencia
CLI-04052, Constanza Patricia Muñoz ,888385129,F,49,Bogotá D.C.,1,Casado,Posgrado,EMPLEADO,1680000.0,610,0,2020-01-05,Corredor
CLI-01354,  Javier Nelson Vargas Gómez,1429133838,M,29,Bogotá,2,Soltero,Bachiller,Empleado,1800000.0,549,2,2018-10-29,Asesor comercial
CLI-03233,Mayra Martínez,924719327,F,41,Cúcuta,5,Divorciado  ,Profesional,Empleado,,666,0,2023/09/23,Asesor comercial
CLI-04502,MARIA MONTOYA CRUZ,1155026274,M,36,Cúcuta,4,Union libre,Profesional,Independiente,2075000.0,549,0,2018/08/14,Agencia
CLI-01926,Carmen Blanco,1312962167,M,32,BOGOTÁ,2,Soltero,Profesional,Independiente,3106000.0,588,0,22/10/2017,Web
CLI-04168,Mery Puentes,970778638,M,41,Cali,3,Soltero,Profesional,Empleado,3966000.0,623,2,2024/01/18,Agencia
CLI-02580,AMALIA MARIA DAZA,294584123,F,27, Medellín ,2,Casado,Bachiller,Independiente,1434000.0,676,2,08/06/2019,Agencia
CLI-04434,Diego Fabián Vega Salgado,1023660066,M,45,,4,Unión libre,Bachiller,  Empleado,5558000.0,677,1,,Asesor comercial
CLI-03365,Eliecer Castrillón Rodríguez,994557665,M,58,Medellín,4,Divorciado,Profesional,Empleado,5148000.0,661,0,2023/07/05,Asesor comercial
CLI-00588,Inés Elena Perdomo Fernández,1229236848,M,54,Medellín,3,CASADO,Técnico,Independiente,2115000.0,655,2,2017-11-01,Asesor comercial
CLI-04851,Carlos Granados,866371256,M,58,pereira,3,Casado,BACHILLER,Independiente,5204000.0,825,0,12/07/2023,Asesor comercial
CLI-00029,Óscar Cárdenas,334522871,M,30,Cali,3,Casado,Posgrado  , Empleado ,2253000.0,555,1,2022-07-30,Asesor comercial
CLI-03859,doris lina londoño,278581562,F,55,Cúcuta,1,Soltero,Técnico,Independiente,1380000.0,695,2,2024-10-18,Bancaseguros
CLI-01637,Tulio Samuel Hernández Ruiz,1680332351,M,31,Pereira,3,Unión libre,Técnico,Independiente,3321000.0,720,1,04/06/2019,Agencia
CLI-04628,Yaneth Laura Leal,1028882069,M,48,MANIZALES,6,Unión  libre,Profesional,Empresario,15812000.0,719,1,15/04/2020,Asesor comercial
CLI-04437,María Vargas,505642300,F,37,BOGOTÁ,2,Soltero,Profesional,Empleado  ,3720000.0,,1,2021-07-01,Bancaseguros
CLI-00442,Santiago Peña Guevara,274336591,M,52,Bogotá,2,Soltero,Profesional,Empresario,3113000.0,785,2,2024-04-08,Bancaseguros
CLI-03001,Elías Antonio Figueroa Herrera,885948580,F,59,CALI,5,Unión libre,Bachiller,Empleado,9248000.0,575,1,2019-03-13,Bancaseguros
CLI-04952,Esther Fonseca Orozco,717291586,F,32,Medellín,1,Soltero,Profesional,Empleado,2590000.0,613,2,25/04/2024,Asesor comercial
CLI-02403,Cecilia García Díaz,1734043841,F,34,Bogotá,3,Viudo,Posgrado,Empleado,5179000.0,618,0,2023-07-26,Agencia
CLI-04207,Óscar Cristian Rangel  ,815713962,M,18,Cali,3,Casado,Posgrado,EMPLEADO,1915000.0,539,1,2022-05-10,Asesor comercial
CLI-04479,Adolfo Ríos Gómez  ,1507548640,fem,49,Bogotá  ,3,SOLTERO,Profesional,Empleado,5346000.0,672,1,03/07/2023,Asesor comercial
CLI-01931,Mónica  Elena  García,1473871781,F,20,Bogotá,1,CASADO,Técnico,Empleado,1883000.0,697,2,2022/07/24,Corredor
CLI-04456,  Carlos Vanegas Vanegas,1776887751,M,-3,Bucaramanga,5,Soltero,Técnico,Independiente,6618000.0,736,1,2021-11-19,  Asesor comercial
CLI-00292,Alexis Julián García,1897354750,  M,41,cali,3,Soltero,Profesional,Empleado,2193000.0,542,1,2021-12-20,Corredor
CLI-04810,Anyi Luz Gómez,220201504,F,34,Bogotá,6,Soltero  ,Profesional,Pensionado,11870000.0,687,1,2017-08-05,Asesor comercial
CLI-00176,Jorge David Toro Narváez,738583664,M,63,Bogotá,4,Casado,Profesional,Empleado,7665000.0,729,1,2019/07/21,Corredor
CLI-03756,Heriberto Germán Vargas,760971698,M,26,Bucaramanga,4,Soltero,Profesional  ,Empleado,5956000.0,668,0,INVALID_DATE,Asesor  comercial
CLI-01369,Carlos Leonardo Saavedra Vergara,1616510175,M,63,Cartagena,3,Divorciado,Posgrado,Pensionado,1751000.0,565,0,2022-03-27,WEB
CLI-01454,Mauricio Hernán Contreras,995083011,F,37,bta,2,Soltero,Bachiller,Empleado,3059000.0,791,0,15/10/2020,Web
CLI-00124,Alirio Posada Guerrero,825060375,M,44,Santa Marta,1,Casado,Técnico,Empleado,1433000.0,561,1,09/11/2018,Agencia
CLI-03201,Gloria López,181178928,F,37,Cali  ,5,SOLTERO,Profesional  ,Empleado,13275000.0,626,1,2023/05/21,Web
CLI-03280,Nelson Ángel Ruiz,1471289652,M,18,Cali,3, Viudo ,Profesional,Empleado,3514000.0,556,1,2019-02-04,Agencia
CLI-00103,Yesid Edilson Galvis Navarro,759949660,M,32,Cúcuta,3,Casado,Bachiller,Empleado,6031000.0,568,1,2021-01-31,Asesor comercial
CLI-04915,Harold Acevedo,1351982267,M,18,Bogotá D.C.,2,Soltero,Bachiller,Independiente,2490000.0,662,0,2022-05-07,Asesor comercial
CLI-02220,Antonio Niño Martínez,901621013,M,38,Bucaramanga,4,Unión libre,Profesional,Empleado,4315000.0,571,2,2019/01/11,Bancaseguros
CLI-00248,Luis Gómez Gómez,190070847,M,41,Medellín,2,Unión libre,Profesional,Pensionado,1866000.0,627,0,2019-04-09,Asesor comercial
CLI-02144,Martha Fernanda Martínez Osorio,1430124861,F,49, Barranquilla ,3,Soltero,Técnico,Empresario,5199000.0,626,0,2023/01/27,Asesor comercial
CLI-02462,José Suárez Franco,308660474,F,24,Bogotá,2,Divorciado,BACHILLER,Empresario,4397000.0,617,1,2017-07-29,Web
CLI-00997,Melissa Contreras,1443026205,F,45,Santa Marta,3,Casado,Técnico,Independiente,3699000.0,766,0,2021-11-14,Web
CLI-04928,Stiven Felipe Manrique,1030115466,F,52,Medellín,4,Soltero,Bachiller,  Empresario,9551000.0,796,1,24/09/2017,Asesor comercial
CLI-04369,Miguel Martín Ramírez,397920977,M,48,Pereira,2,Unión libre,Bachiller,Empleado,,683,4,2018/12/14,Corredor
CLI-02224,Daniela Stella Sánchez,1680706839,M,43,Cali,2,Unión libre,Técnico,Independiente,1773000.0,656,3,2019-09-12,Agencia
CLI-00350,Cecilia López,953012447,M,32,Santa Marta,1,Unión libre,Posgrado,Empleado,1755000.0,554,0,2018-03-13,Agencia
CLI-02816,César Luis Agudelo Quintero,1838128803,F,36,Medellín,1,Casado,Profesional,Independiente,1935000.0,583,1,27/06/2021,Corredor
CLI-02925, José Martín Díaz ,1795368142,M,57,Medellín,3,Unión libre,Posgrado,Empleado,3735000.0,557,2,2018-08-14,Asesor comercial
CLI-04396,Clara Vergara Duque,732320148,M,43,,2,Casado,Profesional,Empleado,1555000.0,578,0,2024-02-25,Agencia
CLI-04086,Sindy Bautista Osorio,980713137,F,57,Pereira  ,3,Unión libre,Bachiller,Independiente,1853000.0,538,1,2018-12-19,Asesor comercial
CLI-02698,Lucía Andrade,437598557,  M,40,Cali,3,Soltero,Profesional,Pensionado,1853000.0,741,0,2017-11-19,Web
CLI-00074,Antonio Estiven Martínez Acevedo,1396229226,M,62,Medellín,2,Soltero,Profesional,Pensionado,2065000.0,666,2,19/03/2024,Corredor
CLI-04739,Patricia  Puentes,1396215962,M,47,Bogotá,4,Soltero,Bachiller,  Empleado,4036000.0,713,1,18/07/2017,Web
CLI-04507,Marta Leidy Acevedo,754595057,M,21,Bogotá,4,Casado,Profesional,Independiente,6865000.0,630,1,19/04/2023,Asesor comercial
CLI-04587,Juan Cárdenas Vargas,172778371,F,34,  Medellín,2,Soltero,Técnico,Independiente,1229000.0,459,1,2022-03-17,ASESOR COMERCIAL
CLI-04031,Hernando Gutiérrez León,538602919,F,23, Bogotá ,1,Soltero,Posgrado,Empleado,,623,2,2020-08-06,Corredor
CLI-02983,Betty Aguirre Rosero,1184473251,M,59, Cali ,5,Casado,Profesional, Empleado ,8270000.0,552,3,16/06/2024,Web
CLI-03368,Andrés Osorio,1666091594,F,50,Cúcuta,3,Unión libre,Bachiller,Independiente,3837000.0,700,1,,Agencia
CLI-04444,MÓNICA RESTREPO GIL,1379508176,F,34, Santa Marta ,4,Divorciado,Profesional,Empleado,6049000.0,575,1,20/05/2020,Asesor comercial
CLI-02626,CHRISTIAN BRAYAN CORTES,1691918118,M,18,Bogotá,2,CASADO,Profesional,Independiente,2847000.0,639,1,2022-04-23,Web
CLI-01200,Arbey Suárez Sarmiento,1615629058,F,51,Santa Marta,1,Unión libre,Posgrado,Independiente,1706000.0,579,2,2024/04/19,BANCASEGUROS
CLI-02478,Ricardo Jonathan Salgado,737657902,M,51,Medellín,1,UNION LIBRE,  Posgrado,Independiente,2132000.0,611,0,24/07/2018,Bancaseguros
CLI-04356,Nicolás Pablo Mena,474867142,F,36,Barranquilla,6,Divorciado,Técnico,Independiente,8774000.0,746,1,2023/08/30,Asesor comercial
CLI-02231,Jaime Néstor Villegas Sierra,67264516,M  ,18,Cucuta,6,Casado,Profesional, Empleado ,19519000.0,656,1,2018-11-02,bancaseguros
CLI-04098,Aurora María Contreras,505210870,F,72,Bucaramanga,2,Soltero,Profesional,Pensionado,1839000.0,606,1,2020-09-18,Bancaseguros
CLI-04173,Isabel León Vega,1703000126,F,80,  Bucaramanga,4,Divorciado,Profesional,Empleado,3193000.0,511,0,2023-04-21,Corredor
CLI-02936,María Mayerly López,1018174115,M,43,santiago de cali,3,Casado,Profesional,Empleado,2711000.0,668,2,2022-02-28,Web
CLI-04664,Rosa Carvajal,706850279,M,65,Cali,4,  Unión libre,Bachiller,Empleado,9005000.0,691,0,2020-09-17,Asesor comercial
CLI-00905,Concepción Bernal Bustos  ,1325075145,F,60,BOGOTA,1,Soltero,Profesional,Empleado,2159000.0,767,0,12/01/2018,Agencia
CLI-01202,Andrea Castellanos Ávila,209254642,F,54,Cali,3,Soltero,Técnico,Pensionado,2769000.0,686,0,25/07/2023,Bancaseguros
CLI-00017,Nubia Piedad Guevara Torres,821306594,F,41,Barranquilla,2,DIVORCIADO,Bachiller,Empleado,1569000.0,593,1,2019-06-14,Asesor comercial
CLI-05189,Yaneth Contreras,1532058691,F,38,BOGOTÁ,2,Divorciado,PROFESIONAL,Independiente,2270000.0,656,0,2018-07-07,Bancaseguros
CLI-02832,Esteban Jesús Becerra,1723360079,M,26,CÚCUTA,2,Divorciado,Técnico,Empleado,8086000.0,624,0,2018-09-12,Web
CLI-00533,Carlos Barrera García,157428061,M,47,Pereira,3,Divorciado,Profesional,Independiente,3194000.0,9999,3,2019/08/12,Asesor comercial
CLI-01103,Luz Solano,902464376,Femenino,27,Medellín,3,Soltero,  Bachiller,Pensionado,2547000.0,700,1,2022/05/28,Asesor comercial
CLI-00205,Isabel Jiménez,151405740,M,46, Santa Marta ,3,Casado,Posgrado,Pensionado,5551000.0,646,1,2020-01-29,Asesor comercial
CLI-02341,Óscar Franco Caballero Vargas  ,560984142,Masculino,31,Cali,4,Unión libre,Bachiller,Empresario,9363000.0,659,1,2024/12/30,Web
CLI-01147,José Bustamante,1141901972, F ,51,Barranquilla,2,Divorciado,Posgrado,Pensionado,1052000.0,636,2,29/08/2024,Web
CLI-03361,Julieth Betty Henao,1242605528,M,27,BARRANQUILLA,3,Soltero,Bachiller,Empleado,3946000.0,675,1,2017-12-19,  Bancaseguros
CLI-03442,Álvaro Óscar Camargo,505778941,M,42,Bogota,4,Casado,Bachiller,Pensionado,4658000.0,579,0,2019-10-21,bancaseguros
CLI-00543,Luz Rivera,631390917,F,47,Bogotá,6,Unión libre,Bachiller,Empleado,18057000.0,733,1,2017-08-09,Corredor
CLI-00303,Fabián Fabián Blanco,1481546284,F,54,Bogotá,5,Casado,Bachiller,Empleado,6042000.0,571,2,2021/03/17,Asesor comercial
CLI-03802,Gustavo Diego Rico Moreno,302881650,M,35,Barranquilla,6, Unión libre ,Profesional,Empleado,19703000.0,812,2,2020-07-24,Corredor
CLI-01074,Sandra Alejandra López,1355446376,F,33,B/QUILLA,3,Soltero,Técnico, Empleado ,5008000.0,577,1,10/05/2023,Asesor comercial
CLI-00762,Carlos López Rojas,775934771,Masculino,41,Cali,4,SOLTERO,Profesional,Empresario,9759000.0,722,0,2019-04-15,Web
CLI-02766,Juan Mosquera,1354667860,F,39,Barranquilla,2,Casado,Profesional,Empleado,2160000.0,724,3,03/04/2017,Bancaseguros
CLI-03936,Luz Liliana López,1506639818,M,36,Bogotá,3,Divorciado  ,Profesional,Empresario,8712000.0,747,3,2020-10-16,Bancaseguros
CLI-02517,Ignacio Vargas,911468832,M,36,Manizales,3,Unión libre,Profesional,  Empleado,2817000.0,583,3,2019-10-13,Corredor
CLI-01963,Andrés Juan Acevedo Hernández,1154340154,F,24,BOGOTÁ,3,Divorciado,Profesional,Empleado,,600,1,2022-12-17,  Asesor comercial
CLI-03234,Esther Carmona Hernández,1803193596,M,24,Bogotá  ,1, Divorciado , Profesional ,Pensionado,1157000.0,573,1,2023/07/02,Bancaseguros
CLI-01376,Rosa Graciela Herrera,390789476,M,37,Bogotá,4,Unión libre, Profesional ,Independiente,11504000.0,768,1,05/05/2022,Agencia
CLI-00375,Alexander García,228210104,M,30,Barranquilla,5,Unión libre,Técnico,Independiente,7537000.0,,2,2020-09-13,Agencia
CLI-03777,Andrés Ramírez,1774808515,Femenino,34,Bogotá,1, Unión libre ,Profesional,Empleado,2096000.0,630,0,2024-09-26,Bancaseguros
CLI-04140,Oscar Luis Chavez Palacios,1283573447,F,22,Bogotá,2,Soltero,Profesional,Empleado,$1.443.000,548,1,08/09/2021,Agencia
CLI-01126,Viviana Ruiz Bedoya,1445572792,F,43,Bogotá,2,Soltero,Técnico,Empleado,3955000.0,576,3,02/11/2017,Asesor comercial
CLI-03963, Natalia Gamboa ,1454062972,F,34,Pereira  ,3,Soltero,Profesional,Empresario,6210000.0,639,0,2018/12/22,Web
CLI-04167,Liliana Suárez García,863402470,M,51,Bogotá,2,Casado,Profesional,Empleado,1496000.0,531,1,2023-08-26,Asesor comercial
CLI-03037,Jhonatan Alcides Martínez,317775037,f,30,Cali,3,Unión libre,Posgrado,Empleado,2673000.0,593,2,2019/07/15,Web
CLI-00608,  Marco Edwin Leal,102530253,M,28,Bogotá  ,3,Casado,Bachiller,Pensionado,4268000.0,638,1,2020-04-20,Agencia
CLI-02446,Jonathan Andrés Ortiz Rengifo,1001437381,F,47, B/manga ,1,Soltero,Profesional,EMPRESARIO,1780000.0,551,0,2021/02/17,Agencia
CLI-02954,Yecid Juan Herrera,588005381,F,48,Bogotá D.C.,3,Divorciado,Profesional,Empleado,0.0,727,2,2017-07-10,Asesor comercial
CLI-03199,David Reyes,1164600019,M,37,Cali,1,DIVORCIADO,Bachiller,Empleado,1657000.0,562,2,15/05/2022,Bancaseguros
CLI-00861,Xiomara Melo Mosquera,947070509,f,51, Barranquilla ,4,Soltero,Posgrado,Independiente,3760000.0,551,2,06/12/2020,Corredor
CLI-03228,Bibiana Cortés,1746034301,Masculino,23,Medellin,2,Unión libre,Profesional,Independiente,1730000.0,641,1,2018-11-21,Agencia  
CLI-02781,Angie Chávez,1313508558,M,41,B/QUILLA,2,Soltero,Profesional,Empleado,3610000.0,737,0,2019-08-14,Agencia
CLI-03098,Kelly Julieth Gómez Rodríguez,1012979469,M,47,Santa Marta,1,Unión libre,Bachiller,Empleado,2407000.0,540,4,2020-01-01,Agencia
CLI-00991,Abel Rojas,114682776,F  ,50,Bogotá  ,2,Casado,Profesional,Independiente,1935000.0,532,1,2020/04/29,Agencia
CLI-03265,Alfredo Arias Castro,1755641356,M,41,Pereira,4,Soltero,Posgrado,Empleado,8159000.0,848,2,26/04/2021,Asesor comercial
CLI-04453,Fabián Gutiérrez,298179757,F,23, Medellín ,3,Casado,Técnico,Empleado,,703,1,,Agencia
CLI-02738,Yenny Cruz Pérez,283993399,F,33,,2,Soltero,Posgrado,Empleado  ,1274000.0,564,1,2017-12-07,Corredor
CLI-04897,SEBASTIÁN CHACÓN PARRA,268486505,M,18,Medellín,3,Casado,Posgrado,Empleado,3540000.0,691,0,24/05/2024,Asesor comercial
CLI-01107,Alicia Caicedo,1388660729,M,36,Bogotá,3,Unión libre,Profesional,Empleado,$3.513.000,653,2,2021-02-24,Web
CLI-04889,Carlos Antonio Serna,1138030575,Masculino,38,MEDELLÍN,1,Soltero,Técnico,Independiente,2184000.0,660,1,08/01/2019,Agencia
CLI-04843,Edith Lopez Caicedo,642755906,M,65,Barranquilla,3,  Casado,Profesional,Pensionado,2866000.0,641,0,2022-04-27,Asesor comercial
CLI-00596,  David Diego Díaz Bedoya,1414957437,M,41, Medellín ,6,Viudo,Profesional,Independiente,13984000.0,700,0,2021-02-25,Web
CLI-04443,Andrea Romero,487266574,F,36,Bogotá,2,Soltero,Técnico,Empleado,1673000.0,638,1,2023-01-10,Bancaseguros
CLI-03535,jaime miguel ruiz arias,1440088430,F,34,  Medellín,2,Unión libre,Técnico,Independiente,4200000.0,605,1,15/07/2020,Asesor comercial
CLI-01283,Andres Osorio Diaz,375210871,M,30,Barranquilla,2,Unión libre,Profesional,EMPLEADO,2612000.0,508,1,2018-03-14,Web
CLI-04361,Ramón Steven Torres,227469809,M,36,Bogota DC,3,DIVORCIADO,Profesional,Independiente,3289000.0,711,1,2021-11-08,Corredor
CLI-04826, Nancy Ordóñez ,1878557808,M,-3,Manizales,3,Soltero  ,Bachiller,Empresario,0.0,880,1,2017-07-14,  Agencia
CLI-02729,Marina Garzón,19959453,M,52,Cúcuta,3,Soltero,Bachiller,Empleado,,693,1,2020-04-04,Bancaseguros
CLI-00680,Martha Johana Gómez,867245611,M,30,Bogotá,3,Soltero,Bachiller,Pensionado,2288000.0,667,0,2021-10-21,bancaseguros
CLI-00028,brayan herrera,515259112,M,41,Medellín  ,3,CASADO,profesional,Empresario,7261000.0,621,2,INVALID_DATE,Web
CLI-03507,Leidy Melissa Oviedo,1181242788,F,25,Cali,1,Soltero,TÉCNICO,Empleado,1503000.0,627,3,2024/08/25,agencia
CLI-02778,Alexandra Nelsy Garzón Montoya,899017775,F,36,Bogotá,3,Soltero,Técnico,Independiente,2933000.0,625,0,20/11/2018,Asesor comercial
CLI-01631,Edith Sonia Galvis Muñoz,1747822217,M,37, Bogotá ,2,Soltero,Técnico,Empresario,,600,1,2024-11-14,Asesor comercial
CLI-01326,Flor Alba Murillo,509244896,F,41,Medellín,6,Casado,Técnico,Empleado,18976000.0,787,1,2018-01-30,Web
CLI-00427,José Andrés Londoño,513889205,M,31,manizales,1,Soltero, Posgrado ,Independiente,939000.0,559,1,2020-01-28,Bancaseguros
CLI-03651,Luisa Patricia Camacho,1702282124,M,32,Pereira,3,Soltero,Técnico,Independiente,4679000.0,497,1,,agencia
CLI-02228,Adolfo Edgar Gutiérrez Sánchez,1618109630,M,40,medellín,3,Divorciado,Bachiller,Empresario,7187000.0,730,1,24/10/2019,Web
CLI-00717,Anderson Luis Sanabria Montes,37232286,F,56,Medellín (Antioquia),3,Unión libre,TÉCNICO,Empleado,2681000.0,554,0,2024-05-02,Corredor
CLI-03002,Isabel Socorro Valencia Bermúdez,1481369253,F,49,Pereira,4,Unión libre,Técnico,empresario,8056000.0,688,1,2020-09-13,Bancaseguros
CLI-03885,Lina Yamile Pérez,830093719,F,46,cúcuta,1,Soltero,Técnico,Empleado,1026000.0,526,3,2023-03-10,CORREDOR
CLI-02541,Gerardo Martin Marin,855046226,F,52,Bogotá,3,Soltero,Técnico,Empleado,2393000.0,620,1,2022-01-27,Asesor comercial
CLI-04767,María Daniela Garzón,550871118,F,48,Manizales,6,Unión  libre,Profesional,  Pensionado,14018000.0,595,0,2018-08-24,Asesor comercial
CLI-03056,Nataly Campo,891399715,F,24,Cartagena de Indias,2,Unión libre,Profesional,Empleado,2312000.0,651,3,2021-06-10,Bancaseguros
CLI-00551,Pedro Ríos Flórez,1232380511,M,18,Manizales,6,Casado,BACHILLER,Empleado,,623,1,2019-02-26, Web 
CLI-01884,Gloria Luisa Quintero,420366871,Femenino,18,Medellín,1,Casado,PROFESIONAL,Pensionado,996000.0,480,3,2022/01/14,Asesor comercial
CLI-03375,Jorge Moreno,559687498,F,34,Bogotá,2,Casado,  Técnico,Independiente,1831000.0,519,0,2018-12-23,Agencia
CLI-00368,Didier Rafael Villamil,1303596593,F,56,Pereira,1,Divorciado,Profesional,Independiente,2025000.0,,1,2020/01/24,Agencia
CLI-02618,milena palacios,1365807172,F,52,Bogotá,3,Divorciado,profesional,Empleado,3274000.0,621,1,01/12/2019,Bancaseguros
CLI-04816,  Luz Córdoba Silva,1114739096,M,33,Bogota DC,3,Divorciado,Bachiller,Pensionado,2198000.0,511,1,01/12/2024,Agencia
CLI-03177,Judith Dayana García Díaz,583606561,F,58,Bogotá,4,Casado,Técnico,Pensionado,5096000.0,653,1,18/05/2019,Web
CLI-03986,Marleny Judith Ortega Gómez,612930263,M,47,  Barranquilla,3,Soltero,Posgrado,Empresario,$3.992.000,594,1,2017-03-15,agencia
CLI-03927,Shirley Alexandra Chaparro López,1065978973,F,26,Barranquilla,5,Soltero,Bachiller,Empresario,13384000.0,716,0,22/11/2018,Corredor
CLI-03666,Carmen  Ardila,1167692413,M,21,  Bogotá,5,Unión libre,Profesional,Estudiante,2735000.0,659,0,2023/04/03,Asesor comercial
CLI-05066,Aurelio Castro,1774048328,F,44,Cali,3,Soltero,Bachiller, Pensionado ,$4.976.000,559,2,07/11/2023,Asesor comercial
CLI-03976,Johana Adriana López Martínez,567933886,M,29,Barranquilla,2,Soltero,Técnico,INDEPENDIENTE,1975000.0,454,1,2023-03-26,Agencia
CLI-01139,Hernando Alejandro López Alzate,763007792,M,37,Bogotá,1,Casado,profesional,Independiente,2002000.0,490,0,27/06/2019,Agencia
CLI-02906,Edison Orozco,1174164634,F,41,Medellín,2,SOLTERO,Profesional,Independiente,1096000.0,550,0,2021-12-31,Agencia
CLI-01307,Viviana Palacios,318072881,F,26,Medellín,5,Soltero,PROFESIONAL,Empleado,$16.378.000,720,2,2019-12-13,Bancaseguros
CLI-03455,César Vanegas,699391757, F ,51,Bogotá,5,Viudo,Técnico,Pensionado,7039000.0,721,1,28/02/2019,Asesor comercial
CLI-03909,Fernando Antonio Arrieta,1613622660,F,58,Medellín,2,Soltero,Profesional,Empleado,2123000.0,666,2,2022-03-10,Bancaseguros
CLI-02938,Carlos Francisco Henao Alvarez,1000799381,M,30,CARTAGENA,1,Casado,Bachiller,Independiente,1051000.0,600,4,2024-01-30,Corredor
CLI-02527,Sebastián Durán Gómez,1410788636,F,41,Cali,3,Soltero,Bachiller,empleado,2601000.0,556,1,2024-08-09,Asesor comercial
CLI-04753,Diana Erazo,1524124595,M,36,Bogotá,2,Unión libre,Técnico,Empleado,1771000.0,701,2,INVALID_DATE,Asesor comercial
CLI-03402,Fernando Ceballos Torres  ,1027822325,F,24,Medellín,2,Soltero,Bachiller,Independiente,3219000.0,680,3,2017/06/15,Asesor comercial
CLI-05088,Liliana María Gómez Paz,767927293,M,52,Santiago de Cali,6,Soltero,Bachiller,Empleado,12215000.0,689,0,2021-04-05,Corredor
CLI-01112,María María Páez Ortega,1499412112,m,63,Cali,3,Casado,Profesional,PENSIONADO,3341000.0,,2,2017-08-20,WEB
CLI-02434,  Orlando Pérez,1238649049,M,54,Cali,2,Soltero,Bachiller,EMPLEADO,2109000.0,518,1,2019-09-28,Corredor
CLI-03528,Kevin Javier Giraldo,1731814262,M,56,manizales,3,Viudo,Profesional,Pensionado,3993000.0,637,0,13/05/2018,Asesor comercial
CLI-00005,David Fernández Montes,280151006,M,33,Cúcuta,5,Soltero,Profesional,Independiente,8140000.0,633,1,2017/08/26,Asesor comercial
CLI-01848,Angelica Diana Garcia Diaz,870167338,F,41,Bogotá,3, Soltero ,Profesional,Empleado,6674000.0,670,0,2018-07-23,Asesor comercial
CLI-01246,Olga Johanna Saavedra,1216924785,M,42,Bogotá,4,Soltero,Profesional,Empleado  ,6574000.0,695,3,2022/04/17,Corredor
CLI-01823,Elcy Torres,1361806966,F,22,Bogotá,2,Soltero,Posgrado,Pensionado,,543,1,17/10/2023,Asesor comercial
CLI-01214,Melissa Vargas,1814368987, M ,34,Bogotá,3,Casado,Profesional,  Empleado,3077000.0,635,1,2024/06/15,Corredor
CLI-04684,Adela Martha Aguilar,862777834,F,54,Cartagena,2,soltero,Profesional,Empresario,4036000.0,542,2,31/10/2023,Asesor comercial
CLI-04624,Manuel López,485069415,F,34,Medellín,2,Soltero,Profesional,  Empleado,1826000.0,636,0,2018/05/05,Agencia
CLI-04917,Sandra Marina Torres,1826223786,F,50,Medellín,2,Soltero,Bachiller,Independiente,1878000.0,563,0,2020/03/17,Bancaseguros
CLI-00908,Rubén Guzmán Rodríguez,1601069037,M,18,Bogotá D.C.,3,Casado,Técnico,Empleado,3463000.0,644,2,10/05/2024,Asesor comercial
CLI-00281,Oswaldo Camargo Bolaños,235050503,M,40,  Bogotá,3,Casado,Profesional,Empleado,2598000.0,569,0,13/03/2019,Corredor
CLI-05008,Oscar Antonio Cortes Montoya,1849893770,F,34,Cartagena,2,Divorciado,Bachiller,Empleado,2248000.0,710,1,2017-10-10,Web
CLI-04133,Guillermo Pérez Hernández,1072977023,M,35,Medellín,2,  Casado,Profesional  ,independiente,2250000.0,682,0,2024/09/04,Bancaseguros
CLI-02794,Julio Camilo Cabrera,907895717,F,55,Cartagena,2,Soltero, Posgrado ,Pensionado,1800000.0,594,1,2017/09/24,Bancaseguros
CLI-01487,María Nidia Rincón Manrique,623229705,fem,35,Bogotá,5,Soltero,Técnico,Empresario  ,11962000.0,709,1,25/12/2017, Asesor comercial 
CLI-04451,Mario Medina,1662461382,F,34,BUCARAMANGA,3,Casado,Posgrado,Empresario,6954000.0,592,0,2024-03-20,Asesor comercial
CLI-01228,Andrea Amaya Guerrero,243484266,M,54, Bogotá ,2,Casado,Bachiller,Empleado,1515000.0,616,1,2024/03/31,WEB
CLI-02200,Santiago Forero Galeano,1528808127,F,69,bogotá,2,Divorciado,BACHILLER,Pensionado,1188000.0,590,3,2021/05/10,Asesor comercial
CLI-01281,  María Ávila Quintero,286790336,M,51,Bucaramanga,3,Soltero,Posgrado,empresario,6185000.0,586,1,2018-11-04,  Asesor comercial
CLI-03120,Jeisson Miguel Quintero Soto  ,1842812539,M,43,Bogotá,3,Soltero, Profesional ,Empleado,1730000.0,520,4,12/02/2018,Web
CLI-03299,Jesús  Rojas  Henao,338616272,M,53,Bogota,2,Casado,Técnico,Empleado,1388000.0,553,3,2019-04-09, Asesor comercial 
CLI-04253,Eduardo Martín Sánchez Valencia,1230266302,Masculino,43,Medellín,5,Casado,Profesional,Independiente,7170000.0,787,1,30/06/2022,Agencia  
CLI-05003,Estefanía Duque,549144492,F,43,MEDELLÍN,2,Casado,Posgrado,Empresario,4077000.0,596,0,2021-07-27,Corredor
CLI-01529,Alejandra Lina Buitrago,237907433,Masculino,24,Cali,2,Unión libre,Técnico,Empleado,1695000.0,494,0,09/03/2017,Asesor comercial
CLI-05045,Margarita Andrea Marín,1068174011,M,36,Cali,2,Soltero,Posgrado,Independiente,1883000.0,563,2,2024-07-30,Web
CLI-02357,César Ancizar Salazar González,452535594,F,51,Cartagena,3,Casado,Bachiller,Pensionado,3144000.0,706,1,2020-07-27,Asesor comercial
CLI-02785,LUIS DAVID BLANCO,791378483,M,27,cali,3,Soltero  ,Técnico,Empleado,2890000.0,652,3,24/03/2019,Web
CLI-01886,Juan Agudelo,1114400212,M,38,Bucaramanga,3,Viudo,Profesional,Empleado,5568000.0,733,1,2021-06-02,  Asesor comercial
CLI-05150,Mery Castillo,75577299,M,41,Bogota DC,6,Unión libre,Profesional,Empresario,25326000.0,686,1,2017-05-25,Bancaseguros
CLI-05090,Diego Salgado,512694289,M,35,Cali,2, Soltero ,Técnico,Empresario,4774000.0,640,2,2022/12/16,Bancaseguros
CLI-00632,Hermes Alexander Rodríguez Perdomo,219309323,F,43,Bogotá,3,Soltero,Profesional,Independiente,3808000.0,676,1,2022-01-06,Agencia
CLI-04395,Antonio Sánchez,738156236,m,28,Bogotá,3,Divorciado,Posgrado,Independiente,3227000.0,683,1,2022-12-02,Agencia
CLI-03691,Yamile López Amaya,1475097716,M,43,Cartagena,4,Soltero,Posgrado,Empleado,6896000.0,620,1,22/09/2022,Bancaseguros
CLI-04567,Viviana Edith Mejía,1020955364,F,48,Bogotá,4,Casado,  Técnico,Empresario,11943000.0,768,2,2021-11-05,  Asesor comercial
CLI-03389,Dayana Carvajal Bermúdez,1445444692,M,49,Medellin,4,VIUDO,Técnico,PENSIONADO,2559000.0,655,3,30/08/2023,WEB
CLI-04999,Juan Medina,692042741,M,18,Bogotá,6,Viudo,Profesional,Pensionado,13290000.0,670,1,15/10/2023,Agencia
CLI-01064,Janneth Gutiérrez Valencia  ,304512535,F,63,Medellín,2,soltero,  Posgrado,Empresario,3343000.0,625,3,2020/09/09,Agencia
CLI-05073, Juan Pérez Díaz ,623197647,M,47,  Cali,5,Soltero,Posgrado,Empleado,4721000.0,756,2,2018/07/09,Asesor comercial  
CLI-01111,Dario Medina,919476835,M,42,Barranquilla,2,Unión libre,Tecnico,Empresario,4287000.0,667,1,19/01/2024,Asesor comercial
CLI-04756,Jorge Ortega Rodríguez,1545536853,F  ,35,Cúcuta,4,  Soltero,Profesional,Independiente,5307000.0,,2,2022-01-10,Asesor comercial
CLI-00052,Camila Ríos,1834338634,M,44,CALI,1,Soltero,Profesional,Empleado,2296000.0,550,0,2024/06/07,Corredor
CLI-03573,Deyanira Alicia Ariza Duque,1361223479,M,38,Manizales,3,Unión libre  ,Profesional,Empleado,3374000.0,712,1,2023-12-11,AGENCIA
CLI-04974,Héctor Sánchez Garcés,98353947,F,40,Medellín,4,CASADO,Profesional,Empresario,,668,1,2017-04-10,Agencia
CLI-01605,GILBERTO BRAYAN PARRA,1818158268,M,21,Santa Marta,2,Casado,Posgrado,Empresario,3336000.0,642,2,2022-12-27,Asesor comercial
CLI-01913,Francisco Vargas Valencia,173533088,F,25,Bogotá,2,Unión  libre,Bachiller,Empleado  ,2829000.0,619,2,21/08/2017,Bancaseguros
CLI-03588,Carlos Torres,1116031547,F,49,Bogotá,2,Soltero,Técnico,Empleado,3855000.0,708,2,2023-08-31,Asesor comercial
CLI-05015,Andrés Serrano Pinzón,1585170942,M,39,Cartagena,2,Casado,Bachiller,pensionado,1642000.0,557,3,18/04/2024,Bancaseguros
CLI-04489,Germán Wilson Gallego Uribe,1491413745,M,38,medellín,2,Unión libre,Técnico,Empresario,2278000.0,606,0,20/04/2019,Agencia
CLI-00342,Alexis Mora,1597523362,F,38,Bucaramanga,2,Casado,Técnico,Empleado,2298000.0,626,1,2023/01/28,  Agencia
CLI-03013,Robinson Sánchez Herrera,936989029,F,36,Bogotá,5,Casado,Bachiller,Independiente,6739000.0,759,1,2023-01-29,Web
CLI-04878,Magaly Mercedes Marín,712929575,F,18,BOGOTA,3,Divorciado,Profesional,Estudiante,708000.0,486,0,2020-07-05,Agencia
CLI-02743,Gustavo Barreto Camacho,1031068656,M,59,  Bogotá,2,Casado,Técnico,Independiente,,627,2,25/11/2024,Corredor
CLI-00261,Isabel Castrillón,962077790,M,53,Medellín,1,Soltero,Profesional,Independiente,946000.0,574,1,2022-07-27,Web
CLI-00504,DAVID ALBERTO ALVARADO MARTINEZ,1087109181,F,46,bucaramanga,4,Soltero,Técnico,Empresario,8944000.0,756,3,2023-10-09,Agencia
CLI-01314,Jonathan Carlos Bolívar,1426720963,M,40,Medellín,3,Divorciado,PROFESIONAL,Independiente,3593000.0,650,0,2017-03-10,Agencia
CLI-00727,María Mariana Castro Montes,455435141,M,56,Bogotá,3,Divorciado,Bachiller,Pensionado,3620000.0,669,1,INVALID_DATE,Asesor comercial
CLI-02506,Fernanda Osorio Hernández  ,731837094,M,50, Bogotá ,4,Divorciado,Técnico,Empleado,5070000.0,695,3,2020-08-17,Asesor comercial
CLI-02372,Clemencia García,399688085,M,56,Cartagena  ,3,Soltero,PROFESIONAL,Independiente,1357000.0,621,0,2020-09-28,Web
CLI-04273,Andrea Mejía,1192531886,F,33,Cúcuta  ,3,unión libre,Técnico  ,Empleado  ,2453000.0,9999,0,2018-11-05,Asesor comercial
CLI-04661,Carlos Edinson López,648286744,F,35, Medellín ,3,Casado,Profesional,Independiente,$3.510.000,539,3,2021/01/05,Web
CLI-01055,Roberto Cortés,625309181,M,,Cartagena,3,Soltero, Técnico ,Empresario,5471000.0,766,1,30/01/2018,Asesor comercial
CLI-04332,Alexis Jhon Barrios Gil,469260368,F,61,Bucaramanga,3,SOLTERO,  Bachiller,Pensionado,3795000.0,579,1,2022-10-10,Asesor comercial
CLI-01330, Jorge Gómez ,452190015,M,35,bogotá,1,Unión  libre,Bachiller,Independiente,2179000.0,535,0,2024-03-24,Asesor comercial
CLI-00554,Ricardo Mario Hurtado,1154621595,F,18,Bogotá,3,Casado,Profesional,Empleado,2945000.0,575,1,2024-11-12,Corredor
CLI-01782,Andrés Gómez Barrera,1401798686,F,70,MEDELLIN,6,unión libre,TÉCNICO,Pensionado,10251000.0,897,1,2020-12-17,Web
CLI-05055,Luz Bedoya Suárez,1362389868,F,40,  Medellín,4,Soltero,Técnico,Empleado,0.0,702,0,2018-12-12,Web
CLI-04950,Luz Cecilia Fonseca,53450205,F,37,Bogotá,2,Unión libre,Técnico,Independiente,1747000.0,675,1,19/02/2022,Web
CLI-04819,Alicia Esther Rico Sánchez,1149821453,F,66,,3,Casado,  Bachiller,Pensionado,2924000.0,560,0,2018/03/10,Agencia
CLI-00683,Yaneth Caro,951907307,M,18,Barranquilla,4,Divorciado,Bachiller,,6363000.0,752,2,2023-03-11,Web
CLI-00469,María Quintero Jiménez,1510187906,M,63,Bogota,5,Soltero, Profesional ,Pensionado,6876000.0,831,1,28/07/2020,Agencia
CLI-00932,Elena Alba Gutiérrez,507215331,M,39,manizales,4,Soltero,PROFESIONAL,Independiente,8429000.0,681,0,2024-08-27,  Agencia
CLI-04268,Laura Mariela Díaz Rodríguez,1262834930,F,150,Cúcuta,3,Unión libre,Profesional,Independiente,5566000.0,702,2,10/12/2020,Web
CLI-05079,Stella Mesa Calderón,34116754,M,54,Barranquilla,3,Soltero,Técnico,Independiente,4061000.0,558,3,2020/10/08,Asesor comercial
CLI-03121,Julieth Rojas Rojas,1698543891,M,24,BOGOTÁ,3,Soltero,Profesional,Empleado,3551000.0,741,1,2020-11-30,Corredor
CLI-03353,Sebastián Mario Martínez,360896204,M,57,Cúcuta,5,Unión libre,PROFESIONAL,Empleado,10567000.0,744,2,23/06/2023,AGENCIA
CLI-02389,Javier Luis Caicedo Mosquera,1234657935,Femenino,47,Bogotá,3,Soltero,Técnico,Empleado,3945000.0,529,1,2020-03-21,Asesor comercial
CLI-05017,Javier Rojas,1117419486,F,34,Cali,3,Unión libre,Profesional,Empleado,0.0,680,2,22/08/2017,Corredor
CLI-04372,Esther Ana Gómez,256510429,M,30,Medellín,4,Casado,Bachiller,Estudiante,2317000.0,621,0,2024-04-11,Asesor comercial
CLI-04176,Humberto Morales,1549307782, F ,49,Barranquilla,4,Soltero,Bachiller,  Empresario,10522000.0,714,1,2020-11-05,Asesor comercial
CLI-04000,Jorge Andrés Acosta Ortiz,1497551005,masc,27,Cali,2,Unión libre,Posgrado,Empleado,1334000.0,545,2,18/05/2022,Web
CLI-00013,Fernando Acevedo Morales,599078298,F,67,Medellin,2,Viudo,Posgrado,Empresario,3284000.0,613,0,2019-07-20,Corredor
CLI-02917,Ana Sandra Ibarra,1380682592,M,23,Bogotá,4,Unión libre,TÉCNICO,Empleado,2599000.0,803,0,2019-01-16,Bancaseguros
CLI-04175,Enrique William Cardona Arrieta,1612941046,f,34,Cartagena de Indias,3,Divorciado,Posgrado,Empresario,6127000.0,690,2,,asesor comercial
CLI-02640,Lucía Cruz,1492545190,M,58,Bogotá D.C.,1,Divorciado,Bachiller,Empleado,2314000.0,623,0,2024-06-23,Corredor
CLI-02465,Carolina Sonia Giraldo Martínez,1061070023,M,36,Medellín,3,Soltero,Bachiller,PENSIONADO,5203000.0,698,0,2020/01/26,Agencia
CLI-00816,Juan Delgado,308552997,F,67,Bogotá,2,Casado,Bachiller,Pensionado,3461000.0,669,2,2023-05-05,Agencia
CLI-02385,Sara Diana Castro Pérez,1494840274,M,39, Bogotá ,2,Soltero,Profesional,Empleado,1512000.0,662,0,2021-02-02,Agencia
CLI-04143,Mayerly Milena Ruiz Vargas,728028168,M,34,cartagena,5,Casado,Bachiller,Empleado,3642000.0,647,1,2020-08-13, Web 
CLI-00773,María Carolina Ríos,439009775,F,41,Bogotá,3,Soltero,Técnico,EMPRESARIO,6149000.0,691,1,29/04/2019,Agencia
CLI-02178,Consuelo Nubia Garcés,732735153,F,42,Bucaramanga,2,Unión libre  ,Profesional,Empleado,1035000.0,643,0,2017-02-04,  Web
CLI-01597,Felipe Manuel Álvarez  ,1335561371,M,20,Medellín,4,Casado,Profesional,,,,1,2024-05-22,Agencia
CLI-03805,María Sepúlveda Díaz,1357438080,M,40,Medellin,4,Casado,Técnico,Empleado,2969000.0,676,2,,BANCASEGUROS
CLI-04545,Alberto Sánchez Ruiz,1184742280,M,44,  Medellín,3,Soltero,Profesional,Empleado,1505000.0,601,1,02/10/2018,Asesor comercial
CLI-01241,LUZ SUAREZ,755670163,F,34,Medellín (Antioquia),5,Soltero,Bachiller,Empleado,8784000.0,753,1,2023-05-30,Bancaseguros
CLI-02057,Orlando Benjamín Pineda,1604696992,F,35,  Medellín,3,Viudo,técnico,Empleado,$3.402.000,587,1,2020-12-07,Corredor
CLI-01278,fredy fernando sánchez gonzález,322674338,M,61,  Medellín,4,Casado,Bachiller,Pensionado,5029000.0,538,1,2020/02/21,Agencia
CLI-00101,JORGE OSORIO,102139191,F,59,Medellín,4,Casado,Profesional,Independiente,368900000.0,638,1,2022-08-22,Asesor comercial
CLI-00851,Álvaro Durán Ortiz,867315663,M,53,  Bogotá,3,Soltero,Bachiller,Empleado,3830000.0,735,2,2018-08-24,Asesor comercial
CLI-02074,Emilse Johana Morales,136950834,Femenino,35,Medellín,2, Soltero ,Posgrado,Empleado,1340000.0,528,2,10/09/2019,Bancaseguros
CLI-00791,Ferney Jesús Castro,424307349,M,58,medellín,2,Soltero,Técnico,Empresario,4158000.0,632,0,2018-08-12,Agencia
CLI-04955,Luisa García Cardona,143023450,M,49, Cali ,3,Soltero,Profesional,Empleado,9342000.0,773,1,2022/01/13,Asesor comercial
CLI-04833,Héctor Vargas,1198639606,F,38,Cúcuta,3,UNION LIBRE,Profesional,Independiente,6831000.0,715,3,19/09/2020,Bancaseguros  
CLI-00127,Marlene Vega,356605472,M,26,Medellín,2,Soltero,Posgrado,Empleado,$1.469.000,539,4,2017-03-14,Asesor comercial
CLI-03912,Antonio Leandro Correa,516805090,M,28,BARRANQUILLA,6,Soltero,Profesional  ,Empleado,12796000.0,777,2,12/10/2022,Asesor comercial
CLI-00481, Camilo Iván Ortega ,382570673,M,47,Cartagena,2,CASADO,Profesional,INDEPENDIENTE,895000.0,759,3,2021-12-26,Bancaseguros
CLI-04217,Amparo Dora Rodríguez Gómez,775373019,F,20,Bucaramanga,3,Casado,Profesional,Empresario,10059000.0,579,0,2020/10/25,BANCASEGUROS
CLI-02526,MARTHA RIVERA,1147382479,M,52,Cartagena,4,Casado,PROFESIONAL,Empleado,4351000.0,740,2,2022-09-24,Corredor
CLI-03350,Edison Correa,795639544,M,42,Cúcuta,3,Casado,Bachiller,Independiente,2945000.0,699,1,2019-09-14,Web
CLI-04406,Álvaro Torres,808269154,F,40,Barranquilla,5,Soltero,Bachiller,Independiente,7917000.0,637,1,2020-12-14,Corredor
CLI-04363,Juan Correa González  ,825592797,F,44,  Bogotá D.C.,3,Unión libre,Bachiller,Empleado,2612000.0,463,1,11/06/2019, Corredor 
CLI-01709,Harol Serna,328413344,fem,27,Pereira  ,3,Soltero,BACHILLER,Empleado,2504000.0,672,0,2020-05-16,Asesor comercial
CLI-04741,Laura Yuli Palacios López,1313287724,M,41,Bogotá,4,Casado,Bachiller,EMPLEADO,4358000.0,516,1,2017-02-27,Web
CLI-02310,Fredy Rodriguez Chavez,598567255,F,50,BOGOTÁ,3,Casado,BACHILLER,Empleado,2288000.0,687,3,2017-11-25,Bancaseguros
CLI-01549,Alonso Julian Rincon Cortes,1870435449,M,40,Bogotá,4,Casado,Profesional,Empleado,3773000.0,636,0,05/06/2019,Agencia
CLI-05041,Diego Andrés Cruz Fernández,1670736031,M,35,Bogotá  ,1,Soltero,Posgrado,Empleado,2561000.0,647,2,2023-08-09,Agencia
CLI-00137,Ligia Ana Álvarez,671421588,F,35,Barranquilla,4,divorciado,Bachiller,Pensionado,6131000.0,741,1,31/10/2022,ASESOR COMERCIAL
CLI-03359,Juan Duque,406904884,F,52,,1,Soltero,Bachiller,Empleado,910000.0,503,2,2022/03/10,Web
CLI-02805,Alonso Pablo Carrillo,1562773816,M,52,BARRANQUILLA,3,Viudo,Bachiller,Empleado,2268000.0,562,0,2017-11-14,Asesor comercial
CLI-02375,Jhonatan Germán Murcia,240539968,M,27,Cali,2,Soltero,Técnico,Empleado,2328000.0,600,2,INVALID_DATE,  Asesor comercial
CLI-04300,carolina alzate,1233762904,F,32,Medellín,3,Viudo,Bachiller,Empleado,3959000.0,739,0,10/05/2021,Asesor comercial
CLI-02173,Alexander Franco Loaiza,926850051,F,34,Manizales  ,6,Casado,Posgrado,Empleado,26088000.0,597,3,29/05/2020,Bancaseguros
CLI-01285,Derly Myriam Restrepo,692381055,F,65,B/quilla,3,Soltero,Profesional,Pensionado,3236000.0,756,2,2023-02-14, Asesor comercial 
CLI-04359,José César Franco Pérez,274512635,Femenino,31,Bogotá,1,Soltero,Posgrado,Pensionado,$1.490.000,494,2,2020-04-25,Web
CLI-00023,Johana López Gómez,518299845,F,28,Bogotá,4,Casado,Bachiller,Pensionado,4161000.0,613,0,2018-05-02,Web
CLI-01785,Julián Marín,894867894, M ,24,Barranquilla,2,Soltero,Posgrado,Empresario,3975000.0,609,0,23/03/2022,Bancaseguros
CLI-01623,Arley Mauricio Torres Ramírez,240057819,F,53,  Pereira,2,Casado,Profesional,Independiente,2092000.0,594,0,2022-05-15,Asesor comercial
CLI-00295,Mauricio Marín Castro,802609754,F,45,,3,Soltero,Bachiller,Independiente,3677000.0,652,3,12/06/2020,Asesor comercial
CLI-05188,Andrea Leidy Giraldo,188028457,F,47,Santa Marta,4,Unión libre  ,Bachiller  ,Empleado,6464000.0,777,1,04/09/2022,Web
CLI-04875,Elena Ospino Palacios,388521303,F,55,Bogotá,3,Soltero,Posgrado,Pensionado,1749000.0,670,0,2023-06-03,Web
CLI-02282,Jairo Lozano Páez,710296067,M,24,Barranquilla,4,Soltero, Bachiller ,Independiente,$5.868.000,568,2,2019-10-08,Agencia
CLI-05178,Diana Molina,480780145,M,48,Bogota,3,casado,Profesional,Empleado,5452000.0,730,4,2021-12-06,Bancaseguros
CLI-03131,Nidia Reyes León,852261434,M,42,Cartagena,2,Soltero,Técnico,Empleado,2406000.0,629,5,12/02/2017,Corredor
CLI-01158,Valentina Barrera,392638283,M,39,Manizales,1,Casado,Profesional,Independiente,1281000.0,484,2,2017-01-31,Corredor
CLI-04599,Benjamín Camilo Márquez,1091011278,M,34,Medellín,3,Soltero,Posgrado,EMPLEADO,5107000.0,677,1,15/05/2024,Bancaseguros
CLI-03616,jackeline alexandra soto,452470706,F,39, Medellín ,2,casado,Profesional,Empleado,1600000.0,575,0,2021-02-15,Corredor
CLI-02320,Emilia Ramírez López,1098555283,Femenino,48,  Santa Marta,3,Divorciado,Bachiller,Independiente,2822000.0,709,2,2020-10-19,Agencia  
CLI-02363,Nelson Castro Gallego,1271154503,M,56,Bogotá,6,Unión libre,Profesional,Independiente,,848,1,INVALID_DATE,ASESOR COMERCIAL
CLI-02800,Alexander Morales,1796926717,F,36,Bogotá,2,Casado,Profesional,Independiente,$4.288.000,632,0,04/05/2023,Agencia
CLI-02705,Ricardo Pacheco,1259081530,F,39,Cali,3,Soltero,Profesional,Empleado,3534000.0,647,1,2020-09-28,Agencia
CLI-01406,Fanny Nubia Tamayo,785662205,masc,37,Medellín,5,Casado,Posgrado,Empleado,5796000.0,662,2,2017-09-08,Asesor comercial
CLI-01641,Rafael Mejía,1287899020,F,44,Bogotá,5,Casado,Profesional,Empresario,25757000.0,786,0,2024-12-09,Asesor comercial
CLI-00024,Ana Ana Duarte,45013710,F,30,Cartagena,3,Unión libre,Bachiller,Empresario,6060000.0,728,0,2021-12-28,Web
CLI-03997,Camila Diana Vega Duque,583954525,M  ,55,CALI,4,Soltero,Bachiller,Independiente,5647000.0,612,0,2021/12/11,Agencia
CLI-00475,Pablo Aguirre,1631377255,M,, Pereira ,3,Casado,Posgrado,Empleado,3351000.0,576,1,2021/12/09,ASESOR COMERCIAL
CLI-04524,Arturo Efrain González,1291173480,F,40,CALI,3,Unión libre, Técnico ,Empleado,,732,0,2022-06-22,Corredor
CLI-02647,Karina Obando López,1366737429,F,18,Bogotá,6,Divorciado,BACHILLER,Empleado,22522000.0,742,0,2021-01-24,Agencia
CLI-01211,Fernanda Yulieth Calderón Bravo,1035296983,F,29,Pereira,5,Divorciado,Profesional,Pensionado,13313000.0,726,2,2023-10-24, Web 
CLI-04672,Luz Sandra García Mesa,1172120250,M,41,Bogotá,4,Soltero,Técnico,Independiente,8683000.0,615,1,2020-03-02,Corredor
CLI-04929,  María Arango,1014965905,Femenino,42,Cúcuta,3,Unión libre,BACHILLER,EMPLEADO,4670000.0,639,1,2018-04-27,Asesor comercial
CLI-00073,Clara Diana Acevedo Ortiz,1793423467,F,24,Cali,5,Soltero,Profesional,Empleado  ,5324000.0,555,0,2018-06-19,Bancaseguros
CLI-02655,Fernanda María Hernández,1299908632,masc,39,Bogotá,1,Soltero,Técnico,Empleado,2085000.0,443,4,19/12/2022,Asesor comercial
CLI-01588,Jhonny Vanegas Hernández,1058124197,fem,32,Bogotá,6,Unión libre,bachiller,Empresario,22303000.0,767,0,2021-03-30,Bancaseguros
CLI-00927,Luis  Torres  Rojas,957039811,M,49,Cartagena,3,Soltero,Posgrado  ,Empleado,2697000.0,475,0,2021-02-07,Agencia
CLI-02875,Yeny Romero,1463538783,M,62,Bogotá,1,Soltero,Técnico,Pensionado,2319000.0,546,2,2022/12/17,ASESOR COMERCIAL
CLI-05089,Ángela Navarro Ruiz,84145212,F,28,Bogotá,1,Casado,Bachiller,Independiente,965000.0,553,2,12/11/2024,Corredor
CLI-04399,Alberto Pablo Galeano,1016870237,M,38,Cartagena,2,Casado,Profesional,Pensionado,1376000.0,599,0,19/03/2017,Asesor comercial
CLI-02759, Adolfo Esteban Meza ,993375379,F,26,BOGOTA,3,Soltero,Bachiller,Empleado,4810000.0,712,0,12/08/2021,Agencia
CLI-02430,Virginia Amaya Sánchez,406063482, F ,18,  Pereira,4,Viudo,profesional,Empleado,142000000.0,653,0,2020-11-19,Agencia
CLI-05124,Elkin Samir Romero Guerrero,351599375,F,26,Bogotá,3,Soltero,Técnico,Pensionado,$3.639.000,727,0,2023-02-02,Asesor comercial
CLI-02960,LIDIA NAYIBE DÍAZ,1320503031,F,,Manizales,3,Casado,  Técnico,Empleado,4149000.0,647,0,14/05/2021,Corredor
CLI-05200,Carmen Rivera,891928397,F,64,BARRANQUILLA,2,Unión libre,PROFESIONAL,Pensionado,,442,2,2024-03-13,Asesor comercial
CLI-04274,Luz Rosero Bonilla,1488612129,F,62, Pereira ,2,Soltero  ,Técnico,Empresario,3987000.0,735,1,2023-06-04,Asesor comercial
CLI-00636,Enrique Escobar,1770670787,M,46,Bogota DC,2,Soltero  ,Tecnico,Independiente,2428000.0,628,2,2017-09-30,Bancaseguros
CLI-03710,Enrique Andrés Muñoz,1341793507,F,62,Medellin,6,Casado,Técnico,Empleado,$14.675.000,781,0,23/01/2021,Agencia
CLI-02685,Mauricio Kevin Duque Velásquez,1717783386,M,29,Medellín,2,Divorciado,Profesional,Independiente,2282000.0,635,3,2023-06-14,Agencia
CLI-03729,María Nelly Cárdenas,1529480892,F,63,Bogotá  ,5,Divorciado,Bachiller,Pensionado,8288000.0,691,1,14/07/2020,Web
CLI-04430,Mauricio Eduardo Chacón,296691125,  M,37,  Medellín,5,Casado,  Bachiller,Empresario,11885000.0,714,1,2018-07-20,Web
CLI-01263,Isabel Gómez Castrillón,1040039821,M,41,Cali,2,Divorciado,Bachiller,Independiente,3350000.0,629,2,2019-04-04,Agencia
CLI-03153,Olga Espitia,103746543,M,42,Bogotá,4,Casado,  Bachiller,Empleado,,709,1,27/09/2021,Agencia  
CLI-01156,GILBERTO ÓSCAR GRANADOS,1554119964,M,40,Bogotá,1,viudo, Bachiller ,Independiente,2470000.0,643,1,17/08/2017,Bancaseguros
CLI-03763,César García Camacho,1638061253,M,48,Bucaramanga  ,6,Viudo,Bachiller,Empleado,12487000.0,799,0,2022/02/22,Corredor
CLI-02264,Mercedes Franco,192910472,M,25,Medellin,4,Soltero,Posgrado,Pensionado,4162000.0,,1,2019/01/22,Bancaseguros  
CLI-00382,José Andrés Patiño Morales,1660464093,F,49, Bogotá ,3,Casado,Profesional,Empleado,5400000.0,657,1,2024/05/31,Web
CLI-00242,Ruby Julieth Puentes Parada,211215108,fem,18,Barranquilla  ,3,Soltero,Posgrado,Empleado,4847000.0,664,0,2019-08-17,Bancaseguros
CLI-05153,Jenny Palacios Garzón,1336336867,M,44,Barranquilla,3,Casado,Técnico,Empleado,$3.253.000,683,1,2024-12-20,Asesor comercial
CLI-05020,Nicolás Guerrero,618551846,M,55,Manizales,2, Unión libre ,Profesional,Empleado,2105000.0,639,2,2024/03/30,Agencia
CLI-02112,Angie Alfonso,391687041,F,29,Bucaramanga,2,Casado,Bachiller,Empresario,4003000.0,517,0,2021-02-15, Web 
CLI-02692,Diego Aldair Rueda Castro,1202732055,M,44,Medellín,3,Soltero,Bachiller,Empleado,3066000.0,544,2,2018-05-04,Asesor comercial
CLI-04246,Paula Medina,10732756,  M,23,,3,Casado,Posgrado,Independiente,2965000.0,686,0,2020-12-31,Web
CLI-02187,LUIS SILVA BONILLA,1403611702,F,36,BOGOTÁ,3,Soltero,Posgrado,Empleado,5039000.0,676,3,2017-05-22,Asesor comercial
CLI-01874,Fernando Diego Cáceres Orozco,560662179,F,63,Bogotá,3,Soltero,Bachiller,Independiente,7074000.0,737,3,2017-05-29,Corredor
CLI-00952,Alberto Felix Melo,1109785120,  M,52,Medellín,5,Casado,Profesional,Pensionado,5966000.0,666,0,2024-10-30,Web
CLI-04299,Antonio Ramírez Carrillo,904299320,F,46,CALI,3,Casado,Técnico  ,Empleado,2605000.0,569,2,2018/10/13,Bancaseguros
CLI-04863,Franco Forero,1893117606,M,22,,2,Soltero,Profesional,Empleado,2685000.0,742,1,2018-11-29,Corredor
CLI-03482,Manuel Alfonso Jiménez Rueda,1607831598,F,39,bucaramanga,3,Viudo,Profesional,Empleado,2979000.0,618,1,2019/09/07,Asesor comercial
CLI-00369,Antonio Germán Ramírez Mosquera,1140524002,M,32,  Medellín,3,Soltero,Bachiller,Empleado,2133000.0,538,1,08/06/2017,Agencia
CLI-00479,Manuel Torres,909829908,F,43,Santiago de Cali,2,Casado,Profesional,Pensionado,,461,1,2023-04-13,Corredor
CLI-03467,Isabel Viviana Pérez Pérez,14275799,F,53,BOGOTÁ,6,Casado,Bachiller,Empleado,8165000.0,745,2,2021-09-19,Agencia
CLI-02001,Luis Martínez Gómez,1038597288,F,37,Medellín,3,Soltero,Posgrado,Pensionado,2320000.0,619,0,2018-07-01,Agencia
CLI-00288,Ever Romero,651672994,Masculino,45,Bogotá,2,Soltero,Profesional,Independiente,2199000.0,572,2,2021-01-20,Bancaseguros
CLI-00809,ESTEBAN BLANCO,113226989,F,61,Cartagena,1,Viudo,Bachiller,Independiente,0.0,664,2,05/11/2017,Web
CLI-00030,Yamid Castellanos,1024841824,F,53,Cali,2,Casado,Profesional,Empleado,2793000.0,526,0,2024/09/18,Agencia
CLI-00648,Dora Luz Álvarez,1701959907,F,43, Cúcuta ,3,Divorciado,Profesional,Independiente  ,4718000.0,725,0,19/02/2019,Agencia
CLI-00044,Isabel Olga Montoya Vanegas,845754734,M,43,Bogotá,3,Soltero,Técnico,Empleado,3807000.0,650,3,2021-03-05,Agencia
CLI-02323,Víctor Alexis Díaz Arango,1890751533,M,41,Cúcuta,3,Casado,Técnico,Independiente,1908000.0,699,0,01/07/2017,Asesor comercial  
CLI-01405,Cristina Eugenia Rojas Martínez,1411231528,M,32,Bogotá,2,Soltero,Bachiller,Independiente,1566000.0,,1,2023-09-21,Asesor comercial
CLI-00663,Nidia Pedraza Fuentes,274420954,M,56,Cali,4,Soltero,Profesional,Empleado,2921000.0,596,1,2023-02-17,Asesor comercial
CLI-01310,Luis Jorge Gómez,732389167,F,60,Bogotá,4,  Unión libre,Posgrado,Pensionado,5232000.0,680,3,2017-07-01,Web
CLI-00217,Wilfrido Cano,834589093,M,-1,Medellin,5,Casado,PROFESIONAL,Empleado,9487000.0,763,0,2020/04/02,Bancaseguros
CLI-02417,Alicia Diana Pedraza Henao,786862321,M,18,Bogotá,2,Casado,Profesional,Empresario,3220000.0,636,4,02/07/2019,Asesor comercial
CLI-04812,Marina  María  Parra,1165260970,Femenino,27,Barranquilla,2,Soltero,Posgrado,Empresario,1923000.0,529,3,28/05/2022,Agencia
CLI-02174,Nelson Parra,543327026,M,28,Bogotá,2,Soltero,Bachiller,Empleado,2656000.0,599,2,2021-11-13, Bancaseguros 
CLI-03581,Olga Emilia Mendoza Vargas,488900653,F,21,Bogotá,3,  Soltero, Técnico ,,2146000.0,551,4,2024-04-30,Corredor
CLI-04779,Elena Mariela Camargo García,1801278512,M,36,,2,Casado,Profesional,Empresario,7121000.0,726,1,22/01/2023,Asesor comercial
CLI-03931,María Elsa Vallejo Escobar,1572690530,F,33,Cartagena de Indias,2,Divorciado,Profesional,Empresario,3235000.0,623,3,2020/03/10,Agencia
CLI-03410,Helena Cecilia Pérez Ortiz,1571124598,M,39,CALI,3,Soltero,Posgrado,Independiente,4262000.0,,0,2020-10-08,Asesor comercial
CLI-01468,Santiago Arturo Maldonado,1272403125,M,35,Bogotá,6,  Casado,Bachiller,Independiente,6662000.0,797,2,2017/11/08,Bancaseguros
CLI-00287,José Castro,1720375182,M,37,Bogotá,4,Casado,Profesional,Empleado,7705000.0,622,0,08/04/2023,agencia
CLI-01526,Yaneth Milena Ordóñez Díaz,731226560,M,49,Barranquilla,2,Unión libre,TÉCNICO,Empleado,1595000.0,614,0,2019-07-31,Asesor comercial
CLI-02684,Guillermo Villa,1525065711,F,43,Bogotá,1,Casado,Posgrado,Empleado,1335000.0,563,0,2021-03-05,Corredor
CLI-05113,Julio Gómez Pacheco,491490897,F,41,Bogotá,2,Casado,Bachiller  ,Independiente,2476000.0,648,2,2023-11-18,Asesor comercial
CLI-00547,Fernando Emiro Duque Castro,980135490,M,19,Cúcuta,3,Unión libre,Técnico,Empresario,5116000.0,697,3,2022/06/21,Agencia
CLI-01374,Luis Sebastián Arroyo Quintero,896996019,F,51,Cartagena,1,Casado,Profesional,Empleado  ,1250000.0,572,1,2017-06-03,Bancaseguros
CLI-01449,Francy Guzmán Pineda,700656515,F,55,Cali,4,Soltero,Profesional,Independiente,5520000.0,611,2,02/10/2018,Asesor comercial
CLI-01208,Lucila Quiroga,1823051280,F,45,Barranquilla,2,Casado, Posgrado ,Empleado,1787000.0,524,1,2023-09-05,Asesor comercial
CLI-05084,María Moreno  ,1240612703,M,29,BOGOTÁ,4,Unión libre,Posgrado,Empresario,,750,2,14/03/2017,Asesor comercial
CLI-03443,Carlos Castellanos,1743767905,M,46,Pereira,2,Casado,Posgrado,Empresario,3302000.0,639,0,19/10/2018,Bancaseguros
CLI-01929,Carlos Steven Sepúlveda Pérez,132618892,M,50,Cartagena de Indias,3,Soltero,Profesional,Empresario,5011000.0,740,1,2018/02/25,Asesor comercial
CLI-03437,José Diego Vera,1820910044,M,33,Bogotá,3,Soltero,Bachiller,Pensionado,3805000.0,724,0,26/09/2024,Agencia
CLI-01716,Guillermo Castellanos,980323036,f,46,Cúcuta,4,Soltero,Bachiller,Empleado,5509000.0,744,1,2022/09/09,Agencia
CLI-04181,María Castillo,1821746260,F,52,Santa Marta,2,Unión libre,Bachiller,Independiente,1555000.0,635,0,2024-05-31,Asesor comercial
CLI-02671, Dario Suárez Pineda ,211585976,F,49,Bogotá,1,Soltero,Profesional,  Independiente,2033000.0,595,3,2021-07-20,Agencia
CLI-00204,Enrique Mesa Ortiz,1800132935,M,21,Bogotá,3,Union libre,Posgrado,Independiente,6072000000.0,691,1,2020/12/10,  Asesor comercial
CLI-04298,Tatiana Guerrero Rivas,554186550,F,52,Manizales,2,Casado,Técnico,Independiente,2109000.0,500,3,2017/07/28,Bancaseguros
CLI-05132,José Obando Morales,621563386,M,39,Bucaramanga,4,CASADO, Profesional ,Empleado,6716000.0,728,2,2018-02-27,  Asesor comercial
CLI-03238,Edgar Vásquez López,1812800941,M,33,  Medellín,1,Casado,Profesional  ,Empleado,1674000.0,627,1,2023-02-11,Bancaseguros
CLI-04254,Ana Carolina Rodríguez Rincón,1622362488,Femenino,34,Bogotá,4,  Soltero,Profesional, Empleado ,6450000.0,735,0,2018-08-21,Asesor comercial
CLI-02317,Joaquín Delgado Mendoza,1556592161,M,46,Manizales,3,Casado,Profesional,Empresario,,666,0,03/03/2023,Web
CLI-03632,Blanca Elena Bernal,25724445,F,35,Medellín,1,Casado,  Profesional,,3410000.0,567,1,19/02/2020,Web
CLI-01864,Catalina Ramírez Rivera,453019519,fem,30,Bogota,2,Soltero,Posgrado,Empleado,2212000.0,685,0,2022-04-06,Corredor
CLI-02637,José Villamizar Ríos,1768372311,M,32,MEDELLÍN,1,Casado,Bachiller,Independiente,1504000.0,561,0,2022-02-14,Asesor comercial
CLI-01999,Carmen Susana Parra Pineda,1344231381,F,18,,2,SOLTERO,Posgrado,Empleado,1580000.0,587,0,2018-06-29,Corredor
CLI-00232,Sergio Torres,1778654271,M,59, Bogotá ,2,Soltero,Posgrado,Empleado,1410000.0,661,1,2024/07/30,Asesor comercial
CLI-04381,Sara Martha Torres Osorio,1765782993,F,49,Pereira,1,Soltero,Profesional,Independiente,1075000.0,644,1,13/01/2024,Bancaseguros
CLI-02913,  Constanza María Monsalve Barbosa,1392160685,F,36,MEDELLIN,3,Unión libre,Posgrado,Empleado  ,2547000.0,517,0,29/09/2017,corredor
CLI-02060,Sergio Arroyo Sandoval  ,1832314180,M,31,Medellín,2,Viudo,bachiller,Empleado,1288000.0,614,3,2017-05-29,Agencia
CLI-04575,Diego Daza Sarmiento,285635750,f,62,Cali,1,Casado  ,Técnico,Pensionado,1747000.0,522,0,20/02/2023,Web
CLI-04337,Eduar Hurtado Mora,1181523385,M,21,Cali,5,Casado  ,Posgrado,Empleado,,747,1,2018-01-02,Asesor comercial
CLI-03404,Mercedes Alexandra Páez,1404953656,Femenino  ,38,Sta. Marta,1,Soltero,Profesional,EMPLEADO,2253000.0,675,2,2018-11-22,WEB
CLI-05143,  Doris Aguirre Salas,142121130,M,43,CÚCUTA,1,Viudo,Profesional,Independiente,2334000.0,445,2,2017-11-19,Agencia
CLI-02863,César Juan Ochoa Sandoval,1579172138,M,51,Bogotá,2,  Casado,profesional,Empleado,2716000.0,598,2,2023-04-04,Bancaseguros
CLI-00562,Daniel Cortés Parra,1090549262,M,46,BARRANQUILLA,4,Casado,Bachiller,Empresario,10088000.0,786,1,2019-05-08,Asesor comercial
CLI-02268,armando bernardo restrepo garcía,112978058,F,48,Cartagena,2,Soltero,Profesional,Empresario,6842000.0,689,1,2019-03-21,Asesor comercial
CLI-01452,Milena Martínez,373800130,F,58,Bogotá  ,3,Casado,Posgrado,Empleado,2957000.0,561,0,,Corredor
CLI-02638,Luz Fernández Giraldo,1549965553,Masculino,32,Medellín,2,Divorciado,Bachiller,Empleado,1802000.0,666,0,2018-11-27,Asesor comercial
CLI-03214,  Andrés Giraldo,200640292,F,39,Bucaramanga,4,Unión libre,Técnico,Empleado,7313000.0,679,0,2018-09-15,Asesor comercial
CLI-02234,Juan Cano Velásquez,509143457,F,30,Bogotá,3,Unión libre,POSGRADO,Pensionado,3337000.0,782,3,2019-05-26,Corredor
CLI-04822,Antonio Jiménez Forero,853293779,M,61,Santa Marta,2,Casado,Bachiller,Pensionado,,666,1,02/02/2021,Agencia
CLI-04077,Henry Enrique Galindo Jaramillo,1689212987,F,46,Bogotá,3,Soltero,Profesional,Empleado,3700000.0,741,0,03/01/2017,Bancaseguros
CLI-00839,  Alexander Luis Mora,659596761,M,45,Bogotá,2,Divorciado,Bachiller,INDEPENDIENTE,1923000.0,571,1,2019/11/06,Web
CLI-04506,Álvaro Vásquez,1265085731,M,51,  Barranquilla,4,Casado,Posgrado,Empleado,3908000.0,660,0,2019-07-20,Asesor comercial
CLI-00639,Alberto Pacheco Hernández,1466681137,F,38,Bogotá,3,Casado,PROFESIONAL,Independiente,$4.950.000,599,1,2019-03-16,Asesor comercial
CLI-00383,Rolando Gómez Sánchez,468153832,F,53,Medellín  ,2,Soltero,TÉCNICO,  Independiente,1463000.0,584,1,2023/12/09,Agencia
CLI-04551,Luis Alberto González,1795050950,M,43,BOGOTÁ,4,Soltero,Técnico,,2464000.0,552,0,22/10/2021,Corredor
CLI-00152,Beatriz Ramírez,1331514813,F,46,Cartagena,6,Casado,Técnico,Empleado,26015000.0,824,2,2023-12-20,web
CLI-00385,  Diego Augusto Vargas,37274612,M,39,  Bogotá,3,Soltero,Posgrado,INDEPENDIENTE,3714000.0,678,1,2024-03-05,Web
CLI-04070,Stella Arango,218349033,M,36,Medellín,3, Soltero ,Técnico,Empleado,2257000.0,618,1,2023-11-09,Asesor comercial
CLI-01562,Luis Pedro Quintero Mora,1726405299,F  ,51,Pereira,5,Soltero,Bachiller,Empleado,6994000.0,614,0,2019/02/20,Corredor
CLI-00156,Yecid Caicedo Romero,1870981377,  F,34,Cali,3,Soltero,Técnico,Empleado,4297000.0,532,2,02/11/2018,Agencia
CLI-01650,Julio Vergara,1687700479,F,55,Cali,2,Unión libre,Técnico,Empleado,1906000.0,581,2,2023-02-23,Corredor
CLI-02534,Alejandro Humberto Solano Muñoz,1519160884,M,40,Medellín (Antioquia),2,Soltero,Profesional,Empresario,4199000.0,706,1,01/09/2018,Asesor comercial
CLI-01825,Jesús John López,212049054,F,59,  Cartagena,3,casado,Profesional,Pensionado,7039000.0,641,1,2020/07/10,Bancaseguros
CLI-03479,Carlos Guevara  ,840931165,F,28,bogotá,4,Soltero,Técnico,Empresario,7938000.0,673,1,2023/04/14,Web
CLI-02043,Carlos Esteban Miranda,508698204,F,23,Bucaramanga,5,Divorciado,  Técnico,Empleado,9981000.0,652,2,07/02/2019,bancaseguros
CLI-03469,Fanny María Ríos,1411993371,M,31,pereira,3,Soltero,Bachiller,Empleado,3881000.0,684,2,15/01/2018,Corredor
CLI-03424,Janeth Sandra Guevara Espinosa  ,1540218714,M,41,Bogotá,4,Casado,Técnico,Empleado,,676,5,2024-12-17,Asesor comercial
CLI-03586,Margarita Carolina Franco,1864324316,F,43,bogotá,2,Divorciado,Profesional,Pensionado,124000000.0,594,1,2018/01/14,Asesor comercial
CLI-04679,Juana Dora Ramos Cifuentes,4508154,M,63,Bogotá,2,unión libre,Profesional, Pensionado ,0.0,577,2,2020-02-07,Agencia
CLI-00569,Gloria Zoraida Camargo,1130595022,M,18,Pereira,1,Soltero,Bachiller,Empleado,1069000.0,574,2,2022-01-03,Web
CLI-02164,Ana Janeth Flórez,1363182648,M,55,Bta,1,Soltero,Técnico,Empleado,1978000.0,605,2,2023-01-20,Asesor comercial
CLI-04278, Alberto Arias Caicedo ,1186087109, F ,28,Bogotá,4,  Divorciado,Técnico,Empresario,,780,1,09/01/2020,Agencia
CLI-01816,Héctor  Nieto,383096480,F,23,Medellin,4,Unión libre,Posgrado,Independiente,7557000.0,770,2,2022/11/27,Web
CLI-01710,Kelly Velásquez,1114149682,M,18,Cali,2,Unión libre,PROFESIONAL,Empleado,1544000.0,602,2,2022-10-15,BANCASEGUROS
CLI-04666,DAVID MANUEL ROJAS PERDOMO,95878251,M,25,Medellín,5,Soltero,Bachiller,Pensionado,9639000.0,758,0,2023-04-26,Bancaseguros
CLI-02642,Alejandro Torres,1482935278,F,40,Bogotá,3,Divorciado,Técnico,Empresario,12793000.0,604,1,01/02/2023,Agencia
CLI-04439,Silvio Ospina Garzón,15587548,masc,18,Pereira,2,Unión libre,Técnico,Independiente,1229000.0,515,1,2021-01-25,Web
CLI-04579,Marcela Rivas Maldonado,133035758,F,18,Cartagena  ,6,DIVORCIADO,Profesional, Independiente ,13715000.0,840,1,2024-02-04,Bancaseguros
CLI-04576,María Romero,1798869857,M,51,Manizales,2,Casado,Profesional,Empleado,3715000.0,599,1,2018-03-29,Asesor comercial
CLI-02039,Carlos Jorge Cano Miranda,662057988,F,40,Cali  ,2,Unión libre,Bachiller,Empleado,2073000.0,613,2,2019-06-26,Bancaseguros
CLI-05071,Sofía Patiño Morales,1878297213,M,75,Cali,3,Casado,Profesional,Pensionado,2453000.0,679,1,10/06/2021,CORREDOR
CLI-00669,Lucía Marina Posada,767788656,M,52,Bogotá,3,soltero, Técnico ,Pensionado,3327000.0,773,1,12/07/2022,CORREDOR
CLI-03508,Esmeralda Elvira Torres Ortiz,1467873237,F,40,Bucaramanga,2,Casado,Profesional,Empleado,2295000.0,551,2,25/11/2024,Web
CLI-01135,Andrés Rojas,1635101879,F,57,bogotá,4,Casado,Bachiller,Pensionado,3020000.0,597,3,2017/09/21,Web
CLI-01547,Jose Juan Navarro Patino,975174644,MASCULINO,46,BOGOTA,1,Unión libre,Bachiller,Empresario,998000.0,624,2,05/12/2018,Asesor comercial
CLI-04216,Javier Manuel Medina,22641132,M,19,Bogotá,6,CASADO,Profesional,Independiente,12709000.0,679,0,2024/11/19,Web
CLI-01388,Steven López,392526514,M,42,CARTAGENA,1,  Soltero,Profesional,Empleado,2101000.0,444,0,07/10/2017,Asesor comercial
CLI-03443,Carlos Castellanos,1743767905,M,46,Pereira,2,Casado,Posgrado,Empresario,3302000.0,639,0,19/10/2018,Bancaseguros
CLI-03295,Germán Santiago Ojeda,1484920792,F,35,Cali,2,Divorciado,Bachiller,Independiente,1369000.0,525,3,13/12/2017,Web
CLI-02793,Fredy José Pineda Pérez,1671636587,F,,Bogotá,6,Soltero, Posgrado ,Independiente,20065000.0,745,1,2022/08/09,Corredor
CLI-03472,Milena Benítez Duarte,527346870,m,42,bogotá,3,Casado,Profesional,Empleado  ,4030000.0,716,1,11/09/2024,  Asesor comercial
CLI-04525,Andrea Patricia Rincón,1826786269,F,50,Cali,4,Viudo,Técnico,Independiente,5579000.0,,2,08/06/2019,Agencia
CLI-01556,andrés antonio moreno,632716298,F,35,Santa Marta,3,Unión libre,técnico,Independiente,2272000.0,611,1,2022/11/15,Bancaseguros
CLI-01616,Nubia Niño Vera,1463357571,M,25,Cali,4,casado,Posgrado,Empleado,4911000.0,583,3,2021-07-16,Corredor
CLI-03856,Robinson José Olaya Ortiz,1896312799,M,28,Medellín,1,Unión libre,Posgrado,Empleado,2778000.0,684,2,2023/11/30,Bancaseguros
CLI-01327,Yesenia Lozano,1365394036,M,23,Bucaramanga  ,1,Unión  libre,Técnico,Empleado,1388000.0,469,3,2024-12-04,Bancaseguros
CLI-00686,Andrea Cifuentes,134236446,M,33,Bogota DC,2,Soltero,Bachiller,Empresario,6511000.0,759,0,2024-05-03,Asesor comercial
CLI-01446,Diana Vanesa García,1167451322,F,55,Bogotá,3,Soltero,Técnico,Empleado,2639000.0,695,2,01/04/2023,Asesor comercial
CLI-05146,Patricia González Cárdenas  ,1409482322,F,29,Cartagena,2,Soltero,Posgrado,Empleado,1242000.0,597,1,2019/01/21,Web
CLI-03991,Luis Antonio Rodríguez Hoyos,1468836126,F,61,Manizales,2,Unión libre,  Posgrado,Pensionado,1739000.0,505,1,2018-02-02,Asesor comercial
CLI-00661,Maricela Saavedra,398194397,M,50,Bogotá  ,6,Casado,Técnico,Empleado,13592000.0,684,1,2017-09-25,Corredor
CLI-01034,Víctor Portilla Buitrago,592677912,F,37,Bogotá,3,Soltero,Profesional,empleado,2071000.0,587,2,2019-08-28,Web
CLI-05180,Lorena Alejandra Contreras,1076731726, F ,39, Bogotá ,1,Unión libre,Técnico,Empleado,1806000.0,,1,2017/11/21,Web
CLI-02566,Antonio Brayan Morales,1774911237,M,24,Bucaramanga,3,CASADO,Profesional,Independiente,4563000.0,723,1,2020-07-02,Bancaseguros
CLI-03689,Dolly Elsa Ramírez Silva,731591460,F,45,  Bogotá,3,Soltero,Técnico,Empleado,3265000.0,589,2,22/11/2017,ASESOR COMERCIAL
CLI-04867,Pablo Santos,720375284,M,28,Bogotá,2,Unión libre, Profesional ,Pensionado,1844000.0,598,2,2018/08/06,Asesor comercial
CLI-03019,Milena Alfonso,1121019072,M,33,Bogotá,2,Casado,Técnico,Empresario,4829000.0,639,1,2023-09-21,AGENCIA
CLI-01559,José Pablo Salazar,463947026,F,39,Bogotá,2,Viudo,Posgrado,Empleado,2787000.0,695,5,2024/09/18,Asesor comercial
CLI-02894,JHON REYES MARTÍNEZ,1644794904,F,42,Bogotá,5,Soltero,Bachiller,Empleado,10284000.0,641,0,2018-03-13,Web
CLI-01390,Tatiana Pilar Torres,441253627,M,50,  Cali,3,Soltero,Bachiller,Independiente,3158000.0,621,0,12/05/2018,Web
CLI-04388,Liseth Yaneth Londoño Burgos,1211283127,masc,22,  Bogotá,3,  Soltero,BACHILLER,Independiente,5578000.0,529,2,2024-09-05,Agencia
CLI-05019,Johana Vásquez,1276801647,F,42,Cali,4,Casado,Bachiller,Empresario,4389000.0,718,5,2023-09-06,Web
CLI-03514,Hugo Vergara,576563657,fem,31,Medellín,5,Soltero,Bachiller,Empleado,10291000.0,678,2,30/11/2023, Asesor comercial 
CLI-04483,Paula Yury Mendoza,312916576,F,18,Bogotá,5,Casado  ,Técnico,Empleado,3824000.0,656,0,08/04/2019,Web
CLI-02137,Andrés Alejandro Garzón Padilla,280201607,M,36,Bogotá,4,Soltero,Profesional,Empleado,6327000.0,695,4,2018-10-06,Agencia
CLI-04796,Margarita Suárez,1828500942,M,50,Cali,2,Soltero,Profesional,Empleado,2193000.0,622,0,2022/11/09,Corredor
CLI-04195,Orlando Duarte Rodríguez,659933765,M,38, Barranquilla ,2,UNION LIBRE,Bachiller,Empleado,1545000.0,511,2,2018-10-06,Bancaseguros
CLI-00344,Shirley Martínez Ramos,1269765890,F,53,Bogotá,2,Casado,Bachiller,Empleado,2087000.0,582,1,2022-01-25,Web
CLI-03915,PATRICIA MARIA GIL CARDOZO,627542015,M,18,Bogota,4,unión libre,Bachiller,Empleado,8731000.0,767,0,21/08/2020,Bancaseguros
CLI-01145,José Gómez Gutiérrez,395503569,M,37,BUCARAMANGA,5, Casado ,Posgrado,Empresario,9229000.0,743,0,2020-06-24,Bancaseguros  
CLI-01870,Juliana Ingrid Mercado Garzon,725776282,F,66,Bucaramanga,2,Unión libre,Profesional,Independiente,1716000.0,589,2,26/11/2024,Web
CLI-00497,  Myriam Mantilla,918020650,M,49,Cali,3,Casado,Bachiller,Independiente,3225000.0,655,2,19/09/2024,Corredor
CLI-04911,José Zambrano Loaiza,289811854,M,45,Cartagena,2,Unión libre,Técnico,Empleado,3231000.0,578,4,02/09/2022, Asesor comercial 
CLI-01826,Alejandro José Bautista Betancur,698530070,M,31,Medellín,2,Casado,Técnico,Independiente,1901000.0,536,3,04/03/2022,Corredor
CLI-05086,Rosa Diana Beltrán Hernández,442405231,M,40,,6,Casado,PROFESIONAL,Empleado,,746,1,2021-03-02,WEB
CLI-00707,Arley Benavides,1084715132,F,34,Bogotá,2,Casado,Bachiller,Empleado,1598000.0,644,1,2020-10-16,Asesor comercial
CLI-01548, Esther Hernández Becerra ,1058342022,F,32, Manizales ,2,Soltero,BACHILLER,EMPLEADO,2464000.0,648,0,2023-05-27,Corredor
CLI-04126,Antonio Orlando Sánchez  ,1442875373,masc,37,Cúcuta,2,DIVORCIADO,Técnico,empleado,4341000.0,639,0,12/01/2019,Asesor comercial
CLI-00008,Luis Eduardo Mosquera  ,335455072,F,120,Barranquilla,3,Casado,Posgrado,Independiente,3412000.0,623,0,2017/03/09,Web
CLI-01876,Jhonatan Jhon Suárez Campo,322715712,F,53,  Medellín,2,Divorciado,Profesional,Empleado,2549000.0,633,2,2019-11-30,Bancaseguros
CLI-02791,Valentina Blanca Herrera,38550083,F,31,Cali,3,Casado,Bachiller,Empresario,4223000.0,682,0,17/08/2023,Asesor  comercial
CLI-01519,Marina Yepes Díaz,923671279,M,34,Bucaramanga,2,Soltero,Técnico,Empleado,2682000.0,530,1,09/04/2018,Bancaseguros
CLI-03681,Camilo Castro,1721189880,F,57,Cali,3,Soltero,PROFESIONAL,Empleado,4427000.0,768,0,08/03/2021,Asesor comercial
CLI-04172,Jesús Francisco Páez López,1312454533,fem,58,Bogotá,4,Casado,Bachiller,Empleado,4889000.0,688,1,2018-07-01, Asesor comercial 
CLI-01060,sandra muñoz,1394167390,F,27,Cali,1,Casado,Profesional,Empleado,1653000.0,611,0,2017-03-10,Asesor comercial
CLI-02474,Fabio Nel Montes,1642172161,F,45,bogotá,2,Soltero,Profesional,  Empleado,2706000.0,613,0,2021-01-08, Corredor 
CLI-02186,María Vargas Chávez,64569082,M,56,Cartagena,1,Soltero,Técnico,Independiente,2100000.0,705,1,2022-10-29,Asesor comercial
CLI-00414,  Ana Guerrero,1544670642,FEM,38,medellín,2,Divorciado,Profesional,Pensionado,1171000.0,,3,INVALID_DATE,Bancaseguros
CLI-01520,Nel Alejandro Molina,597369523,M,38,Cali,1,Casado,Profesional,empleado,1666000.0,533,1,2020/07/02,  Web
CLI-03044,Juan Jesús Díaz,891381981,M,44,Medellín,2,Casado,Bachiller,Empresario,$5.733.000,580,1,2017-04-11,Bancaseguros
CLI-01786,Socorro Patricia Ríos Pérez,890311591,F,61,Medellin,3,Soltero,Profesional,Pensionado,3951000.0,738,2,2023/02/02,Agencia
CLI-00852,LAURA BURBANO MOLINA,1390390384,M,49, Medellín ,4,Casado,Posgrado,Empleado,12159000.0,698,2,2023-06-10,ASESOR COMERCIAL
CLI-04909,Milena Vilma Guerra Moreno,255598422,F,53,Bogotá,4,Casado,Bachiller,PENSIONADO,4648000.0,575,1,2019/05/07,Agencia
CLI-04505,Andrés Nicolás Camargo,1677030471,M,27,Cartagena,5,Divorciado,Profesional,Empleado,13206000.0,662,0,2019-03-25,Agencia
CLI-02064,Leonardo Estiven Torres Fernández,1628665223,M,23,Bucaramanga,6,Unión libre,Técnico,Independiente,,722,1,2023-05-19,Corredor
CLI-02437,Julián Méndez,1001315541,fem,43,BOGOTÁ,4,Unión libre,Profesional, Independiente ,,675,1,2020/10/26,Asesor comercial
CLI-01508,Diana Gómez,1127442584,M,39,medellín,3,Casado,Bachiller,Pensionado,3201000.0,553,2,09/06/2018,Agencia
CLI-04652,Lucía Olga García Hernández,788073945,F,25,Barranquilla,2,Casado,Técnico,EMPLEADO,1827000.0,510,1,,Web
CLI-02279,Freddy Cristian Camacho Muñoz,191445589,F,28,Cali,4,  Casado,Bachiller,empresario,13437000.0,686,1,2022-08-02,Asesor comercial
CLI-01680,Henry Daniel Arévalo Herrera,26929175,F,35,Bucaramanga,1,Viudo,Bachiller,Independiente,1759000.0,658,0,2024-03-12,Web
CLI-03355,Lucía Nora Fajardo Ospina,1012012186,F,44,Cali,2,Soltero  ,Posgrado,Independiente,2834000.0,589,1,2022-05-16,Web
CLI-03643,Libia  Vanegas,1276520613,F,42,Pereira,3,Viudo,Bachiller,INDEPENDIENTE,3638000.0,685,0,2022-08-21,Web
CLI-00810,Alejandro Rivera,338694306,F,46,Manizales,1,Unión libre,  Bachiller,Empleado,1653000.0,642,2,11/06/2022,  Asesor comercial
CLI-00061,Manuela María García,1301211089,F,47,Cartagena,1,Casado,Profesional,Empleado,2563000.0,656,1,2021/01/11,Agencia
CLI-04259,María Aura Gómez,1304544392,F,18,Cúcuta,3,Viudo, Profesional , Empleado ,3788000.0,585,2,2021-05-16,Corredor
CLI-05051,Alexander Hernández,677425468,M,50,Bogotá,1,Soltero,Profesional,Empleado,1371000.0,579,1,13/09/2024,Corredor
CLI-00988,  Mabel Sánchez,1094134704,M,62,BOGOTÁ,3,casado,Bachiller,Pensionado,3615000.0,574,0,2021-03-13,Agencia
CLI-01955,María Liliana Jiménez,835746259,F,,Cali,3,Divorciado,Profesional,Pensionado,6130000.0,704,1,2019/04/26,Bancaseguros
CLI-00859,Maira Paula Cruz,371986010,M,26,Cali,3,Unión libre,Bachiller,Empresario,6304000.0,704,1,13/04/2020,  Bancaseguros
CLI-03982,José Luis Rodríguez Ramírez,1111966797,M,39,Cúcuta,3,Unión libre,Profesional,Empleado,4619000.0,,0,2021/05/24,Asesor comercial
CLI-01629,Rosa Flor Cruz Rodríguez,1336163429,M,41,Bogotá,2,Casado,  Profesional,Pensionado,$2.094.000,634,2,2020-01-13,Web
CLI-01747,Inés Rosa Silva Fernández,515709499,F,55,Medellín,2,Unión libre,Profesional,Independiente,2466000.0,534,0,2017-10-23,Corredor
CLI-03262,Elisa Monroy,271553026,F,21,SANTA MARTA,3,Divorciado,Posgrado,Independiente,3625000.0,593,3,2018-08-29,Asesor comercial
CLI-02096,Ricardo Triana,1280363948,M,37,Cartagena,3,Casado,Bachiller,Independiente,3360000.0,685,1,2020-08-30,Agencia
CLI-02095,Mónica Judith Leal,1775775342,F,40,Bogotá,4,  Casado,Profesional,Empleado,4502000.0,638,0,2024-12-10,Web
CLI-03309,ANTONIO LUIS VARGAS SERRANO,1471302207,F  ,45,Medellín,1,Unión libre,Bachiller,Empleado,3672000.0,585,0,2017-08-09,Asesor comercial  
CLI-01738,Alveiro González Martínez,890412981,M,44,BOGOTÁ,3,Soltero,Bachiller,Empleado,3156000.0,711,2,2024-09-15,asesor comercial
CLI-01027,Javier Nicolás Torres,1481518742,F,64,Cali,1,CASADO,Técnico,Empleado,1431000.0,540,1,12/03/2020,Agencia
CLI-02412,ÁLVARO MUÑOZ,1254490938,F,,Cali  ,1,Casado,Profesional,Pensionado,1150000.0,523,2,2017-02-27,Agencia  
CLI-00124,Alirio Posada Guerrero,825060375,M,44,Santa Marta,1,Casado,Técnico,Empleado,1433000.0,561,1,09/11/2018,Agencia
CLI-01110,Paola Marina Rodríguez,1549430380,M,44,Barranquilla,3,Unión libre,Bachiller,Independiente  ,2304000.0,522,0,2021/08/21,  Corredor
CLI-04144,Elizabeth Myriam Serna,260131213,M,36,Cali,6, Unión libre , Profesional ,,16925000.0,823,0,2018/12/26,Agencia
CLI-04995,María Andrea López Salazar,284112819,F,43,Bogotá,4,Casado,POSGRADO,Empleado,4890000.0,577,3,25/03/2019,Asesor comercial  
CLI-02714,Juan Hernández,1187059474,M,35,Barranquilla,3,Divorciado,Profesional,EMPLEADO,$4.952.000,626,2,2017/04/10,Web
CLI-03775,Arnulfo Giovanni Bejarano Ospina,378715092,F,47,,6,Casado,Técnico  ,Independiente,21497000.0,798,1,2018/06/26,Bancaseguros
CLI-02082,Fernando Bernal,618835882,M,43,Cúcuta,4,Soltero,Técnico,,6574000.0,846,1,2023-08-13,Agencia
CLI-03533,Alberto Díaz Henao  ,1671536349,Masculino,29,MANIZALES,3,Casado  ,Posgrado,Empleado,2365000.0,510,0,10/06/2023,Agencia
CLI-04532,Lucía Sepúlveda,1297122398,M,61,Pereira,5,SOLTERO,Técnico,empleado,8552000.0,600,2,2018-11-26,Asesor comercial
CLI-01836,LORENA RESTREPO,1117446153,M,50,Medellín,1,Soltero,Profesional,Independiente,2293000.0,507,2,2019/10/06,Web
CLI-02340,Guillermo Augusto Correa,436672396,M,38,Cali,4,Casado,Profesional,Empleado,5258000.0,706,3,2018-07-27,Agencia  
CLI-04061,Enrique Fernando Álvarez,92380570,F,40,Cartagena,4,Soltero,Profesional,Empleado,5299000.0,647,0,2022-09-08,CORREDOR
CLI-01578,Armando Muñoz,502580004,  F,46,Bogotá,2,Soltero,Técnico,Independiente,1886000.0,553,2,30/03/2021,Web  
CLI-03260,Jairo Orlando Rosero Soto,178112134,M,56,Cali,3,Casado,Bachiller,Independiente,3446000.0,685,1,2017-04-14,Bancaseguros
CLI-01393,Gerardo Yesid Cabrera,542351280,M,60,Cúcuta,1, Unión libre ,Posgrado,Independiente,,517,1,2018/09/30,Agencia
CLI-00929,yecid yeison bejarano rodríguez,263609571,  fem,48,  Barranquilla,4,Soltero,Profesional,Empleado,3650000.0,668,1,2024-02-01,Asesor comercial
CLI-01400,Edgar Alberto Bedoya Guzmán,1487580703,M,40,Medellín (Antioquia),4,Casado,Técnico,Independiente,2621000.0,,0,2023-12-26,Agencia
CLI-03989,Myriam Rosero,731032978,F,53,Santiago de Cali,2,SOLTERO,Bachiller,Empleado,,558,0,2022-05-01,Corredor
CLI-03451,Robinson Bryan Muñoz,712566074,F,73,Cartagena,4,UNION LIBRE,Técnico,pensionado,6861000.0,622,2,2020/07/04,Asesor comercial  
CLI-03602,Mauricio Alejandro Londono,1594678670,M,23,Bogotá  ,3,Soltero,Bachiller,Empleado,5238000.0,671,0,05/08/2019,Web
CLI-02169,Martha Lozano Jiménez,95195510,M,47,,4,UNION LIBRE,Bachiller,Empresario,8513000.0,662,1,2019-08-18,Asesor comercial
CLI-05026,Natalia Isabel Ríos Caro,117968981,F,38,Bogota DC,6,Soltero,Posgrado,Empleado,15105000.0,607,2,12/02/2023,Web
CLI-02923,David Narváez,1447612023,M,44,Medellín,3,SOLTERO,Profesional,Independiente,5547000.0,807,1,04/10/2023,Asesor comercial
CLI-02471,Dario Néstor Martínez,309540766,M,38,Medellín,5,Soltero,Profesional,Empleado,17089000.0,673,3,26/12/2020,Bancaseguros
CLI-01668,Myriam Mariana Ávila,1041495586,M,48,Bogota,3,Casado  ,Posgrado,Independiente,5309000.0,728,1,2018-07-30,Web
CLI-02441,Miguel Barreto Rodríguez,533559487,F,39,Bogotá,4,Unión libre,Bachiller, Empleado ,6689000.0,739,0,18/12/2018,Agencia  
CLI-03471,EVA RODRIGUEZ DIAZ,960737210,M,69,Bucaramanga,5,Viudo,Profesional,Empleado,9486000.0,620,2,2019-10-08,Corredor
CLI-00681,Paola Ortega,776302072,M,39,bucaramanga,5,Soltero,Bachiller,Empleado,10228000.0,720,1,2021-12-25,Asesor comercial
CLI-00232,Sergio Torres,1778654271,M,59, Bogotá ,2,Soltero,Posgrado,Empleado,1410000.0,661,1,2024/07/30,Asesor comercial
CLI-02542,Marina Correa,1124037704,M,38,Manizales,4,Casado,Técnico,Empleado,5488000.0,734,0,2024-07-02,Agencia
CLI-02982,Luis Correa,1823168475,M,61,Bogotá,3,Unión libre,Técnico,pensionado,4166000.0,721,0,21/12/2017,Agencia
CLI-01101,María Guevara García,796199673,M,41,Cartagena,2,Casado,Profesional,Empleado,,686,1,2023-08-26,web
CLI-03497,Luis Pardo Quintero,480414491,F,28,Medellin  ,5,Unión libre,Posgrado,Estudiante,5126000.0,578,0,2023/03/20,Agencia
CLI-05046,Luz Rosa Camargo Hernández,1019803323,F,31,Cartagena,6,Viudo,Bachiller,Pensionado,15530000.0,666,5,2021-09-28,Asesor comercial
CLI-01835, Diego Garzón Peña ,1721685607,M,33,Bogotá,1,Divorciado,Profesional,Empleado,1056000.0,499,0,2021-12-30,Corredor
CLI-03698,María  Díaz,1391319985,M,19,Barranquilla,2,Casado,Posgrado  ,Independiente,2766000.0,587,2,2018-03-12,Bancaseguros
CLI-00277,Eduardo Sánchez,1615641929,M,30,Bogota,6,Casado,Técnico,Empleado,13276000.0,738,0,2022/08/25,Agencia
CLI-04594,Jhon Augusto Salazar Méndez,366723461,M,26,Cúcuta,2,Divorciado,Bachiller,Empleado,2016000.0,557,3,2020-12-06,Corredor
CLI-03802,Gustavo Diego Rico Moreno,302881650,M,35,Barranquilla,6, Unión libre ,Profesional,Empleado,19703000.0,812,2,2020-07-24,Corredor
CLI-03895,Rocío  Yulieth  Camacho,536840387,F,24,  Bogotá,2,viudo,Profesional,Empresario,4076000.0,578,0,2022-01-01,Asesor comercial
CLI-01130,Andrés Torres,727685508,fem,59,Pereira,2,Casado,Técnico  ,Pensionado,$1.517.000,611,0,2023/02/27,Web
CLI-03329,Inés Katherin Arias Ortiz,106385970,F,51,PEREIRA,2,Casado,Profesional,Independiente,0.0,588,1,22/12/2020,Web
CLI-01707,Lilia Quintero,71814504,M,61,Bogotá,3,Soltero,Técnico, Pensionado ,3052000.0,652,0,2022-03-27,Agencia
CLI-04989,  Ruby Janeth Hernández Padilla,179565891,F,50,bogotá d.c.,5,SOLTERO,Bachiller,Empleado,10149000.0,709,2,11/11/2017,Agencia
CLI-00990,Melissa Padilla,644733951,Femenino,49,BOGOTA,3,Unión libre,PROFESIONAL,Empleado,3658000.0,657,0,10/11/2018,Corredor
CLI-03211,Sonia Angie Guerra Vargas,603783848,M,51,Cali  ,5,Casado, Técnico ,Pensionado,6957000.0,766,2,30/03/2019,Corredor
CLI-01542,  Vanessa Beatriz Rincón,700083364,M,55,BUCARAMANGA,2,Unión libre,Bachiller,Independiente,1514000.0,555,2,05/02/2022,Agencia
CLI-05048,antonio lópez espitia,951504078,F,20,cali,1,Unión libre,Bachiller,Empleado,1425000.0,544,1,2023-06-28,Agencia
CLI-00006,Lizeth Pérez,1857347509,F,42,Medellín,2,Divorciado,Bachiller,Pensionado,5070000.0,659,0,2023-06-03,  Agencia
CLI-04205,Sergio Álvaro Castillo,946916623, F ,23,Bogotá,1,UNION LIBRE,Bachiller,Empresario,3458000.0,671,3,2021-08-09,Web
CLI-04161,Leidy Nelsy Durán,1041311696,F,50,Pereira,1,Unión libre  ,Profesional,Empleado,0.0,680,0,2024-05-01,Web
CLI-00541,Andrés Olaya Cruz,1313916676,F,40,,1,Soltero, Profesional ,Empleado,1462000.0,421,3,04/12/2017,Asesor comercial
CLI-03420,GERMÁN GUZMÁN PARRA,566656566,F,54, Cúcuta ,3,Soltero,Profesional,Independiente,3502000.0,602,0,05/12/2023,Web
CLI-00799,Yuliana Carmen Cruz Prada,1134193001,F,55,Barranquilla,3,Viudo,Bachiller,Empleado,$2.823.000,658,0,2017-01-02,Bancaseguros
CLI-00855,Jorge Gómez Zapata,1042507993,masc,32,Bogotá  ,5,Viudo,profesional,Empleado,11143000.0,649,1,2021-07-21,Agencia
CLI-00367,José Alberto Mercado Rivas,1059225807,F,40,Cali,2,Casado,Profesional,Independiente,$1.857.000,580,0,2017/08/08,Web
CLI-04500,Nicolás Pérez,1390731983,F,49,Medellin,5,Unión libre,Profesional,Independiente,5433000.0,562,1,2024-11-20,Asesor comercial
CLI-04776,Patricia Castillo,296764363,M,34,,4,Casado,Profesional,Empleado,9046000.0,708,0,2021-10-10,Bancaseguros
CLI-01333,Teresa Jiménez,949208896,F,33, Medellín ,3,Soltero,Técnico, Independiente ,4413000.0,609,0,2017-10-04,Bancaseguros
CLI-00548,Andrea Gaitán,422924069,M,35,medellín,2,Unión libre, Profesional ,  Pensionado,$2.780.000,522,3,13/07/2019,Agencia
CLI-04934,José Raúl Carrillo Mosquera,756655107,Masculino,52,Bogotá,3,Divorciado,Profesional,empresario,10566000.0,793,1,18/10/2022, Asesor comercial 
CLI-00237,Juan Hernández Montoya,1834841109,M,39,Pereira,3,Casado, Bachiller ,Empleado,1688000.0,583,2,2020/10/31,Corredor
CLI-01695,David Andrés Rodríguez Escobar,15781231,F,68,Medellín,3,Soltero,Técnico,pensionado,2275000.0,632,1,22/05/2024,Agencia
CLI-04425,Nelcy Nubia Maldonado Benavides,1304454439,F,31,Cartagena,1,Soltero,Técnico,Independiente,2156000.0,575,0,2022-10-30,Asesor comercial
CLI-03714,David Willian Osorio,1778742118,F,21,Bogotá,1,Casado,Técnico,Pensionado,867000.0,572,4,2020-11-09,Asesor comercial
CLI-04071,Rubén Jiménez,592144841,M,29,Cúcuta,2,  Unión libre,  Bachiller,Estudiante,758000.0,661,0,2020-01-16,Web
CLI-01131,María Magda Hoyos,948597815,F,31,Medellín,4,Casado,Bachiller,Empresario,8347000.0,547,2,06/02/2017,Corredor
CLI-03781,Sandra Orjuela,1326642544,M,53,  Manizales,5,Soltero  ,Técnico, Empleado ,10987000.0,903,1,,Asesor comercial
CLI-00072,Astrid Ana Castro,1515168484,masc,41,Cartagena de Indias,5,Casado,Bachiller,Pensionado,8427000.0,9999,1,2023-03-30,Asesor comercial
CLI-00638,José Cristhian Sánchez Cruz,1409818102,F,21,Pereira,2,Unión libre,Técnico  ,Empleado,,487,3,2024/10/08,Corredor
CLI-02033,Alicia Luz Morales Márquez,933678031,M,48,Cali,5,Casado,Posgrado,Pensionado,11662000.0,794,2,2024-06-22,Web
CLI-03953,Ángel Jhon Castellanos,621939934,F,50,Bogotá,5,Soltero,Técnico,Independiente,$7.862.000,642,3,2019-11-23,Bancaseguros
CLI-00373,manuel ernesto ortiz garcía,50658867,M,43,Pereira,2,Unión libre,Bachiller,Empleado,1861000.0,672,5,09/07/2018,Agencia
CLI-03109,Elisa Mery Gómez,667316327,M,25,Cúcuta,3,  Soltero,Bachiller,Empleado,3990000.0,621,1,2017-10-01,Agencia
CLI-05101,Jairo Camilo Prada,1070148861,F,35,Cúcuta  ,3,Soltero,Profesional,Independiente,4242000.0,677,1,13/05/2021,Asesor comercial
CLI-01976,Uriel Ballesteros Manrique,551987819,m,48,Cúcuta,5,Soltero,bachiller,Empleado,7032000.0,717,5,,Corredor
CLI-01660,  Ernesto Alfredo Vásquez,1321660374,  M,64, Medellín ,3,Soltero,Profesional,Empresario,5461000.0,660,0,2017/04/19,Agencia
CLI-03596,Claudia Barrios,50134076,F,61,Bogotá,2,Soltero,Profesional,,1915000.0,716,0,2023/04/09,Bancaseguros
CLI-03944,José Velásquez,413731190,F,46,Bogotá,3,Soltero,Técnico,Independiente,1816000.0,546,0,2017/08/31,Web
CLI-00838,María María Ardila Torres,367054303,F,48,Cúcuta,3,Unión libre,Profesional,Independiente,,790,2,21/08/2017,Bancaseguros
CLI-00808,Karen Rodríguez Muñoz,1295249198,M,,BOGOTÁ,1,Unión libre,Profesional,Empleado,2477000.0,614,2,22/08/2017,Bancaseguros
CLI-04895,César Alvarado,1005039803,f,55,Bogotá,2, Unión libre ,Bachiller,Empleado,1131000.0,339,1,2021-11-06,Corredor
CLI-00747,Robinson Fuentes Ospina,367754391,masc,38,Cali,3,Soltero,Profesional,Independiente,1962000.0,504,2,2021-05-26,Agencia
CLI-00405,Luis Suárez,1576586553,F,34,Bogotá,3,Soltero,Profesional,Empleado,2345000.0,624,0,17/02/2018,Bancaseguros
CLI-04732,Yecid Bernal Peña,434300035,F,44,Bogotá,3,  Casado,Profesional,Empresario,3516000.0,677,2,27/08/2021,Web
CLI-02577,Magnolia Hernández Gaviria,476612140,F,40,  Bogotá,2,Soltero,Profesional,Empleado,2148000.0,635,1,2022-02-06,Corredor
CLI-04055,Luz García Ortiz,1503466234,F,30,Medellín,1,Casado,Técnico,Empleado,1992000.0,509,1,2020/04/17,Corredor  
CLI-01753,Karen Adriana González,611076217,F,23,Bta,3,SOLTERO,Profesional,Empleado,3319000.0,553,0,2021-07-24,Asesor comercial
CLI-04888,Johan Óscar Muñoz,1796210874,F,40,Bogotá,2,Unión libre,Profesional,Independiente,1485000.0,564,1,2020-06-20,Agencia
CLI-01569,Alfonso Suárez,1587912742,M,41,Bogotá,2,Soltero,Técnico,Independiente,1760000.0,770,1,2017/12/03,Bancaseguros
CLI-04184,Aurora León Murcia,969271765,F,48,bogotá,2,Unión libre,Bachiller,Empleado,1882000.0,527,1,2024/07/04,Asesor comercial
CLI-02408,María María Duarte,446203688,M,36,Bogotá,2,casado,TECNICO,Empleado,4294000.0,534,0,2018-12-18,Agencia
CLI-02551,Ángel José Moreno,486223854,F,19,Barranquilla,1,  Casado,Técnico,Empleado,1467000.0,667,0,11/01/2019,Asesor comercial
CLI-02971,María Adriana Sánchez,1773956188,M,28,Bogotá,2,Unión libre,Profesional,Independiente,1331000.0,535,1,2021-02-02,Corredor
CLI-00721,Daniel Sánchez,1439805074,F,44,Cartagena,2, Unión libre ,Profesional,Empresario,6069000.0,501,1,2020-04-23,WEB
CLI-01518,Magda Manuela Ortega Benavides,31654901,F,33,Cali,3,Casado,Técnico,Empleado,6378000.0,656,2,2023-06-27,Web
CLI-04611,Jairo Londoño Cortés,93965987,F,18,Cartagena,1,Unión libre,Bachiller,Empleado,3284000.0,727,2,30/05/2020,Web
CLI-01430,HERNAN CARLOS CRUZ JARAMILLO,882751946,M,34,,2,Casado,Profesional,Independiente,2585000.0,534,2,2021-12-21,Bancaseguros
CLI-02603,Luis Rueda Guzmán,944409516,Masculino,31,Medellín,4,Divorciado,Profesional,Empleado,3687000.0,722,0,2020-06-09,Agencia  
CLI-02311,María Sánchez,622516615,F,44,  Medellín,2,Soltero,Bachiller,Empleado,3646000.0,674,0,2017-07-26,Agencia
CLI-01295,Diego Camilo Beltrán Vásquez,496681418,M,69, Medellín ,4,Divorciado,bachiller,Empleado,9947000.0,767,3,,Asesor comercial
CLI-00512,LEONOR ORTEGA GAITAN,486770355,F,39,Bogotá,4,Soltero,Técnico,Pensionado,7816000.0,643,2,2017/12/23,Agencia
CLI-00689,José Alberto Londoño Suárez,399812031,F,43,Cartagena,4,Casado,  Bachiller,Independiente  ,6001000.0,640,1,19/06/2021,Asesor comercial
CLI-01279,Sandra Carolina Ruiz,1814987258,F,39,,2,Casado,Profesional,Empleado,1827000.0,648,3,2024-10-06,Asesor comercial
CLI-02508,Óscar Andrés Moreno,207316938,F,56,Medellín,2,Casado,Profesional,Empleado,2257000.0,815,3,2022-01-22,ASESOR COMERCIAL
CLI-00321,Mariana Yuliana Riascos,69640891,F,56,Cartagena  ,6,Casado,Profesional,Empleado,8941000.0,773,3,2019/12/11,Web
CLI-02258,Antonio Felipe Muñoz Pardo,1825393926,F,39,BOGOTÁ,6,Soltero,Profesional,Empleado,10999000.0,730,0,2022/08/08,Corredor
CLI-03620,ROSA MYRIAM OCHOA PALACIO,205040113,F,56,Cartagena,4,CASADO,Profesional,Independiente,4773000.0,696,0,2020/08/11,Asesor comercial
CLI-01290,Kevin  Alex  Cárdenas,1218062266,F,63,PEREIRA,2,Unión libre, Profesional , Empresario ,4677000.0,742,3,2024-11-24,Agencia
CLI-01546,Liliana Cecilia Rivera,370500461,M,59,Medellín,3,Soltero,  Profesional,Empresario,4640000.0,793,1,2021-09-26,Web
CLI-03735,Brayan Córdoba Rivera,1848126953,M,65,Cúcuta,3,Casado,Profesional,pensionado,2562000.0,613,4,2023-07-30,Corredor
CLI-01178,Carmen Martínez,203316987,M,44,Cali,6,Unión libre,Profesional,Empleado,17319000.0,730,2,2021/10/18,Agencia
CLI-02586,Martha Esther Martínez,1578150194,M,120,Bucaramanga,4,Soltero,Técnico,Empresario,11562000.0,676,0,31/03/2020,Asesor  comercial
CLI-01082,Cristian Henao Álvarez,1644834796,F,28,Bogotá,3,Viudo,Bachiller,Empleado,3342000.0,499,4,15/02/2021,WEB
CLI-04484,  Andrés Ortiz,1054676517,M,43,Cartagena,4,Casado,Profesional,Independiente,6585000.0,850,3,2021-01-07,Asesor comercial
CLI-00294,Gladys Ortiz,143833537,M,51,Barranquilla,2,Soltero,Profesional,Empleado,1887000.0,628,1,2024-11-18,Asesor comercial
CLI-03579,Óscar Ramírez,1510293211,F  ,43,cúcuta,2,Divorciado,Profesional,Empleado,1495000.0,571,0,14/09/2024,Bancaseguros
CLI-02654,Rafael Edinson Ángel García,1645508,F,37,Medellín,3,Soltero,Profesional,INDEPENDIENTE,2145000.0,609,3,2022-09-18,Agencia
CLI-00390,Wilfrido Anderson Bolaños Ospino,983245200,F,51,Cúcuta,5,Soltero,Técnico,Empleado,8467000.0,608,1,11/01/2020,Web
CLI-05120,DANIELA MARÍA SANDOVAL MARTÍNEZ,730487650,F,52,Medellín,6,Casado,BACHILLER,Empleado,1562700000.0,663,2,2019-12-19,Corredor
CLI-03854,Rosa Rivas Figueroa,4734040,M,53,Bogotá,3,Viudo,bachiller,Empleado,2821000.0,577,1,20/03/2020,Asesor comercial
CLI-03777,Andrés Ramírez,1774808515,Femenino,34,Bogotá,1, Unión libre ,Profesional,Empleado,2096000.0,630,0,2024-09-26,Bancaseguros
CLI-01748, Freddy Orozco Acevedo ,110158383,F,45,Bogotá,2,Soltero,Tecnico,Empresario,4821000.0,812,2,2023-05-01,Bancaseguros
CLI-00673,Esther Romero Delgado,522205917,F,39,B/quilla,3,Soltero,Técnico,Empleado,3313000.0,674,1,15/09/2023,Asesor comercial
CLI-04422,Patricia Arango Gil,421139961,  M,55,Cúcuta,1,Casado,Bachiller,Empleado,1803000.0,736,3,2023/01/18,Bancaseguros
CLI-01971,Lizeth Miryam Hurtado,913183426,M,50,,1,Unión libre,Profesional,Independiente,,550,1,2021-05-24,Web
CLI-03550,Josefina Agudelo Melo,845746523,Femenino,34,BUCARAMANGA,1,CASADO,Bachiller,Independiente,1236000.0,432,1,20/07/2023,Bancaseguros
CLI-04617,Jorge Orozco Gómez,777913453,M,72,Bogotá,3,Unión libre,Profesional,Pensionado,$2.810.000,713,1,09/02/2017,Agencia
CLI-03889,laura olga ramírez cortés,1793229150,F,54,Medellín,2,UNION LIBRE,Bachiller,Empleado,1423000.0,568,1,2022/07/05,bancaseguros
CLI-01553,Patricia Morales,1933153,M,32,Medellin,3,Soltero,Técnico,Empleado,2600000.0,588,2,2021-04-21,Asesor comercial
CLI-01709,Harol Serna,328413344,fem,27,Pereira  ,3,Soltero,BACHILLER,Empleado,2504000.0,672,0,2020-05-16,Asesor comercial
CLI-04057,JOHN ERAZO VASQUEZ,1010091910,M,49, Barranquilla ,2,Casado,Profesional,Independiente,3862000.0,714,1,08/07/2021,Web
CLI-03499,Eduard Leonel Camargo Guerrero,1039401489,M,46,Medellín (Antioquia),6,Soltero,Profesional,Independiente,9067000.0,845,2,30/08/2022,Corredor
CLI-00433,Roberto Rafael Sánchez,1005510244,F,47,medellín,2,Unión libre,Profesional,Independiente,1509000.0,680,2,2018-01-23,Agencia
CLI-03263,Lucía Flórez,371537626,M,61,B/manga,1,Soltero,Técnico,Empleado,1275000.0,566,2,2022/10/06,Corredor
CLI-00913,Astrid Blanca Moreno Páez,639129097,F,35,Bucaramanga,1,Unión libre  ,Bachiller,Independiente,1548000.0,599,0,2019/02/26,Agencia
CLI-00634,Elías Ernesto Medina,690696016,M,52,Bucaramanga,5,Soltero,Profesional,Empleado,9835000.0,673,1,2019/02/20,Asesor comercial
CLI-00130,Fabio Eduardo Espinosa,57071995,F,22,bogota dc,5,Soltero,Profesional,Empleado,7991000.0,647,2,2017-01-24,Web
CLI-02242,María López,991190088,M,29,Cali,5,Soltero,Técnico,Empleado,,622,2,2023-05-16,Asesor comercial
CLI-00774,Yaneth Marisol Figueroa Guerrero,773711567,F,54,Cali,3,Casado,Técnico,Pensionado,3019000.0,749,1,INVALID_DATE,Agencia
CLI-01301,Alexander Franco Martínez,183708401,M,50,Cartagena,3,UNIÓN LIBRE, Bachiller ,Empleado,4076000.0,715,2,25/11/2023,Bancaseguros
CLI-04861,Diana Rentería Jaramillo,389082050,F,51,Bogotá,2,Soltero,Bachiller,Empresario,5248000.0,649,0,2019-09-30,Web
CLI-02653,Iván Alexander Arango Ruiz,1075316815,F,27,pereira,6,SOLTERO,Técnico,Empresario,15189000.0,768,1,2019-03-22,Corredor
CLI-02183,Juan Jhonatan Díaz Rincón,404598877,F,27,Barranquilla,6,Soltero,Profesional,Empresario,16399000.0,709,0,2024-01-29,Bancaseguros
CLI-01890,Leidy Molina,1102011908,M,60,cali,2,Casado,Profesional,Pensionado,565000.0,491,0,2019-02-07,Bancaseguros
CLI-04631,Humberto Fabio Castillo,147646984,M,38,Bta,4,Soltero,Profesional,Empleado,3547000.0,703,1,01/06/2024,Asesor comercial
CLI-04539,Juan Cáceres,225586469,M,,  Pereira,2,Soltero,Bachiller,Pensionado,2549000.0,736,2,2019/11/14,Agencia
CLI-01879,Margarita Cristina Beltrán Osorio,1103276734,F,40,Bogotá,2,Unión libre,Técnico,Empleado  ,1882000.0,702,4,2023-04-13,Asesor comercial
CLI-01173,Paola Beltrán,1569354734,M,44,Bogotá,2,Soltero,Técnico,Empresario,4934000.0,739,1,18/05/2019,Asesor comercial
CLI-00257,Luis Alberto Henao Domínguez,159191415,F,63,Cúcuta,3,Union libre,BACHILLER,Pensionado,2789000.0,655,0,07/07/2020,Asesor comercial
CLI-04100,Milton Lozano Restrepo,676498067,F,40,Bogotá D.C.,5,Divorciado,Posgrado,Empresario,39961000.0,817,2,2022-07-13,Asesor comercial
CLI-01172,Carlos Wilson García,207100728,F,65,B/manga,2,Soltero,Bachiller,Pensionado,1776000.0,687,0,2019-02-11,ASESOR COMERCIAL
CLI-04016,Alexandra Marina Mora Mendoza,1436722513,F,55,Cali,3,Casado,Bachiller,Independiente,3856000.0,616,2,2024-05-19,Bancaseguros
CLI-01527,Lady Mariela Rico  ,940204303,M,44,Cali  ,1,Casado,Técnico,Empleado,,563,0,2024-10-19,Corredor
CLI-00896,Jonathan Ramos Palacios,1853070277,F,38,Bucaramanga,4,Viudo,Profesional,Pensionado,,537,1,2020-11-22,Corredor
CLI-02191,Carlos Pineda,1346684333,M,49,Barranquilla,4,Soltero,Bachiller,Empleado,,710,1,2021/08/24,Agencia
CLI-03296,Angélica Lorena Palacio Lara,1874662037,F,43,Manizales,3,  Soltero,Posgrado,Empleado,4302000.0,571,1,2021-11-19,Asesor comercial
CLI-02821,Marina Niño,1559321123,M,51,Bogotá,3,Casado,Posgrado  ,Pensionado,1969000.0,559,2,02/07/2017,Bancaseguros
CLI-02496,Claudia Nidia Hernández Vásquez,1767859880,F,34,,5,Casado,Bachiller,EMPLEADO,8482000.0,572,2,25/09/2021,Bancaseguros
CLI-00812,dario rodríguez anaya,1435788783,masc,53,Manizales,2,Unión libre,Técnico  ,Empresario,,698,2,09/07/2020,Asesor comercial
CLI-00227,Miguel Suárez,652993930,M,56,Medellín,1,Soltero,Profesional,Empleado,1725000.0,663,2,2018-12-12,Agencia
CLI-03268,Luz Yolanda Cantillo Alzate,595317207,F,18,BOGOTA,2,Casado,Bachiller,Independiente,2008000.0,500,1,22/06/2022,ASESOR COMERCIAL
CLI-00700,Paola Muñoz Álvarez,1153776505,M,43,Bucaramanga,2,Soltero,Técnico,Empleado,,783,0,2024-09-27,Corredor
CLI-04906,Catherine Ramírez,748199280,F,28,Medellín,1, Casado ,Profesional,Empleado,2128000.0,591,0,2019/03/29,Agencia
CLI-00468, Claudia Dora Jaimes ,454454174,F,40, Santa Marta ,4,soltero,Técnico,Independiente,6120000.0,620,1,2024-04-23,Corredor
CLI-03943,Nidia Gutiérrez López,149870160,M,34,BARRANQUILLA,3,casado,Bachiller,Empresario,4455000.0,719,2,2023-12-12,WEB
CLI-02865,Diana González Moreno,1577500041,M,48,Barranquilla,3,soltero,Técnico,Independiente,4201000.0,585,0,2019-05-19,Agencia
CLI-00915,Jhon Arteaga Obando,638696220,F,53,Cali,3,Casado,Bachiller,empleado,2632000.0,704,1,22/05/2023,corredor
CLI-02811,Jaime Alvarado Gaitán,1548666346,M,23,  Bogotá,6,Divorciado,Bachiller,Empleado,10102000.0,599,1,05/02/2021,Asesor comercial
CLI-04763,Wendy Viviana Vanegas Mosquera,729006798,F,48,Manizales,1,Casado,Posgrado,Independiente,1665000.0,616,1,2018-08-27,Asesor comercial
CLI-02878,Alejandro Eduardo Velasquez,496293583,M,36,Medellín  ,2,Divorciado,Profesional,Independiente,1413000.0,666,0,05/10/2018,Agencia
CLI-00222,Andrea García Bohórquez,168828576,F,49,Cartagena,3,Viudo,Técnico,Pensionado,3337000.0,648,0,2024-12-10,Asesor comercial
CLI-05155,Joel Hugo Perdomo,1201884272,masc,42,Bogotá,3,Unión  libre,Bachiller,Empresario  ,5444000.0,634,0,12/05/2022,ASESOR COMERCIAL
CLI-01459,Maritza Gutiérrez Quiroz,1019598388,F,59,Bogotá,4,Unión libre,Bachiller,Empleado,3131000.0,659,2,,Bancaseguros
CLI-03745,Lucía Jhoana Vanegas Guzmán,540356804,M,46,BARRANQUILLA,1,Soltero,Bachiller,Empresario,2690000.0,681,2,2018-06-13,Asesor comercial
CLI-02131,Raúl Esteban Valencia Cabrera,6107583,M,51,Bogotá,3,Soltero,Posgrado,EMPLEADO,5014000.0,548,4,2023/11/23,Agencia
CLI-05052,Diana Rueda,809266351,M,57,Manizales,2,casado,Posgrado,Empleado,1549000.0,573,3,2020-07-21,Corredor
CLI-02330,Adriana  Reyes,1834425096,F,18,Cali,3,Unión libre,Técnico,Pensionado,3476000.0,659,2,19/07/2018,Agencia
CLI-01908,Jhon Villamil Hernández,679010513,M,27,Cúcuta,5,Soltero,Bachiller,Empleado,4910000.0,624,0,2021/01/04,Bancaseguros
CLI-04984,Lucía Carrillo,810654321,M,45,Santa Marta,3,Soltero,Profesional,Independiente,4347000.0,645,2,2021-12-19,Bancaseguros
CLI-03928,Angélica Pérez Carmona,689710376,F,56,barranquilla,2,Soltero,Técnico,Empleado,1443000.0,509,1,2017-07-06,Corredor
CLI-00322,Johana Andrea Vargas,508325115,F,18,Barranquilla,3,Unión libre,Técnico,Independiente,,470,0,27/05/2024,Corredor
CLI-04748,Luis Guillermo Serrano,1167074099,F,39,Bogotá,2,Soltero,Profesional,Independiente,2641000.0,541,3,18/02/2023,Web
CLI-00590,Darwin García Serrano  ,1393243426,masc,45,Medellín,6,Viudo,Profesional,Pensionado,10200000.0,628,0,2018/03/01,Web
CLI-01927,Claudia Zambrano Reyes,128487215,M,38,B/quilla,3,Soltero,Técnico,Empresario,$4.196.000,643,0,2020/11/01,Asesor comercial
CLI-02202,Andrés Enrique Mosquera,885095034,F,31,Bogotá,5,Casado,Profesional,Empleado,14438000.0,756,2,2018/12/19,AGENCIA
CLI-02126,Luis Mendoza,1280509723,masc,48,Cúcuta,2,Casado,Técnico,Pensionado,1713000.0,519,1,2021-02-23,Asesor comercial
CLI-04309,Ana García Salas,760881739,F,,Medellin,3,  Divorciado,posgrado,Pensionado,5927000.0,841,3,2023-03-01,Bancaseguros
CLI-01163,Claudia Acosta Sarmiento,1507287928,F,34,Pereira,3,Casado,Profesional,Empresario,5404000.0,638,0,2023-03-10,ASESOR COMERCIAL
CLI-02296,Javier Salcedo Osorio,1762051687,Masculino,23,Medellín,3,  Soltero,BACHILLER,Empresario,5945000.0,531,0,2020-09-09,asesor comercial
CLI-01951,Juan Alonso Pacheco,1330444571,F,44,Bucaramanga,3,Divorciado,Profesional,Pensionado,3505000.0,618,0,2023-04-19,Bancaseguros
CLI-04462,Juan Víctor Páez,1469691276,M,72,Bucaramanga,4,Soltero,Técnico,Pensionado,6072000.0,757,0,2023-05-24,Bancaseguros
CLI-04896,Julieth Contreras Castro,1646076967,F,39,Bogotá,2,Soltero,Profesional,Empleado,2484000.0,771,1,12/12/2024,Bancaseguros
CLI-00333,Jesús Jeferson Herrera,435938864,F,48,Cali,6,Soltero,Profesional,Pensionado,10968000.0,846,0,2024/09/15,Web
CLI-03363,Eduardo Jhon Becerra Montenegro,1845327002,F,40,Medellín,4,Unión libre,Profesional,EMPRESARIO,11033000.0,751,1,2017/04/30,Bancaseguros
CLI-01007,Diego Luis Osorio,355817867,F,27,Bogotá  ,5,Divorciado,Bachiller  ,Empleado,6410000.0,770,2,2024-07-16,Agencia
CLI-03104,Karen Isabel Pérez Vásquez,668231522,F,44,Santa Marta,3,Unión libre,Profesional,Empleado,3741000.0,586,0,2023/11/05,Asesor comercial
CLI-02727,Enrique Rodolfo Díaz,1434100283,F,23,Manizales,3,Divorciado,Profesional,Empleado,2024000.0,705,0,2019-06-05,Asesor comercial
CLI-02658,  César Pineda Silva,1008573405,F,61,Medellín,3,Casado  ,Bachiller,Pensionado,4302000.0,652,2,2017-12-20,Agencia
CLI-04029,Claudia Liliana González Granados,866423053,F,46,Bogotá,2, Unión libre ,Profesional,Pensionado,1468000.0,657,3,2019-07-11,CORREDOR
CLI-03794,Luz Ramírez Delgado,1192506003,M,60,Medellín,4, Casado ,Bachiller,Pensionado,$5.201.000,706,2,01/04/2020,Web
CLI-00871,Juan Eduardo Mosquera Gómez,799895697,F,29,,5,Soltero,Posgrado,Independiente,5686000.0,706,2,2023-11-07,Bancaseguros
CLI-04045,Matilde Ruiz,768722559,F,18,Bucaramanga,3,Soltero,Posgrado,Independiente,3490000.0,599,0,2020-08-13,Agencia
CLI-01216,Diana Mendoza,1455099305,F,42,Cucuta,3,Casado,Profesional  ,EMPLEADO,2932000.0,721,2,2021-10-31,Web
CLI-00225,María Garcés Ojeda,60552415,M,30,CARTAGENA,2,Soltero,Profesional,Empresario,5134000.0,803,2,2021-12-05,Asesor comercial
CLI-00836,Josué Flórez Gómez,333786594,F,48,Bogotá,1,Unión libre,Bachiller,Pensionado,1658000.0,668,2,2020-11-20,Web
CLI-01727,susana martínez barrera,1223355212,M,49,Cali,2,Soltero  , Técnico ,Empresario,3824000.0,571,3,2017/12/18,Web
CLI-02775,Alejandro Rodríguez,571487913,F,57,Bogotá,2,Casado,Profesional,Independiente,1602000.0,686,0,22/10/2023,asesor comercial
CLI-03830,Rosa Erika Nieto Vergara,1196528669,F,54,Pereira  ,1,Casado,Bachiller,Empleado,2810000.0,769,3,2024-08-11,Corredor
CLI-02786,María Isabel Amaya Niño,1502202003,F,28, Bogotá ,3,Soltero,  Profesional,Empresario,5581000.0,643,1,2017-02-19,Bancaseguros
CLI-04823,Daniel Vega Ávila,578583459,F,34,Cali,5,Unión libre,Profesional,Empleado  ,5353000.0,643,2,13/12/2020,Asesor comercial
CLI-04693,Edwin Rico,264397752,fem,18,,3,Unión libre,Profesional,Pensionado,2879000.0,703,2,,Agencia
CLI-04678,Inés Lucía Valencia,1170284263,M,25,BOGOTÁ,6,Unión libre,Posgrado,pensionado,13667000.0,720,0,21/05/2021,Web
CLI-03277,Julio Narváez Mercado,1137353577,F,25, Bogotá ,3,Unión libre,Profesional,pensionado,$2.875.000,599,2,2017-05-11,Corredor  
CLI-00940,MARIA CATALINA VELASQUEZ,533575064,M,54,Bogotá,3,Soltero,Profesional,Empleado,4478000.0,545,2,2024/02/11,asesor comercial
CLI-04905,Adela Ramírez,1014908682,F,57, Medellín ,3,CASADO,Profesional,EMPLEADO,3242000.0,609,0,08/09/2020,web
CLI-04059,Tulio Flórez,220437751,M,39,Bogotá,1,Soltero,Bachiller,Independiente,1739000.0,555,0,2021-08-28,Bancaseguros
CLI-04423,Ángela Herrera,1870670391,  F,27,BARRANQUILLA,3,CASADO,Técnico,Empleado,6532000.0,684,0,05/04/2017,Web
CLI-01409, José Gabriel Velandia Díaz ,598543555,F,34,Bucaramanga,2,Casado,Profesional,Independiente,4085000.0,712,0,09/05/2019,Corredor  
CLI-00309,Mónica Diana Guevara,935297134,  M,56, Cali ,3,  Casado,Profesional,Empleado,5323000.0,632,1,2024/03/20,Asesor comercial
CLI-01817,Yudy Bedoya,867364125,F,53,Bogotá,3,  Casado,Técnico  ,Empleado,5436000.0,793,1,2018/04/11,Asesor comercial
CLI-03042,Claudia Luz Parra  ,1085121597,F,23,Bogotá,1,Soltero,Técnico,Independiente,,549,0,2020-03-03,Web
CLI-00949,Eduard José Pulido,1679992570,F,47,CARTAGENA,3,Viudo,Técnico,Empleado,2888000.0,636,1,2020-05-21,Agencia
CLI-05135,Alejandra Franco,1696375560,F,20,Bogotá,3,Soltero,Profesional,Independiente,2135000.0,557,3,2020-11-02,Web
CLI-01217,Sergio Gutiérrez,1275271263,M,34,Cartagena,4,Soltero,Profesional,Empleado,7314000.0,743,0,09/08/2017,Asesor comercial
CLI-02066,Isidro Hernando Jiménez Hernández,492633814,f,29,Bogotá,2,Unión libre,Bachiller  ,,5167000.0,721,0,2019-05-20,Bancaseguros
CLI-04421,María Fernanda Santos Moreno,1746449016,M,65,Cali,2,Unión libre,Profesional,Pensionado,1218000.0,518,0,2019-12-03,Asesor comercial
CLI-02018,Alveiro Adrián Espitia Ardila,789749020,M,45,Cali,3,Divorciado,técnico,EMPLEADO,4724000.0,677,0,2024-02-28,Asesor comercial
CLI-03225,INES FLOREZ SANCHEZ,630285987,M,33,,2,Casado,Bachiller  ,Empleado,2021000.0,595,0,2021-09-27,Web
CLI-01686,Roberto López Hernández,191584707,M,37,Barranquilla  ,3,Soltero,Técnico,Independiente,2504000.0,619,1,03/03/2020,Asesor comercial  
CLI-02931,ingrid maría ramírez,938677110,F,31,Medellín,3,Unión libre,Bachiller,Empleado,,708,1,03/11/2018,Bancaseguros
CLI-03547,emilce rosa sierra,1505982369,F,52,Manizales,6, Casado ,Técnico,Empleado,24510000.0,794,2,2017-10-15,Web
CLI-02177,Juan  Domínguez,1513450893,M,40,Barranquilla,5,Divorciado,Profesional,Pensionado,6992000000.0,659,0,2019-07-16,Corredor
CLI-01153,Victoria Julieth Alzate Pérez,517970320,M,39,Medellín,3,Soltero,Profesional,Independiente,2234000.0,674,1,2020-11-23,Bancaseguros
CLI-00347,Marleny López Vallejo,1757272917,F,40,Bogotá,2,Soltero,Bachiller,Empresario,3338000.0,707,0,2017/03/07,Web
CLI-04302,Viviana Martha Solano,502409058,F,67,Cali,4,Soltero,Técnico,Empleado  ,,735,0,2021-10-16,Bancaseguros
CLI-00015,Angie Andrea Padilla,1197338428,M,47,bogotá,4,Soltero,Bachiller,Independiente,7291000.0,617,2,2021-02-10,Agencia
CLI-03189,Alexander Jhan Ramírez Fernández,1597250130,M,44,Manizales,2,Casado,Técnico,Independiente,2052000.0,565,2,INVALID_DATE,Bancaseguros
CLI-03930,Pablo Galvis,908414608,F,47, Bucaramanga ,1, Unión libre ,Profesional  ,Empleado,1187000.0,623,1,,Web
CLI-02461,Camilo Alejandro Gómez Cruz,1137949237,fem,45,Bogotá,2,Casado,Bachiller,Independiente,3442000.0,711,2,04/04/2023,Bancaseguros  
CLI-04836,Edgar Enrique Hernández,1340235976,F,44,Medellín,3,Casado,posgrado,Empresario,6559000.0,649,0,2020-11-11,Corredor
CLI-03414,Miguel Cárdenas,1515830236,M,45,Medellín (Antioquia),3,Soltero,Posgrado,Empleado,3660000.0,618,4,2024/12/23,Web
CLI-00372,Michael Jhon Quiroz Zapata,615778481,M,58,,6,soltero,Bachiller,Independiente,21772000.0,811,2,2021/02/08,asesor comercial
CLI-00456,Mary Contreras,1444281258,M,,Bogotá,4, Casado ,Profesional,Independiente,12194000.0,789,0,2020-04-23,Bancaseguros
CLI-02505,Elena Rivera,1896866308,M,53,bogotá,3,Unión libre,Bachiller,Empleado,,536,2,04/10/2020,Bancaseguros
CLI-00437, Emilse Margarita Bautista ,1537237237,M,33,Manizales,2,Soltero,Técnico,PENSIONADO,,730,1,2024-02-27,Bancaseguros
CLI-00723,Isabel Patricia Ramírez,1502985624,M,46,Medellín,2,UNIÓN LIBRE,Posgrado,Independiente,1649000.0,553,2,04/09/2018,Bancaseguros
CLI-02396,David Lozano,1788053138,F,33,Manizales,1,Casado, Profesional ,Independiente,1407000.0,564,0,2023/01/22,Asesor comercial
CLI-00595,Rocío  Esperanza  Valencia  Osorio,1847141883,M,46,Barranquilla,1, Unión libre ,Profesional,Independiente,1013000.0,541,1,2023/02/14, Asesor comercial 
CLI-01654,Elena Elizabeth Angarita,797150392,M,53,Cali,3, Unión libre ,Bachiller,Empleado,1556000.0,622,1,2024-10-14,Corredor
CLI-02520,Jorge Alberto Hernández Obando,287739829,M,41,Santa Marta,1,Soltero,Técnico,,1077000.0,554,0,2022/11/11,BANCASEGUROS
CLI-03590,Maricela Esperanza Bedoya Sánchez,1838833988,M,38,Barranquilla,3,Casado,Posgrado,Independiente,1930000.0,698,3,2024-02-15,Corredor
CLI-00682,Darwin Díaz Salamanca,739664621,M,45,BOGOTÁ,2,Viudo,Bachiller,empleado,,476,2,2022-02-25,Corredor
CLI-03978,Mauricio Ramírez,1089444057,M,47,Bogotá,1,Casado,Profesional,Pensionado,1126000.0,,1,2023-02-14,Agencia
CLI-01234,Elizabeth Leidy Peña García,1133799775,F,48,Cali,4,Soltero,Profesional,Pensionado,8042000.0,804,1,2019-01-26,  Asesor comercial
CLI-04023,Julio Mora Restrepo,1570430725,M,40,Cali  ,2,Casado,Profesional,Empleado,1938000.0,636,2,2018-03-17,Agencia
CLI-01806,Luz Arias,243951710,F,51,Bogotá,2,Unión libre,Tecnico,Independiente,3101000.0,706,3,2022-08-22,Corredor
CLI-02087,Laura Sánchez Ángel,1534030232,M,45,BARRANQUILLA,2,Casado,Bachiller,Empresario,3510000.0,621,2,16/01/2020,Asesor comercial
CLI-03251,Daniel Marín,452489016,fem,44,Manizales,3,Casado,  Técnico,Empleado,3734000.0,557,1,02/05/2024,Corredor
CLI-01974,Andres Carlos Correa Sanchez,812220177,M,48,Cartagena,3,Casado,Posgrado,Independiente,2824000.0,634,1,2020-12-25,WEB
CLI-03000,Darwin Meneses,1545737711,M,40,Cali,2,Soltero,Técnico,Independiente,1730000.0,645,3,2017-04-09,ASESOR COMERCIAL
CLI-02069,Andrés Jair Montoya Figueroa,1202509568,M,35,Medellín  ,4, Soltero ,POSGRADO,Empleado,4149000.0,671,2,2022-06-02,Web
CLI-03328,Luz Pérez Jaramillo,1287427833,F  ,43,Bogotá,2,Soltero,Profesional,Empresario,3526000.0,,1,10/07/2019,Asesor comercial
CLI-05010,Fernando Carlos Romero,1141211375,Masculino,59,,3,Viudo, Técnico ,Independiente,1683000.0,613,1,16/01/2024,Agencia
CLI-00796,Steven Rafael Pérez,784113805,M,43,Bogota,3,Divorciado,Profesional,Independiente,0.0,592,1,2018-01-27,Asesor comercial
CLI-04737,Diego Ortiz,904109231,F,43,B/manga  ,5,Unión libre,Bachiller,Empleado,10869000.0,659,1,2020/06/29,Agencia
CLI-02828,Germán Henry Herrera Barrios,642822368,M,31,Cartagena,4,SOLTERO,Profesional,Empleado,8852000.0,719,1,2018-07-01,  Corredor
CLI-02107,Rubén José Núñez Buitrago,142937403,F,44,Cali,2,Soltero,TÉCNICO,Empleado,3301000.0,786,1,2021-02-16,Agencia
CLI-05175,Diana Cardona,233999780,masc,36,cúcuta,3,Viudo,Técnico,Empresario,4821000.0,778,0,25/12/2023,Asesor comercial
CLI-03574,Alix Castro González,1889297402,M,40, Barranquilla ,1,Divorciado,Técnico,Empleado,2015000.0,714,1,04/09/2023,Corredor
CLI-02122,  José Alejandro Ramírez,1044801226,M,28,Cali,2,Casado,Profesional,Independiente,1782000.0,577,1,2024-10-25,Bancaseguros
CLI-01259,Gregorio Sebastián Quintero Páez,1420618578,F  ,18,Medellín,5,CASADO,Bachiller,Empleado,8767000.0,670,1,26/03/2018,Web
CLI-01154,STELLA MILENA ARIZA,458941010,M,41,CARTAGENA,6,Unión libre,TÉCNICO,Independiente,9409000.0,663,1,2018-03-11,Asesor  comercial
CLI-04998,Luz Gonzáles,581710193,M,26,Cali,4,Soltero  ,Posgrado,Empleado,8791000.0,739,0,10/06/2021,Asesor comercial
CLI-03077,Rolando Gregorio Amaya García,293069231,Masculino,55,Bogotá,2,  Casado,Profesional,Empleado  ,2699000.0,696,0,2019-12-21,Corredor
CLI-02035,Estela Janneth Ruiz Morales,39346379,M,54,Manizales,2,Casado,Bachiller,Independiente,3092000.0,636,1,2021-12-14,AGENCIA
CLI-03364,Ángel Carlos Calderón Muñoz,1286309217,F,28,MEDELLÍN,2,Unión libre,Profesional,Empleado,4990000.0,647,1,2017-10-06, Corredor 
CLI-00938,Armando Ballesteros Cano,1458727280,M,30,Bogotá,2,Soltero,BACHILLER,Empleado,2985000.0,592,4,21/06/2018,Asesor comercial
CLI-01732,Gustavo Ariel Ocampo Parra,679306723,M,51,Bogotá,1,Casado,BACHILLER,Empleado,1199000.0,619,0,2017-03-16,Web
CLI-04711,Eugenia Sofía Sarmiento,1092284501,F,44,Barranquilla,2,Divorciado,Técnico,Empleado,1771000.0,748,1,2022-01-29,Bancaseguros
CLI-02054,Ruth Candelaria Sánchez,228462992,F,41,Bogotá,2,Casado,Profesional,Empleado,1885000.0,467,4,2021-03-28,Agencia
CLI-01351,VICTORIA ELIZABETH RAMÍREZ QUINTERO,491456714,F,26,BOGOTÁ,6,Unión libre, Profesional ,EMPLEADO,9617000.0,633,0,17/03/2017,Asesor comercial
CLI-01453,Elvira Beatriz Quintero Escobar,1018398466,F,18,manizales,2,Soltero,Bachiller, Independiente ,,535,5,27/05/2024,Bancaseguros
CLI-03807,JOSÉ ENRIQUE VILLAMIL,1737194621,F,61,  Bogotá,2,  Soltero,Profesional,Pensionado,1798000.0,507,3,2019-01-17,Bancaseguros
CLI-03902,Astrid Edna Pedraza Ardila  ,1083972528,F,18,Cali  ,3,Casado,Profesional,Empleado,3671000.0,590,1,2024-10-25,Agencia
CLI-04586,Diego Omar Mora Acevedo,1831325601,F,37,Barranquilla,3,Casado,Profesional,Empleado,1851000.0,630,0,2024-06-26,Asesor comercial
CLI-00247,Paula Yolanda Restrepo Bermúdez,943061379,F,30,Bogotá,3,Soltero,Bachiller,Empleado,2897000.0,603,2,2019-02-13,Asesor comercial
CLI-02280,Luz Galeano,163048789,F,43,Barranquilla,2,Soltero,Profesional,Empleado,2092000.0,537,0,03/09/2019,Bancaseguros
CLI-01161,Alcides Gallego Córdoba,1220404858,M,24,Medellín,2,Unión libre,Posgrado,independiente,3168000.0,596,2,2024/09/05,Corredor
CLI-03159,Alberto Correa Giraldo,632342622,F,37,Cali,3,Viudo,Bachiller,Independiente,2806000.0,608,1,06/05/2023,Web
CLI-04387,gloria rubiela bravo,776945922,M,64,Barranquilla,3,Soltero,Posgrado,Pensionado,2840000.0,755,0,2022-05-02,Bancaseguros
CLI-05156,Cristina  Ángela  Caro  Rodríguez,1538002263,M,52,Bogotá,2,Divorciado,Bachiller,,2312000.0,766,2,01/09/2018,Agencia
CLI-00542,Elcy Martha Duque Miranda,1775631023,F,41,Cali,5,Casado,Profesional,Empresario,16633000.0,765,4,2019-09-12,Bancaseguros
CLI-01194,Daniel Carlos Arango,1162853324,F,46,Medellín,4,Soltero,Bachiller,Empleado,4128000.0,619,1,11/10/2017,Corredor
CLI-02991,Elizabeth  Nelly  López  Ocampo,609233945,F,27,Medellín  (Antioquia),3,Soltero,Bachiller,Estudiante,1293000.0,550,0,2024-01-18,Corredor
CLI-03373,Alberto Galindo Ospina  ,798108698,F,67,Cúcuta,1,CASADO,Bachiller,Pensionado,1328000.0,577,0,2019-03-05,Asesor comercial
CLI-01754,José Sánchez,250944377,F,38,  Bogotá,3,Soltero,Profesional,Empresario,11072000.0,770,3,05/10/2017,Asesor comercial
CLI-04386,Esther Sánchez,1657295061,  F,120,Barranquilla,3,Divorciado,Posgrado,Empresario,4252000.0,692,1,2023-03-14,Web
CLI-03291,Reinaldo Vergara,1608752115,  M,34,Bogotá,1,Soltero,Técnico,Independiente,1652000.0,649,1,,Corredor
CLI-05127,Álvaro Alex García,238017429,M,18,Medellín,3,Casado,Bachiller,Empleado,0.0,662,2,04/11/2022,Agencia
CLI-01948,Maritza Dary Caballero,183238229,  F,42,Bogotá,3,CASADO,Técnico,Independiente,3987000.0,656,2,2018-11-29,Corredor
CLI-04570,Catalina Luz Ardila Cuesta,844433539,F,24,Cali,2,Soltero,TECNICO,independiente,5780000.0,652,2,,Agencia
CLI-04685,Elizabeth Escobar Campo,1070039521,f,18,Bogotá,2,UNIÓN LIBRE,Bachiller,Empleado,2347000.0,684,0,2020-12-16,Agencia  
CLI-02079,Nubia Vanessa Gómez Gómez,1635282913,M,52,Barranquilla,1,Unión libre,profesional,Empleado,$1.246.000,589,1,2022-08-30,  Corredor
CLI-01742,CAROLINA ISABEL SERNA FORERO,895544920,M,43,Medellín,2,Unión libre,Posgrado,Independiente,3192000.0,611,2,20/04/2020,Agencia
CLI-03511,María Delia Cardona Medina,1723234432,F,32,  Medellín,3,Soltero,Posgrado, Independiente ,1691000.0,563,0,2023-12-17,Agencia
CLI-04139,Andrea María Martínez Guzmán,1601764352,F,68,Medellín,5,Unión libre,Profesional,PENSIONADO,6097000.0,690,1,2019/12/17,Bancaseguros
CLI-04190,Viviana  Benítez,792877586,F,18,BARRANQUILLA,2,CASADO,Profesional,Empleado,1600000.0,565,2,21/03/2017,Bancaseguros
CLI-04983,Orlando Daniel Angarita,1008768425,M,46,MEDELLÍN,3,  Soltero,Técnico,Independiente,3202000.0,688,2,26/04/2017,Bancaseguros
CLI-00912,Gloria Cárdenas,1171152571,F,43,Bogotá,2,Viudo,Profesional,Pensionado,1684000.0,469,0,2019-12-13,Asesor comercial
CLI-01407,César Carlos Caballero Martínez,1353703024,F,63,medellín,2,Casado,Posgrado,Pensionado,1705000.0,579,1,INVALID_DATE,Asesor comercial
CLI-01897,Enrique Camilo Duque,365952455,F,37,cúcuta,5,  Divorciado,Profesional  ,empleado,10968000.0,718,0,2024/08/02,Bancaseguros
CLI-01640,Franklin Jorge Pardo,811644013,F,35,,5,Soltero,Técnico,Empleado,3575000.0,518,1,09/06/2024,Corredor
CLI-05072,Libia Yolanda Ruiz Arias,242412852,M,43,Bogotá,3,Casado,Profesional,Independiente,3727000.0,648,1,09/09/2017,Asesor comercial
CLI-01474,Jhon Esteban Osorio,243971857,F,41,Medellín,2,Casado,Técnico,Empleado,1675000.0,587,1,2017-06-03,AGENCIA
CLI-01852,Erika Cristina Rojas Ramos,1302596588,F,31,Bogotá,2,Soltero,Profesional  ,Empleado,2521000.0,550,1,13/12/2024,Web
CLI-01075,Iván José Medina Cabrera,1706489912,F,31,Medellín,3,Unión libre,Profesional,empleado,2554000.0,679,0,2021-02-16,Web
CLI-01264,Alexandra Giraldo Hurtado,197711675,F,38,Barranquilla,1,Soltero,Técnico,Empleado,2252000.0,721,0,20/03/2024,Web
CLI-02932,John Gamboa Ortiz,762611409,M,39,Barranquilla,4,CASADO,Profesional,Independiente,3512000.0,597,0,07/05/2024,Web
CLI-00767,Alberto José Pérez Jiménez,182972453,M  ,47,Manizales,3,Casado  ,Técnico,Empresario,7376000.0,,2,2019-09-17,Asesor comercial
CLI-03348,Miguel Arévalo,1773933078,F,40,Cartagena,4,Soltero,Bachiller,Independiente,3249000.0,645,1,2022-10-27,Bancaseguros
CLI-03035,  Enrique Jaramillo,1475019868,F,51, Cúcuta ,1,Unión libre,Profesional,Independiente,1649000.0,585,1,2018/07/10,Agencia
CLI-04260,Angélica Galindo,507488938, M ,42,Bogota,2,Soltero,Profesional,Empleado,1668000.0,476,1,2023/10/26,Asesor comercial
CLI-05057,Leonardo Fernando Calderón Hernández,340476686,F,26,Santa Marta,3,Casado,Técnico,Pensionado,3650000.0,693,0,2021-04-09,ASESOR COMERCIAL
CLI-02819,Jhonatan Andrés Guerrero Muñoz,1875661006,M,31,Barranquilla,3,Soltero,Bachiller, Empleado ,5692000.0,607,0,17/07/2021,Bancaseguros
CLI-00254,Daniel David Morales Bejarano,899430726,M,46,CALI,3,Casado,Bachiller,Pensionado,3885000.0,634,0,2018-05-18,Bancaseguros  
CLI-01687,Luz María Manrique Andrade,162162459,fem,59,Medellín,2,Casado,Bachiller,Empleado,2474000.0,783,0,2024-11-14,Bancaseguros
CLI-05125,Elías Hernández Pardo,468431511,F,54,pereira,2,Soltero,Técnico,Independiente,2180000.0,628,1,2018-12-13,Asesor comercial
CLI-01630,Nohora Bastidas Medina,115193995,Masculino,35,CALI,1,Unión libre,Técnico,Independiente,1745000.0,542,1,2022-11-21,Bancaseguros
CLI-04235,Yuri Toro,1532649326,M,31,CÚCUTA,4,Casado,Profesional,Independiente,5641000.0,822,0,2023-10-18,Corredor
CLI-02590,JORGE LUIS CASTRO,99201044,M,39, Bogotá ,2,Soltero,Profesional,Pensionado  ,1640000.0,622,2,2019-12-10,Agencia
CLI-02022,Juan Daniel González Vergara,125969717,M,39, Cali ,4,Divorciado,Profesional,Empleado,3628000.0,715,0,16/12/2020,Bancaseguros
CLI-04341,Alfonso Aguilar,246086891,M,38, Bogotá ,4,Soltero,Bachiller,Empleado,4754000.0,605,1,2018-03-06,Web
CLI-02841,JUAN EFRAIN RODRÍGUEZ ERAZO,953662440,F,43,Bogotá  ,2,Soltero  ,PROFESIONAL,independiente,2552000.0,642,1,INVALID_DATE,Bancaseguros
CLI-05070,María Palacios Castillo,28791714,F,38,Cartagena,2,Divorciado,Profesional,Empleado,3502000.0,727,0,2024-03-13,Bancaseguros
CLI-04306,Margarita Arteaga Torres,349411419,M,45,Bucaramanga,2, Divorciado ,Técnico,Empleado,2690000.0,694,1,2019/04/20,Asesor comercial
CLI-04111,Leandro Diego Rojas Vergara,1483442847,M,33,bogotá,3,Casado,Posgrado,Empresario,5722000.0,621,3,2022/04/16,Asesor comercial
CLI-01995,Arturo Pérez,514167829,M,53,  Medellín,3,Casado,Profesional,Independiente,2594000.0,676,5,2024-02-18,Agencia
CLI-02548,Teresa Andrea Mora,684696975,M,30,CARTAGENA,3, Unión libre ,Profesional,Pensionado,2428000.0,604,1,2023-01-20,ASESOR COMERCIAL
CLI-04094,Xiomara Andrea Hurtado Ibarra,1568489792, M ,27,Bogotá  ,1,SOLTERO,Profesional,Empleado,1205000.0,529,2,2017-06-04,Agencia
CLI-04736,Tomás Alexander Galindo Quintero,87526667,F,19,Bogotá,3,Casado,Bachiller,Empresario,7121000.0,706,2,2020-11-24,Bancaseguros
CLI-00473,David Gallego Posada,506301689,Masculino,28,Santiago de Cali,6,Soltero,profesional,Empleado  ,14596000.0,692,4,19/03/2018,Web
CLI-03786,Jesús Vega,554506707,F,36,  Medellín,3,Casado,Bachiller,Empleado  ,2894000.0,684,1,2018-11-02,Corredor
CLI-02498,Esther Yamile Ospina León,723222226,M,41,Medellín,2,SOLTERO,Profesional,Independiente,1898000.0,519,0,2022-12-07,Web  
CLI-02752,José Agustín Salazar Pérez,347375311,F,56,Cali,4,Casado,profesional,Empleado,6484000.0,665,0,12/10/2020, Asesor comercial 
CLI-02065,Fernando Omar Alzate Díaz,373443685,M,52,Barranquilla,3,Soltero,Técnico,Pensionado,2519000.0,651,0,2019/11/08,Web
CLI-02157,María Ramírez Caicedo,227373952,M,32,Bogotá,1,Casado,Técnico,Pensionado,1644000.0,550,1,2022/11/30,Asesor comercial
CLI-04572,William Hurtado Ávila  ,758815360,F,23,Barranquilla,3,Unión libre, Profesional ,Independiente,4263000.0,535,2,2022/05/26,Bancaseguros
CLI-03302,Álvaro José Carvajal,835369953,M,41,Cúcuta,3,Viudo,Profesional,Independiente  ,2812000.0,632,0,2023-06-06,Asesor comercial
CLI-00944,Gloria Tatiana Gutiérrez,202683772,M,40,bogotá,3,Casado,Profesional,EMPLEADO,,,1,2020-03-12, Asesor comercial 
CLI-02454,Marta Marín,32556654,F,37,Pereira,5,Casado,Técnico  ,Empleado,9825000.0,780,1,11/11/2018,WEB
CLI-03724,Alejandro Julio Pabón Beltrán  ,512901418,M  ,51, Bogotá ,3,Casado,Posgrado,Independiente,2473000.0,719,2,03/12/2024,web
CLI-01793,José Mena,1113397669,M,,Bogotá,3,Soltero,Técnico, Empleado ,3315000.0,649,0,06/08/2023,Web
CLI-04772,MARCO YESID DIAZ RODRIGUEZ,657191451,M,28,Bogotá,3,Soltero,Posgrado,Empleado,2670000.0,637,1,2017/08/15, Corredor 
CLI-03687,Santiago Martínez,329100495,M,32,Bucaramanga,4,Viudo,Profesional,Empresario,10709000.0,612,2,11/03/2023,Agencia
CLI-03025,Catalina Nancy López Alarcón,769213983,M,39,Bogotá,3,Soltero,Profesional,Independiente,4627000.0,609,0,2024-03-07,Corredor
CLI-01443,Fernando Martínez Herrera,685090322,M  ,44,BUCARAMANGA,3,Unión libre,TÉCNICO,Empleado,3807000.0,642,2,2017/11/03,Agencia
CLI-05056,Beatriz Marín,1168773103,  M,51,bogotá,5,Soltero,Profesional,Independiente,7014000.0,,0,2020-03-26,  Web
CLI-00144,Marina Gloria Galindo,648972066,F,53,  Cartagena,6,Soltero,Profesional,Independiente,10662000.0,803,1,2021-07-12, Web 
CLI-03072,Angélica Mena Lozano,1293390752,F,47,Barranquilla,5,Casado,Bachiller,Independiente,8337000.0,706,0,10/01/2018,Agencia
CLI-04963, Alberto Arley Restrepo Morales ,953885177,F,42,Cali,3,Soltero,Técnico,Empleado,3185000.0,655,1,2020-09-15,Corredor
CLI-00600,ALEXANDER MIGUEL MUÑOZ,1604585012,fem,20,Barranquilla  ,2,Casado, Profesional ,Pensionado,$1.905.000,546,1,2023-05-18,Agencia
CLI-01617,MARÍA ROSA MEDINA RIVERA,244918985,M,49,MEDELLÍN,5,Soltero, Posgrado ,independiente,7194000.0,692,0,2023-04-12,Web
CLI-03784,Carlos César Córdoba,1128647109,M,61,,6,Unión libre,TECNICO,Pensionado,16919000.0,693,0,2019-01-21,  Asesor comercial
CLI-03101,  Carlos Jiménez Martínez,1375161990,F,39,Cali,2,Soltero,Posgrado,Pensionado,2259000.0,599,1,2020/12/01,Web
CLI-01103,Luz Solano,902464376,Femenino,27,Medellín,3,Soltero,  Bachiller,Pensionado,2547000.0,700,1,2022/05/28,Asesor comercial
CLI-02428,María Hernández,1114537384,F,44,Cali,4,Soltero,Profesional,Empleado,4333000.0,732,0,2017-11-05,Bancaseguros
CLI-00933,Rafael Alfonso Reyes,458398520,M,46,Medellín,4,Unión libre,Profesional,Empleado,12258000.0,633,2,13/03/2022,Bancaseguros
CLI-02639,Stiven Salazar,1505804099,f,26,cúcuta,1,Unión libre,Posgrado,Empleado,1308000.0,574,3,2021-09-27,Asesor comercial
CLI-00629, Carlos Víctor Méndez Rivera ,1699007151,F,44,bogotá,6,Casado,Bachiller,,11663000.0,633,2,14/06/2024,Corredor
CLI-05063,Magdalena Carmenza Uribe Fernández,939143937,M,44,Barranquilla,6,Unión libre,Técnico,Pensionado,10560000.0,662,0,,Corredor
CLI-04033,José Cárdenas Álvarez,456209940,F,39,,2,Soltero,Bachiller,Empleado,3341000.0,647,1,2020-05-02,Corredor
CLI-00830,Patricia Ramírez Peña,1446534070,M,42,Manizales,3,Unión libre,Técnico,Independiente,1658000.0,518,1,20/07/2017,Corredor
CLI-04188,José Andrés Serna,93390265,M,72,  Medellín,2,Soltero,Posgrado,Empleado,3175000.0,627,2,28/02/2017,Corredor
CLI-03594,Verónica Carmen Vargas Yepes,757270149,M,51,Bogotá  ,3,Casado,Profesional,Empresario,3782000.0,656,2,2021/05/22,Agencia
CLI-00202,Antonio Iván Flórez Caballero,554165604,F,35,Bogota,4,Soltero,  Técnico,EMPLEADO,4028000.0,587,0,2019/11/02,Corredor
CLI-04330,María Sonia Morales Camacho  ,629646983,F,38,Bogota,3,Casado,Técnico,Empleado,2215000.0,654,3,06/12/2022,Agencia
CLI-02676,Jader Daza,1448475042,F,18,Medellín,4,Soltero,Profesional,Empleado,5228000.0,560,1,30/03/2021,  Web
CLI-00331,Armando Valencia Hernández,1668257346,F,41,Medellín,3,Soltero,Profesional,empleado,2890000.0,716,0,2018/03/23,Bancaseguros
CLI-00872,Daniela Reyes Murcia,7220112,M,55,MEDELLIN,3,  Casado,Profesional,Independiente,$2.697.000,581,0,13/12/2021,Agencia
CLI-00457,María Adriana Becerra López,1158293794,f,43,Medellín,3,Soltero  ,Posgrado,Empleado,2021000.0,667,2,2022/08/13,Asesor comercial
CLI-00229,FABIÁN DARÍO JIMÉNEZ,978505966,F,64,medellín,2,soltero,Técnico,Pensionado,1785000.0,688,0,2021-09-27,Asesor comercial  
CLI-03727,Adolfo Enrique Moreno Alvarado,1294259179,f,36,Cali,2,Unión libre,Profesional,EMPLEADO,,624,4,2024-02-20,Agencia
CLI-05131,ENRIQUE BENAVIDES,1848500846,M,62,Cali,2,Unión libre,Profesional,Pensionado,810000.0,582,1,19/10/2024,Corredor
CLI-01796,Viviana Oliva Ruiz Carrillo,1156128737,M,38,Medellín,2,Soltero,Posgrado,Independiente,3707000.0,647,3,2019-06-17,Agencia
CLI-00025,Liliana Stella Correa,385075316,F,62,BOGOTÁ,1,Divorciado,técnico, Pensionado ,1416000.0,701,0,31/05/2019,Corredor
CLI-04838, Roberto Vergara ,1104387219,M,47,Bogotá,4,Casado,Posgrado,Pensionado,5096000.0,,1,2021-07-06,bancaseguros
CLI-02497,Emiro Álvaro Monsalve,729581745,F,47,Barranquilla  ,3,Casado,Técnico,Empleado,2673000.0,710,3,2020-05-03,Web
CLI-04470,Wilder Jaime Osorio Arévalo,1240899513,  M,54,Pereira,3,Casado,Profesional,Pensionado,3622000.0,657,1,2023/12/29,Asesor comercial
CLI-02876,Emilce  Castañeda  Rodríguez,1408026140,M,41,Cúcuta,1,Soltero,Profesional  ,Independiente,1452000.0,581,1,2024-03-18,Asesor  comercial
CLI-01029,Blanca Tatiana Herrera,783170489,F,43,Bogota,3,Soltero,Técnico,Empleado,4138000.0,,2,2018/01/29,Corredor
CLI-03170,Dayana  Ramírez,419056486,F,44,Bogotá,4,Casado,BACHILLER,Empleado,7869000.0,795,1,2019-02-20,Web
CLI-04256,Luis Montoya,873684102,M,43,Bogotá,2,Soltero,Técnico,Independiente,2125000.0,540,1,2024-02-11,Web
CLI-00276,Camilo López Osorio,1316491813,M,54,CALI,3,Divorciado,Técnico,Empleado,1930000.0,540,1,2019-01-30,Web
CLI-04030,Juan Bedoya Loaiza,894334846,F,48,Bogotá,4,Divorciado,Bachiller,  Empleado,6246000.0,621,1,2019/04/30,Web
CLI-04384,Elena Zapata Olaya,1137105074,M,46,Medellin,5,Viudo,Técnico,Empleado,7564000.0,741,1,2020/11/09,Asesor comercial
CLI-03367,Alfonso Salazar,472162937,F,44, Santa Marta ,3,UNIÓN LIBRE,Posgrado,Empleado,2829000.0,755,2,2023-08-12,Agencia
CLI-02371,Libardo Gómez,1364210778,masc,57,Barranquilla,4,Unión libre,Profesional,Empleado,6098000.0,609,1,2018/05/05,Bancaseguros
CLI-03459,Gladis Benavides Mora,1650957957,M,34,Santa Marta,4,Soltero,Técnico,Empleado,7055000.0,627,1,2022-03-30,Corredor
CLI-03486,Patricia Deyanira Hernández,222711152,F,35,Pereira,4,Soltero,Bachiller,Empleado,6261000.0,686,4,26/11/2023,Corredor
CLI-01323,Dora Silva Andrade,145455757,M,50,barranquilla,2,Casado,Profesional,Empleado,2597000.0,613,2,2022-09-05,Asesor comercial
CLI-04713,Kelly Camacho,1892157568,F  ,48,BOGOTA,3,Casado,Bachiller,Empleado,3822000.0,760,1,2018-08-05,bancaseguros
CLI-04650,Eduardo David Mendoza,624966226,m,39,Barranquilla,2,Soltero,Profesional,Empleado,$2.915.000,679,3,2023/05/12,Agencia
CLI-02747,Martha León,681465442,M,62,Barranquilla,2,Soltero,Posgrado,Independiente,,598,1,2021-02-15,asesor comercial
CLI-04913,héctor mario espinosa,329517015,M,59,Cúcuta,2,Soltero,Posgrado,Empleado,3272000.0,531,0,2021/10/08,Bancaseguros
CLI-02718,María Palacio Flórez,840471372,F,56,Barranquilla,5,Soltero,Posgrado,Independiente,,,0,2021/03/20,Web
CLI-00046,Javier Peña Alvarado,574686269,F,37,Medellín,2,Soltero  ,Profesional,Independiente,1530000.0,575,0,2017-10-13,Bancaseguros
CLI-02369,Andrea Diana Pabón Arias,1523976153,M,55,Cúcuta,2,Casado,  Bachiller,Empleado,2578000.0,643,2,2022-09-25,Corredor
CLI-01627,Adriana Sánchez Gutiérrez,362027618,M,62,MEDELLÍN,3,unión libre,Profesional,Pensionado,3067000.0,655,0,2017/11/23,Agencia
CLI-00054,ana olga rojas castillo,1540795340,F,29,Medellin,1,Viudo,Profesional,Empleado,1328000.0,548,0,06/11/2020,Bancaseguros
CLI-04801,Marcela Herrera Aguirre,490547469,M,18,Bucaramanga,5,Soltero,Profesional,Empleado,,723,2,,corredor
CLI-04840,Camilo Marín Rivera,1836414566,masc,20,  Bogotá,2,Unión libre,Profesional,estudiante,1313000.0,561,0,2022-02-13,Agencia
CLI-03925,Julia Yadira Córdoba,1323027375,M,26,Cali,1,Casado,Profesional,Empresario,3706000.0,553,1,2017-03-03,Web
CLI-00935,Danna  Ana  Arteaga,1714864252,F,50,Bucaramanga,1,Casado,Profesional,Empleado,2005000.0,581,0,09/08/2018,web
CLI-03356,Emerson Juan Quintero,471572181,M,32,BOGOTA,1,Unión libre,Técnico,Independiente,1408000.0,514,1,2018-06-30,Web
CLI-02305,Martha Lorena Flórez Ramírez,802315099,M,31,B/quilla,4,Viudo,POSGRADO,Empleado,7967000.0,620,1,2022-03-01,Agencia
CLI-03370,Luz Ochoa Portilla,1720660380,M,59,BOGOTA,3,UNIÓN LIBRE,Profesional,Empleado,4550000.0,736,1,17/01/2022,Bancaseguros
CLI-02528,Eder Wilmar Gallego,835840614,F,34,CALI,3,Casado,Técnico,Empleado,3828000.0,759,1,2022-01-21,Bancaseguros
CLI-00494,Eduardo Carrillo Durán,1543371593,M,52,,1,Viudo,Profesional,Independiente,795000.0,505,2,2023-04-18,CORREDOR
CLI-01249,Edilberto Mario Zapata,493251406,F,74,Bogotá,1,Soltero,Bachiller,Pensionado,2195000.0,607,1,2020/02/29,bancaseguros
CLI-00362,Sneider Muñoz Rodríguez,393925004,M,45,Pereira,3,Unión libre,Profesional,Independiente,5263000.0,724,0,20/01/2021,  Corredor
CLI-03038,William Sergio García,138475114,M,,SANTA MARTA,2,Casado,Posgrado,Independiente,5173000.0,562,0,2019-05-18,Web
CLI-01434,Liliana Johanna Contreras,1082963212,M,33,Santa Marta,2,Soltero,Bachiller,Pensionado,1557000.0,656,2,2017-07-18,Asesor comercial
CLI-03536,María Díaz,900375213,F,34,Bogotá,1,Soltero  ,PROFESIONAL,PENSIONADO,1246000.0,592,1,01/12/2019,Web
CLI-02259,Heidy Domínguez Reyes  ,1023894003,M,58, Medellin ,5,Soltero,Técnico,Pensionado,5912000.0,613,2,2017-08-14,Agencia
CLI-05100,Ángela Cristina Navarro Giraldo,1634102736,F  ,38,Bogotá,5,Soltero,Técnico,Empleado,12064000.0,683,0,2021-05-11,Bancaseguros
CLI-00352,Edgar Carlos Rueda Cardona,1802757050,M,54,,3,Soltero,Técnico,Pensionado,,626,2,02/12/2022,Bancaseguros
CLI-00873,José Fernando Álvarez Rueda,492797691,F,80,Barranquilla,2,Soltero,Profesional,Pensionado,2540000.0,672,2,04/09/2018,Corredor
CLI-00772,Yuliana Blanca Sánchez Benavides,426782003,F,48,Medellín,1,Unión libre,Profesional,Independiente,1804000.0,504,1,2017/11/26,WEB
CLI-02746,Orlando Lozano Romero,1788458259,Femenino,43,Cali,3,Unión libre,Técnico,Independiente,3194000.0,640,4,2021/10/05,Asesor comercial
CLI-00357,ORLANDO JOSE MOLINA VARGAS,304660232,F,54,Bogotá,1,Soltero,Profesional,Empleado,1970000.0,606,1,2019-03-01,Web
CLI-02448,Santiago León González Orozco  ,1428029950,M,34,Bogotá,3,Viudo,Bachiller,Empleado,2325000.0,529,1,2017/09/12,Bancaseguros
CLI-00565,Julieth Blanca Ángel,706054761,  F,18,Bogotá,4,Soltero,Técnico,Independiente,,648,0,09/06/2020,Agencia
CLI-00612, Catalina Torres ,296190244,F,0,Bogotá,3,Casado,Profesional,Empleado,5423000.0,713,0,2018-07-14,  Bancaseguros
CLI-00238,Sebastián Ronald Serrano,584754927,F,41,Medellín,3,Casado,Profesional,Pensionado,,591,1,20/11/2017,Web
CLI-00576,Manuel Montenegro Ramírez,143135779,fem,51,Cartagena,3,Casado,Bachiller,Empleado,2993000.0,690,0,2020-08-22,Asesor comercial
CLI-04347,Andrés Soto,659222874,fem,51,Medellín,3,Soltero,Bachiller,Empleado,1940000.0,566,2,2024-04-16,Asesor comercial
CLI-00488,NELSON MEDINA,1138005620,M,31,Barranquilla,2,Divorciado,Bachiller,Empleado,1796000.0,633,0,2021-11-03,Corredor
CLI-00070,Nelly Cortés,1870469139,M,62,Cali,4,Casado,Técnico,Empleado,4674000.0,768,0,2022/09/05,Corredor
CLI-02820,Edith Angie Villamil,808380652,F,24,Bogotá,2,Unión libre,Técnico,Empleado,,549,5,02/07/2018,Web
CLI-02850,Jaime López,687015683,M,41,BARRANQUILLA,3,Casado,Profesional,Pensionado,7102000.0,624,2,2018-12-20,Bancaseguros
CLI-02959,Shirley Suárez Mejía,1823283336,M,20,Bucaramanga,4,Divorciado, Técnico ,Independiente,3073000.0,632,3,16/08/2023,Corredor
CLI-05095,Álvaro Zuluaga Sandoval,342291646,F,40,Cali,3,Casado,Profesional,Independiente,2599000.0,575,2,2017-02-26,Agencia
CLI-02989, Argemiro García ,1890775411,M,33,Bogotá,5,Soltero,BACHILLER,Empleado,,562,0,2020-11-03,ASESOR COMERCIAL
CLI-02926,Patricia Sánchez,1347176887,F,57,Bogotá,2,Soltero,Bachiller,Independiente  ,2303000.0,649,0,2022-09-04,Bancaseguros
CLI-04900,Jesús Pablo Castro,1699260775,F,39,,3,Casado,Profesional,Independiente,5379000.0,756,1,2018-04-29,Bancaseguros
CLI-02170,Ofelia Castro Hernández,1116466625,F,24,Barranquilla,2,Soltero,Técnico,Empleado,2837000.0,601,1,2024-11-15,Corredor
CLI-02768,Stella Mosquera  ,1112345501,F,53,Manizales,2,Unión libre,Posgrado,Empleado,$5.165.000,731,3,2023-01-07,Asesor comercial
CLI-03598,Victoria Consuelo Salazar,273369393,F,39,BOGOTA,2,Unión libre,Bachiller,Independiente,955000.0,612,1,05/03/2017,BANCASEGUROS
CLI-03245,Martha Esther Romero García,1506428664,M,39,Barranquilla,3,Casado,PROFESIONAL,Independiente,1771000.0,611,1,2019-03-06,Agencia
CLI-03141,VANESSA PATRICIA MARIN,918386512,M,27,cali,3,Casado,Bachiller,Empleado,3280000.0,657,0,2024-06-07,Agencia
CLI-04964,Henry Ramos,789529391,M,57,Bogotá,4,Unión libre,BACHILLER,Pensionado,2976000.0,729,3,2020-02-19,Web
CLI-04986,Cesar Enrique Munoz Mendoza,853964865,M,18,,4,Divorciado,Profesional,Independiente,7643000.0,701,1,2017/12/26,  Agencia
CLI-04869,LUZ LÓPEZ,1781374990,M,40,Cali,1,Casado,Profesional,Empresario,2242000.0,584,1,2022-11-26,Agencia
CLI-03874,Yina Patricia Monsalve,1638965585,M,58,Cúcuta,2,Casado,Técnico,EMPRESARIO,5694000.0,727,0,2019-03-08,Asesor comercial
CLI-01024,Maria Castro Castillo,419499672,F,37,PEREIRA,3,Casado,Profesional,Independiente,5028000.0,665,0,2020/02/09,Asesor comercial
CLI-04627,Natalia Aura Muñoz Ordóñez,1178551870,fem,41,Manizales,3,Divorciado,Posgrado,Empleado,4178000.0,607,3,INVALID_DATE,Bancaseguros
CLI-01763,Jhon Galeano Herrera,1242766471,M,40,,2,Unión libre,profesional,Independiente,4630000.0,601,1,01/08/2020,Bancaseguros
CLI-01084,Manuel Muñoz,182079625,F,45,,4,Unión libre,Bachiller,Empleado,6672000.0,674,1,2019-07-01,Asesor comercial
CLI-00918,Henry Iván Agudelo,638181513,M,28,Bogotá,4,  Casado,bachiller,Pensionado,6151000.0,612,1,2021-11-13,Web
CLI-03347,Ximena Gómez Castro,1807173349,F  ,-3,SANTIAGO DE CALI,3,Soltero,TÉCNICO,Empleado,3345000.0,690,2,2020-06-12,ASESOR COMERCIAL
CLI-01394,Claudia González Hernández,1371781004,M,50,Bogotá,4,Unión libre,Bachiller,Empresario,12575000.0,733,2,12/03/2023,Agencia
CLI-02650,María Esther Peña Mena  ,1402013381,F,38,Bogotá,2,Unión libre,PROFESIONAL,Empleado,1715000.0,616,1,2024-08-03,Corredor
CLI-05108,inés marcela ortiz solano,1821169963,M,26, Cali ,4,Divorciado,Técnico  ,,6268000.0,818,2,2024-10-21,Asesor comercial
CLI-02579,Maritza Luz Burbano Burbano,729347630,M,34,Cartagena,4,Casado,Posgrado,Empleado,4000000.0,595,1,18/07/2020,WEB
CLI-01099,Alberto Camilo Serna Sierra,994649886,F,44,Bogotá,5,Casado,  Bachiller,Empresario,10131000.0,647,0,13/07/2023,Corredor
CLI-02250,Lilia Teresa Solano Pérez,735898527,M,50,Bogotá,1,Soltero,Profesional,Empresario,,559,2,2019-09-19,Corredor
CLI-04116,Carmen Forero  ,767494644,M,24,Barranquilla,4,Casado,Bachiller,Independiente,,,2,2023-12-31,Bancaseguros
CLI-00509,Eugenia Osorio Zapata,1267648943,F,43,MEDELLÍN,2, Unión libre ,Posgrado,Empleado,2249000.0,667,4,2019-03-23,Corredor
CLI-02651,María Barrios Carvajal,514173805,F,60,SANTA MARTA,3,Soltero,Bachiller,Pensionado,3038000.0,635,2,17/06/2018,Asesor comercial
CLI-03788, Jorge Gómez Figueroa ,1836422039,M,68,Santa Marta,3,Casado,Profesional,Pensionado,3695000.0,709,2,07/10/2024,Bancaseguros
CLI-02693,Nayibe Bravo,712059262,F,40,MEDELLIN,6, Casado ,Bachiller,Pensionado,13564000.0,846,2,2024-02-01,Asesor comercial
CLI-02988,leonardo valencia,800649648,F,45,Cartagena,2,Soltero,profesional,Empresario,5399000.0,578,3,17/05/2019,Agencia
CLI-02686,Augusto Díaz Gaviria,1410808369,F,33,MEDELLIN,4,Casado  ,Técnico,Empleado,6674000.0,562,0,2022/04/08,Bancaseguros
CLI-03785,Eduardo Juan Cardona,1381385669,F,47,Manizales,5,Casado,Bachiller,Pensionado,7065000.0,781,1,INVALID_DATE,Asesor comercial
CLI-01896,Tatiana Navarro,1312676879,M,26,Manizales,3, Divorciado ,Posgrado,Independiente,3838000.0,650,0,2024-05-13,asesor comercial
CLI-02570,David Niño Ospino,1261424819,F,18,Cartagena,4,Divorciado,Profesional,EMPLEADO,3045000.0,688,2,18/03/2019,  Web
CLI-05133,José Maldonado Torres  ,950305077,M,39,Pereira,3,Unión libre,Profesional,Independiente,3612000.0,606,0,2018-02-09,Corredor
CLI-03985, Emilio García Orozco ,1797771142,  M,58,Cali,2,Unión  libre,Profesional,Empleado,1339000.0,677,3,2021-06-23,Bancaseguros
CLI-02158,Gregorio Ochoa,1046570696,M,46,Barranquilla,5,Divorciado,Profesional,  Empleado,5615000.0,716,4,30/10/2019,Web
CLI-03641,Edier Quintero,1077876429,M,59,medellín,4,Soltero,Técnico,Independiente,5340000.0,819,5,17/08/2019,Asesor comercial
CLI-04716,Jennifer Bustamante Álvarez,946412149,M,18,Cúcuta,3,Soltero,Profesional,Pensionado,2410000.0,561,0,02/10/2021,Asesor comercial
CLI-04677,Juan Duque Álvarez,81249211,M,49, Manizales ,1,Soltero,Profesional,Independiente,1734000.0,667,1,2023-12-30, Web 
CLI-04634,Jessica Josefa Vergara Triana,1095401148,M  ,19,Bogotá,1,Soltero,Técnico,Empleado,,689,0,18/08/2017,Bancaseguros
CLI-02027,NELLY ESMERALDA BARRERA,1328187693,F,54,Pereira,5,Soltero,Profesional,Empleado,6768000.0,703,0,15/04/2023,Web
CLI-00329,Jesús Pablo Durán,1842730512,F,56,CARTAGENA DE INDIAS,5,Casado, Técnico ,Empleado,11813000.0,700,3,28/09/2022,CORREDOR
CLI-04370,José Suárez Bolaños,74393129,M,30,,2,Soltero,Profesional,Empresario,4112000.0,627,0,2018-04-07,Web
CLI-03273,Juan Rodríguez Burbano,340674070,F,22,Bogotá,3,Casado,Profesional  ,Empleado,1482000.0,560,1,2022-11-20,Bancaseguros
CLI-01438,Ariel Luis Morales,1738836975,F,18,  Bogotá,5,Casado,BACHILLER,Empleado,18130000.0,745,0,2024-05-25,Agencia
CLI-01346,José Chaparro Cardona,1828233207,F,18,Cali,2,DIVORCIADO,Profesional,Pensionado,1839000.0,482,1,14/07/2018,Asesor comercial
CLI-00253,José Arias,830090362,M,48,  Medellín,3,Viudo,Profesional,,5881000.0,689,2,06/01/2022,Web
CLI-00946,Eduardo Emilio Gómez Sánchez,1812423477,M,,Bucaramanga,1,Divorciado,Profesional,Empleado,1051000.0,669,1,18/12/2018,Corredor
CLI-01472,Pedro Nilson Obando Medina,1345148453,M,18, Bogotá ,3,Casado,Técnico,Pensionado  ,1729000.0,541,0,2022-06-26,Asesor comercial
CLI-02533,Edinson Rico,164571196,F,41,Bogotá,3,Casado,Bachiller,Empleado,3559000.0,615,0,2022/04/29,ASESOR COMERCIAL
CLI-01482,Yaneth Blanco Tovar,1790027499,M,35,Medellín,1,Casado,Bachiller,Independiente,1226000.0,577,1,2017/09/04,Asesor comercial
CLI-02717,Javier Manuel Perdomo Guzmán,869886216,F,36,Bogotá  ,2,Unión libre,Bachiller,Empleado,2499000.0,640,1,INVALID_DATE,Web
CLI-04501,  Sandra Becerra,1599917336,M,61,Pereira,1,Casado,Técnico,Pensionado,1196000.0,596,0,2017/10/24,Asesor comercial
CLI-03980,Juan Contreras Contreras,426347707,F,67,Cúcuta,3, Soltero ,Bachiller,Pensionado,3211000.0,712,1,2021-02-04,Web
CLI-04734,Rubén Muñoz Ayala,1541241789,M,32,Bogotá D.C.,2,Viudo,Técnico,Empleado,1440000.0,586,0,2017-10-24,web
CLI-01858,Lida Clara Herrera Cortés,1416262869,M,60,Pereira,1,Unión libre,Bachiller,Pensionado,618000.0,525,0,2018-05-29,Bancaseguros
CLI-05082,Arley Andrés Murillo,1854403019,F,40, Bogotá ,6,Divorciado,PROFESIONAL,Empleado,11024000.0,723,0,2020-08-27,Bancaseguros
CLI-03968,Omaira Vargas Mejía,1753775498,M,42,Cartagena,3,Casado,TÉCNICO,Empresario,3903000.0,752,0,2024-07-18,Corredor
CLI-02300,VÍCTOR NARVÁEZ CUESTA,1307677144,F,27,Cali,3,Divorciado,Profesional,Empleado,1999000.0,514,2,2018/10/23,Asesor comercial
CLI-03319,Constanza Gómez Díaz,885991042,M,36,Medellín,3,Unión libre,Técnico,Independiente,3294000.0,661,2,29/10/2024,Agencia
CLI-00740,Rosa Ofelia Medina,1433173906,M,45,Bogotá,2,Casado,Profesional,Empresario,3414000.0,673,1,2018-09-19,Web
CLI-01360,Edgar  Soto  Fuentes,462725776,Masculino,53,Cali,2,Casado,Bachiller,Empleado,,563,0,2017-11-11,Web
CLI-03066,Henry Franco Gutiérrez,1409784497,M,47,Manizales,2,Soltero,Profesional,Empleado,1864000.0,587,2,2021-05-10,ASESOR COMERCIAL
CLI-00602,Carolina Deisy Garzón,1268846827,F,44,Santiago de Cali  ,3,Viudo,Bachiller,Pensionado,3248000.0,707,1,2024/05/05,Corredor
CLI-02901,Leonor Jenny Mejía Castro,1422715498,M,,Medellín (Antioquia),2,Casado,Profesional,Independiente,2327000.0,585,1,12/12/2021,Agencia  
CLI-03129,Angélica Córdoba Meneses,1501489055,F,36,Bogotá,6, Soltero ,Técnico,Empleado,11675000.0,739,3,29/08/2021,Bancaseguros
CLI-00647,Edgar Acosta Torres,627470852,M  ,80,Bogotá,2,Soltero,bachiller,Pensionado,1665000.0,670,1,2017/02/23,Web
CLI-00267,Juliana Gamboa,538165378,Masculino,18,BUCARAMANGA,4,Casado,Bachiller,Empresario,9786000.0,700,1,2024/09/27,Web
CLI-02812,ÁNGELA VANEGAS MORENO,615163070,F,23,Medellín,5,divorciado,Profesional,Empleado,5613000.0,671,2,2017-11-15,Asesor comercial
CLI-04049,Shirley Benavides,457834021,M,46,Bogotá,4,casado,Tecnico,Empresario,7444000.0,637,0,2018-05-16,Agencia
CLI-01932,Ruth Sánchez,1633004107,F,37,Pereira,4,Divorciado,Profesional, Independiente ,4747000.0,749,0,2022/01/01,Agencia
CLI-01900,Ana Cantillo Valencia,307776991,masc,48,Bogotá,2,Unión libre,Técnico,Independiente,3605000.0,656,0,2021-01-23,Corredor
CLI-02774,Liliana Emilse García,1424925062,M,49,Bogotá,5,Divorciado,Profesional,Empleado,8398000.0,750,0,03/08/2023,Bancaseguros
CLI-00868,Raúl Augusto Bautista González,193779515,F,57,,6,soltero,Bachiller,Empleado,11080000.0,679,2,2022/09/15,Bancaseguros
CLI-05145,Martín Elkin Henao,789854919,M,41,Bogota,2,Unión libre,Técnico  ,Empleado,3332000.0,617,1,2024-10-01,Asesor comercial
CLI-03601,Cecilia Yolima Mosquera Uribe,1755493693,M,37,MEDELLIN,2,Casado,POSGRADO,Empleado,1758000.0,503,1,,Agencia
CLI-02696,Dayana Díaz Gaitán,494785506,M,38,Bogotá,3,  Unión libre,Profesional,Empresario,8070000.0,570,1,2017-08-10,Corredor
CLI-04557,  Sebastián Arroyo Jiménez,194283636,fem,41,Cali,2,Casado,Profesional,Empleado,3082000.0,716,0,2017-05-12,Agencia
CLI-03599,William Méndez,1151804387,F,38,Barranquilla,3,Soltero,Profesional  ,Empresario,5460000.0,651,1,2024/05/27,Asesor comercial
CLI-00882,Luz Peña,1684575597,F,22,,2,Casado,técnico,  Independiente,2260000.0,600,0,2018-05-08,Agencia
CLI-02053,Rosa Zuluaga,1733109358,M,34,SANTIAGO DE CALI,3,Casado,Profesional,Independiente,3544000.0,630,3,25/05/2018,Asesor comercial
CLI-00985,Anderson Pinzón Ramos,1174400774,M,30,CÚCUTA,2,Soltero,Profesional,Empleado,2503000.0,644,2,2018-07-22,Asesor comercial
CLI-02222,Doris Salazar,578379760,M,42,  Bogotá,2,Divorciado,Profesional,Independiente,1723000.0,555,0,2019-08-19,Asesor comercial
CLI-04367,María  Cáceres,1361207992,M,24,Cali  ,6,Unión libre,Bachiller,Independiente,$7.878.000,723,2,2020-03-28,Web
CLI-03728,Adriana Rojas Franco,852364788,M,56,Medellín,2,Soltero  ,Bachiller,Independiente,2540000.0,590,1,03/08/2020,  Bancaseguros
CLI-00818,Héctor Humberto Hoyos,418468244,F,41,Medellín,5,Casado,profesional,Empleado,11521000.0,708,0,2017-02-25,Bancaseguros
CLI-01505,Martha Elisa Sánchez,1653162910,F,35,BARRANQUILLA,3,Soltero,Profesional,Empresario,9462000.0,671,4,2020-12-24,Asesor comercial
CLI-04641,Elena Castro,1583866383,M,40, Bogotá ,1,Soltero,Posgrado,Empleado,$1.653.000,610,3,26/09/2017,Corredor
CLI-04941,Gregorio  Sánchez,789511374,F,53,Barranquilla,2,Unión libre,Bachiller,Empleado,1713000.0,595,1,2022-04-28,Bancaseguros
CLI-01882,Gloria  María  Benítez,352483544,F  ,32,Cartagena de Indias  ,2, Casado ,Técnico,Independiente,3391000.0,535,0,24/03/2020,  Asesor comercial
CLI-02864,Lucila Inés Henao,1007930193,M,40,Bogota,6, Casado , Profesional ,Empleado,9042000.0,560,0,2017-08-31,BANCASEGUROS
CLI-03210,Susana Rita Ocampo Córdoba,533804486,M,28,Cucuta,2, Casado ,Técnico  ,Empleado,3376000.0,647,3,17/02/2022,Bancaseguros
CLI-01750,Patricia Hernández Amaya,1503800580,M,18,,2,Soltero,Posgrado,Independiente,$1.851.000,544,0,22/02/2022,Asesor comercial
CLI-00412,Armando Suárez,323428877,F,28,Cartagena,4,Divorciado  ,Bachiller,Empleado,6595000.0,730,0,03/10/2018,Asesor comercial
CLI-00637,Kevin Michael Castellanos Gómez,1016267396,F,74,Cúcuta,4,Casado,Profesional,Pensionado,4022000.0,645,0,2018-05-31,Asesor comercial
CLI-00864,Claudia Lara Pedraza,104871888,F,18,Cali,4,Viudo,Profesional,Empresario,14046000.0,628,1,07/06/2022,BANCASEGUROS
CLI-01370,Carlos Valencia,1461088597,masc,62,Bogotá,3,Unión libre,Posgrado,Pensionado,2872000.0,685,0,2020/12/02,Agencia
CLI-03676,Carlos Monroy Arias,323060526,F,67,Cartagena,3,Divorciado,Profesional,Independiente,4470000.0,740,1,2021/11/03,  Corredor
CLI-00657,ALEXIS BARRIOS,344902880,F,,Medellín,2,Unión libre,Profesional,,2102000.0,540,3,09/06/2022,Asesor comercial
CLI-02993,José González Velasco,398260877,M,59,Bucaramanga,1,Divorciado,Profesional,Empresario,,723,2,2022-10-19,Web
CLI-00745,Arturo Jiménez,1076486545,F,24,Bogotá,2,Soltero, Profesional ,Empleado,1550000.0,562,0,2018-04-01,Corredor
CLI-01100,Miguel Johan Valencia,1768271461,M,31,  Bogotá,3,Soltero,Bachiller,Independiente,3179000.0,607,0,2022-08-15,Bancaseguros
CLI-02080,Milena Roa Yepes,1240113051,M,44,Medellín,4,Casado,Posgrado,Independiente,4628000.0,656,1,2022-05-01,Web
CLI-02804,Carlos Segundo Castillo Rodríguez  ,608283211,F,33,Santa Marta,2,Divorciado,Profesional,Independiente,1542000.0,578,2,24/12/2024,Corredor
CLI-01397,ALEXIS RODRÍGUEZ REYES,1434055421,F,28, Cartagena ,2, Soltero ,Técnico,,,723,1,2017-11-24,  Asesor comercial
CLI-02337,Sandra Morales Burbano  ,153875939,F,53,Bogotá,1,Casado,Técnico,Empleado,886000.0,563,0,29/06/2022,  Agencia
CLI-02094,WILLIAM AREVALO,12296955,M,39,Barranquilla,3,Soltero,Posgrado,Independiente,3309000.0,681,1,19/08/2024,Bancaseguros
CLI-02702,rafael marcos castillo,589579067,F,40,b/quilla,1,Unión libre,Bachiller,Empleado,1433000.0,562,1,2022-11-29,Bancaseguros
CLI-04032,Iván Pinzón Rubio,1764080823,M,43,Bogotá,4, Unión libre ,Profesional,Empresario,12374000.0,678,0,2018/02/25,Web
CLI-01324,Miguel García,217030796,F,55,Cali  ,1,Divorciado,Técnico,Empleado,2125000.0,730,0,23/02/2019,Corredor
CLI-01289,jefferson medina,364563173,M,-3, Bogotá ,3,Divorciado,Profesional,Empleado,3743000.0,503,1,2023-10-06,Bancaseguros
CLI-02052,Sandra Cifuentes Ramírez,999496338,M,31, Cúcuta ,3,Soltero  ,Técnico,Empleado,,704,2,11/01/2019,WEB
CLI-00166,Enrique Joel Muñoz Prieto,165352447,M,51,Cali,3,Casado,Técnico,Empleado,2936000.0,661,3,2023/08/08,Web
CLI-01585,maría triana,1063569999,F,73,Cali,5,Unión libre,Bachiller,Pensionado  ,6212000.0,749,0,2021-10-03,Agencia
CLI-01916,Adriana Díaz Garzón,1720195587,Masculino,37,Medellin,3,Soltero,Profesional,Empleado,3749000.0,636,1,2022-04-10,asesor comercial
CLI-02703,María Luna,818003720,M,46,b/quilla,3,Soltero,Posgrado,Empleado,3991000.0,636,1,2020/11/12,Web
CLI-04899,Yurani Andrea Pérez,697683154,fem,31,Bogotá,5,Unión libre,Bachiller,Empleado,10709000.0,652,0,2024-07-04,Agencia
CLI-04171,  Mauricio Jorge López Cano,282168842,F,39,Cúcuta,3,Casado,Profesional,Independiente,2571000.0,644,2,2018-06-04,Asesor comercial
CLI-00555, José Fernando Ángel ,560985902,M,61,MANIZALES,2,Divorciado,Posgrado,Independiente,3402000.0,618,0,2023-10-31,Asesor comercial
CLI-02256,Carlos Castro,790097030,F,36,Bogotá,5,Soltero,Profesional,Pensionado,6982000.0,698,2,2017/03/03,Web
CLI-03847,Yeison Torres,904800298,F,45,Pereira,6,Divorciado,Bachiller,Empleado,13913000.0,633,0,2019-09-14,Agencia
CLI-01545,Aleida Cuéllar,1673750239,M,27,Bogotá,4,Viudo  ,Bachiller,empleado,2993000.0,,2,2020/03/30,Asesor comercial
CLI-05138,Camilo Zuluaga Vallejo,793143975,Masculino,45,Cartagena,2,Casado,Profesional,Empleado,3518000.0,626,1,2019/12/29,Agencia
CLI-04820,Gloria Valencia,179915011,F,39,Cali,1,Casado,Bachiller, Empleado ,2603000000.0,618,0,15/08/2018,Agencia
CLI-02588,MARÍA GARCÉS NIETO,803053241,masc,34,Medellín  ,2,Casado,Técnico,Empleado,2082000.0,518,0,2024/11/12,ASESOR COMERCIAL
CLI-00480,Daniela Cardenas Villamil,1340390286,M,44,Cúcuta,2,Soltero,Posgrado,Empleado,2134000.0,676,1,28/06/2017,Agencia
CLI-04663,Lorena María Alarcón,901436932,M,54,CARTAGENA,2,Soltero,Bachiller,Independiente,,686,3,20/11/2023,Asesor comercial
CLI-05034,Myriam Paola Pulido Jiménez,276812154,F,71,Barranquilla,3,Unión libre,Profesional,PENSIONADO,2507000.0,651,5,2022-09-13,Asesor comercial
CLI-03521,Camilo Espitia,1827419384,F,48,,3,Soltero,POSGRADO,Empleado,5615000.0,568,2,2024-12-14,Agencia
CLI-01634,María Mora,830788907,F,56,Cali,2,Unión libre,Profesional,Empresario,2152000.0,532,0,2020-02-25,Asesor comercial
CLI-03118,Adela Luz Pineda Rojas,795520399,F,55,Bogota DC,3,Soltero,Posgrado,EMPRESARIO,6001000.0,634,2,25/12/2021,Agencia
CLI-02712,Betty Gilma Álvarez,831726806,M,37,Cali,3,Casado,POSGRADO,Independiente,2544000.0,646,0,2018-06-22, Asesor comercial 
CLI-01360,Edgar  Soto  Fuentes,462725776,Masculino,53,Cali,2,Casado,Bachiller,Empleado,,563,0,2017-11-11,Web
CLI-00658,Alberto Calderón  ,453580441,M,37,Barranquilla,2,Casado,Técnico,Independiente,1864000.0,558,0,06/04/2017,Bancaseguros
CLI-04432,Laura Londoño Medina,79878190,F,41,Barranquilla,2,Unión libre,PROFESIONAL,Empleado,3214000.0,706,0,31/07/2024,Corredor
CLI-00904,SANDRA EDITH PACHECO CÁCERES,170092342,fem,31,Bogotá,3,Unión libre,Posgrado,Empleado,3616000.0,762,1,03/03/2017, Bancaseguros 
CLI-00942,José Fredy Lozano,440379332,F,55,MEDELLÍN,6,Soltero,Posgrado,Pensionado,13648000.0,768,1,25/01/2023,Bancaseguros
CLI-02893,Patricia Bedoya,573309600,F,62,Bucaramanga,2,Unión libre,Bachiller,Empleado,$1.727.000,607,0,2022-02-03,ASESOR COMERCIAL
CLI-04267,ALEXANDER MEDINA MORENO,1804938974,M,32,Pereira,4,CASADO,Técnico,Empleado,5496000.0,639,1,2019/11/27,Agencia
CLI-02668,Alba Claudia Martínez,1211430347,M,18, Bogotá ,2,Divorciado,Bachiller,Independiente,2013000.0,472,1,2023/12/21,Bancaseguros  
CLI-04308,Andrés Giraldo,1710435605,M,53,Bogotá,2,Casado,Bachiller,INDEPENDIENTE,0.0,488,0,2017-02-08,Web
CLI-01979,Junior Pérez Castellanos,1584223755,Femenino,18,Bogotá,4,CASADO,Bachiller,Empleado,6590000.0,646,0,2021-05-10,Corredor
CLI-00571,Enrique Beltrán Arenas  ,1006500803,M,30,Santiago de Cali,2,Casado,Técnico,Empleado,,587,0,24/07/2018,Web  
CLI-03102,Eugenia Quintero Camargo,1113155246,M,38,,3,Soltero,Bachiller,Empleado,3289000.0,718,0,2018/01/11,Agencia
CLI-03384,Esteban Marín Mena,333392198,F,34,Medellin,3,Unión  libre,Profesional,  Empleado,7188000.0,762,1,2023-07-01,Asesor comercial
CLI-01600,Carmen Liliana Henao Bermúdez,405137792,M,39,Medellín,6,Casado,Bachiller,Empleado,26527000.0,944,4,08/11/2020,Agencia
CLI-01223,Alexander Bernal,602853178,F,34,  Santa Marta,2,Divorciado,Bachiller,Pensionado,1304000.0,547,0,05/05/2021,Web
CLI-03945,John Hernández Quintero,126699800,M,43,Bucaramanga,2,Viudo,Técnico,Empleado,1900000.0,602,1,2023/07/18,Asesor comercial
CLI-03200,Óscar Dairo Pérez Tamayo,1777669364,F,28,Bogotá,3,Casado,Posgrado,Empresario,5107000.0,563,0,15/11/2022,ASESOR COMERCIAL
CLI-00496,Cristian Padilla Torres,1827358870,F,21,Cali,3,Casado,Bachiller,independiente,3788000.0,734,0,2021-03-13,Agencia
CLI-02063,Luz García,1513376762,F,46,Cali,2,Unión libre,Técnico,,2276000.0,629,1,2019/09/27,Agencia
CLI-00870,Laura Elizabeth Arenas,1451427990,M,52,Bogotá,3,Unión libre,Profesional,Pensionado,$0,592,1,11/07/2021,Bancaseguros
CLI-03454,Martha María Ramos Valencia,802678666,M,49,,2,Unión libre,Posgrado,Empleado,1028000.0,623,2,2019-08-14,Agencia
CLI-03055,Johana Aguilar Marín,111248011,F,38,,3,Casado,Técnico,Pensionado,3041000.0,669,0,2017-09-27,Agencia
CLI-00316,Gloria García,257098748,M,20,,4, Soltero ,Bachiller,Independiente,2570000.0,621,4,2020/02/23,Web
CLI-00100,Diego Palacio,1585618843,Femenino,69,Cartagena,4,Unión libre,Posgrado,Empleado,$0,657,1,2017-03-18,Bancaseguros
CLI-03950,Edith Amparo Herrera Patiño,1407500885,Masculino,48,MANIZALES,1,Divorciado,Profesional,Empleado,1325000.0,544,0,2023-06-25,Corredor
CLI-03474,Enrique Gómez,134278429,M,44, Medellín ,4,Casado,Profesional,Empleado,4659000.0,641,2,24/09/2023,Agencia
CLI-02321,José Fuentes Sánchez,1315682272,Masculino,53,  Cali,1,Divorciado,Posgrado,Pensionado,1948000.0,556,2,2022-01-03,Asesor comercial  
CLI-01824,Nilson Alarcón Ramírez,33231815,F,27,Cúcuta,2,Soltero,Técnico,Empresario,3251000.0,659,2,2017-06-11,Corredor
CLI-01577,Valentina Deisy Ortiz,43350548,F,27,medellín,3,Soltero,Técnico,Empleado,4220000.0,624,1,2024-11-01,Corredor
CLI-01566,Mercedes Oliva Becerra Escobar  ,624804166,M,34,Bucaramanga,2,Soltero,Bachiller,Empleado,1505000.0,664,1,2022-01-12,Bancaseguros
CLI-03285,Armando Daniel Montoya,962093406,M,37,Cali,3,Casado,Profesional,Empleado,3720000.0,750,2,05/10/2024,Agencia
CLI-00211,Ignacio Ramón Mendoza,264192431,F,31,Cali,3,casado,Bachiller,Empresario,7069000.0,681,0,10/03/2017,Bancaseguros
CLI-02111,Antonio Gabriel Angarita,1507090765,F,50,Bogotá,3,Soltero,Bachiller,Empleado,4111000.0,626,0,2023/03/23,Agencia
CLI-03957,Fernando Juan Beltrán Marín,775214801,F,56,Medellín,3,Unión libre,Técnico,Empleado,3032000.0,490,1,2017-07-07,WEB
CLI-01340,Marlén Stella Pinto,1514611076,M,59,Cali,3,Unión libre,Técnico,  Empleado,3505000.0,702,0,2018-12-18,Corredor
CLI-02336,Alba Delgado,1677220716,F,35,Barranquilla,2, Soltero ,Bachiller,Independiente,2628000.0,697,1,06/03/2021,Asesor comercial
CLI-00077,Julio González Garcés,533901149,M,59,  Bogotá,1,Divorciado,Bachiller,Pensionado,1067000.0,584,2,2018-04-07,Asesor comercial
CLI-01554,Jenny Pineda,183608245,M,45,Bogotá,3,Soltero,Bachiller,Empleado,2389000.0,545,0,2017/06/07,Corredor
CLI-04747,Freddy Gallego,996892367,M,42,Medellín,4,Unión libre,Profesional,Independiente,3426000.0,602,0,2018/12/17,Agencia
CLI-04345,CARLOS MORALES,1422525585,F,200, Bogotá ,3,Casado,Profesional,Empleado,4682000.0,575,1,2024-06-15,Bancaseguros
CLI-00226,Leonardo Salazar,371179990,F,54,Cali,2,  Casado,Técnico,Empleado,2026000.0,647,1,2022/11/29,Web
CLI-00875,Marina Juliana Ramos,1293175561,F,50,Pereira,3,Casado,Profesional,Empleado,4915000.0,766,0,2022/01/03,Asesor comercial
CLI-01148,Yadira María Pinto Barrios,547933269,Femenino,41,Cucuta,3,Casado,Profesional,Pensionado,4399000.0,550,0,2024/07/11,Bancaseguros
CLI-00774,Yaneth Marisol Figueroa Guerrero,773711567,F,54,Cali,3,Casado,Técnico,Pensionado,3019000.0,749,1,INVALID_DATE,Agencia
CLI-00053,MARLY CARMONA,161635884,F,42,Medellín,3, Casado ,Técnico,Independiente,3528000.0,642,1,2021-07-12,Asesor comercial
CLI-04101,Geovanny Víctor Arias,1814872161,masc,56,Cali,5,Soltero,Bachiller,,9393000.0,683,0,2020-01-10,Bancaseguros
CLI-03364,Ángel Carlos Calderón Muñoz,1286309217,F,28,MEDELLÍN,2,Unión libre,Profesional,Empleado,4990000.0,647,1,2017-10-06, Corredor 
CLI-03449,Kevin David Ceballos Pérez,1252522415,M,37,Bogotá,4,Soltero,Bachiller,Empleado,8645000.0,767,1,2017-09-12,  Web
CLI-04828,Patricia Esther Saavedra Villamizar,457123397,M,40,,3,Casado,Bachiller,Pensionado,3810000.0,693,1,30/10/2018,Asesor comercial
CLI-04164,Efrain José Hurtado Hernández,100463051,M,31,Bucaramanga,3,Unión libre,Posgrado,Empresario,7180000.0,609,2,2021-03-03,Web
CLI-02302,Natalia  Peña,765032840,F,23,BOGOTÁ,4,Unión libre,Posgrado,Estudiante,1949000.0,519,0,2023-10-03,  Agencia
CLI-04270,Miguel Restrepo,1646962884,F,31,Santiago de Cali,3,Unión libre,Profesional,Empleado,4629000.0,757,0,25/02/2017,Web
CLI-03605,Luz Magnolia Caicedo,346226838,F,50,Barranquilla,6,Casado,Bachiller,Empresario,,818,2,2021-02-23,Web
CLI-04566,Nelson Rojas Navarro  ,1823795520,F,34,Cartagena,2,CASADO,Profesional,Empleado,$1.512.000,533,3,2021/09/23,Web
CLI-03700,Claudia Adriana Caicedo,121818464,M,49,Bogotá,4,Soltero,Bachiller, Empleado ,3384000.0,736,0,2017-08-26,Agencia
CLI-03926,Ángela Carolina Bohórquez,1844454759,F,42,Bogotá,3,Casado,Técnico,Independiente,4792000.0,496,0,27/04/2019,Asesor comercial
CLI-03831,Henry Jhon Padilla,479002620,M,18,Bogotá,4,Soltero,Profesional,Empleado  ,5271000.0,658,2,05/09/2017,Corredor
CLI-00934, Mateo Ramírez ,716549238,F,20,Bogotá,3,soltero,BACHILLER,Empleado,3981000.0,577,1,2021-04-08,Web
CLI-04471,Zoraida Carmen Mosquera Jiménez,810095569,f,20,Cúcuta,2,DIVORCIADO,Posgrado,Empresario,1848000.0,528,0,2021-07-13,Web
CLI-03767,Andrés Diego Díaz,635476672,F,51,,3,Casado,Bachiller,Empresario,202050000.0,628,0,2019-01-15,Web
CLI-01359,Álvaro Andrés Cárdenas Barragán,1615417033,F,44,Bogotá,4,Casado,Bachiller,Empleado,2609000.0,627,2,2022-09-19,Asesor comercial
CLI-02513,Deyanira Patricia Castillo Navarro,410528804,M,67,Bogotá,4,Viudo,Técnico,Pensionado,4826000.0,663,1,2022-06-01,Agencia
CLI-01105,Ángela Constanza Guzmán Riascos,594441138, M ,52,Cartagena,1,Unión libre,Profesional,Independiente,2113000.0,456,1,2023-02-09,Asesor comercial
CLI-05023,Amparo Piedad Pérez,1878412925,F,34,bogotá,2,Casado,Bachiller,Empleado,2225000.0,485,2,2018-04-14,Asesor comercial
CLI-01160,Claudia Benavides Sánchez,1122575285,F,39,Medellín,3,Soltero,Bachiller,Empresario,4068000.0,567,2,2024/06/04,Agencia
CLI-01768,Diana Natalia Escobar,1257161589,M,37,Cartagena,2,Soltero,Técnico,Pensionado,2388000.0,724,0,2019-03-10,Web
CLI-01270,Diana Salgado Ardila,356189606,F,46,Bogotá,4,Soltero,Bachiller,Independiente,8267000.0,716,0,28/10/2022,Corredor
CLI-03317,Alejandro Santiago Tamayo,829602392,F,26,Cartagena,2,Divorciado,Bachiller,,$1.884.000,580,2,2022-02-12,Asesor comercial
CLI-05167,Doris Páez,976866118,M,40,  Manizales,3,  Soltero,Bachiller,Empleado,,745,2,19/03/2017,Asesor comercial
CLI-01650,Julio Vergara,1687700479,F,55,Cali,2,Unión libre,Técnico,Empleado,1906000.0,581,2,2023-02-23,Corredor
CLI-01095,Fernando Edwin Díaz Rodríguez,93671514,F,18,PEREIRA,5,Unión libre,Profesional,Empleado,0.0,783,0,04/07/2020,Agencia
CLI-03633,María Díaz Pardo,536231882,Femenino,34,Cucuta,3,Soltero,bachiller,Pensionado,1859000.0,453,2,2023/08/12,Asesor comercial
CLI-03741,Milena Patricia Tamayo Parra,1379952383,M,25, Cali ,1,Divorciado,Bachiller,Empleado,1572000.0,552,2,2021/12/18,web
CLI-04976,Camilo Carlos Agudelo Torres,284905957,M,26,BARRANQUILLA,3,DIVORCIADO,Profesional,Estudiante,1439000.0,454,0,2017-10-15,Asesor comercial
CLI-03518,Andrés Jaimes Monroy,223872749,M,39,Bogotá,2,Casado,Técnico,Empleado,1965000.0,598,2,2017-09-20,Bancaseguros
CLI-01379,Valentina Gloria García,1154085403,F,32,Medellín,4,Soltero,Técnico,Empleado,6108000.0,708,0,2020/08/02,Web
CLI-02009,Eduardo Martínez Mosquera,1632786497,M,40,Barranquilla,6,casado,Posgrado,EMPLEADO,,697,2,2024-04-05,Asesor comercial
CLI-00181,Gustavo Valderrama,1338273139,F,25,B/manga,2,Casado,Profesional,EMPLEADO,,553,2,2021-07-25,Agencia
CLI-03014,Jhon Ever López,430096883,F,57,Cúcuta,5,Soltero,Profesional,Independiente,11543000.0,752,1,2021-12-07,Web
CLI-00299,Jenny Nidia Gutiérrez González,1840235118,F,53,Bogotá,3,Divorciado,Posgrado,Empresario,7969000.0,626,2,23/11/2021,Asesor comercial
CLI-00679,Carlos Sergio Lara,1211734278,m,44,bogotá,3,Divorciado,Bachiller,Independiente,2789000.0,678,1,2017/12/13,Agencia
CLI-02719,Amalia Marina Jaimes Carrillo,1600414072,M,25,Bogotá,2,Soltero,Profesional,Independiente,1301000.0,544,0,2019-09-09,Bancaseguros
CLI-03152,Jhony Rentería,1146360596,F,32,Cúcuta,1,SOLTERO,Posgrado,Empleado,2049000.0,448,3,2019-02-24,Web
CLI-00691,Victoria Luisa Rosero Sánchez,790813691,M,62,Cali,2,Soltero,Profesional,Empleado,2732000.0,660,2,25/06/2019,Asesor  comercial
CLI-03489,Eder Rojas,213492696,masc,29,Manizales,2,Casado,Bachiller,Empresario,2669000.0,648,1,2023/01/11,Asesor comercial
CLI-00856,Nubia Daniela Moreno Rodríguez,506535094,M,38,Bogotá,2,Casado,Bachiller,Empleado,967000.0,571,0,14/04/2023,Web
CLI-00984,Francisco Ferney Durán,1707347871,M,34,Santiago de Cali,3,Casado,Posgrado,Pensionado,4094000.0,731,1,2024/03/01,Web
CLI-00757,Ana María Meza Jiménez,395306497,M,30,Bogotá,4,Unión libre  ,Bachiller,Empresario,10685000.0,816,3,2019-03-14,Agencia
CLI-02495,María Salazar,882817046,F,49,BTA,5,Divorciado,Bachiller,Empresario,26115000.0,808,1,18/09/2017,Web
CLI-01901,Bladimir Ramírez Giraldo,623805576,F,48,Bogotá,1,Unión libre  ,Bachiller,Empleado,1661000.0,550,2,2018/06/06,Agencia
CLI-01791,Jonathan Rivera,1430405626,F,43,cúcuta,4,Soltero,Posgrado,Independiente,3710000.0,494,2,2023-03-04,Web
CLI-03503,Sebastián Naranjo,1466353650,M,63,Bucaramanga,2,Soltero,Profesional,Empleado,1880000.0,629,1,2021/03/19,Agencia
CLI-03515,Wilman Alberto Durán Gutiérrez,440859333,F,30,Cali,6,Casado,Técnico,Empleado,13064000.0,685,1,2019/01/22,Asesor comercial  
CLI-00544,Andrés José Pérez Sierra,1369147905,F,74,Bogotá,1,Casado,técnico,Pensionado,1862000.0,618,1,2022/11/21,Corredor
CLI-04940,Rosa Janneth Pedraza Bernal,641782437,M,43,Medellín,3,Casado,Profesional,Independiente,,643,0,2020-06-29,Asesor comercial
CLI-04272,Luis Rodrigo Sepúlveda Torres,360003721,M,37,Cartagena,1,Soltero,Técnico,Empleado,1844000.0,672,3,17/07/2023,Web
CLI-02882,Antonio Alveiro Orozco Martínez,818422860,M,50,Medellín,2,Soltero,Profesional,Empleado,1591000.0,556,2,2019-10-05,Asesor comercial
CLI-01085,José Guzmán,1088593281,F,33,Bogotá,2,Viudo,Profesional,Independiente,2806000.0,572,2,05/11/2019,Asesor comercial
CLI-04319,Carlos Nieto González,1034544528,F,43,Cali,2,Unión libre,Profesional,,1745000.0,447,3,2022/02/28,Bancaseguros
CLI-03504,Marina Cielo Meneses Cárdenas,102168135,Femenino,18,Medellín,3,Soltero,Profesional,Independiente,1970000.0,9999,2,2017/08/25,Asesor comercial
CLI-01114, Nubia Claudia Tamayo ,444116065,  F,39,Bogotá,4,Soltero,Bachiller,Empleado,7348000.0,760,1,2017/04/09,Web
CLI-02701,Efrain Juan Rengifo,1644230812, F ,27,,5,Unión libre,Profesional,Empleado,8895000.0,624,1,2023-11-04, Asesor comercial 
CLI-04480,GUILLERMO EFRAIN JARAMILLO,1365731200,F,32,Pereira,4,Unión libre,Profesional,Independiente,9961000.0,834,0,03/09/2017,Bancaseguros
CLI-02449,Judith Delgado,812355678,F,60,BOGOTA,4,Soltero,Posgrado, Pensionado ,4438000.0,724,0,2024-10-22,AGENCIA
CLI-01867,Johan Valencia,1516804309,Femenino,46,Bogotá,4,Unión libre,Bachiller,Empleado,10615000.0,630,2,2019-12-02,Bancaseguros
CLI-00696,Luis Cáceres,1016767447,F,40,Bogota,3,Unión libre, Profesional ,Empleado,3482000.0,552,1,07/03/2024,Bancaseguros  
CLI-00558,María Ana Amaya,728623274,F,41,Cali,5, Soltero ,Profesional,Empleado,6808000.0,640,0,2024-09-28,Agencia
CLI-04433,IVAN CASTELLANOS,892780780,F,55,MEDELLÍN,4,Casado,Profesional,Empresario,9382000.0,828,0,02/05/2019,Web
CLI-00359,juan camacho guzmán,1383274779,F,32,Bogota,1,Soltero,Bachiller,Independiente,850000.0,606,2,02/10/2022,Agencia
CLI-00136, Juan Ricardo Cano ,1127485272,M,34,BOGOTA,5,Soltero,Profesional,Empleado,4660000.0,737,2,2018/01/21,Agencia
CLI-00208,Alexandra Martha Guevara Gómez,947364095,F,45,Cali,3,Soltero,Profesional,Independiente,2557000.0,662,0,09/03/2023,  Asesor comercial
CLI-03765,Liliana María Jaimes,866494414,M,28,Cali,2,Soltero,Profesional,Empleado,2737000.0,462,2,2020-03-23,Bancaseguros
CLI-02433,Jader López Muñoz,479838026, F ,31, Bogotá ,1,Casado,Profesional,EMPLEADO,2308000.0,,1,2021-11-09,Asesor comercial
CLI-03017,Nelly Castro Zapata,800987820,F,,  Bucaramanga,2,Soltero,Profesional,Independiente,1819000.0,566,0,2024/06/20,Corredor
CLI-02306,Hermes Javier Alzate Restrepo,1566501006,M,42,Pereira,5,Soltero,Posgrado,Empleado,6834000.0,820,2,04/03/2021,Asesor comercial
CLI-02944,Enrique Quiroz,1740252685,M,60,BOGOTA,3,Unión libre,Técnico,Pensionado,2888000.0,573,3,,Web
CLI-01367, Luis García ,542429099,M,40,Santa Marta,3,Unión libre,Técnico,Empresario,3896000.0,511,3,2023/04/05,Bancaseguros
CLI-03095,maría elena garcía aguirre,480297631,M,32,Pereira,3,  Unión libre,Bachiller,Independiente,1772000.0,667,1,INVALID_DATE,Web
CLI-03749,Vicente González Sánchez,1295462776,M,26,Barranquilla,3,Soltero,Bachiller,INDEPENDIENTE,2142000.0,577,0,2022/09/25,ASESOR COMERCIAL
CLI-01749,SANTIAGO DAIRO ARIZA GUERRERO,1262990444,M,56,Bogotá,4,Soltero,Técnico,Empleado,5365000.0,740,0,09/08/2022,Agencia
CLI-04261,GLORIA RODRIGUEZ,1732199633,F,30,CALI,2,Divorciado,Posgrado,Independiente,3352000.0,664,1,2024-05-29,Asesor comercial
CLI-04758,Mercedes González,1044917110,F,35,Cartagena,3,Unión libre,Bachiller,,3255000.0,666,2,2019-01-20,Agencia
CLI-03388,Alfonso Jhon Marín Rojas,1704214183,F,50,Medellín,3,  Unión libre,Profesional,Pensionado,1647000.0,501,0,29/05/2019,Bancaseguros
CLI-04751,Roberto Olaya Bustamante,962132303,M,39,Bogotá,4, Casado ,Profesional,Empleado,4523000.0,631,1,27/12/2022, Asesor comercial 
CLI-01018,Angie Julieth Granados,879919952,F,47,Bogotá,6,soltero,Técnico,Empleado,18726000.0,883,1,2017-02-13,Asesor comercial  
CLI-02118,Esmeralda Margoth Bustos Molina,426643323,M,-5,cartagena,3,Casado,Técnico,Independiente,2129000.0,567,1,2021-03-13,Web
CLI-01910,Patricia Sandra Mejía Blanco,601415442,F,27,medellín,4,Casado,Bachiller,Empleado,5795000.0,637,1,2020/05/11,Asesor comercial
CLI-04764,  Carlos Fernando Castro Rodríguez,483569083,F,38,  Cartagena,2,Soltero, Profesional ,Empleado,1965000.0,566,3,2018-05-29,Corredor
CLI-04527,Ana Mosquera Gutiérrez,1635270427,F  ,42,Bogotá,2,Casado,Profesional,Empresario,2988000.0,617,0,2017-10-13,Asesor comercial
CLI-03607,Carmen Prada,386190566,M,41,BOGOTÁ,5,Casado,Profesional,,9347000.0,723,1,20/04/2022,Asesor comercial
CLI-03648,Clara Ojeda,843219694,M  ,53,  Bucaramanga,5,Casado,Bachiller,  Independiente,7829000.0,690,0,11/10/2024,WEB
CLI-03897,Esperanza Díaz,364999360,masc,26,PEREIRA,5,Unión libre,Técnico,Independiente,,707,0,30/01/2024,Asesor comercial
CLI-02678,Patricia Acosta Rodríguez,1146795469,F,45,Pereira,3,Soltero,Bachiller,Empleado,4426000.0,645,3,22/06/2023,Agencia
CLI-02885,Cecilia  Yulieth  Peña,456339422,F,21,Bta,3,Soltero,Posgrado,Empleado,,602,1,2019/10/13,Asesor comercial
CLI-01362,Liliana Quintero,1341546782,M,51,Pereira,2,Soltero,Bachiller  ,Pensionado,2041000.0,632,5,2024/07/29,  Bancaseguros
CLI-00815,RAMIRO FERNANDO AMAYA,487946929,M,63,Bogotá D.C.,2,Viudo,Posgrado,Pensionado,2989000.0,746,0,2024-01-08,Web
CLI-05122,Alfonso Jeison Muñoz Rojas,991551646,M,40,Medellín,1,Unión libre,Profesional,Empleado,2846000.0,618,0,2017/05/15,  Corredor
CLI-03931,María Elsa Vallejo Escobar,1572690530,F,33,Cartagena de Indias,2,Divorciado,Profesional,Empresario,3235000.0,623,3,2020/03/10,Agencia
CLI-03146,James Ovidio Murcia,1649756510,F,29,Bogotá,2,Soltero,Posgrado,Empresario,4637000.0,660,1,2021-02-28,Corredor
CLI-01862,ANDERSON ALVARO IBARRA,758552241,F,38,MEDELLIN,6,Casado,Bachiller,Empleado,$14.798.000,812,3,2023-04-10,WEB
CLI-01997,Lorena  Silvia  Díaz,1502045965,M,42,,3,Soltero,Posgrado,Pensionado,2488000.0,588,0,2018/06/04,Asesor comercial
CLI-03904,Yaneth Patricia Triana Valencia,168203814,F,47,Manizales,1,Unión libre,Posgrado  ,Empleado,1008000.0,439,0,2024-05-06,Bancaseguros
CLI-00921,Jaime Hernández,1010686629,M,62,Bogotá,3,Soltero,Profesional,Independiente,3104000.0,701,0,20/12/2024,Bancaseguros
CLI-00348,James Tulio Guerrero Medina,197113001,M,999, Bogotá ,4,Casado,Técnico,Empleado,4510000.0,701,0,2023-01-21,  Agencia
CLI-03771,Óscar Jorge Pérez Forero,667712905,F,18,Cúcuta,3,Divorciado,Profesional,Empresario,7969000.0,742,2,2021-03-30,Agencia
CLI-01969,Fabio Fonseca Alzate,33114094,M,43, Cúcuta ,4,Casado,Técnico,Empresario,10904000.0,576,0,2022-06-30,Agencia
CLI-02803,Mauricio Restrepo Luna,1836384934,M,51,CARTAGENA,5,Casado,bachiller,Empleado,8559000.0,764,2,2017-06-23, Asesor comercial 
CLI-02765,Fredy Brayan Rodríguez,1031570615,M,18,,4,Soltero,Posgrado,Independiente,4964000.0,625,1,2017-06-14,Bancaseguros
CLI-00421,Tatiana Molina Sierra,587222461,fem,49,BARRANQUILLA,3,Casado,Técnico,Pensionado,2888000.0,571,3,30/06/2024,Agencia
CLI-00443,Segundo Arturo Martínez Hernández,847898096,F,28,Manizales,3,Unión libre,POSGRADO,Independiente,2532000.0,657,2,2020/03/29,Corredor
CLI-00502,Inés Sandoval,269962157,F,30,Manizales,3,Casado,Profesional,Independiente,3396000.0,682,1,2024/03/04,Bancaseguros
CLI-03587,Alberto León Villa Corredor,236401731,M,49,B/manga,2,Unión libre,Técnico,Empresario,5833000.0,598,1,15/11/2018, Asesor comercial 
CLI-03922,Pilar Caballero,1038474277,F,60,Barranquilla,3,Divorciado,Bachiller,  Pensionado,3030000.0,611,0,2019-10-19,Asesor comercial
CLI-01770,César José Navarro Contreras,1127012004,F,37,Bogotá,4,Unión libre,Bachiller,INDEPENDIENTE,8426000.0,737,2,,Web
CLI-02861,Fernando Julio Álvarez,1394816387,M,45,Bogota D.C.,2,Casado,Profesional,Independiente,4401000.0,555,0,2022-08-05,Bancaseguros
CLI-00361,Elena Correa,1299892265,F,40,Bogotá  ,2,Casado  ,BACHILLER, Independiente ,2597000.0,566,0,2024/11/22,Agencia
CLI-00451,marlon medina herrera,172858170,Masculino,44,  Cali,4,Soltero,PROFESIONAL,Independiente,6344000.0,801,1,09/11/2023,Bancaseguros
CLI-03229,Carlos Albeiro Rivera,239516877,F,48,  Bogotá,3,Divorciado,Bachiller,Empleado,2435000.0,652,4,16/11/2022,Asesor comercial
CLI-04973,Antonio Rodríguez Arango,1795836854,M,48,Cúcuta  ,2,Unión libre,Técnico,Pensionado,2230000.0,631,0,22/04/2024,Agencia
CLI-02556,Felipe Geovanny Trujillo,452862985,F,36,Pereira,2,Soltero,Posgrado,EMPLEADO,1616000.0,729,0,2021/01/22,web
CLI-00341,Rosa Clemencia Bustamante Restrepo  ,557070726,M,53,Medellín,3,Unión libre  ,Profesional  ,Independiente,2688000.0,525,1,24/10/2021,Web
CLI-04555,Omar Alfonso Vallejo,668899068,M,999,Cali,4,Divorciado,Técnico,Pensionado,3534000.0,672,1,2022/02/24,  Asesor comercial
CLI-00963,Mauricio González,1383304144,M,51,bogotá,2, Casado ,profesional,Independiente,2098000.0,616,1,2023/02/23,Asesor comercial
CLI-04109,Jorge Sebastián Cabrera Ariza,673173971,F,29,Bucaramanga,2,Unión libre,Profesional,Empleado,1225000.0,471,1,2021/10/13,Web  
CLI-03053,  Juan Alberto Herrera Bohórquez,1491373144,F  ,32,Manizales,2,Casado,profesional,Independiente,1612000.0,720,3,14/04/2023,Bancaseguros
CLI-01036,Antonio López,1454548092,F,43,Medellín,3,Unión libre,Posgrado,Independiente,4627000.0,696,3,2021-07-06,WEB
CLI-03757,Yulieth Alejandra Sánchez Fernández,1644184831,M,60,B/quilla,3,Viudo,Profesional,Pensionado,4619000.0,633,5,29/03/2019,Bancaseguros
CLI-04082,Andrés Medina,1314588408,M,33,Pereira,3,Divorciado,Posgrado,Empleado,3999000.0,594,1,2022/08/01,Web
CLI-01798,Antonio Riascos,956846317,Masculino,25,CALI,1,Divorciado,Tecnico,Independiente,2553000.0,637,0,2020-10-18,Asesor comercial
CLI-01469,Ruth González Rodríguez,1899014377,F,40,Manizales,1,Unión libre,Bachiller,EMPLEADO,1550000.0,520,1,2019/07/15,  Corredor
CLI-02964,Erika Leticia Pérez Pérez,757755460,F,35,Bogotá,3,Soltero,Técnico,Empleado,2227000.0,721,1,14/06/2018,Agencia
CLI-04603,Sebastián Cabrera Ávila,168347904,F,59,Bogotá  ,4,SOLTERO,Profesional  ,Independiente,4889000.0,667,0,2019-09-24,Agencia
CLI-03081,Federico  Alveiro  Niño,1223644292,M,18,Cali,2,Unión libre,Profesional,Empresario,3871000.0,675,1,2020-01-05,Bancaseguros
CLI-00184,Catherine Sandoval,1824780187,M,48,b/quilla,5,Soltero,Técnico,Empleado,11002000.0,603,4,31/10/2022,Web
CLI-02721,Luis Perdomo,445645647,F,29,Bogotá,6,Soltero,Profesional,Empleado,11686000.0,746,0,2018-11-27,Web
CLI-02827,Claudia Erika Cruz,1720641395,M,34,  Cartagena,2,Casado,Profesional,Empleado,2455000.0,636,1,2017/06/29,Agencia
CLI-04509,Gladis Martínez Mosquera,383574503,F,42,BARRANQUILLA,2,Unión libre,Profesional,Empleado  ,2299000.0,553,0,2023-12-12,Asesor comercial
CLI-04648,OSCAR GOMEZ,1698463638,M,34,Barranquilla,1,Unión libre,Profesional,Empleado,1462000.0,,2,22/05/2024,Bancaseguros
CLI-01828,Wilmer Emilio Delgado,748265260,f,30,Bogotá,4,Soltero,Profesional,Independiente,3854000.0,601,1,06/06/2024,Web
CLI-03164,Yamile Tania Prieto,789760612,F,26,Bucaramanga,3,Unión libre,Profesional  ,EMPLEADO,2093000.0,600,3,2017-01-04,  Bancaseguros
CLI-03077,Rolando Gregorio Amaya García,293069231,Masculino,55,Bogotá,2,  Casado,Profesional,Empleado  ,2699000.0,696,0,2019-12-21,Corredor
CLI-03253,Astrid Xiomara Ramírez,89273487,M,52,Cali,1, Soltero ,Profesional,Independiente,$1.470.000,532,4,2024-04-08,Corredor
CLI-01849,Edgar Rigoberto Carvajal Valencia,385524367,M,28,Cali,2,CASADO,Bachiller,Empleado,2866000.0,644,0,2017-05-10, Agencia 
CLI-04380,Isabel Márquez,1852422901,M,36,  Cali,2,Soltero, Profesional ,independiente,4324000.0,733,0,07/01/2017,Corredor
CLI-03015,Mario Manrique,1632494997,M,80,Santiago de Cali,5,Unión libre,Profesional,Pensionado,0.0,672,2,2023/09/24,Asesor comercial
CLI-03244,Iván Gómez Fernández,1824967575,M,50,Bogotá,2,Casado,Profesional,Empleado,3060000.0,635,3,2021-05-05,Asesor comercial
CLI-01176,Sandra Lina Muñoz Ramos,1826227704,F,54,Pereira,4,SOLTERO,Bachiller,Independiente,8179000.0,643,1,2022-06-10,Agencia
CLI-03075,Gabriel Silva Díaz,172991479,F,39,Cartagena,2,Soltero  ,Profesional,PENSIONADO,1604000.0,593,2,2017-03-13,Web
CLI-02491,Andrés Freddy Bolaños,1242745403,F,44,Medellín,2,Casado,Técnico,Pensionado,2090000.0,576,1,2022-05-14,Web
CLI-01821,Isabel Guerrero,739170395,F,25,Medellín (Antioquia),5,SOLTERO,Profesional,Independiente,9114000.0,652,3,2022-05-12,Agencia
CLI-01342,Sandra Ardila Herrera,1156443820,F,66,  Santa Marta,2,Unión  libre,Técnico,Pensionado,2719000.0,791,0,2024-09-19,Asesor comercial
CLI-01421,Adrián Rincón Barragán,1103173838,F,52,Cali,5,Soltero,Profesional,EMPLEADO,7082000.0,799,0,13/05/2022,Web
CLI-01057,Roberto Juan Sierra Barragán,1285538637,F,22,Bogotá,3,Unión libre,Bachiller,Empleado,2709000.0,586,2,14/10/2018,Web
CLI-01247,Alejandro Miranda,1129957693,Femenino,34,Cali,2,Unión libre,Profesional,Independiente,2437000.0,504,1,,Web
CLI-04601,Aleida Pinto,223055884,F,50,BOGOTA,2,Unión libre,Técnico,Empleado,1368000.0,587,1,2024-12-27,Agencia
CLI-01619,Marlene Yurany Ramírez Narváez,1875172976,F,27,,3,Soltero,Técnico,Empresario,4401000.0,641,0,2024-06-04,Web
CLI-02241,BLANCA ANGULO,1204229240,M,39,Cartagena,3,Divorciado, Profesional ,Empleado,$4.761.000,,1,INVALID_DATE,Asesor comercial
CLI-03458,Rubiela Sandra Arteaga Restrepo,682002679,F,42,Manizales,2,Unión libre,Técnico,Independiente,3918000.0,607,0,05/01/2023,Agencia
CLI-03712,Carlos Lozano,541138954,F,23,Bogotá,5,Casado,Bachiller,Pensionado,7730000.0,727,1,23/11/2024,Agencia
CLI-01665,Joaquín Agudelo,529318541,F,60,Cali  ,2,Unión libre,Técnico,Pensionado,2218000.0,648,1,29/10/2017,Web
CLI-04665,Daniel Suárez,1625021668,F,56,Santa Marta,3,Casado,Profesional,Independiente,3787000.0,704,1,19/05/2020,Corredor
CLI-03942,Augusto Hernán Suárez Guzmán,569998551,M,33,Cali,5,Divorciado,Bachiller,Empleado,9166000.0,704,1,31/12/2019,Bancaseguros
CLI-00515,Elena Muñoz Valencia,778819850,M,43,Pereira,6,Casado,Profesional,Empleado,17767000.0,835,1,2022-12-04,Web
CLI-02404,Carlos José Ortega Quintero,693395374,F,53,  Bogotá,2,Casado,Bachiller,Independiente,2165000.0,729,3,11/09/2022,Agencia
CLI-02631,María Rodríguez,1088726110,M,26,Bucaramanga  ,2,Unión libre,Profesional,Empleado,1883000.0,609,2,29/11/2018,  Asesor comercial
CLI-03226,Fabio Luis Castro Castro,1270643369,F,48,Pereira  ,4,Casado,bachiller,Independiente,6471000.0,524,4,INVALID_DATE,Agencia
CLI-02946,Eduardo Sánchez Galvis,910737203, M ,51,Bogotá,3,Casado,Posgrado,Independiente,2736000.0,635,0,06/06/2024,Asesor comercial
CLI-03392,Liliana Melissa Salamanca Pacheco,653785204,F,41,Bogotá,2,Casado,Profesional,Empleado,2306000.0,564,1,2022-10-10,Corredor
CLI-01892,Leidy Rocío Serna Uribe,1213193261,F,72,Cartagena,3,Unión libre,Posgrado,Pensionado,2145000.0,619,0,2024/05/15,Agencia
CLI-02552,MARÍA INÉS PALACIOS,562142358,F,39,Bogota,6,Soltero,Profesional,Empleado  ,17408000.0,747,0,2021-07-04,Asesor comercial  
CLI-02315,Yenny Escobar,645968435,M,40, Bogotá ,3,Soltero,Técnico,EMPRESARIO,5940000.0,623,0,2024-11-30,Web
CLI-02362,Armando Andrés López,1343969849,M,31,Barranquilla,3,Viudo,Profesional,Empleado,3156000.0,397,0,INVALID_DATE,Agencia
CLI-00782,Rafael Alarcón,1306032151,F,56,Santa Marta,2,Soltero,Posgrado,Empresario  ,3078000.0,615,2,2021-11-06,Agencia  
CLI-03911,José  Julián  Mendoza  Pérez,499416736,F,18,Bogotá  ,4,Soltero,Bachiller,Empleado,,619,1,2019/04/20,Corredor
CLI-00159,Sandra Olga Vanegas Rendón,1381873509,F,38,Bogotá,3,Divorciado,Bachiller,Empresario,7960000.0,649,4,2022-07-12,Asesor comercial
CLI-00119,Edgar Toro Martínez,421261545,M,53,Cali,5,Casado,Técnico, Empleado ,6579000.0,736,3,26/04/2017,Web
CLI-04174,Marina Díaz Hernández,648787780,M,57, Bogotá ,3,Viudo,Posgrado,Empleado,2645000.0,546,1,2023-12-15, Agencia 
CLI-03519,Luz Granados,1728776205,F,39,Pereira,2,Casado,Posgrado,Independiente,1471000.0,590,2,2019-11-02,Corredor
CLI-03134,ALIRIO ALEXANDER PABÓN,274423392,M,41,Medellín,3,Soltero,PROFESIONAL,Empleado,3459000.0,510,0,24/11/2024,Asesor comercial
CLI-03567,Geovanny Peña Escobar,1472804298,F,18,Bogotá,3,unión libre,Profesional,Pensionado,0.0,665,0,2019-08-22,Corredor
CLI-02973,Elena Ana Guerrero Vega,1635599735,M,54,Cartagena,3,Divorciado,Posgrado,Independiente,2339000.0,743,1,INVALID_DATE,Bancaseguros
CLI-04424,Augusto Camilo Moreno Henao,1536610993,M,18,Bogotá,4,Divorciado,Profesional,Empleado,5528000.0,613,1,2021-10-16,Web
CLI-02313, Enrique Tomás Chacón ,552879420,m,40,bogotá,2,Unión libre,Profesional,Empleado,1280000.0,491,1,2019-08-22,Web
CLI-04198,David Jaimes,1393834532,F,37,Bucaramanga,5,Soltero,TECNICO,Independiente,7673000.0,670,2,21/07/2021,Bancaseguros
CLI-04817,Fernando Juan Forero,1009931670,M,42,Cali,3,Unión libre,Bachiller,Independiente,1795000.0,486,1,2022/01/08,BANCASEGUROS
CLI-04982,Leidy Escobar Villamizar,1238918328,M,30,Manizales,6,Casado,Profesional,Empleado,12787000.0,742,0,2024/09/07, Agencia 
CLI-01568,  Alberto Rosero Arango,1024542931,M,33,BTA,3,Casado,Profesional,INDEPENDIENTE,4800000.0,598,1,2020-06-13,Asesor comercial
CLI-04795,Henry Sánchez,1880646278,M,44,Medellín,4,Unión libre,Posgrado,Independiente,7996000.0,775,2,26/08/2023,Asesor comercial
CLI-00574,ALEXANDER CIRO TAMAYO JIMENEZ,287388214,F,46,Medellin,3,Unión libre,Profesional,Pensionado,2322000.0,696,1,2020-02-06,Bancaseguros
CLI-00621,Juan Hernández Rojas,385903781,F,36,Bogotá,3,Soltero,Posgrado,Independiente  ,1986000.0,597,0,05/12/2024,Agencia
CLI-02017,Carolina Yuly Ibarra,1465128914,M,34,Bogotá,2,Soltero,Profesional,Empleado,2197000.0,595,0,07/08/2020,Agencia
CLI-03259,Miguel Jhon Gallego,1081986741,F,40,Bogotá,2,Unión libre,Bachiller,Empleado,,639,1,07/10/2024,agencia
CLI-02646,Inés Daniela González Álvarez,1150675465,F,48,Cali,2,Casado,Tecnico,Empleado,3010000.0,660,0,2017-04-24,Web  
CLI-03974,Daniel Carlos Gómez,1740774803,M,24,Cúcuta,3,Soltero,  Posgrado,Pensionado,3560000.0,761,1,2020/02/02,Corredor
CLI-04191,Jackeline Sofía Álvarez,691516476,M,40,Bogotá,1,Unión libre,Profesional,Empresario,3099000.0,714,1,2022-07-26,Asesor comercial
CLI-00668, Yurany Ana Valencia Orozco ,514046520,F,48,Medellín,2,Casado,Profesional,Empleado,2423000.0,636,0,2021-09-23,Bancaseguros
CLI-00270,Santiago Rincón Chávez,65939022,M,26,Bogotá,3,Soltero,Profesional,Empresario,11226000.0,638,1,2019/05/12,Agencia
CLI-02677,Alberto José Moreno Rojas,755282847,M,41,PEREIRA,3,Soltero,Profesional, Independiente ,2761000.0,508,1,22/08/2021,Agencia
CLI-04221,Ángela Johana Giraldo,381760651,M,55,Cali,6,Soltero,Profesional  ,Empleado,12752000.0,701,1,, Agencia 
CLI-03069,Luis Julio León Suárez  ,483002170,F,39,,6,Unión libre,Profesional  ,Independiente,23009000.0,758,0,INVALID_DATE,Corredor
CLI-03817,Alfonso Jiménez,1678440729,M,50,Medellín,4,Casado,Técnico,,3689000.0,610,1,30/05/2022,Corredor
CLI-01081,Elizabeth Cruz Zambrano,402122209,M,36,Pereira,3,Soltero,Bachiller,Independiente,2242000.0,505,1,27/12/2022,Bancaseguros
CLI-00047,Gladys Castrillón,582997774,M  ,40,Bta,1,Viudo,Técnico,Independiente,1662000.0,538,1,2022/03/17,Asesor comercial
CLI-00817,NORMA YAMILE ARENAS CARVAJAL,1012026301,F,56,Bogotá,2,Unión libre,Profesional,Empleado,3142000.0,618,2,2020-09-12,Asesor  comercial
CLI-04979,William Moreno Martínez,752595059,F,41,Medellín,5,Soltero, Bachiller ,Empleado,8701000.0,762,0,02/07/2021,Web
CLI-00389,Luz Jennifer Cárdenas Burbano,913058238,M,47, Cartagena ,4,Unión libre,Bachiller,Empleado,7910000.0,731,4,26/09/2022,Asesor comercial
CLI-03551,Luis Vladimir Solano,1355285139,F,26,bucaramanga,1, Soltero ,Técnico,  Empleado,3006000.0,732,2,2020-08-16,Agencia
CLI-02674,Julio Hernández,986721776,M,32,MEDELLÍN,5,Soltero,PROFESIONAL,Independiente,10182000.0,658,0,2019-06-26,Corredor
CLI-00398,Armando Daniel Duarte,1584146302,M,44,Cali,6,Casado,Posgrado,Independiente,13997000.0,685,3,2019-04-25,Asesor comercial
CLI-03606,Martha Rojas Arias,16611648,  M,59,Manizales,1,Soltero,posgrado,Independiente,1016000.0,623,1,2017-05-28,Asesor comercial
CLI-03435,Patricia Maritza Ortiz,103831287,M,36,Santa Marta,6,Casado, Técnico ,Empleado,27563000.0,902,1,15/12/2024,Asesor comercial
CLI-04093,Jairo Zapata Velásquez,562311067,F,53,Medellín (Antioquia),3,Soltero,posgrado,Pensionado,6641000.0,724,2,2018-02-07,WEB
CLI-04534,Mariela Rodríguez,1412748350,F,24,CALI,2,Soltero,Bachiller,  Empleado,1797000.0,609,1,2018-06-12,Bancaseguros
CLI-00420,Didier Humberto Díaz,1682966830,F,33,  Cúcuta,5,Casado,Profesional,EMPLEADO,7752000.0,686,1,18/10/2021,Agencia
CLI-02239, Sandra María Chávez ,1497708155,M,41,MEDELLÍN,4,Viudo,Profesional,Empleado,4945000.0,589,1,2023-07-21,Bancaseguros
CLI-03823,María Garzón Castro,789270681,F,30,Medellín,4,  Unión libre,Profesional,Empresario,14953000.0,621,2,2017/07/02,Agencia
CLI-05080,Jhon Serrano Marin,115315841,F,58,Barranquilla,2,Casado,Tecnico,Empleado,1377000.0,577,1,,Agencia  
CLI-04117,María Angie Alzate Torres,67423070,F,41,Bucaramanga,5,divorciado,Profesional,INDEPENDIENTE,10895000.0,637,0,2021-11-10,Asesor comercial
CLI-05021,Harol Henry Sanabria Rodríguez,207402246,F,36,Medellin,3,Unión libre,Bachiller,Independiente,3038000.0,710,1,2022-02-04,Web
CLI-04266,Alexander Julián Díaz Pérez,742985583,F,38,Medellín,3,Soltero,Posgrado,Empresario,8338000.0,707,0,08/06/2019,  Corredor
CLI-00919,Milena Andrea Carrillo Díaz,395301414,M,22,Bucaramanga,2,Soltero,Bachiller,Independiente,1647000.0,470,2,2022/07/04,Web
CLI-04537,César John Rentería Medina,990342310,F,61,Cartagena,4,Casado,Técnico,Empresario,10983000.0,864,1,2024-06-30,Asesor comercial
CLI-04067,Alberto Álvarez Peña,15845491,M,46,Bucaramanga,2,Soltero, Profesional ,Independiente,2778000.0,667,2,23/03/2021,Bancaseguros
CLI-04563,Sergio Edilson Henao,1150991394,M,48,BOGOTA,3,Divorciado,Técnico,Empleado,4703000.0,676,1,18/04/2022,Asesor comercial
CLI-02451,Humberto Rubio,196586542,F,46,Bogotá,4,Soltero,Profesional,,3783000.0,585,2,2019/05/06,  Web
CLI-00829,Sebastián Peña Bohórquez,1538364648,F,38,Medellín (Antioquia),2,Unión libre,Profesional,Independiente,2123000.0,631,1,26/02/2022,Asesor  comercial
CLI-03955,María Cerón Granados,267648130,M,72,Medellín,4,Casado,PROFESIONAL,Pensionado,,688,3,2023-09-02,Web
CLI-04585,Fredy Nieto Ramírez,610510543,F,43,Medellin,3,Casado,Bachiller,Empleado,,653,0,16/06/2021,Asesor comercial
CLI-04908,María Isabel Rico,1041942227,M,53,bucaramanga,6,Soltero,Profesional,Independiente,21927000.0,720,1,2019-12-09,Web
CLI-01661,  Luis Muñoz Moreno,133815990,M,54,Bogotá,5,Viudo,Profesional,Empleado,9624000.0,743,2,04/09/2017,Asesor comercial
CLI-01966,Paola Andrea Vargas Gutiérrez,1500206421,M,18,B/quilla,3,DIVORCIADO,Profesional,Independiente,4441000.0,574,0,2021/05/04,Web
CLI-03990,Inés Reyes,1314587807,F,53,Cúcuta,4,DIVORCIADO,Técnico,Empleado,4751000.0,658,0,2020/02/11,Asesor comercial
CLI-04582,María Castillo  ,1830696265,F,37,Medellín,3,Casado,TECNICO,Pensionado,1915000.0,654,2,2022-04-23,Asesor comercial
CLI-04379,Judith Diana Guzmán Calderón,1733987902,F,50,Bogotá,1,Viudo,Bachiller,Empleado,1784000.0,697,1,2023/06/19,  Agencia
CLI-04137, Nathalia Beatriz Molina Martínez ,93581618,F,57,Santa Marta,3,Soltero,POSGRADO,Empleado,4987000.0,668,0,2020-12-04,WEB
CLI-02267,Ramón Camacho Romero,1864508202,Femenino,42,bucaramanga,1,SOLTERO,Posgrado,empleado,1423000.0,710,1,03/09/2019,web
CLI-01059,Alejandra Barrios,779825674,F,41,Barranquilla,3,Casado,Profesional,  Empleado,4697000.0,785,0,2024-03-05,Bancaseguros
CLI-03208,Santiago Wilmar Pabón,160628005,M,50,Barranquilla,3,Casado,Bachiller,Empleado,3747000.0,560,0,2022/05/27,Web
CLI-03292,Eliana Duque Mesa,420476099,F,45,Barranquilla,3,CASADO,Profesional,Pensionado,2840000.0,617,1,2020-09-14,ASESOR COMERCIAL
CLI-04383,  Esperanza Cruz,317109332,M,62,Bta,2,Casado,  Técnico,Pensionado,1382000.0,627,0,2024-12-14,Agencia
CLI-02476,Arnulfo Martinez Vargas,1086498555,M,43,Medellín,2,Soltero, Posgrado ,Independiente,976000.0,605,1,2024-06-02,Agencia
CLI-03047,Carolina Janeth Silva,1584097847,M,31,Medellín,2,Casado,Técnico  ,Independiente,1538000.0,537,1,2023-04-28,Asesor comercial
CLI-04655,Sofía Monroy Granados  ,576568202,M,42,Bogotá,3,Casado,Posgrado,Empleado,3623000.0,607,0,2017-05-06,Asesor comercial
CLI-00999,YESICA GUEVARA,1715407791,F,18,Bogotá,3,  Casado,Posgrado,Empleado,3071000.0,621,1,2017-02-20,Asesor  comercial
CLI-01020,Enith Fonseca,1749612987,masc,54,Cartagena,4,Unión libre,Profesional,Independiente,5827000.0,673,1,2022/05/23,  Agencia
CLI-00642,Rosa Yesenia Pérez,948893365,F,54,Bucaramanga,2,Soltero,Profesional,Empresario,3117000.0,583,0,24/06/2018,Corredor
CLI-02615,Vanessa Luz Restrepo Ruiz,641196313,M,35,Bogotá,2,Unión libre,Profesional,Pensionado,1438000.0,402,0,,Web
CLI-03659,Fanny Molina Arroyo,1057276079,  F,30,Medellín,3,Unión  libre,Profesional,Empleado,,,3,2018-09-27,Agencia
CLI-03358,Kelly Mabel Hernández Solano,536322606,F,45,Bogotá,4,Unión libre,Técnico,Independiente,4257000.0,632,1,2017/03/04,Asesor comercial
CLI-02948,Catalina Gonzáles,1554524798,F,29,Bucaramanga,5,Casado,Bachiller,Empleado,10711000.0,612,3,2020/08/02,Corredor
CLI-02708,Carolina Amparo Benavides,388158767,M,26,Santiago de Cali,5,Unión libre,Bachiller, Empleado ,15364000.0,719,3,2019/09/11,Asesor comercial
CLI-04932,Dario Angulo Flórez,531203091,F,19,Barranquilla,2,Casado,Técnico,EMPLEADO,3250000.0,572,2,2023-09-07,Asesor comercial
CLI-01726,Marina Medina Gómez,225565189,M,39,Cali,2,Soltero,posgrado,Empleado,2667000.0,621,4,2017/03/17,Agencia
CLI-03810,Claudia Castillo Cruz,1425867739,F,39,  Bta,3,Divorciado,Bachiller,Empleado,2811000.0,693,0,2018-01-10,Bancaseguros
CLI-00659,Katherine Milena Martínez Burbano,1582122499,F,18,Cúcuta,1,Unión libre,Profesional,Independiente,1902000.0,579,1,2019/04/02,agencia
CLI-02367,María María Rodríguez,1019518767,M,27,Bogotá,2,Viudo,Técnico,Empleado,1984000.0,468,1,2017-01-28,Agencia
CLI-01938,José Rodríguez Fonseca,347472235,F,43,medellín,2,Soltero,Bachiller,Empresario,5404000.0,837,1,2020-10-16,Corredor
CLI-03783,Luis Espinosa Moreno,1166250017,F,26,Cali,3,Soltero,Bachiller,  Empleado,2104000.0,786,2,2019-10-18,Web
CLI-04004,Martín Arteaga Hernández,1373242173,Masculino,31,Cartagena,2,Soltero,Profesional,Empleado,2416000.0,717,2,2019-03-26,Corredor
CLI-01420,Nancy Cortés Torres,214855227,F,40,Bucaramanga,2,divorciado,Profesional,Empleado,$3.008.000,653,0,2017-11-17,Asesor comercial
CLI-01515,Luz Nancy Rodríguez,996965811,F,63,Bogota DC,3,Casado,Profesional,Pensionado  ,3740000.0,483,1,2023-06-21,Corredor
CLI-01238,Enrique López,781826549,M,64,MEDELLÍN,3,Soltero,Profesional,Empleado,4000000.0,836,3,2024-02-14,Agencia
CLI-01961,Yenny Doris Torres Arboleda,1253774325,Femenino,30,Pereira  ,5,Soltero,Profesional,Independiente,3072000.0,599,1,2018-10-11,web
CLI-00578,Edwar Alberto Bautista Serrano,661916972,F,34,BARRANQUILLA,6,Casado,POSGRADO,Empleado,14657000.0,699,1,2024-01-05,Corredor
CLI-00507,Lucía Patricia Durán Torres,331606376,M,27,Bogotá,6,Viudo,BACHILLER,EMPLEADO,16265000.0,601,1,03/03/2018,Asesor comercial
CLI-01322,Luis Jairo Barrios,523163377,M,28,Pereira,4,Soltero,Bachiller,,5249000.0,594,1,08/09/2022,Web
CLI-03937,María Garzón Gómez,1116557801,M,50,  Bogotá,3,Casado,Profesional,Independiente,3246000.0,574,0,2020-03-24,Web
CLI-01037,Andrés Eduar Acosta,283784518,m,32,Bogotá,2,Unión libre,Técnico, Independiente ,2888000.0,752,0,,Bancaseguros
CLI-01365,Juan Rincón Sánchez,985725538,M,43,BOGOTA,5,Unión libre,Técnico,Empleado,5576000.0,699,0,2020-09-12,CORREDOR
CLI-03618,Rosario Diana Jiménez Martínez,754986390,M,52,  Santa Marta,5,Viudo,Bachiller,Independiente,6555000.0,699,0,2019-08-10,Asesor comercial  
CLI-03206,Rubén León Arias,395769692,M,36,Santa Marta,2,Casado,Bachiller,Empleado,3707000.0,459,1,2017-10-08,Agencia
CLI-01503,Carlos Óscar Ojeda,153317717,masc,47,Bogotá,2,Unión libre,Posgrado,Empleado,2025000.0,636,3,28/02/2017,Asesor comercial
CLI-00096,Álvaro Luis Maldonado,836978441,F,35,Medellín,4,Casado,BACHILLER,Empleado,0.0,670,2,2021-12-28,Corredor
CLI-01141,Didier Jhoan Caicedo Orjuela,92217474,M,32,Cartagena,4,Unión libre,Bachiller,Empleado,5790000.0,701,1,13/06/2018,Corredor
CLI-02049,Luis Valencia Mercado,1472381378,M,48,Santa Marta,2,Soltero,Bachiller,Empleado,1936000.0,569,2,2024-10-26,Corredor
CLI-02574,Víctor  Sergio  Maldonado  Pardo,1667831381,F,18,Bucaramanga,2,Soltero,Posgrado,Estudiante,785000.0,383,0,2018-03-20,Web
CLI-04135,Paola Rosalba Sanchez Gonzalez,650530343,F,32,Bogotá,2,Casado,Profesional,Empleado,3309000.0,725,2,2019-06-22,Bancaseguros
CLI-00150,Juan Alberto Bautista,88653555,M,42,Bogotá,5,Casado,Bachiller,Independiente,9059000.0,661,2,2022-05-21,Asesor comercial
CLI-00330,Stella Rico Álvarez,94483527,M,20,Medellín,4,Soltero,Profesional, Empresario ,12256000.0,659,2,22/03/2020, Asesor comercial 
CLI-00528,Tatiana Teresa Duque Muñoz,1346795523,F,40,Medellín (Antioquia),1,  Soltero,Profesional,Independiente,2171000.0,638,2,2023/06/04,Web
CLI-05060,Gustavo Ángel González,569791206,M,28, Medellín ,4,Casado,Profesional,Pensionado,4170000.0,625,5,14/04/2018,Bancaseguros
CLI-00467,Danilo Carlos Mora Ortiz,863793695,F,25,bogotá,3,Soltero,Bachiller,Empresario,,744,0,2024-11-18,Web
CLI-04414,Daniela Rodríguez,330769257,M,50,  Bogotá,2,Unión libre,Técnico,Empleado,1426000.0,522,0,26/04/2017,Asesor comercial
CLI-04206,María Galindo Rojas,1340932631,F,48,Bucaramanga,3,Viudo,Posgrado,Empleado,3626000.0,597,2,31/03/2019,asesor comercial
CLI-02940,Daniela Katherine Melo,95636860,M,49,Medellín,3,Casado,Profesional  ,Empleado,3010000.0,656,1,17/11/2019,Corredor
CLI-00401,Marleny Delgado,311707346,M,49,  Cali,2,Soltero,Profesional,Empresario,,778,0,2022-12-04,Asesor comercial
CLI-04942,Dayana Erika Beltrán Leal,121044328,M,26,  Santiago de Cali,2,casado,Técnico,Independiente,1505000.0,624,2,2017-10-16,Corredor
CLI-00172,Jesús Beltrán León,1036814964,F,45,cali,3,soltero,Profesional,Empleado,3961000.0,640,1,2017/07/24,Web
CLI-03686,RICARDO GUSTAVO GIL HERRERA,414782635,M,55,Bogotá,4,Divorciado,Bachiller,Empleado,6737000.0,686,2,2022-11-16,Web
CLI-00865,Samuel López,855614467,M,22,Bogotá,6,Casado  ,Posgrado,Empresario,42624000.0,689,2,02/09/2019,Web
CLI-04646,Andrea Ordóñez Hernández,1304309274,F,18,Bogotá,4,Casado,Profesional,Independiente,7116000.0,716,1,2021/11/07,Asesor comercial
CLI-00623,Cecilia Rueda Gutiérrez,1821608393,F,18,Bucaramanga  ,2,Divorciado,Técnico,EMPLEADO,1506000.0,602,3,28/09/2019,Web
CLI-05140,Alfonso Alfonso Valencia Sierra,1337742747,F,41,Cartagena  ,1,Casado,Profesional,Independiente,,505,2,2019-01-19,Web
CLI-00363,  Carolina Victoria Méndez,730426343,M,47,Bucaramanga,3,Casado,Profesional, Empleado ,4742000.0,707,0,2017/02/07,Bancaseguros
CLI-04702,Fernanda Mery Pérez Barragán,1119773767,M,20,barranquilla,3,Casado,Técnico,Independiente,3784000.0,596,1,2020-09-13,Asesor comercial  
CLI-04919,Cristian José Hernández Correa,1428176564,F,62,Manizales,2,Unión libre,PROFESIONAL,Pensionado  ,1835000.0,553,2,18/03/2023,Asesor comercial
CLI-03995,Lilia Jiménez,840235663,M,18,Cali,2,Casado,Profesional,Empleado,$4.119.000,810,2,2022-12-10,Asesor comercial
CLI-02102,Juan Simón Vera Sierra,1604895151,M,49,Cartagena,2,Soltero,Técnico,Independiente,3014000.0,569,2,2021-08-06,Web
CLI-04705,Nancy Viviana Rengifo,509825573,M,38,cali,4, Divorciado ,Técnico,Independiente,7712000.0,649,0,14/07/2022,bancaseguros
CLI-03357,Fernando Carvajal Camacho,1412298987,F,39,Bogotá  ,3,Casado  ,Bachiller,Empleado,6280000.0,569,0,2022-06-26,Asesor comercial
CLI-04848,Carlos Contreras Sierra,1296850818,F,52,Cali,3,Viudo,Bachiller,Empleado,1925000.0,692,1,2024-05-27,Asesor comercial
CLI-02942,Astrid Clara Gutiérrez,615563680,M,61,MEDELLIN,1,Soltero  ,Técnico, Pensionado ,1648000.0,618,1,2021/06/02,Agencia
CLI-02386,EFREN ESCOBAR,1442373134,F,55,Cúcuta,3,  Soltero,Profesional,Empresario,,612,1,22/11/2019,Corredor
CLI-04493,Martha Torres,1302641714,FEMENINO,38,Cartagena,1,Casado,Profesional, Pensionado ,$1.227.000,582,0,2017-07-15,Corredor
CLI-00586,Jader Quintero Rosero,637740404,F,38,Bogotá,4,Casado,Bachiller,Empleado,2996000.0,,2,2022/01/12,WEB
CLI-02041,Marcela Estela Córdoba,729271380,M,26,Bogotá  ,3,Soltero,Profesional,Independiente,3373000.0,520,0,28/05/2024,Asesor comercial
CLI-03631,Martha Bermúdez,1091093768,M,48,Bogotá,2,Casado,Profesional,Empleado,,630,1,2022/02/01,asesor comercial
CLI-00625,PATRICIA JANETH PEÑA,1733624836,F,56,Bogotá,3,Divorciado,Bachiller,Empleado,2705000.0,583,0,2020-06-11,Corredor
CLI-04405,Juan Durán Palacios,792008719,M,33,bogotá d.c.,4,Viudo,Posgrado,Pensionado,7964000.0,808,1,2019-07-27,Asesor comercial
CLI-04416,MARÍA GAVIRIA,269958796,fem,,Bogotá  ,2,Soltero,Profesional,Empresario,5005000.0,617,2,2020-05-02,Corredor
CLI-00876,Carlos Niño Galindo,1570169623,F,18,Barranquilla,2,Divorciado,Posgrado,Empleado,3550000.0,663,0,2017/06/13,Asesor comercial
CLI-00187,Lilian Mejía Aguilar  ,1411803056,M,,Santa Marta,3,unión libre,Técnico,Empleado,2354000.0,670,1,2019/08/02,Asesor comercial
CLI-01086,Carolina Correa Rodríguez,868394868,F,42,Bogotá,5,Unión libre,Bachiller,Independiente,6899000.0,764,3,2017/02/12,Web
CLI-02012,Katerine Isabel Bermúdez,1357121132,M,52,Cali,1,Casado,Profesional,EMPRESARIO,3959000.0,583,2,2021-08-31,Web
CLI-02713,Katherine Eliana Álvarez Rivera,45299086,M,36,BARRANQUILLA,3,Casado,Profesional,Empleado,2941000.0,,1,13/09/2018,Bancaseguros
CLI-01464,Luis Rodríguez,181086808,m,21,Bogota  DC,1,Casado,Profesional,Independiente,3726000.0,633,1,2024/03/16, Asesor comercial 
CLI-02842,David Alberto Sánchez,481262199,Masculino,49,BOGOTA,4,Casado,TÉCNICO,Empleado,4276000.0,636,2,2024-09-16,Web
CLI-00617,Iván Cristobal López Serrano,1591586427,F,60,,1,Unión libre,Profesional,Pensionado,1776000.0,,1,2022/12/20,Bancaseguros
CLI-02673,María Ana Ariza Castro,1429580439,masc,26,,2,Divorciado,Bachiller  ,Empleado,3189000.0,566,2,2018/11/29,Agencia
CLI-00116,Mireya Isabel Castaño Reyes,1105502185,F,45, Bogotá ,4,Casado,Profesional,Empleado,8501000.0,691,0,10/08/2022,Asesor comercial
CLI-00311,Luz  Carmen  Pérez  Sánchez,365095977,M,38,Bucaramanga,5,Soltero,Bachiller,Empleado,5927000.0,642,2,16/07/2020,bancaseguros
CLI-03556,Lady  Leonor  Gómez,999844395,F,31,  Medellín,1,Unión libre,Profesional,Independiente,2024000.0,598,1,2021/01/07,Agencia
CLI-01239,Laura Andrea Sandoval,211332964,Masculino,66,Bogotá,4,Soltero,Bachiller,Pensionado,4835000.0,736,1,26/09/2018,Bancaseguros  
CLI-03274,Carol Betty Blanco,1784842064,F,44,BARRANQUILLA,4,Casado,Bachiller,Pensionado,4831000.0,613,1,2021-03-08, Bancaseguros 
CLI-02411,Daniel Arturo Cerón,170520063,F,54,Cali,3,Soltero,Técnico  ,Empleado,4829000.0,745,1,2018/07/01,Web
CLI-04792,Jessica Ochoa Jiménez,1886198801,M,46,Pereira,1,Soltero,Posgrado,Empleado,795000.0,380,1,2018-07-06,Bancaseguros
CLI-00113,HERNAN OVIDIO HURTADO QUIROGA,1285847090,M,27,Santa Marta,5,Casado,Profesional,,5100000.0,555,2,2021-03-06,Agencia
CLI-04478,  Alfonso Aguirre Meneses,180192122,M,36,Bogotá,1,Casado,TECNICO,Independiente,1294000.0,493,0,2022/09/03,Bancaseguros
CLI-00431,Jaime Manuel Sánchez,1616616084,F,25,Medellín,2,Soltero,Profesional,Empleado,1736000.0,604,4,2022-07-07,Agencia
CLI-04440,Óscar Luis Acevedo Bernal  ,1367659176,M,49,Bogotá,4,Casado,Profesional,,2922000.0,765,1,2018/02/06,Bancaseguros
CLI-01096,Dolly Rodríguez,511333810,masc,37,Bogotá,3,Soltero,Profesional,Independiente,2537000.0,683,1,27/09/2021,Asesor comercial
CLI-00365,Marleny Duque Puentes,1054076047,F,24,Cúcuta,4,Casado,Profesional,Empresario,11745000.0,797,0,2017-03-08,Asesor comercial
CLI-01640,Franklin Jorge Pardo,811644013,F,35,,5,Soltero,Técnico,Empleado,3575000.0,518,1,09/06/2024,Corredor
CLI-03835,Miguel Medina Hernández,1798341752,M,21,Manizales,2,Soltero,Profesional,Empleado,2091000.0,631,1,12/09/2022,Corredor
CLI-01838,lorena valencia,1482227039,M,20,  Bogotá,5,Divorciado,profesional,Pensionado,9014000.0,692,1,2018/11/29,Web  
CLI-02151,Claudia Villamizar Morales,423942933,F,48,BOGOTA,5,Unión libre,Profesional,Empresario,21119000.0,851,0,,bancaseguros
CLI-02307,José Rivera Torres,497123064,F,35,Pereira,3,Soltero,Bachiller, Empleado ,4097000.0,667,1,15/03/2020,Agencia
CLI-02295,Judith Camila Cárdenas,45229211,M,49,Bogota,1, Divorciado ,Bachiller,Empleado,908000.0,635,2,2018-10-18,Agencia
CLI-04885,León Eliecer Álvarez,328524277,F,37,Cali,3,Casado,Técnico,,3328000.0,677,1,,Agencia
CLI-01953,Tatiana Dayana Rodriguez Rodriguez,57821700,F,48,  Bogotá,2,soltero,Posgrado  ,Pensionado,1450000.0,,1,17/06/2017,Agencia
CLI-04637,Adriana Franco Gómez,86966707,M,38,Bogotá,2,Casado,Posgrado,  Independiente,6304000.0,636,1,20/05/2019,Agencia
CLI-04328,Gildardo Juan Morales Martínez,775139338,F,24,Medellín,2,Casado, Profesional ,Pensionado,991000.0,603,0,2017-08-31,Agencia
CLI-01171,marina salgado moreno,1209541306,M,35,Bogotá,2,Viudo,Profesional,INDEPENDIENTE,2217000.0,499,1,2020-10-18,Asesor comercial
CLI-04626,Claudia Suárez,599189844,F  ,49,Bogotá,5,CASADO,Técnico,Independiente,6328000.0,638,2,2021/10/31,Asesor comercial
CLI-03706,Luis Jiménez,1635495308,Masculino  ,43,Santa Marta,1,Soltero,Bachiller,  Empleado,1865000.0,539,1,10/11/2022,Agencia
CLI-01688,Daniela Patricia Vargas Sepúlveda,968695689,F,36,Bogotá,2,Unión libre,Bachiller,Pensionado,$1.230.000,592,0,2024-02-08,Agencia
CLI-00807,Leidy Hernandez,129062876,F,40, Barranquilla ,2,Unión libre,Posgrado,Pensionado,1288000.0,600,3,12/03/2020,Corredor  
CLI-02097,Cecilia Espinosa Díaz,327207581,Masculino,35,CALI,3,Divorciado,Profesional,Empleado,2751000.0,544,2,2020/03/05,Web
CLI-00423,Alfonso Parada Rojas,854799513,masc,31,Medellín,2,Unión libre,Profesional,Pensionado,1473000.0,523,1,2018/06/30,Corredor
CLI-04529,William Jaimes,118919618,m,51,Barranquilla,1,Casado,Profesional,Empleado,898000.0,467,0,2024/04/22,Agencia
CLI-04912,Libardo Sánchez Ojeda,240132940,M,50,Barranquilla,3,Unión libre,Bachiller,Independiente,1371000.0,546,3,27/09/2024,Asesor comercial
CLI-00395,Felipe Argemiro Hernández,835704517, M ,35,MANIZALES,1,Soltero,bachiller,Pensionado,988000.0,429,0,2022-06-24,Corredor
CLI-03622,Eduardo Juan Gómez Díaz,44939183, M ,57,BOGOTA,3,Casado,Profesional,Independiente,3778000.0,628,0,2019/02/14,  Asesor comercial
CLI-00536,Mónica Castro,547053885,M,32,Bucaramanga,2,Soltero,Posgrado,Empresario,6512000.0,699,3,2024-03-02,Asesor comercial  
CLI-04805,Arturo Arenas,317183907,F,44,Cúcuta,3,Soltero,Bachiller,Empresario,7403000.0,671,0,30/07/2022,Agencia
CLI-05189,Yaneth Contreras,1532058691,F,38,BOGOTÁ,2,Divorciado,PROFESIONAL,Independiente,2270000.0,656,0,2018-07-07,Bancaseguros
CLI-03864,Johan Cardona Marín,1806628583,M,18,Bogotá,2,Unión libre,Bachiller,Empleado,2236000.0,560,0,27/11/2018,Bancaseguros
CLI-03923,Diana Castro,1536863957,M,42,Bogotá,2,Casado,Profesional,Independiente,1478000.0,558,0,2024-03-08,corredor
CLI-02202,Andrés Enrique Mosquera,885095034,F,31,Bogotá,5,Casado,Profesional,Empleado,14438000.0,756,2,2018/12/19,AGENCIA
CLI-01653, Raquel María Carrillo ,1172122788,M,19,Bogotá,4,Soltero,Bachiller,Empleado,6548000.0,691,2,02/08/2023,Asesor comercial
CLI-02169,Martha Lozano Jiménez,95195510,M,47,,4,UNION LIBRE,Bachiller,Empresario,8513000.0,662,1,2019-08-18,Asesor comercial
CLI-03386,Alberto Sandoval,1847918500,F,24,Manizales,1,SOLTERO,Bachiller,Empleado,1453000.0,585,1,2018-05-21,Asesor comercial
CLI-01331,Wilson Londoño,278092060,F,38,  Bogotá,3,Soltero,Técnico,Independiente,3379000.0,566,2,19/01/2021,Agencia
CLI-03999,Estiven Pedraza Sánchez,804615897,M,35, Bogotá ,6,Unión libre,Bachiller,Empleado,11052000.0,539,2,31/03/2019,Agencia
CLI-00474,Dario Córdoba,1294864695,M,50, Bogotá ,4,Casado,Técnico,Empleado,3774000.0,727,3,2018-12-10,Corredor
CLI-00198,Lucía Rodríguez Parra,377791238,F,32,BUCARAMANGA,2,Divorciado,Bachiller,Empleado,2010000.0,626,0,16/07/2022, Agencia 
CLI-04208,Claudia Matilde Salazar Martinez,1479191044,M,59,Bogotá,3,SOLTERO,Técnico,Independiente,,527,1,28/07/2024,Asesor comercial
CLI-04037,Marcela Alejandra Benavides Torres,1257598994,M,37,  Bogotá,2,Casado,Profesional,Empleado,1785000.0,621,0,2023-08-16,Corredor
CLI-01723,Mateo Angarita Delgado,712663194,F,61,Cali,3,Unión libre,Profesional,Pensionado,2256000.0,585,3,2021-05-18,  Corredor
CLI-03169,  Víctor Enrique Vergara Ávila,479719368,M,36,Medellín,3,Unión libre,Profesional,Empleado,3591000.0,693,0,2019/11/21,Agencia
CLI-03868,Ciro Bautista Ruiz,1340820495,M  ,30,,2,SOLTERO,Técnico,Empleado,2748000.0,,1,08/12/2020,Web
CLI-02342,Nubia Raquel Castro Medina,8112750,M,37,Pereira,1,Unión libre,Profesional,Independiente,2020000.0,658,2,2018-12-25,Asesor comercial
CLI-05065,Ana Correa,1272667874,F,52,Cartagena,3,Casado,Profesional,Empleado  ,2296000.0,652,0,21/06/2021, Corredor 
CLI-02149,Fernanda Carmen Rincón,1718203738,F,42,Medellín,3,Casado,Bachiller,Empleado,2647000.0,602,1,2020-05-18,Web
CLI-01722,Kevin Hernández Osorio,477655288,M,21,BTA,2,Soltero,Técnico,Empleado,2480000.0,547,2,2020/11/02,bancaseguros
CLI-01521,Luis Bustamante González,1520547348,M,39,Bogotá,2,Casado,Bachiller,Empleado,2060000.0,583,0,2023/03/25,Asesor comercial
CLI-02560,Danny Eduardo Murillo,1775659178,M,64,Sta. Marta,2,Soltero,Técnico,Pensionado,2241000.0,742,1,17/11/2018,Corredor
CLI-02945,Fabio Hernández,532879937,M,22,Barranquilla,2,Casado,Profesional,Estudiante,,594,0,2017-08-24,Bancaseguros
CLI-00129,JUAN FERNANDO VALENCIA CARDENAS,49512757,M  ,38,Bogotá,6,Unión libre,Profesional  ,Empleado  ,24498000.0,699,1,2021-02-26,  Bancaseguros
CLI-00801,Flor Paola Reyes  ,337810079,F,33,Medellín,4,Unión libre,Técnico,Pensionado,2337000.0,742,1,2019/01/20,Corredor
CLI-01804,Fredy Javier Guerra Niño,1700521349,F,19,Medellín,3,Soltero,Bachiller,INDEPENDIENTE,2801000.0,613,2,2021/11/18,Agencia
CLI-00169, Andrés Vargas ,1125329563,M,43,Medellín,6,Soltero,Profesional,Empleado,18154000.0,751,3,18/02/2018,Agencia  
CLI-03100,Miguel Jhoan Martínez,840606665,M,32,Barranquilla,4,Soltero,Bachiller,Empleado,4745000.0,710,2,2022/09/07,Asesor comercial
CLI-04975,Jhoana Sandra Caicedo Cáceres,1272864055,F,39,Bogotá,3,Unión libre,Profesional,Independiente,2979000.0,653,2,2022-02-14,Bancaseguros
CLI-00106,David Ramírez,1709303743,F,40,Barranquilla,3,Divorciado,  Técnico,Empleado,4592000.0,726,1,11/06/2018,Web
CLI-04382,Yamid Felipe López,1792035842,M,36,MEDELLÍN,6,Casado,Técnico,  Independiente,9001000.0,587,0,2022-12-29,Corredor
CLI-03813,Stiven Salas,884616589,F,33,Bogotá,3,Soltero,Bachiller,Empleado,4715000.0,9999,1,2019/07/05,CORREDOR
CLI-05105,Leidy Yolima López,1585182436,F,40,Bogotá,3,Divorciado,PROFESIONAL,Empleado,2254000.0,665,2,08/04/2019,Bancaseguros
CLI-02504,  Héctor Daza Cortés,1419538793,F,55,Bogotá,5,SOLTERO,Bachiller,INDEPENDIENTE,14251000.0,729,3,2022-08-24,Bancaseguros
CLI-03935,Camilo Germán Hernández González,1713811769,F,28,Bucaramanga,3,Casado,Profesional,Pensionado,2568000.0,531,1,2021/12/11,Corredor
CLI-02274,Vilma Morales,1533315134,F,59,BOGOTÁ,2,UNION LIBRE,Posgrado,Independiente,1233000.0,526,1,2020-08-27,Agencia
CLI-04431,Raúl Jorge Rodríguez Martínez,499596714,M,39,BUCARAMANGA,3,Soltero,Técnico,Empleado,3561000.0,749,1,2018-02-26,Asesor comercial
CLI-04742,Pedro Cárdenas,672549406,M,37,Manizales,3,Soltero,Profesional,Empresario,2897000.0,593,3,2024-08-15,ASESOR COMERCIAL
CLI-00570,Orlando Juan González Suárez,1821843525,F,21, Cali ,3,Soltero,Profesional,pensionado,3139000.0,704,3,2020/07/18,Bancaseguros
CLI-04264,Natalia Rodríguez Triana,120314257,F,26,CARTAGENA,3,Unión libre,Profesional,Empleado,2868000.0,625,4,2021-09-19,Asesor comercial
CLI-03770,Fernando Lara,916606292,f,39,Medellín,5,Casado,Profesional,Independiente,0.0,658,1,27/03/2019,Bancaseguros
CLI-02071,andrea karen díaz,1827008763,f,48,Barranquilla,5,Divorciado  , Bachiller ,Independiente,4361000.0,789,0,04/07/2019,Bancaseguros
CLI-02726,Ignacio José Salazar,778758708,F,39,Cúcuta,1,  Soltero, Profesional ,Empleado,941000.0,658,0,2021-05-20,Asesor comercial
CLI-02110,Edith Narváez,432716843,M,33,B/manga,2,Unión libre,Posgrado,Empleado,2381000.0,618,2,25/11/2024,Bancaseguros
CLI-02629,Rodrigo Vallejo,968584047,M,36,Cali,1,Unión  libre,Técnico,Independiente,2372000.0,653,2,INVALID_DATE,Web
CLI-03114,Patricia Yolanda Pérez Parada,1247864149,F,49,Bogotá,3,Casado,Profesional,Independiente,2294000.0,582,0,2018/04/18,Agencia
CLI-03176,Andrea Diana Sánchez,950887869,M,34,bogotá,2,Casado,Técnico,Pensionado,2813000.0,668,2,06/12/2022,Web
CLI-01590,César López,347996110,M,36,Bogotá,5,Divorciado,Técnico,Empresario,15793000.0,806,0,2023/11/07,Bancaseguros
CLI-01066,Víctor Carlos Pérez Arévalo,791238734,F,67, Sta. Marta ,3,Unión libre,Profesional,Empleado,5459000.0,680,0,2023-05-18,Asesor comercial
CLI-04007,Valentina Durán,740672138,F,65,manizales,3,Divorciado,Profesional,Pensionado,2017000.0,571,0,2021-12-17,Agencia
CLI-04026,Carmen Dary Angulo,3724074,fem,31,Santiago de Cali,3,Soltero,Técnico,Empleado,3158000.0,643,1,23/11/2017,  Bancaseguros
CLI-00729,Paola Paola Lozano,952919330,M,36,Bogotá,2,Casado,Posgrado,Independiente,2143000.0,605,0,2020-09-18,Agencia
CLI-02838,Jairo Maldonado Cardozo,640951032,M,27,Bogotá,2,Casado,Bachiller,  Empleado,2568000.0,566,0,2020-01-10,Bancaseguros
CLI-01697,Esther Yuly Romero,578848822,M,38,Medellín,1,UNIÓN LIBRE,Profesional,Independiente,1481000.0,578,2,16/01/2019,Agencia
CLI-03882,Armando Sánchez,631816568,F,39,bogotá,6,Soltero,Profesional,Empleado,11799000.0,761,1,2019/01/12,Web
CLI-01116,Luz Martha Bejarano,182001112,M,24,Cali,3, Unión libre ,Técnico,Independiente,1973000.0,609,0,2018/11/25,  Web
CLI-04212,Esperanza Michel Ruiz Torres,1227523530,M,51,Bogota,3,Unión libre,Profesional,Pensionado,2773000.0,692,0,2017-07-24,Asesor comercial
CLI-02423,Jorge Eugenio Sierra,275878609,F,18,,6,Soltero,Bachiller,Empresario,24789000.0,579,0,2023-04-08,Asesor comercial  
CLI-04535,Mario Eduardo Palacios,1563177663,F,50,Pereira,1,Divorciado,Técnico,Empleado,3833000.0,726,0,2024-03-06,corredor
CLI-02072,Raúl Luis Hernández Rojas,1368344489,M,54,,1,Casado,Bachiller,Empleado,1425000.0,569,2,2017-03-26,Corredor
CLI-01061,Lorena Claudia Mosquera,1280783067,F,18,Medellin,3,  Unión libre,Posgrado,Independiente,4570000.0,579,2,2020/05/16,Corredor
CLI-04009,Paola Flor Espinosa,1468473342,M,45,Bogotá  ,1,CASADO,Profesional,Empleado,1594000.0,578,3,2022/03/26,Agencia
CLI-03383,Daniel Moreno Sanabria,1541644625,F,46,B/quilla,3,Unión libre,Profesional,Empleado,,640,0,2024/09/17,WEB
CLI-01632,Yaneth María Granados,1750053327,F,51,Cúcuta,3,Casado,Técnico,Independiente,3946000.0,595,2,29/03/2024,Agencia
CLI-05094,Diana Salazar Marín,554341843,M,40,Bta,2,Soltero,Profesional,EMPLEADO,2687000.0,651,2,2017-08-05,Asesor comercial
CLI-00307,Cristian Medina Álvarez,1267620333,M,46,Barranquilla,4,Soltero,Profesional,Independiente,3686000.0,502,1,2017/11/13,Agencia
CLI-04005,Cristina Rocío Fonseca Ríos,1286082671,F,37,  Manizales,2,Soltero,Posgrado,Pensionado,2704000.0,635,2,06/07/2024, Corredor 
CLI-01413,Eliana Edilma Rivera Torres,301890428,F,31,Bogotá,5,Divorciado,  Técnico,Independiente,10529000.0,781,1,2021-10-28,Corredor
CLI-00146,Mario Villegas,1288050324,M,59,CALI,1,DIVORCIADO,Técnico,Independiente,1163000.0,479,3,2022-08-08,Asesor comercial
CLI-00928,Enrique Jorge Quiroga,763651955,F,18,Bogotá,2,Unión libre,Profesional,Empleado,2325000.0,635,2,2023-09-30,Bancaseguros
CLI-04570,Catalina Luz Ardila Cuesta,844433539,F,24,Cali,2,Soltero,TECNICO,independiente,5780000.0,652,2,,Agencia
CLI-03312,Viviana Luz Duque Vega,1780514549,F,47,Bogotá,4,Casado,Bachiller,Empleado,6319000.0,631,1,09/01/2024,Agencia
CLI-05179,Beatriz Burbano,619289899,F,46,cali,3,Casado  ,Profesional,Independiente,3627000.0,572,0,2022/04/18,Asesor  comercial
CLI-01878,Janeth Jiménez Delgado,119714329,M,38,Medellín,5,Casado,Profesional,Independiente,11932000.0,672,1,2021/06/24,Agencia
CLI-03726,Paola Yésica Rodríguez,1025764267,F,39,  Cali,3,Casado,Profesional,EMPLEADO,6890000.0,685,2,2024-04-06,Corredor
CLI-00909,María Martínez Ortiz,1421867085,M,48,Bogotá,1,SOLTERO,Profesional,Independiente,904000.0,541,1,29/06/2019,Asesor comercial
CLI-04674,Jimmy Molina Mora,794007514,M,38,Bogotá,3,Soltero,PROFESIONAL,Independiente,3496000.0,717,0,03/01/2017,Bancaseguros
CLI-02427,María Lucía Osorio,1198977698,M,40,Bogotá,4,Casado,Posgrado,Empleado,7115000.0,680,1,2024/06/27,Agencia
CLI-02334,Jairo Mario Vásquez,1576171151,M,52, Bogotá ,1,Soltero,Profesional,Independiente,1242000.0,507,0,2017/06/07,Asesor comercial
CLI-05085,María Mery Córdoba,969679040,F,32,Cali,2,Soltero,Profesional,Independiente,1481000.0,467,2,2018-06-11,Bancaseguros
CLI-03428,Alex Miguel Guerrero,1644848538,F,26,Bogotá,4,Soltero,Profesional,  Pensionado,5373000.0,564,1,2022-10-15,Web
CLI-03987,Diego Salazar,838630676,M,55,  Cartagena,3,Casado,Técnico,Empleado,2689000.0,766,1,2020-02-22,CORREDOR
CLI-00877,María Betancur,1049796418,M,47,PEREIRA,2,Divorciado,Profesional,Empresario,4376000.0,679,2,2018-01-24,AGENCIA
CLI-04930,Juan Solano,178398276,M,60, Bta ,1,CASADO,Profesional,Pensionado,1262000.0,526,1,2017/09/27,Corredor
CLI-03475,IBETH VIVIANA PINTO,1738318062,F,44,MEDELLIN,5,Soltero,Profesional,Empleado,10012000.0,732,1,2024-08-20,Agencia
CLI-01720,jorge juan ortiz,369477197,F,36,Bucaramanga,5,Casado,Profesional,Empresario,11986000.0,558,0,2017-12-30,Corredor
CLI-01132,Cristina Angélica Mosquera,985852337,F,54,Cali,3, Casado ,Profesional,Empleado,4963000.0,651,2,2023-03-07,Agencia
CLI-04985,Camilo Andrés Ortega,316148209,M,31,Bogotá,3,Soltero,Profesional,Empleado,4528000.0,582,1,2024/04/14,Corredor
CLI-04454,Duván Ortiz,1475371590,F,44,Pereira,2,Casado, Técnico ,Empleado,2326000.0,677,0,07/09/2019,Asesor comercial
CLI-04660,Juan Dario Suárez,558364481,M,78,Bogotá,3,Casado,Posgrado,pensionado,4116000.0,539,2,2020-06-07,Web
CLI-02358, Karen Vega Moreno ,1570476456,F,28,Bta,3,Soltero,Bachiller,Empresario  ,3366000.0,647,2,2017-03-20,Asesor comercial
CLI-01053,Manuel Diego Cardona,1401512294,M,38,Bogotá  ,6,Divorciado,Profesional,Empleado,8759000.0,652,0,2020-10-24,Agencia
CLI-00790,María Leidy Ortiz Arias,1845768203, F ,37,Bogota DC,1,  Casado,  Profesional,Empresario,2059000.0,593,3,06/11/2017,Web
CLI-03825,Mauricio Sebastián Flórez Sánchez,276610861,F,21,Medellín,2,Casado,Técnico,Empleado,3428000.0,629,0,2019-01-04,CORREDOR
CLI-04658,Sebastián Vásquez,1316397130,M,39, Bogotá ,4,Unión libre,Posgrado,Independiente,4349000.0,688,0,2022/03/05,Web
CLI-03267,Lucía Marcela Granados,571011128,M,33,Cali,1,Casado,Posgrado,Pensionado,658000.0,531,1,04/09/2020,Agencia
CLI-01477,  Rodrigo Gutiérrez Cifuentes,349556452,M,39,Bogotá,3,Unión libre,  Técnico,Independiente,2615000.0,614,0,27/01/2017,Corredor
CLI-01426,  Fernanda Medina,1364776860, M ,77,Barranquilla,5,Viudo  ,Bachiller,Pensionado,7034000.0,809,0,2024-12-14,CORREDOR
CLI-02195,Nicolás Jesús Acosta Vargas,891222745,F,50,Bogotá,3,Soltero  ,Profesional,Empleado,4557000.0,730,1,16/09/2018,Asesor comercial
CLI-01703,Isabel Janeth Soto Hernández,1044249805,M,61,Barranquilla,2,Soltero,Bachiller,Empleado,1388000.0,564,0,2023-09-13,Bancaseguros
CLI-00886,Enrique  Brayan  Carvajal  Becerra,1761812745,M,62,Medellín,1,Divorciado,Profesional,Pensionado,1320000.0,630,0,2020-04-01,Web
CLI-01358,Yésica Vélez Muñoz,892013247,M,45,Bogotá,4,Unión libre,Técnico,Empresario,15086000.0,773,0,2017-11-06,Bancaseguros
CLI-01639,Tatiana Quiroz Castro,1089862572,M,26,Bogotá,3,Unión libre,Técnico, Empleado ,7066000.0,641,0,2020-01-10,Asesor comercial
CLI-02591,David Juan Rico Muñoz,1164360860,fem,32,medellín,2,Casado,Bachiller,Pensionado,2301000.0,584,2,2021/06/09,web
CLI-01321,José José Ramos,1249768389,F,25,Cúcuta,3,SOLTERO,Profesional,Empleado,4078000.0,743,1,2018-01-07,Asesor comercial
CLI-03163,Andrés Cardona,25452888,M,44,bogotá,2,Casado,Posgrado,Independiente,1818000.0,560,1,2023-08-07,Asesor comercial
CLI-04743,Elizabeth Catalina Carmona Córdoba,621717988,F,27,Medellín,3,Unión libre,Bachiller,Independiente,3314000.0,734,1,2023-06-26, Asesor comercial 
CLI-03122,AMPARO DANNA PADILLA PÁEZ,1182961144,M  ,28,Bucaramanga,2,Soltero,PROFESIONAL,Empleado,1728000.0,575,3,02/08/2024,Corredor
CLI-00697,Gustavo Arias Bastidas,1592924740,  F,55,Cúcuta,3,Casado,Bachiller,Empleado,,646,0,18/05/2019,Corredor
CLI-02291,Gustavo Guevara Carvajal,471010799,F,47,bucaramanga,4, Unión libre ,Profesional,Empleado,5164000.0,707,1,2022-05-24,Corredor
CLI-01929,Carlos Steven Sepúlveda Pérez,132618892,M,50,Cartagena de Indias,3,Soltero,Profesional,Empresario,5011000.0,740,1,2018/02/25,Asesor comercial
CLI-04276,Beatriz Yasmín Vanegas,1275468342,M,36,  Barranquilla,4,Casado,Profesional,Independiente,7106000.0,739,1,25/01/2021,Agencia
CLI-00064,Fidel Alberto Becerra,1584150365,F,39,Medellín,2,Soltero,Posgrado,Independiente,2380000.0,724,1,2017/10/18,Asesor comercial
CLI-02165,Diego Ortiz Díaz,562389361,F,29,Bogotá,2, Viudo ,PROFESIONAL,Empleado,4276000.0,672,0,2019-06-04,Bancaseguros
CLI-03920,Erika Consuelo Monsalve Soto,1083934030,M,20,  Barranquilla,3,Unión libre  ,Técnico,Empleado,6896000.0,658,1,20/06/2021,Agencia
CLI-01718,Luz Ramírez Tamayo,578541888,F,,Bogotá,3,Divorciado, Posgrado ,Empleado,2544000.0,680,2,2020/04/03,Asesor comercial
CLI-00354,Elvira Esperanza Bonilla Silva,1121211148,F,21,Bogota DC,2,Soltero,Posgrado,Empleado,1368000.0,560,0,2022-09-17,Web
CLI-02029,Paula Liliana Becerra,920773590,F,,Bogotá,3,Soltero,Profesional,Independiente,2526000.0,640,0,2019/12/25,agencia
CLI-03096,Paola Natalia Mendoza,1155643610,M,37,Bogotá,5,Soltero,Bachiller,Empleado,,673,1,2024/08/30, Agencia 
CLI-00202,Antonio Iván Flórez Caballero,554165604,F,35,Bogota,4,Soltero,  Técnico,EMPLEADO,4028000.0,587,0,2019/11/02,Corredor
CLI-00534, María Mora Arias ,1439153342,F,53,Medellin,1,Divorciado,Profesional,Independiente,879000000.0,592,3,28/05/2024,Asesor comercial
CLI-00212,José Carlos Bohórquez Manrique,460195693,F,53,Bogotá,3,Unión libre,Profesional  ,Empleado,6682000.0,703,0,2018-05-29,Bancaseguros
CLI-03801,Diego Carmona González,188750170,M,23,Cali,2,Soltero,Bachiller,,3351000.0,475,4,25/02/2017, Asesor comercial 
CLI-04868,Camilo Alberto Acevedo Flórez  ,886696934,M,45,Bogota,3,Soltero,Profesional,Empleado,3680000.0,587,1,2019-06-04,Bancaseguros
CLI-05024,Ana  Fuentes,878978037,F,29,Cali,2,Casado  ,Bachiller,Empleado,1645000.0,556,3,2019-09-03,Asesor comercial
CLI-04162,Adolfo Andrés Gómez Arenas,1598360505,M,39,CARTAGENA,2, Soltero ,BACHILLER,Empleado,1626000.0,656,0,10/03/2020,Asesor comercial
CLI-01288,Felipe Dairo Sánchez Lara,837957068,M,34, Cali ,3,Viudo,Posgrado,Independiente,3431000.0,623,0,2020/08/19,Agencia
CLI-02587,Jorge Flórez Uribe,1510706474,M,30,Pereira,3,Divorciado,Profesional,Empresario,9823000.0,737,1,28/12/2018,Web
CLI-04339,carolina arias lozano,968326303,F,28,Bogotá,3,SOLTERO,PROFESIONAL,Independiente,3961000.0,664,1,27/08/2020,  Asesor comercial
CLI-01222,William Esteban Ramírez Cárdenas,748318917,M,54,Medellín,3,Viudo,Profesional, Pensionado ,$3.064.000,765,2,,Bancaseguros
CLI-01939,Martha Edna Bautista,1579529458,M,32,Cartagena,2,Divorciado,BACHILLER,Empresario,4912000.0,588,1,2022/11/30,Bancaseguros
CLI-03488,Clara Marina González Franco  ,1012741288,F,25,Santa Marta,4,Divorciado  ,Profesional,Empleado,4758000.0,556,3,14/06/2022,Corredor
CLI-03108,María  María  Martínez  Giraldo,475226751,F,39,Bogotá,2,Soltero,Bachiller  ,Independiente,1547000.0,585,2,2020-01-24,Web
CLI-00543,Luz Rivera,631390917,F,47,Bogotá,6,Unión libre,Bachiller,Empleado,18057000.0,733,1,2017-08-09,Corredor
CLI-04364,PAULA GOMEZ,120994382,F,40,Bogotá,2,Unión  libre,Profesional,Empleado,4003000.0,525,0,2019-12-25,Bancaseguros
CLI-00614,Sara Ospina Perdomo,156413959,F,65,Santa Marta,4, Casado ,Bachiller,Empleado,4507000.0,615,2,14/05/2018,Asesor  comercial
CLI-02645,lorena nancy rodríguez,1678913743,M,43,  Bogotá,2,Soltero,Técnico,Pensionado,2084000.0,636,1,2019-07-08,Agencia
CLI-03179,Francisco Mora  ,1884221071,M,43,Bogotá,6,Soltero,Profesional,Empresario,29757000.0,756,0,22/12/2019,Bancaseguros
CLI-00056,FERNANDO PÁEZ CÁRDENAS,1598170864,F,41,Barranquilla,4,Unión libre,BACHILLER,Empresario,10011000.0,704,0,20/04/2024,Web
CLI-00646,Erika Ayala,948209461,F,41,Cali,1,SOLTERO,Profesional,Independiente,3858000.0,683,2,24/01/2023,Corredor
CLI-01193,Laura Alexandra Osorio Álvarez,706980326,F,38,Bogota,3,Soltero,Profesional,Empleado,3998000.0,612,4,2022-04-11,Asesor comercial
CLI-03316,Juan Daniel Márquez Gómez,884478912,masc,38,Cartagena,3,Unión libre,Técnico  ,Empleado,$2.095.000,726,3,2017/09/15,Asesor comercial
CLI-03591,Humberto Guzmán,640457475,F,48,Manizales,1,Unión libre, Profesional ,Independiente,953000.0,534,0,2019-07-16,Asesor comercial
CLI-02572,Ernesto Herrera,1242932815,F,39,barranquilla,2,Casado,Bachiller,Empleado,,576,0,03/09/2021,Agencia
CLI-02436,Carmen Laura Ramírez Suárez,569875469,  F,45,bogotá,2,Unión libre,Bachiller,Empleado,3152000.0,663,1,INVALID_DATE,Corredor
CLI-01829,Gilma Yulieth Beltrán Cabrera,509364000,F,51,Cúcuta,3,Soltero,Profesional  ,Empleado,6168000.0,665,0,25/01/2017,Corredor
CLI-02452,John Alberto Martínez Sánchez,434387902,F,49,,4,Divorciado,Bachiller,Independiente,7182000.0,684,1,22/03/2018,asesor comercial
CLI-03213,Mercedes García Rincón,1650262946,F,47,Medellín,3,SOLTERO,Profesional,Pensionado,,573,0,2023/09/19,Web
CLI-00654,Patricia Luz Ariza,1477249671,M,18,Manizales,3,Soltero, Bachiller ,Empleado,7781000.0,683,1,2023-06-04,Asesor comercial
CLI-00746,Juliana Núñez Núñez,293000993,F,43,Bogotá,4,Unión libre,Profesional,Empleado,5238000.0,675,3,2023/08/28,Agencia
CLI-02733, Laura Ximena Posada ,664325401,F,46,Medellín,3,Casado,Bachiller,Pensionado,1673000.0,667,2,2020-10-28, Web 
CLI-00210,Esther Gómez Sierra,995870603,F,29,Cúcuta,2,Casado,Bachiller  ,Empleado,$2.018.000,612,2,2021-07-18,Bancaseguros
CLI-00930,Daniel Joaquín Ávila,329864970,F,28,Cali,6,Casado,Posgrado,Empleado,9992000.0,611,0,2024-06-25,Corredor
CLI-02545,Ismael Óscar Muñoz,1260748484,F,38, Medellín ,3,Casado,Profesional,Empleado,,631,3,2020-07-04,Agencia
CLI-05196,Milena Navarro Arias,173419986,F,34, Bogotá ,2,Unión libre,Posgrado,Empleado,1240000.0,767,2,16/05/2020,Corredor
CLI-04015,Lorena Carmenza Mosquera,1776515762,F,43,Cúcuta,3,Unión libre,Profesional,  Pensionado,2078000.0,601,2,2021-11-09,Agencia
CLI-01943,Alexander José Arango,426328632,M,42,Bogotá,2,Soltero,Bachiller,Pensionado,1501000.0,445,2,2017-02-24,Agencia
CLI-01724,Miller Óscar Fuentes,33931609,F,35,Cartagena,3,Viudo,Bachiller,Empleado,3703000.0,672,0,2021/06/26,Asesor comercial
CLI-05162,Daniel Portilla Carvajal,1770843598,F,48,Medellín,2,Casado,Bachiller,Independiente,1103000.0,493,1,2021/10/20,Agencia
CLI-01584,Sindy Reyes,697738043,M,67,Cali,3,Soltero,Profesional,Pensionado,3031000.0,697,3,2020/02/25,Asesor comercial
CLI-02656,Ana Zambrano,197483496,F,29,Bogotá,3,Divorciado,Posgrado,Empresario,3891000.0,624,2,08/03/2022,Asesor comercial
CLI-04155,Maricela María Cardona Valencia,1606709434,F,,  Manizales,1,unión libre,Técnico,Empleado,2129000.0,490,0,2020/08/31,Corredor
CLI-00183,José Torres,53139307,F,44,  Bogotá,4,soltero,Profesional,Empleado,6847000.0,693,0,10/09/2023,Web
CLI-00881,Andrés César Ruiz Puentes,638084465,M,51,Cartagena,2,Casado,Posgrado,Independiente,2233000.0,563,2,2020-08-19,  Asesor comercial
CLI-02867,luis jesús león jaramillo,451907687,M,44,Bogotá,1,Soltero,Técnico,Independiente,1792000.0,527,1,13/05/2019,Agencia
CLI-02734,Orlando Pérez Pérez,38955698,M,47,Bogotá,4,Casado,Técnico, Independiente ,7908000.0,669,3,15/09/2020,Asesor comercial
CLI-04477,María Martha Cardona,1540121521,F,35,Cali,2,Divorciado,Profesional,Empleado,2640000.0,520,2,2022-09-14,Agencia
CLI-04794,Patricia Díaz,1094683386,F,31,Bucaramanga,2,Soltero  ,Profesional,,2595000.0,610,1,2019-02-05,Agencia
CLI-01000,Cristian Arias Gómez  ,430455754,M,68,Cali  ,2,Soltero,Bachiller,Empleado,2932000.0,724,0,2020-08-13,Bancaseguros
CLI-02501,Abel Fernando Gómez Gómez,1596078687,M,41,Cúcuta,3,CASADO,Profesional,Empleado,3639000.0,612,0,2023-07-28,Agencia
CLI-04724,Gloria Pilar Martínez Rodríguez,30355158,F,41,Manizales,3,  Soltero,Técnico,Independiente,4741000.0,583,3,2024-06-08,Bancaseguros
CLI-01083,Jairo David López,996733198,F,54,Bogotá,2,Casado,Técnico,EMPLEADO,2089000.0,,2,19/03/2020,Asesor comercial
CLI-02226,Carlos Díaz Sarmiento,1636988932,M,34,Bogotá,4,Soltero,Bachiller,Empleado,4628000.0,722,3,2018-02-01,Bancaseguros
CLI-03993,Fabián Álvarez,1694493328,M,29,Barranquilla,3,Soltero,Posgrado,Empleado,$4.212.000,708,1,10/09/2020,Web
CLI-03304,Víctor Orlando Duarte Rendón,1682684745,F,18,Pereira,3,Soltero,Técnico,Empresario,4214000.0,682,3,09/10/2017,Bancaseguros
CLI-00416,Dagoberto Carlos Arias,1435633983,M,38,Bogotá,3,Casado,PROFESIONAL,Pensionado,3764000.0,694,1,2023-02-06,Agencia
CLI-03131,Nidia Reyes León,852261434,M,42,Cartagena,2,Soltero,Técnico,Empleado,2406000.0,629,5,12/02/2017,Corredor
CLI-04003,Rubén Andrés Pinto Ortiz,382220727,F,32,Bogotá,2,Soltero,POSGRADO,INDEPENDIENTE,2857000.0,577,2,2022-06-26,Agencia
CLI-02716,Andrea Milena Benavides Ortiz,501242831,M,39,Bogotá,3,Casado,Profesional,Empresario,5060000.0,533,1,28/12/2021,Agencia
CLI-03625,Marcela Guzmán Cortés,821684738,F,25,Cali,3,Casado,BACHILLER,Independiente,1948000.0,585,1,16/03/2018,Asesor comercial
CLI-02005, Liliana Guzmán ,346087712,M,55,Barranquilla,2,  Soltero,Profesional,Independiente,1565000.0,642,1,2019-04-24,Agencia
CLI-01025,Diego Ramírez Rodríguez,1693770412,F,32,Medellin,1,Divorciado  ,Bachiller,Empleado,1629000.0,614,3,28/05/2017,Bancaseguros
CLI-00766,José Andrés Bravo,34625043,M,41,Bogotá,5,Casado,Profesional,Empleado,8189000.0,668,1,10/08/2021,Agencia
CLI-00627, Judith Hernández Sánchez ,596354636,Femenino,41,BOGOTÁ,3,soltero,Profesional,Pensionado,4096000.0,844,0,2023-06-12,Agencia
CLI-02709,Andrés Andrey Díaz García,95828032,M,69,Bogotá,3,Casado,Posgrado,Pensionado,4718000.0,561,0,2018/11/03,Agencia
CLI-00826,Manuel Dario Restrepo,1062958821,M,39,Cali,3,Casado  ,Profesional,Pensionado,2896000.0,636,1,29/05/2021,Bancaseguros
CLI-01272,Lucy Yudy Buitrago,819298079,M,49,CALI,2,Soltero,Profesional,Empleado,1149000.0,515,3,2020/07/02,Asesor comercial
CLI-04408,  José Alexander Jaramillo Vera,919341290,M,36,Cartagena,3,Unión libre,Bachiller,Independiente,3923000.0,713,0,2021-08-26,Bancaseguros
CLI-00260,Margarita Silvia Moreno Guevara,183952651,F,51,Medellín,6,Casado,Bachiller,Empresario,39426000.0,770,1,14/11/2018,Web
CLI-00797, Guillermo Castillo ,324193795,m,41,Medellín,3,Unión libre,Bachiller,Empleado,6743000.0,661,2,2018/11/02,Agencia
CLI-00384,Aldemar Eduardo Castellanos Córdoba,571030204,M,48,Medellín,2,Casado,Bachiller,Empleado,1309000.0,563,2,16/03/2024,Bancaseguros
CLI-02162,Milena Arteaga Martínez,713473999,M,65,Bogotá,2,SOLTERO,Bachiller,Pensionado,1630000.0,556,0,2022/05/22,Asesor comercial
CLI-00466,margoth claudia cárdenas,1239353196,F,49,Bogotá,2,Soltero,Bachiller,Empleado,,755,2,2018-04-18,Asesor  comercial
CLI-00278,Andrés Albeiro López López,1099422512,F,41,Bogota,2,  Soltero,Técnico,Empresario,4666000.0,609,0,2023/02/09,Agencia
CLI-02168,Guillermo Caicedo,123726735,M,26,Bogotá,3,UNIÓN LIBRE,Técnico,Independiente,4166000.0,611,3,2017/07/28,  Bancaseguros
CLI-02062,Víctor Marín,604589674,masc,80,Bogotá,5,Divorciado,Bachiller,Pensionado,8495000.0,831,0,2021-07-15,Agencia
CLI-04898,Carolina López,487356125,F,39,Cartagena,5,Casado,Profesional,Empresario,9058000.0,540,0,2017/04/30,Agencia
CLI-02546,fernando zapata,1360478332,M,39,Bogotá,3,Soltero,Posgrado,Empresario,5383000.0,643,0,2024-03-14,  Asesor comercial
CLI-01221,ELENA VALENCIA RODRÍGUEZ,1722724991,masc,42,Cali,4,Unión libre,Bachiller,INDEPENDIENTE,8726000.0,518,2,2018/07/10,Asesor comercial
CLI-01337,KAREN YASMIN MENA,499188734,M,37,Bogotá,4,Unión libre,Bachiller,Independiente,3277000.0,645,0,23/02/2021,Bancaseguros
CLI-04610,Andrés Mendoza,170838495,F,45,Medellín,4,Soltero,PROFESIONAL,Empleado,2983000.0,571,0,2017/03/14,Asesor comercial
CLI-04113,Héctor Fonseca Burbano,1223567393,Femenino,52,pereira,3,Soltero  ,Bachiller,Independiente,2366000.0,472,1,2024-12-18, Web 
CLI-04232,Óscar Naranjo,895734592,M,36,Bogotá,3,Casado,Bachiller,EMPLEADO,2015000.0,635,1,2022/03/25,Agencia
CLI-00317,Daniel Andrés Serrano García,877543312, Masculino ,30,Medellin,2,Viudo  ,PROFESIONAL,Empleado,1335000.0,625,1,28/02/2021,Agencia
CLI-02771,Alejandro  Fernando  Domínguez  Barrios,1759573288,M,46,BUCARAMANGA,2,Casado, Bachiller ,Empleado,2761000.0,618,1,2022/08/13,Asesor comercial
CLI-03754,María Daniela Osorio Sandoval,954122897,F,19,Santa Marta,1, Casado ,Posgrado,Estudiante,688000.0,496,0,2018-02-25,Web
CLI-01854,Rosa García,1406617317,F,23,Bogotá,4,Soltero,Profesional,Empleado,6530000.0,636,1,09/06/2023,Asesor comercial
CLI-02261,Marina Molina Pineda,1822759344,F,28,Bogotá,6,SOLTERO,Profesional,Independiente,17025000.0,688,0,15/10/2022,Agencia
CLI-03084,Alberto Cuéllar,1301658990,F,34,Bogotá  ,2,Casado,BACHILLER,Empleado,1983000.0,677,1,01/05/2023,Agencia
CLI-03324,Víctor Luis Ortega,996643435,F,35,Santiago de Cali,3,Soltero,Técnico,  Empleado,2619000.0,674,2,2018-05-11,Asesor comercial
CLI-01985,Ricardo Barbosa,1069356284,F,32,Cali,4,Soltero,Profesional,Empleado,5896000.0,580,2,27/10/2023,Web
CLI-00090,Luz Manrique,1464815205,F,18,Bucaramanga,2,Unión libre,Profesional,Empresario,3996000.0,659,1,22/07/2019,  Asesor comercial
CLI-01415,Juan Eduardo Cruz Ramírez,56549536,M,36, Cúcuta ,2,Divorciado,Profesional,,$1.067.000,537,0,2019-01-03,Bancaseguros
CLI-03565,Esther Paola Osorio Ávila,1297605330,F,64,Barranquilla,2,Soltero,Profesional,Pensionado,3405000.0,694,1,26/02/2023,Asesor comercial
CLI-02326,  Eugenia Henao Murillo,742711718,F,22,Cali,2,Casado,Bachiller,Pensionado,1211000.0,577,1,2019-12-23, Asesor comercial 
CLI-04870,María Tatiana Sarmiento Pineda,592262954,F,18,Bta,1,Soltero,Posgrado,Independiente,,574,0,03/12/2018,Asesor comercial
CLI-02284,Blanca Santos,1605098927,F,34,Bogotá,2,Divorciado,Posgrado,INDEPENDIENTE,1615000.0,637,0,2017-06-20, Web 
CLI-01032,Hugo Fabio Salamanca Cruz,326628834,F,58,Pereira,3,Casado,Técnico,Empleado,5399000.0,579,1,2021-06-09,Asesor comercial
CLI-01759,Edilma Laura Córdoba,1844911603,F,41,Cali  ,3,Unión libre,PROFESIONAL,Independiente,4417000.0,588,0,13/06/2023,Bancaseguros
CLI-02522,maría moreno mendoza,1742655356,F,36,medellín,1,Viudo,Profesional,Empleado,1404000.0,769,1,19/07/2017,Agencia
CLI-02659,Katherine Vásquez Castillo,1379006936,M,28,Bogotá,5,Casado,Técnico,Empleado,7866000.0,705,5,2021-01-03,Agencia
CLI-01540,Yury Flórez,70313808,M,42,Medellin,3,CASADO, Profesional ,Empleado,5366000.0,656,2,2020-04-08,Bancaseguros
CLI-01857,Diana Gutiérrez,618193636,M,43,Bogotá,4,Unión libre,Técnico,Independiente,7697000.0,781,2,2020-02-25,Corredor  
CLI-03052,Edinson Bryan Díaz,952911617,M,52,Bta,3, Casado ,Profesional,Empleado,2292000.0,652,1,2021-12-22,Agencia
CLI-01473,Alexander Ricardo Barbosa Gamboa,1293407306,M,29,Pereira,2,Casado,Profesional,INDEPENDIENTE,2437000.0,579,2,2020-09-11,Asesor comercial
CLI-04076,alexander leal,240920783,M,27,B/QUILLA,2,Casado,Posgrado,Empleado,1710000.0,564,0,2020-11-16,Web
CLI-00018,Yamile Castillo,182728572,  M,48,Cartagena de Indias,6,Viudo  ,profesional,Empleado,11574000.0,660,0,2017-04-08,Web
CLI-01039,Tatiana Diana Galvis Arboleda,1181506385,M,60,Bucaramanga,3,Casado,  Profesional,Empleado,4795000.0,649,3,2018-12-15,Asesor comercial
CLI-04488,Alejandro Quintero,253112376,M,25,Manizales,3,Unión libre,Profesional,Pensionado,1815000.0,538,0,2019-08-08, Bancaseguros 
CLI-03465,David Cuéllar,1451651070,  F,30,Santa Marta,5,Soltero,  Bachiller,Independiente,10701000.0,763,3,18/08/2023,Asesor comercial
CLI-03509,MARIBEL CAMACHO,113711932,F,57,Bucaramanga,4,Soltero,Profesional,Pensionado,2759000.0,796,1,2019/07/26,Corredor
CLI-03172,Johan Moreno Martínez,1257947736,F,58, Barranquilla ,3,Soltero,Profesional,Pensionado,2489000.0,664,2,2024-01-13,Asesor comercial
CLI-03006,Cecilia  Lucía  Caro  López,1017296617,F,57,Bogotá,3,Divorciado,Bachiller,Independiente,4119000.0,720,1,15/04/2021,Bancaseguros
CLI-03133,MARÍA AURORA POLO,28447650,M,57,Bogotá  ,3,Soltero,Profesional,Empleado,2764000.0,654,1,18/02/2019,Corredor
CLI-01841,Nelson Daniel Vargas Bautista  ,1178597259,M,36,Bogotá,1,Unión libre,Bachiller,EMPRESARIO,3142000.0,590,2,21/11/2022,Agencia
CLI-01517,Derly López,756803231,M,57,Medellin,3,UNION LIBRE,Técnico,Empleado,6117000.0,747,3,2024/07/06,Corredor
CLI-05128, Ferney Omar Jaramillo ,715938964,M,64,Cartagena,3,Unión libre,Bachiller,Pensionado,3309000.0,703,1,2024-02-20,Corredor
CLI-01649,Sandra Isabel Palacio,1259189535,F,18,Bogotá,3,Soltero,Técnico,Estudiante,2477000.0,592,0,2021/01/30,Agencia
CLI-00308,David  Alexis  García,803851132,F,61,,6,Unión libre,Profesional,Pensionado,21653000.0,760,4,2017/05/28,Asesor comercial
CLI-01788,Silvia Salamanca,1458564146,F,37,Pereira,2,Casado,Técnico,Empleado,1593000.0,651,1,2021/09/03,Web
CLI-04025,Hernán Andrés Gómez Mosquera,1014867350,F,47,Bogota D.C.,2,Casado,  Profesional,Empleado,2594000.0,588,0,2020-06-04,Web
CLI-00847,Stella Martínez,433119921,M,25,Bogotá,2,Unión libre,Bachiller,Empleado,2049000.0,555,3,2024/12/29,Asesor comercial
CLI-00209,Hernando Anderson Flórez Vergara,1450945798,M,46,Cartagena,2,Casado,Técnico,Empleado,2867000.0,674,4,02/03/2017,BANCASEGUROS
CLI-00618,Milena Adiela Cardona Romero,1408153453,M,50,Cúcuta,5,Unión libre,Bachiller,Empleado,8416000.0,615,5,,Web
CLI-02581,Rolando Edward Barrera,1282210372,M,36,Bogotá,4,Viudo  ,Profesional,Empleado,5764000.0,545,3,2018-08-10,Corredor
CLI-03338,DANIELA MAGNOLIA GARCÍA,70711213,F,150,Bogotá,2,Casado,Bachiller,Pensionado,2121000.0,714,1,2024-12-11,Web
CLI-04588,Josué González,667459376,F,34,,2,SOLTERO,profesional,Pensionado,2193000.0,638,0,2023-07-21,Agencia
CLI-03880,Tatiana Gaitán Cerón,1174420336,M,18,Bucaramanga,3,UNION LIBRE,Profesional,Empleado,3325000.0,700,3,19/07/2019,Web
CLI-01257,Diana Palacio Caballero,1237147168,F,,Bogotá  D.C.,1,Casado,Posgrado,Empresario,3599000.0,589,1,16/05/2018, Agencia 
CLI-04552,María Córdoba,1555989110,F,57,Cúcuta,3,Soltero,Bachiller,Independiente,3409000.0,734,1,2017-06-07,Asesor comercial
CLI-04967,Hilda Jiménez García,754717140,M,69,Bogotá,6,Unión libre,Profesional,Pensionado,8616000.0,693,2,28/08/2018,Agencia
CLI-00499,ANGELA ANA DIAZ PULIDO,267017304,M,40,Bogotá,3,Viudo,Posgrado,Empleado,2819000.0,700,2,2024-01-12,Agencia
CLI-00055,Ana Rodríguez,1296128769,Femenino,41,Cartagena  ,3,Soltero  ,Posgrado,Empleado,2851000.0,670,3,2017/01/25,Asesor comercial
CLI-03288,Manuela Córdoba Rendón,1333705238,M,44,Bogotá,3,Unión libre,Profesional,Empresario,8427000.0,672,3,2017/09/21,Corredor
CLI-02397,David Beltrán  ,1523095917,M,33, Medellín ,2,  Soltero,Profesional,Empleado,1975000.0,544,0,2024/01/30,Web
CLI-03033,Edith Rincón,763724035,Masculino,30,Bogotá,5,Divorciado,TECNICO,Empleado,9591000.0,775,0,2023-07-17,BANCASEGUROS
CLI-01512,Andrea Gloria López Sanabria,1484374664,M,33,Cali,5,Unión libre,Bachiller,Pensionado,5977000.0,589,1,10/06/2019,Asesor comercial
CLI-00862,Alejandro Luis Melo,1147032400,F,44,,4,Soltero,Posgrado,Empleado,4726000.0,613,4,09/12/2021,Asesor comercial
CLI-00097,Hernán Valencia,1352692785,M,29,Bogotá,3,unión libre,Profesional,Empleado  ,3528000.0,713,0,2023-01-30,Bancaseguros
CLI-03982,José Luis Rodríguez Ramírez,1111966797,M,39,Cúcuta,3,Unión libre,Profesional,Empleado,4619000.0,,0,2021/05/24,Asesor comercial
CLI-03290,Beatriz Escobar,1032513616,M,34,Manizales,3,Unión libre,Técnico,Empleado,2649000.0,423,2,2019-11-12,Corredor
CLI-04291,Dora Lucila Estrada Cano,1865533425,M,58,Cúcuta,3,Unión libre,Profesional,Empleado,2082000.0,636,0,2021-01-18,bancaseguros
CLI-01898,Alonso Barrios Suárez,1518591219,M,60,  Bogotá,2,Viudo,Posgrado,Pensionado,2633000.0,712,0,2018/12/27,Web
CLI-01954,Lucía Eliana Uribe,602986991,F,39,Bogotá,2,VIUDO,Técnico,empresario,7881000.0,612,1,2018-10-20,Agencia  
CLI-02450,Carlos Michael Bedoya Sánchez,1171813039,F,35,Medellín,4,Casado,Profesional  ,Empleado,6142000.0,759,2,13/06/2020,Agencia
CLI-02143,Liliana Silva,1181216718,F,30,Cali  ,1,Divorciado,Profesional,,1362000.0,572,0,2018-04-08,Asesor comercial
CLI-00867,GERARDO BARRIOS,76899335,F,18,Bogotá,4,Casado,Profesional,Empleado,4085000.0,685,2,2024-03-17,Web
CLI-03220,Oliva Stella González Ardila,1229964928,M,40, Barranquilla ,6,Soltero,PROFESIONAL,Pensionado,8525000.0,707,0,2021-10-20,Asesor comercial
CLI-04937,Cecilia Aura Velasco,118272273,M,200,CARTAGENA,4,Unión libre,Técnico  ,Independiente,4430000.0,691,0,18/01/2017,Asesor comercial
CLI-01579,Adriana Luz Ramírez Vargas,839600140,F,59, Pereira ,2,Soltero,Bachiller,INDEPENDIENTE,1175000.0,603,5,2020/12/19,Asesor comercial
CLI-03167,Yohana Maria Rodriguez,686602941,M,60,Cali,3,Viudo,Posgrado,Empleado,6142000.0,788,2,2020-02-17,AGENCIA
CLI-02633,Jesús Torres,1670422914,F,29,Medellín,3,Unión libre,  Posgrado,Empleado,4195000.0,602,1,2022-03-06,Web
CLI-02564,Angie Navarro,1164440355,F,36,Cali,2,Soltero,Profesional,Empleado,,563,3,2021-06-23,Asesor comercial
CLI-04761,  Carolina Mesa Manrique,109339558,Femenino,36,Cartagena  ,2,Unión libre,Técnico,EMPLEADO,2122000.0,776,2,09/12/2019,Bancaseguros
CLI-02503,María María Perdomo Arrieta,139128250,  F,41, Cali ,2,  Divorciado,Profesional,Independiente,3053000.0,596,1,08/01/2020,Web
CLI-03308,José Reyes Espitia,1421786043,M,38,,2,VIUDO,Profesional,Empleado,3630000.0,539,1,2019-10-29,Asesor comercial  
CLI-04554,Luz Salcedo Ocampo,67566056,F,51,Cali,2, Casado ,Bachiller,Empleado,2501000.0,585,2,17/03/2024,Agencia
CLI-03695,  Edison Vanegas Arteaga,1189328803,F,53,Bogotá,2,Casado,Bachiller,Empleado,2544000.0,670,1,06/06/2023,Agencia
CLI-00138,margoth escobar,775340519,F,48,Bucaramanga,1, Soltero ,Técnico,Empleado,2472000.0,465,0,2020-10-28,Asesor comercial
CLI-02180,Maribel Martha Ortiz Murillo,376195392,F,63,,3,Unión libre,TECNICO,Pensionado,3587000.0,624,2,2018-01-05,Asesor comercial
CLI-04240,Fernanda Johana Benavides Ochoa,1421817984,F,34,,4,Casado,Profesional,Empresario,11623000.0,639,0,2018/03/16,Asesor comercial
CLI-04649,Jesús Leandro Suárez Gutiérrez,1285575875,M,18,Bogotá,6,Divorciado,Bachiller,Empleado,25416000.0,665,0,2018-05-18,ASESOR COMERCIAL
CLI-03753,Fabián Herrera Méndez,774324444,M,50,Cúcuta,3,Divorciado,Técnico,Independiente,2129000.0,589,2,2023/10/31,Corredor
CLI-03407,María Luz Figueroa,1617244764,F,56,MEDELLÍN,2,CASADO,Profesional,Empleado,2104000.0,579,0,2019-04-06,Bancaseguros
CLI-02575,Ana Guerrero,1022365733,F,21,medellín,6,Unión libre,Profesional,Empleado,7498000.0,728,0,2019/06/26,Asesor comercial
CLI-01936,María Rivera,1010272254,M,36,Pereira,4,Viudo,Posgrado,Empleado,6285000.0,783,3,2017-12-26,Asesor comercial
CLI-01771,Marcela Rojas,1372582565,F,18,Barranquilla,4,Soltero,Profesional,Independiente,3286000.0,667,3,2022-02-27,Asesor comercial
CLI-03279,Miguel Felipe Pérez,1105468992,M,18,Bogotá,3,Casado,Bachiller,Empleado,3552000.0,635,1,18/01/2021,Corredor
CLI-03060,eder octavio vásquez,845993749,M,27,Bogotá,2,Unión libre,BACHILLER,Pensionado,1304000.0,418,1,2022/01/24,Web
CLI-02732,Leydi Monsalve,1656953333,M,42,Bogotá,5, Casado ,Posgrado,Independiente,7427000.0,792,2,2018-05-20,Asesor comercial
CLI-04115,Angie Elena Vargas,1725929776,F,18,Bogotá,4,Unión libre,Tecnico,Empleado,7217000.0,657,2,2021-10-04,ASESOR COMERCIAL
CLI-03059,Tatiana Karen Bolívar,618584445,M,49,,1,Soltero,técnico,Empleado,2316000.0,610,1,27/05/2018,Bancaseguros
CLI-00560,Jhoana Marín,1002946789,F,,Bucaramanga,1,Soltero,Profesional,Empleado,1416000.0,734,1,2021-12-09,Agencia
CLI-03778,Lorena María Hernández Montenegro,224422192,M,66, Medellín ,4,Soltero,técnico,Empleado,4604000.0,638,1,2017/09/23,Corredor
CLI-04731,Leidy Andrea Gómez Sánchez,1462030596,M,53,Bucaramanga,4,Casado,Técnico,Empresario,9370000.0,744,0,2019/02/12,Asesor comercial
CLI-02459,Leidy Milena Soto Bustos,1484490396,Masculino,47,  Bogotá,4,Soltero,Profesional,Empleado,5427000.0,,1,09/04/2020,Web
CLI-01423,Paola Marina Torres Chaparro,1031180046,M,70,  Bogotá,3,Divorciado,Bachiller,Pensionado,2635000.0,555,1,2023-11-21,Asesor comercial
CLI-02957,Alix Hernández,1874558774,M,44,Medellín,3,Soltero,Bachiller,Empresario,6317000.0,735,2,2018-09-08,Web
CLI-00387,Carmen Carmen Marín,1368579749,F,39,Barranquilla,2,Soltero,Posgrado,Empresario,6844000.0,585,0,12/04/2018,Corredor
CLI-00175,Adriana Barrios,1591426065,M,60,Cartagena,4,Soltero,Posgrado,Independiente,4795000.0,786,0,,Web
CLI-03578,campo eduardo delgado,195282693,M,25,Bogotá,3,Soltero,Bachiller,Empleado,2389000.0,581,2,2020-09-01,Asesor comercial
CLI-00093,ELENA NANCY MUNOZ,1096245392,M,70,Pereira,2,Divorciado, Bachiller ,Pensionado,1843000.0,,1,05/05/2019,Agencia
CLI-03207,ANDRES DANIEL GUERRERO ROJAS,348419073,M,39,MEDELLÍN,5,Casado,Profesional, Empleado ,5907000.0,586,2,2020-05-28,web
CLI-03491,María Márquez,500869534,F,41,cúcuta,4,  Casado,Profesional,Independiente,4351000.0,605,1,2021/03/22,Agencia
CLI-04450,Stiven Mercado,956876594,M,40,Manizales,2,Casado,  Posgrado,Empleado,1912000.0,544,0,2022/07/08,Web
CLI-02848,PAOLA FANNY DÍAZ RUBIO,1073532582,M,36,Bogotá,2,Soltero,Posgrado,Empleado,2116000.0,591,4,2021-04-17,agencia
CLI-01392,Luis  Héctor  Vásquez,1859023178,F,75,PEREIRA,4,Casado,Posgrado,Pensionado,6243000.0,712,0,2022-05-04,Bancaseguros
CLI-02856,Margarita Prieto,1006090642,F,53,Cúcuta,3,Casado,Profesional,Empleado,2644000.0,701,0,2017-05-01,Corredor
CLI-05097,Jorge López,1873315369,F,31, Manizales ,4,Casado,Bachiller,Empleado,6943000.0,682,0,25/02/2024,Asesor comercial
CLI-03448,María María Andrade Ortiz,1568124926,F,61,Barranquilla,3,Soltero,Profesional,Independiente,3622000.0,627,3,2019-03-30,Asesor comercial
CLI-05093,José Fabián Torres,54268657,M,37,Cali,2,Divorciado,Técnico,Empresario,5632000.0,809,2,2021-08-27,AGENCIA
CLI-04289,Patricia Enith Martínez López,5274684,F,20,cali,4,Unión libre,Posgrado,Pensionado,3706000.0,548,1,03/07/2022,Corredor
CLI-04924,Antonio Rincón González,1016269233,F,43,Bogotá D.C.,3,Casado,Bachiller,Empleado,3026000.0,705,0,2021/07/11,Asesor comercial
CLI-00177,Andrés David Ortiz Mercado,715920582,M,60,,2, Divorciado ,Profesional,Empleado,2081000.0,590,2,2023-08-08,Bancaseguros
CLI-02398,Jhon López Ardila,1135000649,M,57,pereira,2,Soltero,Técnico,Independiente  ,3721000.0,617,1,2021-02-03,ASESOR COMERCIAL
CLI-02038,Jair Sierra,177695073,M,22,Bogotá,5,Casado,Bachiller, Empleado ,14504000.0,675,0,28/04/2022,corredor
CLI-03822,Daniel Acosta Montoya,672947686,F,40,bogotá,3,Unión libre  ,Profesional,Empleado,3364000.0,679,0,2017-01-13,Asesor comercial
CLI-02172,Mónica María Romero Calderón,235777727,M,53,Cali,2,Casado,BACHILLER,Empleado,2047000.0,627,3,2021/05/11,Agencia
CLI-02487,Marina Eugenia Pulido,730798851,F,36,Cali,4,Unión libre,Profesional,Independiente,7245000.0,612,0,,Agencia
CLI-02569,Pablo Ricardo Cardona,741609547,F,57,Pereira,1,Soltero,Profesional  ,Independiente,2110000.0,708,0,2024/11/18,Agencia
CLI-04842,Jhonatan Mejía,561160827,M,34,Medellín,4,Union libre,Profesional,Empleado,11738000.0,752,1,2023-10-25,Asesor comercial
CLI-04799,Esmeralda Leidy García Restrepo,301258401,F,18,medellin,6,Soltero,Bachiller,Empleado,9744000.0,729,0,2018-03-12,Agencia
CLI-00573,Milena Agudelo Vélez,279613391,F,42,Barranquilla,2,Unión libre,Profesional,Pensionado,1468000.0,594,1,2023-09-12,Agencia
CLI-01372,Jairo Diego Padilla Guerra,1885190095,F,35,Bta,5,Soltero,Bachiller,Independiente,18455000.0,753,1,2023-03-06,Agencia
CLI-04540,Alexander Juan Barreto Ospina,1401329989,M,49,Bogotá,5,Soltero,Posgrado,Empleado,,775,1,2022-12-10,Asesor comercial
CLI-02125,Manuel Galindo,1115142572,M,51,Medellín,4,Unión libre, Técnico ,Independiente,7787000.0,,0,2018-02-02,Agencia
CLI-00687,Paulina García,816204006,M,66,Medellin  ,2,DIVORCIADO,Profesional,PENSIONADO,2883000.0,508,3,2022-07-17,Bancaseguros
CLI-04277,Julián Óscar Perdomo,748741360,M,43,Medellín,3,casado,Posgrado,Empleado,2689000.0,728,5,2024-11-22,Agencia
CLI-00831,Carlos Jhonatan Díaz García,1755743269,F,30,Bogotá,2,unión libre,Profesional,Pensionado,2140000.0,607,1,2024-10-18,Agencia
CLI-00793,Gildardo Marín,413374822,M,67,Cali,2,Soltero,Posgrado,Independiente,2239000.0,640,1,2017-12-18,Bancaseguros
CLI-00370,Karol Quintero  ,760535778,F,20,Bogotá,2,Soltero,Bachiller,Independiente,1991000.0,756,0,2022-09-05, Web 
CLI-01940,Julieth Gómez Molina,711653984,M,60,Bogotá,1,Casado,Profesional,Pensionado,2382000.0,694,2,2024-05-25,Bancaseguros
CLI-04481,Eduardo Murillo,1717090471,M,39,Medellín,2,Casado,Profesional  ,Empleado,1122000.0,583,0,2018/04/01,Bancaseguros
CLI-03049,Flor López,721727284,F,21,Medellin (Antioquia),3,Soltero, Posgrado ,Independiente,3752000.0,652,0,2017-04-28,Bancaseguros
CLI-04073,Bayron Carrillo Castro,1336456759,M,44,Cartagena,5,Casado,Profesional,Empleado,$5.351.000,653,3,2022-08-04,Bancaseguros
CLI-00291,Liliana Lorena Sanchez Alvarez,1798225751,F,65, Medellín ,2,Soltero,Posgrado,Pensionado,2408000.0,732,1,29/12/2020, Asesor comercial 
CLI-02184,PAULA RODRIGUEZ PEREZ,1838856117,M,42,Barranquilla,2,Unión libre  ,Bachiller,Empresario,,651,1,,Asesor comercial
CLI-00523,Sebastián Manuel Muñoz Molina,116116391,M,37,Bucaramanga,4,Casado,Profesional,EMPLEADO,4099000.0,630,1,2021/01/17,Agencia
CLI-04257,Margarita Méndez Durán,1777450909,  M,35,Bucaramanga,3,Casado,Posgrado, Independiente ,3861000.0,726,2,22/09/2019,Web
CLI-03960,Carolina Carmen Alvarado,1775059095,M,22, Medellín ,2,Casado,Profesional,Empleado,3230000.0,521,3,INVALID_DATE,web
CLI-05148,Luisa Alejandra Vanegas,353909965,F,37,Santa Marta,1,Soltero,Profesional,Empresario,3486000.0,554,2,2024-06-26,Asesor comercial
CLI-02480,Diana Esther Duarte Torres,677540395,F,38,Cali,1,Unión libre,Profesional,Empleado,1158000.0,538,1,2022-11-06,Asesor comercial
CLI-02135,María Marleny Osorio Hurtado,151080081,F,26,Bogotá D.C.,4,Unión libre,Profesional,Empleado,9777000.0,526,1,2024-10-01,  Bancaseguros
CLI-00315,Cristina Valentina Rosero,1517619902,M,23,Bogotá D.C.,2,Soltero,técnico,Independiente,2101000.0,663,0,2017/01/21,Web
CLI-00186,Leidy Arango Ceballos,288122349,F,,Cali,1,Casado,Profesional,Empleado,1433000.0,,0,2019-12-15,Asesor comercial
CLI-04043,Edith Luz Rojas Pinzón,996711555,M,30,Santa Marta,3,Casado,POSGRADO,Independiente,2247000.0,642,2,01/04/2018,Web
CLI-02176,Elsa Torres,1332100769,F,28,Cartagena,5,Casado,Técnico,Pensionado,8183000.0,605,2,13/05/2017,Bancaseguros
CLI-00245,Emilio Ballesteros González,639768150,F,21,,2,Casado, Profesional ,Empleado,,577,1,04/12/2023,Asesor comercial
CLI-01458,Jorge Robert Beltrán,261024759,M,22,Medellín,4,Soltero,Profesional,,7569000.0,638,1,2024-06-08,Web
CLI-01889,Stiven Diego Parra,1876717374,F,45,Barranquilla,3,Soltero,BACHILLER,Empleado,4507000.0,698,3,2019-03-19,Web
CLI-01076,Luz Natalia García,1542717187,M,26,BOGOTÁ,3,Unión libre,Profesional,Empleado,2825000.0,476,1,2024-10-27,Corredor  
CLI-01299,Luis Orlando Valencia López,1753808465,F,43,Bogotá,3,Soltero,PROFESIONAL,Empleado,3139000.0,472,1,2022-01-09,Asesor comercial
CLI-05107,Andrea Doris Gómez Pérez,1273082397,M,45,Medellín,4,Soltero,Profesional,Independiente,10288000.0,691,0,2019-02-23,Corredor
CLI-04760,Andrea Hernández,1827349952,F,33,santa marta,3,Soltero,Técnico,Empleado,6217000.0,732,2,2023-11-01,Bancaseguros
CLI-01292,Miguel Juan Solano Agudelo,1222848725,F,29, Medellín ,2,Unión libre,Técnico,Pensionado,3573000.0,775,2,2019-06-16,Web
CLI-00463,Yuli Gómez Perea,838163427,F,25,Bogotá,3,  Casado,Bachiller,Empleado,2695000.0,569,0,2017/06/20,Corredor
CLI-01934,Inés María Acevedo Guzmán,1251815611,F,22, Barranquilla ,4,CASADO,Profesional,Empleado,4831000.0,718,0,2024-12-29,Bancaseguros
CLI-04097,Yolanda Salazar Sánchez,1756052969,F,34,Medellín,2,Soltero,Técnico,Independiente,1881000.0,591,0,2023-01-13,Agencia
CLI-04583,Carlos Cruz Mejía,623192445,F,57,Bucaramanga,3,Casado,Técnico,Empleado,4116000.0,620,1,01/01/2021,Web  
CLI-01737,Antonio Guevara,579656797,F,27,Barranquilla,4,soltero,Técnico,Empleado,5333000.0,706,1,31/07/2021,Asesor comercial
CLI-01509,Cristina Gamboa,651006317,M,36,Medellín,5,Divorciado,Profesional,,6837000.0,9999,2,20/11/2017,Asesor comercial
CLI-03393,PAULA MARIA AMAYA RODRIGUEZ,1866732359,F,48,Pereira,3,Soltero,Profesional,empleado,2414000.0,665,0,2017-07-10,Agencia  
CLI-01711,Graciela Arboleda Agudelo  ,1784023978,F,33,Medellín,2,Casado,Posgrado,Independiente,1912000.0,616,0,2019-09-02,Web
CLI-03803,Rafael Arévalo Estrada,470189125,M,31,Pereira,1,Casado,Posgrado,Empleado,2729000.0,666,0,2020/02/17,Asesor comercial
CLI-02610,Yolanda Olga Hoyos Díaz,535745308,M,44,Bogotá,2,divorciado,Bachiller,Independiente,1215000.0,501,4,2018-02-03,Bancaseguros
CLI-02879,Fanny Natalia Mendoza Castro,1216037007,F,19,CALI,2,Divorciado,Profesional,Empleado,1821000.0,612,0,2017-11-20,Web
CLI-03900,IVONNE CARMONA VALENCIA,136499861,M,42,Bogotá,3,Casado,profesional,Empleado,2069000.0,759,0,2020-10-03,BANCASEGUROS
CLI-03461,Paola Mercedes Núñez,363567014,M,67,,3,Divorciado,Bachiller,Pensionado,2872000.0,761,2,2023-06-15,Asesor comercial
CLI-03396, Christian Fernando Sánchez ,1245925913, F ,45,CALI,1,Unión libre,BACHILLER,Pensionado,1327000.0,562,1,2018-11-21,Asesor comercial
CLI-00162,Sonia  Hernández,480473816,F,31,Pereira,3,Casado,Bachiller,INDEPENDIENTE,6189000.0,736,0,2017-04-25,Asesor comercial
CLI-01676,Javier Orozco,1654793331,F,31,Bogotá D.C.,5,Casado,Técnico,Empleado,9356000.0,706,0,2021-08-30,Corredor
CLI-00378,Mario Óscar Henao,398463185,M,32,Bucaramanga,1,Casado,Posgrado,Empleado,2063000.0,746,2,2020-10-08,Corredor
CLI-03949,Karina Aura Rodríguez,752430806,F,27, Bogotá ,4,Soltero,Profesional,Empleado,$5.384.000,,1,22/04/2024,Bancaseguros
CLI-03951,Emilio Alexis Torres Cárdenas,180581988,  M,32,Bogotá,2,Soltero,Bachiller,Empleado,2746000.0,707,1,24/10/2022,Asesor comercial
CLI-01102,Juan Marlon Vargas Flórez,1025815344,M,18,Medellín,6,Casado, Bachiller ,  Empleado,13667000.0,714,2,2017-12-09,Agencia
CLI-03065,Estela María Hoyos,1078116984,m,55,Cali,2,Soltero,Técnico,Empresario,3394000.0,794,0,2017-11-17,Asesor comercial
CLI-01174,Katerine Fonseca Rodríguez,768703564,F,38,Bogotá,2,Divorciado,Bachiller,Empleado,2967000.0,652,0,2023/11/08,Web
CLI-00907,Fredy Santos Lozano,1011015558,F,50,Pereira,2,Divorciado,Profesional,Empleado,1699000.0,643,1,19/02/2020,Agencia
CLI-05027,Andrea Ana Yepes Vargas,1028499097,M,19,Cali  ,2,Unión libre,Bachiller, Empleado ,1553000.0,529,3,2022/12/29,Bancaseguros
CLI-02132,César Salgado Benítez,757051486,F,32,Bucaramanga,3,CASADO,Profesional, Empleado ,5951000.0,735,0,2017-06-11,Bancaseguros
CLI-02128,Luz Isabel Hernández Salazar,1530980324,M,34,Bogotá,1,Casado,Profesional,Empleado,1808000.0,691,0,2019-10-04,BANCASEGUROS
CLI-02872,Manuel Suárez,89884592,M,36,Pereira,2,Unión libre,Posgrado,Empleado,2603000.0,695,2,2018-08-21,Bancaseguros
CLI-02641,Marcela Teresa Ortega,930072068,F,56,bogotá,3,Unión libre,Profesional,Empleado,4100000.0,749,0,10/10/2024,Agencia
CLI-00290,Astrid Domínguez López,343553846,M,34,Manizales,3,Divorciado,Técnico,Empleado,2217000.0,467,1,2023/08/18, Web 
CLI-02303,Germán John Vásquez Barrera,1142832324,M,38,Bogotá,2,Soltero,Técnico,Empleado,0.0,678,1,2023/02/12,Asesor comercial
CLI-03336,Vanessa Daniela Rojas Pérez,917080370,M,31,Cali,3,Divorciado,BACHILLER,Independiente,2397000.0,640,0,2019-12-28,Agencia
CLI-02880,PAOLA CECILIA ACOSTA,707293486,M,39,bogotá,2,Divorciado,Posgrado,Empleado,2599000.0,704,0,2017-12-31,Asesor comercial
CLI-00917,Mercedes Sara Polo Serrano,1134346459,M,150,Bogotá,6,Viudo,TÉCNICO,Independiente,,670,1,07/06/2023,Web
CLI-01248,CRISTIAN BARRAGAN,774261084,M,45,Bucaramanga,2,Soltero,Técnico, Pensionado ,1685000.0,,2,2020/07/01,Agencia
CLI-00351,  Johan Carlos Gutiérrez,305278809,F,42, Medellín ,1,Casado,Bachiller,Empleado,1328000.0,531,3,11/09/2024,Web
CLI-04785,Juan Luis Ramírez Guerra,564928040,F,18,Bogotá,4,SOLTERO,Técnico,Empleado,3029000.0,624,2,17/09/2021,Asesor comercial
CLI-02735, Vicente Paz ,734605189,M,29,Barranquilla,5,Casado,Posgrado,Independiente,7574000.0,720,2,2020-09-29,Agencia
CLI-02484, Carolina Flor Yepes ,81640058,M,46,Medellín,1,Soltero,Bachiller,PENSIONADO,1194000.0,391,3,09/09/2019,Corredor  
CLI-04959,Carlos Arturo Rodríguez Jiménez,72417303,M,20,Bogotá,3,Divorciado,Profesional,Independiente,1773000.0,723,0,2017-04-05,Corredor
CLI-02246,Claudia Yésica Mora,1488543776,M,60,Bogotá D.C.,4,Unión libre,Profesional,pensionado,4270000.0,741,1,2021-05-10,Web
CLI-02338,Claudia Torres,279282482,M,18,BOGOTÁ,3,Casado,Posgrado,Pensionado,1899000.0,409,0,2021/02/26,Bancaseguros
CLI-04186,Ana Muñoz Cárdenas,5987275,F,59,Bogotá,6,Unión libre,Posgrado,independiente,9228000.0,9999,1,31/07/2020,Asesor comercial
CLI-01887,Melba Espinosa Mena,1242427346,M,47,Cali,4,Casado,Posgrado,Pensionado,4304000.0,644,0,23/11/2021,Web
CLI-02378,David Fernando Jiménez García,499860798,F,37,CALI,3,Unión libre,Posgrado,Empleado,3458000.0,705,2,2022/08/26,Bancaseguros
CLI-03969,María María González  ,1396352778,M,39,  Bogotá,2,Casado,Profesional,  Empleado,2317000.0,736,0,2024-06-20,Bancaseguros
CLI-01646,Nelsy Juana Gómez,1722635065,M,33,  Bogotá,1,Casado,Bachiller,  Empleado,701000.0,636,1,2022-10-08,ASESOR COMERCIAL
CLI-02383,Estela López Hernández,372843609,M,40,Cartagena,2,Unión libre,Técnico,Empleado,2240000.0,567,0,2018-10-28,Agencia
CLI-02669,Orlando  Andrés  Acevedo  Loaiza,687736171,F,38,,4,Soltero,Profesional,Empleado,4299000.0,638,1,2023-03-10,Corredor
CLI-04719,Yadira Clara Gómez,730675660,F,38,Bucaramanga,2,Soltero,Técnico,Empleado,2446000.0,708,4,2023-05-25,Agencia
CLI-02967,Isabel Carol Núñez Jiménez,660107342,M,18,medellín,1,  Casado,profesional,Independiente,,483,0,17/01/2022,Web
CLI-04271,Erika Hernández,532260385,F,41,  Bucaramanga,3,Soltero, Profesional ,Empleado,2637000.0,542,1,2020-12-11,Corredor
CLI-05081,Adriana Rodríguez Prada,542965204,M,45,Bogotá,1,Soltero,profesional,Empleado,2744000.0,627,1,04/11/2024,Bancaseguros
CLI-00813,Julio Orlando Gutiérrez,51556437,F,38,Medellín,4,Casado,Técnico,Pensionado,4354000.0,,0,2019-03-04,Asesor comercial
CLI-01933,Juan Esteban Santos,738672106,F,39,Barranquilla,1,Casado,Profesional,Empleado,1171000.0,697,2,2024/06/17,Asesor comercial
CLI-04536,Andrés Brayan Álvarez,508367236,M,51,Pereira  ,2,Soltero,Profesional,Independiente,2118000.0,643,0,2019-09-14,Agencia
CLI-02789,Carlos Edison Sierra Lozano,643195503,F,40,Bogotá,2,Soltero  ,Bachiller,Pensionado,2336000.0,638,1,28/01/2020,Bancaseguros
CLI-00976,María Bernal,1158142596,F,25,Medellín,3,Casado,Bachiller,Empresario,5435000.0,697,0,INVALID_DATE,  Bancaseguros
CLI-05037,Luz Marta Angulo Gallego,363351875,F,32,Pereira,5,Soltero,técnico,Independiente,4720000.0,758,3,2021-01-24,Agencia
CLI-01441,David Luis Acosta,799746886,M,30,Medellín,4,Casado,Bachiller,Independiente,,663,4,04/06/2021,Web
CLI-02592,Lucila Nelly Hernández,674525075,F,53,Bogotá,2,Casado,Bachiller,Independiente,2866000.0,639,1,2024-08-31,Bancaseguros
CLI-02251,Daniel Carlos Jiménez,77528496,F,35,Cali,4,Soltero,Profesional,Empleado  ,4058000.0,594,0,2019/11/23,Corredor
CLI-04295,Sandra Hernández Becerra,1270956210,F,39,,1,UNIÓN LIBRE,  Profesional,Empleado,$1.142.000,658,2,17/12/2022,  Agencia
CLI-00505,David Alarcón,867402357,F,47,Bogotá,3,Casado  ,PROFESIONAL,Empleado,1704000.0,601,1,2024-12-08,Corredor
CLI-01819,Fernando Duarte Correa,692920141,F,30,BUCARAMANGA,3,Divorciado,Bachiller,Empleado,2817000.0,591,1,18/06/2024,Asesor comercial
CLI-01535,Henry Meneses,1176105056,M,27,Cúcuta,3,Soltero,Bachiller,Empleado,2684000.0,557,0,2018-02-02,ASESOR COMERCIAL
CLI-01610,Daniel José Martínez,259534537,M,52,Pereira,2,Viudo,Bachiller,Empleado,3237000.0,629,1,2019/07/22,AGENCIA
CLI-04107,enrique carlos ramírez cuéllar,1256049658,F,61,  B/manga,6,Soltero,Técnico,Pensionado,10903000.0,737,0,2020/05/14,Agencia
CLI-02987,Marco Ardila,440607783,M,48,BOGOTA D.C.,3,Unión libre,Bachiller,Empresario,6995000.0,,1,13/08/2017,Corredor
CLI-00788,José Fernando Sánchez León,1071396517,M,33,Pereira,2,Casado,Posgrado,Pensionado,1092000.0,556,1,19/10/2017,Bancaseguros
CLI-04024,  Fabián Anaya Granados,1653179693,F  ,60,Cúcuta,2,Viudo,POSGRADO,empleado,3173000.0,610,2,2017/05/24,Asesor comercial
CLI-03222,Milena Ramírez,519510303,F,34,CALI,1,Soltero,Técnico,Empleado,1955000.0,681,1,2020-09-11,Asesor comercial
CLI-03737,Luis Cristian Sanchez Paez,168034305,M,48, Bogotá ,2,Casado,Posgrado,Pensionado,4514000.0,626,0,22/11/2020,Asesor comercial
CLI-03503,Sebastián Naranjo,1466353650,M,63,Bucaramanga,2,Soltero,Profesional,Empleado,1880000.0,629,1,2021/03/19,Agencia
CLI-04466,Amparo Elsa Hernández Daza,1610021845,M,41,Cartagena,4,Casado,Técnico,Independiente,5758000.0,854,0,2023-01-12,Web
CLI-04038,Carmenza Hernández,1772905515,F,53,PEREIRA,2,Divorciado,TECNICO,Empleado,,596,2,2020-01-17,AGENCIA
CLI-04105,José Gil,41302610,F,35,Santa Marta,2,Divorciado  , Técnico ,Independiente,2133000.0,600,0,15/08/2023,  Asesor comercial
CLI-02249,Andrés John Cantillo Moreno,587406754,masc,59,Cali,2,Divorciado,Técnico,Empleado,1830000.0,709,0,28/11/2020,Bancaseguros  
CLI-03452,Víctor Alexander Sánchez,796701898,F,38,Bogotá,4,Unión libre  ,Posgrado,Empleado,4739000.0,605,2,2021/09/17,CORREDOR
CLI-03623,Luis Cabrera Rojas,1574938258,M,23,Barranquilla,2,Divorciado,Posgrado,Empleado,3567000.0,702,1,2020/05/04,WEB
CLI-05006,Eduardo Torres,1459438734,M,64,Barranquilla,3,Soltero,Profesional,Pensionado,5238000.0,672,3,2021-08-27,Asesor comercial
CLI-02730,Wilson Ortega Vargas,1016736406,F,25,Bogotá,2,Soltero,Técnico,Empleado,1610000.0,469,0,2017/05/31,Agencia
CLI-02347,Hilda Bustos Muñoz,261451675,F,44,Bogotá,2,Casado,Posgrado,Independiente,1655000.0,550,2,2022-10-05,Asesor comercial
CLI-04409,Rosa Fernanda Camargo,14462937,F,48,MEDELLIN,1,Unión libre,Bachiller,Empleado,1368000.0,606,2,2023/05/28,Agencia
CLI-01989,Betty Ana Osorio Aguirre,1337061301,F,47,Pereira,4,UNIÓN LIBRE,Posgrado,Empleado,4582000.0,738,2,16/04/2021,Agencia
CLI-02908,Gonzalo Esteban Escobar,566321776,M,46,MEDELLÍN,2,  Soltero,Posgrado,Empleado,2214000.0,613,1,11/01/2017,  Asesor comercial
CLI-00051,Inés Gabriela Caicedo,1671270143,M,59,Cali,6,Casado,Profesional,Pensionado,5384000.0,803,1,2020/12/08,Bancaseguros
CLI-04596,Elisa Silvia Vargas,338256270,Femenino,41,Cali  ,2,unión libre, Profesional ,Empleado,2796000.0,683,0,2019-02-13,Asesor comercial
CLI-04616,Alejandra Nancy Montes González,777548615,M,49,Cali,3,Soltero, Bachiller ,Empleado,3878000.0,661,0,2017-04-25,Bancaseguros
CLI-04448,Antonio Cardozo Gallego,821568965,fem,38,Medellín,2,Casado,Profesional,Empresario,2712000.0,620,1,2021-06-14,Agencia
CLI-01516,  Edith Dahiana Pérez Gallego,902146234,M,51,PEREIRA,1,Unión libre,Posgrado,Empleado,,561,1,2023/02/28,Asesor comercial
CLI-02086,Edith Blanca Jaimes Molina,1804323334,M,36,BUCARAMANGA,6,Soltero,Profesional,Pensionado,12926000.0,743,3,2018-10-28,Asesor comercial
CLI-03776,Kelly Marcela Medina,194397750,F,26,  Cúcuta,3,Casado,Profesional,Empleado,1801000.0,590,0,2017-06-23,Bancaseguros
CLI-04499,María Ofelia Pérez Moreno,453905398,F,50,Bogota,4,Casado,Profesional,Empleado,8494000.0,676,1,2020-06-05,Corredor
CLI-04305,Cristina Liliana León,1281157142,M,48,Medellín,4,Unión  libre,Bachiller,Pensionado,9510000.0,605,0,2018/03/07,Agencia
CLI-01090,Ana Aura Giraldo Rivera,616218877,M,50,Bogotá,2,Divorciado,Profesional,Pensionado,1708000.0,619,1,21/01/2018,Asesor comercial
CLI-02445,Alejandra Rodríguez Arévalo,845033777,F,46,Medellín,2,Soltero,Posgrado,Independiente,0.0,700,0,09/05/2017,  Asesor comercial
CLI-00580,Carlos Jesús Muñoz Sánchez,1148555561,M,18,Medellín,2,CASADO,Bachiller,Independiente,,657,0,2018/06/12,Asesor comercial
CLI-00214,Augusto Melo Melo,454740767,F,47,  Santa Marta,6,Unión libre,Bachiller,Independiente,29518000.0,708,2,13/12/2021,Agencia
CLI-04720,Andrés Carlos Rojas,1085493682,M,49,BOGOTA,1,Casado,Profesional,Independiente,1059000.0,548,3,31/07/2019,Web
CLI-03610,Yamile Dary Montoya,135125870,M,24,BOGOTÁ,6,Soltero,Técnico,Pensionado,10903000.0,693,0,2017/11/23,Web
CLI-04825,Luz Luz Vera,1322255678,M,44,,1,Soltero,Bachiller,Empleado,2469000.0,634,4,24/10/2020,corredor
CLI-05149,Adriana Rojas  ,756157760,F,0,Bogotá,2,Casado,Técnico,Empleado,4282000.0,605,1,2017-11-07,Asesor comercial
CLI-03344,Armando Tovar Sánchez,1822342266,M,45,Medellín,6,Soltero,Profesional,Independiente,13215000.0,841,2,2022-12-24,Asesor comercial
CLI-01463,Rosa Montoya Pérez,1882836537,M,37,Medellín,4,UNION LIBRE,Posgrado,Independiente,8180000.0,830,2,2022-02-10,Agencia
CLI-02100,Andrés Bonilla,316959471,M,47,Santa Marta,2,Casado,Profesional,Empleado,1799000.0,739,1,04/06/2018,Asesor comercial
CLI-02660,LUIS BARRAGÁN,1055524059,M,55,Manizales,5,Soltero,Profesional,Independiente,7276000.0,684,0,08/09/2017,Asesor comercial
CLI-04558,Luz Murillo,284742384,F,48,Bucaramanga,2,Casado,Técnico,Empleado,2931000.0,599,0,2022-10-16,Asesor comercial
CLI-01167,Paola Marcela Osorio Duque,698279505,F,57,Bogotá,3,Soltero,Profesional,  Empleado,7022000.0,707,1,2020-12-02,Agencia
CLI-00326,claudia yaneth giraldo,1708987577,F,24,Cúcuta,3,Soltero,Bachiller,,8187000.0,627,1,2017-12-07,Asesor comercial
CLI-01151,MANUEL MURILLO,934902845, M ,53,Medellín (Antioquia),5,Divorciado,Bachiller,Empleado,8085000.0,729,0,01/03/2020,Asesor comercial
CLI-01737,Antonio Guevara,579656797,F,27,Barranquilla,4,soltero,Técnico,Empleado,5333000.0,706,1,31/07/2021,Asesor comercial
CLI-01736,MARIA NARANJO MONTOYA,48626234,F,42,Cúcuta,5,Casado,Técnico,Empresario,21520000.0,788,1,2021/09/07,AGENCIA
CLI-04085,Yadira González Sánchez  ,1227515774,F,55,,1,Soltero,Posgrado,Independiente,1401000.0,487,0,08/10/2018,Agencia
CLI-00271,Verónica Cecilia Sánchez,1194445310,M,60, Manizales ,2,  Soltero,Técnico,pensionado,2541000.0,663,2,29/09/2020,Bancaseguros
CLI-03107,Manuel Carlos López,612694847,M,48,Bucaramanga,3,Unión libre,Bachiller,Empleado,3981000.0,785,2,24/10/2017,Asesor comercial
CLI-00411,Edwin Gómez Campo  ,64694722,F,32,Bogotá,1,CASADO,TECNICO,Empresario,3365000.0,718,1,2019-08-09,Bancaseguros
CLI-03977, Claudia Yeny Guerra Gutiérrez ,16378641,M,47,Santa Marta,3,Union libre,Profesional,Empleado,3803000.0,733,5,16/11/2021,Asesor comercial
CLI-03541,Luis Anderson Serna,587839069,F,18,Bogotá,3,Unión libre,Profesional,Independiente,4171000.0,628,1,10/08/2023,Asesor comercial
CLI-00105,  Luis Efrén Moreno,132417423,F,40,Medellín,2,  Unión libre,Profesional, Independiente ,2562000.0,,1,2022/04/08,Corredor
CLI-03649,Eduardo Luis Caro,1513847563,M,50,Cali,5,Casado,Profesional,Empleado,12164000.0,672,2,2020/02/04,Corredor
CLI-04598,Luis Prada Vélez,1299501894,M,57,Cúcuta,3,Unión libre,Profesional,Empleado,3183000.0,714,4,15/07/2023,Asesor comercial
CLI-02951,Juan Ignacio Manrique,1732809587,M,53,Barranquilla,5,Soltero,Profesional,Independiente,5600000.0,657,2,16/05/2024,Corredor
CLI-01398,María Carmona,10778185,f,18,Barranquilla,1,Soltero,Profesional,INDEPENDIENTE,1236000.0,584,0,2024-06-01,Agencia
CLI-01498,Patricia Castro,1039363243,F,35,Cucuta,4,Unión libre,Técnico,Empleado,3697000.0,663,0,11/10/2021,Agencia
CLI-02030,Pablo Serna Parada,1539590354,F,46,Medellín,2,Casado,Posgrado,Pensionado,1535000.0,646,1,2024-06-19,Web
CLI-02584,Ana María Vega,219104822,M,31,Bucaramanga,3,Soltero,Profesional  ,Empleado,5388000.0,662,0,2021-08-28,web
CLI-03429,Paola Sánchez,630284650,F,0,Manizales,2,Divorciado,BACHILLER,Empleado,1944000.0,707,2,2022/02/26,Bancaseguros
CLI-01534,Alonso Castañeda,964399029,F  ,18,Medellín,2,Soltero,Bachiller,Independiente,977000.0,610,1,2023-08-13,Corredor
CLI-02737,Leydi Álvarez,1822297703,M,50,Medellín,4,Divorciado,Bachiller,Independiente,5954000.0,684,0,2024/07/30,Bancaseguros
CLI-03110, María Elsa Acosta ,781364956,F,64,Medellín,3,Soltero,Profesional,,1857000.0,619,4,2018-02-27,Web
CLI-04120,ROCÍO EDITH MEDINA,782582520,Femenino,23,Cúcuta,2,Soltero,Posgrado,  Empleado,2866000.0,683,0,2017-01-30,Asesor comercial
CLI-05002,Alejandra Diana Murcia,967953821,F,46,Cali,3,Divorciado,Técnico,Empleado,3198000.0,552,1,2022-04-26,CORREDOR
CLI-00251,William Bonilla Rivas,1082818069,F,30, Bogotá ,2,Unión libre,Profesional  ,Empleado  ,1687000.0,562,1,2024-05-08,Asesor comercial
CLI-02531,Adolfo Oviedo Espinosa,350098177,F,26,Bogotá,2,Soltero,Posgrado,Independiente,1971000.0,541,1,2018-05-13,Asesor comercial
CLI-04046,  Alejandra Sara Bermúdez,891067743,m,33,CALI,5,Casado,Bachiller,Independiente,8224000.0,722,2,2020/12/17,corredor
CLI-03737,Luis Cristian Sanchez Paez,168034305,M,48, Bogotá ,2,Casado,Posgrado,Pensionado,4514000.0,626,0,22/11/2020,Asesor comercial
CLI-01928,María Sofía Forero,1276694031,F,31,Cali,2,Soltero,Profesional,Independiente,2834000.0,622,5,10/11/2021,CORREDOR
CLI-03431,Vicente Bohórquez García,1132161155,F,22,Cúcuta,2,Casado,Bachiller,Empresario,3487000.0,582,2,2018-09-11,Bancaseguros
CLI-01187,María Duque Mosquera,20587182,M,33,Cali,3,Divorciado, Profesional ,Independiente,2308000.0,537,2,2021-06-09,Asesor comercial
CLI-04771,Alberto Díaz García,1650653633,F,39,Bucaramanga,2,Soltero,Profesional,Independiente,2687000.0,573,1,27/06/2019,Web
CLI-05039,Germán Jhon Gamboa,1384504522,F,32,Bogotá,2,Soltero,Profesional,Empleado,3184000.0,652,3,02/11/2024,Bancaseguros
CLI-00491,Nury García,714114219,F,25,Cali,4,Unión libre,PROFESIONAL,Estudiante,2389000.0,644,0,2017/10/25,  Corredor
CLI-02237,Juan González García,645122439,M,43,Bogotá,3,Divorciado,  Técnico,Empleado,4308000.0,548,0,2017-08-22,Agencia
CLI-04401,María Paula Contreras Ortiz,649869758,F,36,Medellin,4,Soltero,Profesional,Empresario,16981000.0,696,1,2022-08-17,Agencia
CLI-05151,Nancy Burgos Triana,875562549,f,25,Cartagena,2,Casado,Posgrado,Pensionado,1302000.0,584,4,23/11/2022,Web
CLI-02036,Beatriz Agudelo Torres,708867526,F,56,Medellín,4,Casado,Profesional,Independiente,6660000.0,752,3,2018/12/25,Bancaseguros
CLI-01380,ARTURO CARLOS RAMÍREZ PINZÓN,1637201031,M,43,Manizales,6,Casado,BACHILLER,Empleado,9201000.0,706,1,2019/06/16,Corredor
CLI-02744,Hernando Alonso López Hernández,703932647,F,41,BTA,3,Soltero,  Profesional,Empleado,,659,4,20/10/2023,Asesor comercial
CLI-03636,Carmen Claudia Hernández,939993774,M,56,Cartagena,1,Viudo,Técnico,Empresario,1814000.0,639,1,2021-10-15,AGENCIA
CLI-01395,JUAN ARIAS PÉREZ,196237683,F,44,Santa Marta,2,Viudo,Posgrado,Independiente,2835000.0,568,1,03/05/2019,Agencia
CLI-02924,Duván Rodríguez Alfonso  ,878995832,F,45,Pereira,2,Unión libre,Profesional,,1809000.0,473,0,2023-08-24,Bancaseguros
CLI-01598,Marisol Durán,809702592,M,67,Bucaramanga,2,Unión  libre,Profesional,Independiente,1399000.0,583,1,2017-12-23,Bancaseguros
CLI-01200,Arbey Suárez Sarmiento,1615629058,F,51,Santa Marta,1,Unión libre,Posgrado,Independiente,1706000.0,579,2,2024/04/19,BANCASEGUROS
CLI-02715,Camilo Gerardo Ortiz,839907760,F,21,Bucaramanga,4,SOLTERO,Posgrado,Empleado,5500000.0,657,0,2020-05-07,Asesor comercial
CLI-00107,MARÍA CASTRILLÓN,941010414,M,80,Bogotá,3,Soltero,Técnico,Empresario,4005000.0,557,0,2018-10-17,Asesor comercial
CLI-03627, Virginia Fernanda León Rosero ,963982283,F,57, Medellín ,4,Viudo,Técnico,Empleado,5943000.0,678,0,2023-04-20,Bancaseguros
CLI-01647,Wilman Julio Cruz,812169566,M,23,Medellín,5,Casado,Posgrado,Empleado,7332000.0,587,1,2021/01/10,Web
CLI-00355,Yulieth Paola González,1046591890,M,45,  Santa Marta,3,Soltero,Bachiller,Empleado,1093000.0,587,1,30/12/2020,Agencia
CLI-01751,Michel Molina Contreras,549852199,F,18,Pereira,6,divorciado,Posgrado,Empleado,21102000.0,659,1,2020/09/19,Web  
CLI-00559,Eliana Ruiz González,704506774,Femenino,18,Bogotá,3,Casado,Posgrado,Estudiante,1283000.0,590,0,2020/01/26,Bancaseguros
CLI-04688,Jairo Fabián Contreras,1847279793,M,53,Pereira,3,Soltero,Bachiller,Empleado,3010000.0,623,1,2020-01-07,Bancaseguros  
CLI-01481,María Yolanda Castro,957218221,M,38,Cali,5,Divorciado,Bachiller,Empleado  ,9344000.0,712,1,2022/03/28,Web
CLI-02119,Nataly Galindo,433464635,M,57,CALI,3,CASADO,Técnico,Empleado,$5.830.000,612,0,18/08/2020,Corredor
CLI-00702,david barbosa,1675297922,M,58,Barranquilla,4,Soltero,Bachiller  ,Empleado,3169000.0,680,2,24/03/2018,Corredor
CLI-04676,Daniela Ortega Rodriguez,1103549000,M  ,50,  Bucaramanga,6,Casado,Técnico,Empleado,24719000.0,845,0,31/12/2020,Web
CLI-04292,Laura Virginia Mosquera,240542519,M,,,4,Divorciado,Técnico,Empleado,6959000.0,550,1,2021-03-25,Asesor comercial
CLI-03119,Camilo Guerrero Ardila,1521978037,M,33, Pereira ,1,Divorciado,PROFESIONAL,Pensionado,1156000.0,552,3,2020-06-22,Bancaseguros
CLI-01757,José Lara Campo,75155264,M,26,Manizales,4,Soltero,Posgrado,Empleado,7874000.0,630,1,01/04/2020,Web
CLI-02298,Yaneth Pérez Mejía,274680940,M,38,Pereira,2,Soltero,  Profesional,  Pensionado,3123000.0,662,1,2024-11-01,Asesor comercial
CLI-00966,Miriam Barrera,1470791274,F,24,Cali,4,Union libre,Técnico,Empleado,6344000.0,637,2,2017-10-04,Asesor comercial
CLI-02154,MARÍA YENY LOAIZA,1638934646,fem,37,Cali,3,Unión libre,Bachiller,  Empleado,5855000.0,830,0,01/11/2023,Web
CLI-03196,Ana Monroy Rojas,785750192,M,77,Bogota DC,2,Soltero,Profesional, Pensionado ,1669000.0,724,1,2019-01-24,Agencia
CLI-03679,Milena Olaya Vallejo,1611743047,M,35,Manizales,4,Unión libre,PROFESIONAL,Independiente,3217000.0,555,1,2020-04-04,Agencia
CLI-01594,  Jhonatan Martínez,1660658128,M,39,Bogotá,5,Soltero,Bachiller,Empresario  ,17240000.0,802,0,2019-04-19,Bancaseguros
CLI-00823,Milena Ortega Mena,357480676,M,47,Bogotá,2,Casado,Técnico,Empleado,2442000.0,555,2,2024-12-20,CORREDOR
CLI-02652,Marcela Rojas,289891243,M,49,Bogotá,2,Divorciado,Técnico,Pensionado,2770000.0,711,1,2024/05/31,Web
CLI-04389,  Sindy Esther Alzate,930617629,F,65,Medellín,3,Divorciado,Profesional,Empresario,5807000.0,733,0,21/02/2018,Bancaseguros
CLI-02213,  Francisco Henao Hernández,142076286,fem,55,bogotá,1,Casado  ,Posgrado,Independiente,1590000.0,550,0,2018/08/15,AGENCIA
CLI-04130,Neider Álvarez,1676579380,F,29,B/quilla,3,Soltero,Bachiller,Independiente  ,3204000.0,636,1,2022/09/13,Agencia
CLI-00594, Augusto Pedro Pérez ,311260217,F,34,Medellín,6,Soltero,Bachiller,Empleado,7936000.0,817,1,2024-03-16,Web
CLI-01284,Mario  Alexander  Figueroa  Amaya,175836600,F,55,Bucaramanga,6,Soltero,Profesional,Independiente,14209000.0,786,2,18/05/2017,Web
CLI-00685,Fernando Andrés Arias,547377287,F,48, Bogotá ,3,Soltero,Profesional,Empleado,2301000.0,599,2,15/05/2019,Corredor
CLI-03093,Linda Yaneth Zapata Hernández,522645749,fem,36,cali,5,Unión libre, Bachiller ,Empleado  ,6740000.0,784,0,2023-09-15,Asesor comercial
CLI-00619,Marina Amalia Guevara,614972741,M,70,,3,VIUDO,Profesional,Empleado,1975000.0,626,1,11/03/2017,Bancaseguros
CLI-04781,Carolina Acosta,894482319,masc,47,BOGOTÁ,6,Soltero,Profesional,Independiente,8899000.0,804,0,17/03/2021,Corredor
CLI-01319,EDUARDO DAVID SALAZAR RODRÍGUEZ,298578046,F,38,  Barranquilla,2,CASADO,Técnico,Independiente,2152000.0,534,1,2024-05-05,Asesor comercial
CLI-03956,Luis Ávila Acosta,3774690,fem,60,Cartagena,2,Divorciado,Técnico,Pensionado,1753000.0,644,1,2021-11-11,Web
CLI-02568, Manuel Romero Mora ,1836577656,M,47,  Bogotá,4,Casado  ,Bachiller,INDEPENDIENTE,4760000.0,637,3,2018-09-09,Asesor comercial
CLI-01973,  Daniel Rivera,355805686,F,54,Medellin,6,Casado,Posgrado,  Independiente,20045000.0,743,3,2018/11/15,Web
CLI-01133,Emilio Alzate Martínez,359796517,M,33,  Cali,1,Soltero,Profesional,Empleado,2079000.0,486,2,2017-09-11,Corredor
CLI-01667,Daniel Jhon Ortiz Carvajal,1383677881,F,60,Bogota DC,4,Unión libre,Bachiller,Pensionado,4057000.0,657,1,29/06/2023,Web
CLI-02469,Ricardo Juan Blanco Palacios,552563838,F,62,Cali,3,Soltero,Profesional,  Pensionado,3066000.0,640,2,24/04/2024,Corredor
CLI-01620,María Beltrán Carvajal,685562883,M,37,Bucaramanga,2, Soltero ,Bachiller,,1204000.0,542,2,2023-07-10,BANCASEGUROS
CLI-03413,Paola León Morales,1490848430,F,18,Cali,4,Union libre,Técnico,Pensionado,3197000.0,754,3,05/07/2017,Agencia
CLI-04002,Dario Barreto,785858638,M,35,BOGOTÁ,4,Soltero,Profesional, Empleado ,6176000.0,585,3,2024-09-08,Bancaseguros
CLI-01672,Jesús  Federico  Duque  Suárez,1746523363,F,41,Bogotá,2,Casado,Bachiller,Independiente,2738000.0,634,1,14/04/2017,Web
CLI-03772,James Nelson Castellanos Peña  ,280062131,F,46,Medellín,4,Soltero,Técnico,Empleado,5707000.0,697,0,2021-06-15,Bancaseguros
CLI-04859,María Londoño,962200045,M,43,Medellín,1,Casado,Profesional,Pensionado,2274000.0,583,0,2018-01-25,Corredor
CLI-00407,  Andrea Pineda Pabón,1552318320,M,59,Cali  ,5,Unión libre,Profesional,Independiente,8707000.0,657,0,01/05/2018,Web
CLI-02352,Santiago Esteban Rojas,882970802,F,39,Bogotá,6,CASADO,Profesional,Pensionado,,603,0,25/07/2019,Web
CLI-04412,Nancy Liliana Bustamante,105671340,M,46,BOGOTA,3,Union libre,Posgrado,Independiente,2564000.0,583,1,17/12/2017,Web
CLI-02422,Wilmer Luis Rosero,1346891746,Masculino,34,Medellín,3,Soltero,Bachiller  ,Empleado,4182000.0,675,1,2017-08-02,Web
CLI-01044,Mauricio Bustamante,369446173,F,67,Bogotá,1,Divorciado,Bachiller,Pensionado,$1.036.000,640,2,2017-06-18,Asesor comercial
CLI-04803,Cecilia Antonia Murillo,1464790196,M,61,Bogotá,3,unión libre,Técnico,Independiente,2490000.0,615,1,2024/10/24,Asesor comercial
CLI-04065,Gloria García,1410382155,M,54,Cartagena,1,Soltero,Técnico,Empleado,1118000.0,651,0,2020-08-29,Corredor
CLI-01124,Sergio David Camargo,782542481,M,60,Cali,3,Casado,Bachiller,  Pensionado,,718,2,21/03/2021,Asesor comercial
CLI-03532,Yesid Mejía Arévalo,1391735192,M,37,Pereira,2,Casado,Profesional,Empresario,2932000.0,674,1,2018-02-13,Bancaseguros
CLI-01437,Rocío Chávez,1839463571,M,39,Bucaramanga,3,Soltero,Bachiller  ,Independiente,3662000.0,515,1,2022/10/12,  Agencia
CLI-03838,Albeiro Torres Ibarra,1133805105,M,55, Manizales ,5,Casado,Bachiller,Empleado,9981000.0,821,0,2020-11-14,Asesor comercial
CLI-00853,Isabel Ingrid Zapata,1873786288,F,43,Bogotá  ,3,Soltero,Profesional,Empleado,4409000.0,666,0,2023-07-24,Corredor
CLI-03283,Pedro Diego Salamanca García,1197901712,Masculino,42,  Bogotá,5,Divorciado,Profesional,Independiente,6393000.0,697,3,10/07/2022,Corredor
CLI-00553,Andrés Óscar Velasco,293696213,M,66,Pereira,1,Soltero,Bachiller,Pensionado,851000.0,664,0,2022-09-08,Corredor
CLI-02090,Andrés Bedoya Morales,149845109,M,50,Pereira,4, Casado ,Profesional,Pensionado,5553000.0,830,1,2020-03-03,Agencia
CLI-01157,Edilma Martha Arango,1646111564,M,65,Bogotá,3,Soltero,Posgrado,Pensionado,4690000.0,696,1,2024/10/15,CORREDOR
CLI-05029,Ana Arias,159382987,F,18,Bucaramanga,3,Casado  ,Bachiller,Empleado,2449000.0,638,1,2019-07-02,Corredor
CLI-02263,  Samuel Arroyo,986077260,M  ,28,Cali  ,5,Divorciado,Técnico,Empleado,25751000.0,795,1,2019-08-24,Bancaseguros
CLI-01860,María Ruth Rivera,16773046,M,32,Bogotá,2,Soltero,Posgrado,Independiente,2164000.0,446,2,2021-08-18,Bancaseguros
CLI-00765,Julián Villa Sánchez,1858839977,F,37,PEREIRA,6,Unión libre,Bachiller,Empleado,10907000.0,,1,15/05/2020,Asesor comercial
CLI-04040,Francisco Andrés Rodríguez Roa,112251169,F,24,bogotá,3,Soltero,Bachiller,EMPLEADO,3523000.0,675,4,2021-04-15,Asesor comercial
CLI-01315,Patricia García Rodríguez,675156933,M,23, Bta ,2,Soltero,Posgrado,Independiente,2963000.0,612,1,2017-10-19,Agencia
CLI-00674,Juan Hernández,1395778791,F,46, Cali ,6, Soltero ,profesional,Independiente  ,14243000.0,721,1,07/07/2018,Corredor
CLI-00658,Alberto Calderón  ,453580441,M,37,Barranquilla,2,Casado,Técnico,Independiente,1864000.0,558,0,06/04/2017,Bancaseguros
CLI-02736,Damaris Amparo Hernández Vergara  ,1603124737,M,28,Bogota,5,Divorciado,Profesional,Empleado,8003000.0,646,1,2018/05/18,Bancaseguros
CLI-00979,Pablo Morales Arango,536249856,F,49,Cali,4,Viudo,Profesional,Pensionado,3429000.0,576,2,08/06/2019,Asesor comercial
CLI-03946,Nancy Valencia,246026952,F,69, Barranquilla ,2,Divorciado,Técnico,Pensionado  ,2062000.0,651,0,,Asesor comercial
CLI-03239,Inés Luz Vallejo Muñoz,1418206650,M,47,Bogotá,3,Soltero,BACHILLER,Independiente,5697000.0,684,2,27/04/2017,Agencia
CLI-03688,David Alarcón,447759370,F,59,Manizales  ,2,Casado,POSGRADO,Empleado,1716000.0,654,0,2021-11-28,Agencia
CLI-05137,esperanza patricia galvis,1456470582,M,46,  Bogotá,1,Divorciado,Profesional,Empresario,3560000.0,633,0,2020-06-25,Corredor
CLI-02349,DIEGO LUIS MONTES,854311341,M,22,BOGOTA,5,Soltero,Bachiller,Empleado,13061000.0,817,2,22/09/2019,Corredor
CLI-04482,Ana Cifuentes  ,34001801,F,36,bogota dc,2,Unión libre,Tecnico,PENSIONADO,1635000.0,613,0,2017-03-22,Agencia
CLI-04960,Óscar Daza,1654069607,F,27,Bogotá,2,Unión libre,Técnico,Empresario,2996000.0,562,2,2020-07-23,Bancaseguros
CLI-00613,Marcela Montoya,1253245254,F,29,Bogotá,5,Casado,TÉCNICO,Independiente,13429000.0,758,2,2022-03-14,Web
CLI-02619,Andrés Fuentes Muñoz,585932322,F,53,Bogotá,4,Soltero,Posgrado,Pensionado,2657000.0,651,2,25/05/2024,Agencia
CLI-02301,Nelsy Yamile López,1534859824,F,18,Bogotá  ,5,Unión libre, Profesional ,Empleado,,581,0,12/08/2019,Corredor
CLI-04350,Vicente Alberto Montes,387718890,f,31,Bogotá,1,Soltero,Profesional,Independiente,957000.0,556,1,2018-08-05,Asesor comercial
CLI-00620,Sandra  Aura  Barrios  Prieto,1516779675,M,44,Bogotá,1,Soltero,Profesional,Empleado,1719000.0,624,0,2018-08-22,Agencia
CLI-04228,  Freddy Andrés Sánchez,1657806021,M,33,MEDELLIN,1,Unión libre,Profesional,Empleado,1857000.0,439,0,2019-05-20,Web
CLI-03821,Gloria Andrea Lara,1738842337, F ,58,Cali,1,Divorciado,Profesional,Independiente,1001000.0,617,0,2020-04-07,CORREDOR
CLI-00763,Adriana Yaneth Velandia Montoya,1102824333,M,22,Medellín,3,Unión libre,Profesional,Independiente,3228000.0,568,0,2023/12/20,Corredor
CLI-01079,Ramiro Alexander Acosta,1340068371,F,68, Bucaramanga ,3,Unión libre,Bachiller,Independiente,2305000.0,483,0,27/03/2021,Agencia
CLI-02813,Eder Ever Ruiz Jiménez,1358190935,F,49,Medellín,1,Soltero,Bachiller,,1839000.0,551,5,2020-12-05,Web
CLI-02616,Carolina Alejandra Hernández,130879230,F,26,Manizales,3,Soltero,Técnico,Empresario,7928000.0,556,1,2020-05-25,Web
CLI-04639,María Marcela Jiménez,1163935414,M,52,CALI,2,Casado,Profesional  ,Empleado,$3.049.000,683,2,2018-06-25,Asesor comercial
CLI-01746,Fernanda Hernández,1002295733,F,71,Bogotá D.C.,3,Soltero,Profesional,Pensionado,2221000.0,664,1,2024-04-24,Corredor
CLI-04687,Johanna González,436059443,M,55,Barranquilla,3,CASADO,Bachiller,Empresario,6322000.0,759,0,22/09/2020,Web
CLI-02141,Martha Hernandez Gomez,217507751,F,36,Manizales,5,Soltero,Profesional  ,Empleado,5370000.0,667,1,2017-01-06,Bancaseguros
CLI-00240,Omar Quintero,853562743,M,51,Cúcuta,2,SOLTERO,Técnico,Empleado,1689000.0,579,1,2023-09-09,Bancaseguros
CLI-02555,RICARDO MANUEL BASTIDAS,774986090,M,18, Bogotá ,2,Soltero,Posgrado,Empleado,2117000.0,520,0,08/06/2018,Corredor
CLI-03543,Yolima Martínez,825087991,Femenino,41,Bucaramanga,3,Soltero,Técnico,Independiente,3574000.0,575,1,13/09/2021,Web
CLI-03007,Alexander Zapata Díaz,1136412321,fem,25,B/manga,3,Divorciado,Bachiller,Empresario,5615000.0,691,2,2024-08-28,Web
CLI-01601,Alba Paola Marín,479950759,F,36,medellín,1,Soltero,Profesional, Empleado ,1480000.0,574,0,2021-10-14,Corredor
CLI-01168,Luz Adriana Morales,1403629048,F,61,Bogotá,5,Divorciado,Posgrado,Pensionado,13184000.0,,2,14/12/2022,Agencia
CLI-04623,Mireya Díaz,891205742,F,63,Bogotá  ,5,SOLTERO,Profesional,Empleado,10399000.0,631,0,25/11/2024,Corredor
CLI-03855,Wilson Hermes López Vera,1728406511,F,23,Bogotá,4,Unión libre,Técnico,Empresario,11664000.0,691,3,26/08/2023,Bancaseguros
CLI-00297,Cristian Jesús Torres Bustamante,1745283060,F,33,Bucaramanga,1,Unión libre,profesional,Empleado,1341000.0,694,2,2021/04/16,Web
CLI-04362,Miguel Carlos Osorio Carrillo,849253076,F,54,,3,Casado,Técnico,Pensionado,2234000000.0,644,1,15/08/2021,Asesor comercial
CLI-02937,Luz Leidy Castrillón,1419687547,M,25,Bogotá,4,CASADO,Profesional,Independiente,$5.746.000,615,3,2022/02/02,Web
CLI-03427,Yesenia Carmen Castillo Amaya,911015141,M,22,Cartagena,3,  Casado,Bachiller,INDEPENDIENTE,4370000.0,637,0,2020/08/22,Bancaseguros
CLI-00126,Nelson Villa Villegas,835459315,F,29,  Bogotá,2,Viudo,Profesional,  Empresario,3823000.0,669,0,2022-07-01,Web
CLI-00599,Nancy Pilar Montoya,202543680,F,34,MEDELLÍN,2,Soltero,Posgrado,Empleado,1856000.0,641,1,17/04/2023,Web
CLI-00191,Lorena Álvarez  ,589459724,F,18,Pereira,5,Soltero,Profesional,Empleado,6892000.0,657,3,2019-09-09,Bancaseguros
CLI-04844,Walter Camargo,722054842,M,65,CUCUTA,6,Divorciado,Bachiller,Pensionado,13165000.0,,1,2019/04/17,Asesor comercial
CLI-03672, Diego Sánchez ,375369090,F,41,Cartagena,2,Soltero,Técnico,Empleado,1203000.0,627,1,2020-11-08,Asesor comercial
CLI-01684,Teresa Cruz Parra,298830765,M,52,Cúcuta,2,Soltero,Profesional,Independiente,2207000.0,712,0,2021-12-24,Web
CLI-04726,Luis Barrera Jiménez,1299621209,M,46,Manizales,2,Divorciado,Posgrado,Independiente,2000000.0,541,1,2023/12/07,Bancaseguros
CLI-01810,María Amelia Henao González,899941882,M,39,cali,2,Casado  ,Profesional,  Empresario,3434000.0,730,0,2020/08/26,Agencia
CLI-00213,Cristina Marly Quintero,1403562544,M,64,Barranquilla,1,Unión libre,Profesional,Pensionado,1467000.0,541,2,2021-05-11,Web
CLI-01638,Carlos González Gómez,1693812273,F,28,Bucaramanga  ,3,Divorciado,Técnico,Pensionado,0.0,630,1,15/08/2019,Corredor
CLI-04978,Marlon Vélez Bautista,512821515,M,54,Bogotá,2,Soltero,Profesional,Pensionado,1126000.0,622,1,2017/10/31,Web
CLI-00843,Manuel Juan Erazo Prada,704003844,F,37,  Cúcuta,1,UNIÓN LIBRE,Bachiller,Empleado,1886000.0,558,1,23/12/2024,AGENCIA
CLI-03090,Juan Gabriel Pedraza,1720717658,F,41,BOGOTÁ,3,UNION LIBRE,Profesional,Empresario,6813000.0,665,3,2024/09/26,Bancaseguros
CLI-03800,Esther  Narváez,1446638190,M,44,Cali,3,Divorciado,Profesional,Empleado,3416000.0,572,1,30/10/2024,Asesor comercial
CLI-05000,Néstor Andrés Vásquez Salas,339685995,F,63,Bucaramanga,1,Casado,Profesional,Pensionado,1713000.0,712,3,2018-10-25,CORREDOR
CLI-01604,Milena Ruby Pérez Mendoza,744275807,F,200,  Manizales,1,Soltero,Técnico,EMPLEADO,2671000.0,674,0,2021/01/14,Bancaseguros
CLI-02046,Aleida Vásquez Quintero  ,1429238619,Masculino,20,bogotá,2,Soltero,Profesional,Independiente,1653000.0,487,1,2023-03-28,Asesor comercial
CLI-02561,Liliana Bolívar García,1566056686,F,50,Medellín,1,Unión libre,Técnico,Empleado,984000.0,583,1,2022-09-06,Web
CLI-00179,María Pérez Álvarez,809064386,F,25,  Pereira,1,Soltero,Bachiller,Pensionado,1238000.0,548,2,2021-01-08,Corredor
CLI-04185,José López,622817541,F,42,Bogotá,3,Casado,Bachiller,Empleado,2501000.0,563,0,2017-08-30,Web
CLI-00286,Angie Navarro  ,1630514180,M,66, Cali ,6,Unión libre,profesional,Independiente,15598000.0,863,1,04/02/2018,Asesor comercial
CLI-02992,Julio Jair Rivera Delgado,396976915,F,49,Medellín,3,Casado,Profesional,Empleado,2217000.0,601,0,2018-05-28,web
CLI-02155,Diana Inés López Ibarra,872551370,F,55,bogotá,1,Unión libre,Profesional,Empleado,4328000.0,671,1,2022-07-20,Corredor
CLI-01119,Hernando Julio Ríos Rincón,1524856705,M,39,Cúcuta,2,Casado,Profesional,Empleado,1593000.0,456,1,2017-11-10,Web
CLI-00655,Samir Alexander Hernández,318521881,F,41,Cali,3,Soltero,Profesional  ,Empresario,4897000.0,746,2,,Asesor comercial
CLI-02331,Sandra Laura Naranjo,1358816251,F,33,Bucaramanga,5,Casado,Profesional,Empleado,4712000.0,701,1,15/09/2021,  Agencia
CLI-04180,César José Córdoba  ,222368635,F,40,Cali,2,Casado,Profesional,Empresario,6482000.0,639,0,2018/04/08,Asesor comercial
CLI-05167,Doris Páez,976866118,M,40,  Manizales,3,  Soltero,Bachiller,Empleado,,745,2,19/03/2017,Asesor comercial
CLI-03650,Germán Muñoz,212623127,F,58,Cartagena,3,Casado,Bachiller,Empresario,14177000.0,802,0,15/12/2022,Asesor comercial
CLI-01507,María Ximena Uribe,797233261,F,46,Cúcuta,2,Soltero,Posgrado,empresario,3675000.0,517,3,2023-04-25,Agencia
CLI-01291,María González,893933026,  M,28,Manizales,1,Divorciado,Posgrado,Empleado,1766000.0,631,1,2019/02/06,Asesor comercial
CLI-01924, Yolanda Gladys Restrepo ,41261423,masc,22,Bogotá  ,5,Soltero,Técnico,  Independiente,6437000.0,688,0,2018-02-13,Asesor comercial  
CLI-02682,Jair Ruiz,1680155919, F ,34,Bogotá,3,Casado,Bachiller,Independiente,1681000.0,690,4,2024-02-03,Asesor comercial
CLI-02840,Milton Reyes Pérez,1410958453,M,,Bogotá,4,Unión libre,Bachiller,Empresario,6879000.0,613,0,31/05/2023,Bancaseguros
CLI-02103,Jeisson Guzmán,186670673,F,42,BUCARAMANGA,2,Casado,Profesional,Independiente,1822000.0,672,2,26/12/2024,Agencia
CLI-01175,Lucía Leidy Quintero,1381716638,F,50,Bogota,1,Soltero,Bachiller,Empresario,1912000.0,,0,2018-07-15,Asesor comercial
CLI-00345,Jaime Luis Sanabria,426273709,Femenino,25,Cali,2,Casado,Técnico,independiente,1409000.0,728,3,02/02/2019,Asesor comercial
CLI-01344,Cristina Acosta Acosta,705873649,Femenino,41,Cartagena,3,Soltero,Profesional,Empresario,5970000.0,771,0,2017-04-12,Web
CLI-05042,Carlos Fajardo,1309185006,M,70,cúcuta,5,Soltero,Posgrado,Pensionado,7077000.0,696,2,08/02/2024,Asesor comercial
CLI-01592,ROBERTO SARMIENTO RUBIO,1380490179,M,40,Medellín,2,Soltero,Profesional,Empleado,1119000.0,590,2,2017-07-08, Bancaseguros 
CLI-04145,Camilo Espinosa,416325029,M,41,Bogotá,4,Casado,Técnico,  Independiente,4489000.0,715,2,2024-04-19,Agencia
CLI-00003,José López Moreno,43353919,F,32,Bta,4,Soltero,Técnico,Independiente,$5.703.000,597,1,2022-04-18,Asesor comercial
CLI-03654,Eduardo José Mejía,1421665823,masc,50,Cali,3,Unión libre,Profesional,Empleado,5298000.0,761,3,2019-11-05,Asesor comercial
CLI-04429,Margarita Gloria Rodríguez,283007408,M,53,Cartagena,1,Casado,BACHILLER,Independiente,655000.0,518,3,2017-06-06,Asesor comercial
CLI-03203,Rodrigo Camilo Rodríguez Álvarez,893181569,F,46,BARRANQUILLA,5,  Unión libre,Bachiller,  Empleado,8369000.0,599,2,2022-05-10,Agencia
CLI-03952,Marcela Salazar Mosquera,245080040,F,46,Bogotá,2,Soltero  ,Profesional,Independiente,1965000.0,648,1,2020/03/01,Web
CLI-00720,Juan Rojas Díaz,236810768,F,71,Bogotá,2, Viudo ,Bachiller,Pensionado,1961000.0,644,1,12/11/2018,Asesor comercial
CLI-02247,María Rosero Acosta,1618997734,M,52,BOGOTÁ,5,Casado,Técnico,EMPLEADO,10619000.0,811,1,,Agencia
CLI-04609,Carlos Mario Salazar Ojeda,1410770248,M,19,Bogota DC,4,Soltero  ,profesional,Empleado,3464000.0,537,0,21/09/2020,Corredor
CLI-02243, José Mosquera ,864418237,M,37,Medellín,2,Soltero,Profesional,Empleado,3145000.0,580,1,2022-10-29,Web  
CLI-03608,Luis Castro Fernández,1210429239,M,,Cali,1,Casado,Técnico  ,Pensionado,1669000.0,745,1,18/05/2017,web
CLI-04147,Albeiro Johan Gómez  ,129577900,M,29,Bogotá,4,Soltero,Profesional,Empleado,5067000.0,743,1,2023/12/19,Bancaseguros
CLI-03747,Sofía Londoño Rodríguez,1604753875,Masculino,40,Pereira,2,Divorciado,Bachiller,Empleado,2474000.0,666,0,2023-11-05,Web
CLI-04265,Nilson Giovanni Cruz,522202395,F,43,bogotá,3,Viudo,Profesional,Empresario,8939000.0,745,2,2017/09/30,Web
CLI-03326,Maria Marcela Nunez,637190080,F,36,Bogotá,4,Soltero,Profesional,Independiente,6879000.0,558,2,2022-06-11,Agencia
CLI-04773,Andrea Luz Lozano Trujillo,1228151121,M,41,  Bucaramanga,2,Unión libre,profesional,Empleado,1416000.0,565,2,2020-11-07,Asesor comercial
CLI-00120,Enrique Correa Martínez,28798886,F,42,Bogotá,3,Casado,Profesional,Empleado,4229000.0,752,1,27/03/2018,Web
CLI-00983,María Paula Rojas Díaz,1228929120,f,55,  Medellín,1,Viudo,Profesional,Empresario,,641,2,2021-12-05,Corredor
CLI-04329,Martha Carmen Ramírez Aguilar,1606287528,fem,18,Bogotá,2,Soltero,Profesional,Empleado,1762000.0,618,2,2018-02-13,Asesor comercial
CLI-05187,clara vanesa flórez,76394303,M,22, Cali ,4,Soltero,Bachiller,Empleado,3670000.0,627,0,2021-04-14,Bancaseguros
CLI-02453,Beatriz Paola López,176592856,F,63,Cartagena,5,Soltero, Profesional ,Pensionado,12055000.0,705,1,2020-08-05,Agencia
CLI-05198,IVONNE CRUZ VARGAS,1170720328,M,37,,1,Unión libre,Técnico,Empleado,2024000.0,701,3,2022/01/24,Web
CLI-02820,Edith Angie Villamil,808380652,F,24,Bogotá,2,Unión libre,Técnico,Empleado,,549,5,02/07/2018,Web
CLI-04561,María Giraldo,813723904,F,,MEDELLIN,1,Soltero,  Técnico,Empleado,961000.0,483,2,2021/03/12,Agencia
CLI-01739,Fernando Alfonso González,785403942,F,42,Bogotá,3,Casado,bachiller,Independiente,2828000.0,679,3,2019/05/20,Asesor comercial
CLI-02156,Jesús Felipe Ochoa,344298041,Femenino,26,BOGOTA,1,Casado,Bachiller,Estudiante,801000.0,454,0,2023-10-31,Corredor
CLI-01837,Gilberto Beltrán Herrera,582129610,M,69,Manizales,5,Casado,Posgrado  , Pensionado ,4524000.0,755,1,28/08/2023,Bancaseguros
CLI-01401,David Pérez Aguirre,192452742,masc,18,B/manga,2,Soltero,Posgrado,Empresario,3050000.0,547,3,2023-10-09,asesor comercial
CLI-02871,  Felipe Zuluaga,1741548028,F,42,Cartagena,2,Casado,Tecnico,Empresario,4010000.0,687,1,2020-12-02,Web
CLI-03751,Adriana Castellanos Vásquez,1217701555,M,50,Cúcuta,2,Divorciado,Posgrado,Empresario,3974000.0,638,0,14/05/2023,Agencia
CLI-04375,Karen Díaz,194598440,F,37,Medellín,2,Soltero,Técnico,empresario,6712000.0,778,2,2024-06-03,Web
CLI-02270,  Alejandra María Herrera Agudelo,1584352246,F,-5,Bogotá,4,Soltero,Profesional,Empleado,2976000.0,596,2,2024-04-24,Asesor comercial
CLI-03493,Pablo Jhon Blanco Valencia,497139623,fem,32,Cartagena  ,6,Soltero,Profesional,Empresario,13661000.0,773,2,2017/06/13,Asesor comercial
CLI-02353,  Mateo Julio Flórez,1311059939,M,55,  Bogotá,2,Casado,Técnico, Empresario ,4453000.0,608,4,2021-08-31,Corredor
CLI-03954,Sandra Rodríguez Ibarra,1210753154,fem,42,Bogotá  ,2,Unión libre,bachiller,Empleado,3164000.0,576,3,2019-08-21,Asesor comercial
CLI-02922,Gerardo Mejía,1079586300,M,,Bogotá,1,Casado,profesional,Independiente,1892000.0,515,1,2021-08-15,Corredor
CLI-02145,Lucía Ortiz,1787144270,masc,40,BOGOTA,5,Union libre,Profesional,Empleado,6941000.0,632,1,31/08/2018,Asesor comercial
CLI-00549,MAGDALENA FERNÁNDEZ,1147917455,F,57,Medellín  ,4,Unión libre,Técnico,Pensionado,3427000.0,689,1,2023-03-15,Asesor comercial
CLI-04827,  Liliana Leonor Méndez,923756853,M,46,Medellín,3,Soltero,Técnico,Empresario  ,7345000.0,722,0,2021-03-10,Asesor comercial
CLI-05160,Santiago Bedoya,283781907,M,44,Bucaramanga,2,Divorciado,Profesional,EMPLEADO,4085000.0,732,2,2024-05-02,Corredor
CLI-01170,Mario Harvey Marín,708276453,M,30,Barranquilla,4,casado,  Profesional,Empresario,5358000.0,598,0,2024-05-05,Agencia
CLI-04203,Sandra Constanza Perdomo,478078879,M,39,Bucaramanga,4,Soltero,Bachiller,Pensionado  ,4488000.0,621,2,2021/10/07,Corredor  
CLI-02606,Gladys Marcela Sánchez Aguilar,1849357640,M,39,Bogotá,3,Soltero,Profesional,Empleado,2159000.0,604,2,2018-08-28,Asesor comercial
CLI-02179,Ignacio Acevedo,156765643,M,37,Cartagena  ,4,Soltero,Bachiller,Independiente,3357000.0,719,1,2021-01-19,Agencia
CLI-02477,Deisy García,1460873336,M,50,Cúcuta  ,1,CASADO,Técnico,Empleado,$1.129.000,557,1,2022-02-28, Agencia 
CLI-03372,Carlos López,1797331846,M,24,Cúcuta,3,Viudo,Técnico,Empleado,1095000.0,572,1,22/07/2021,Bancaseguros
CLI-02485,Juan Alberto Niño Sierra,635813475,F,33,Medellín,1,Casado,Bachiller,Empleado,$2.666.000,589,1,2017-11-04,corredor
CLI-01232,Ángela Ordóñez,1025792942,F,57,Bogotá D.C.,4,Divorciado,Bachiller,Pensionado,3699000.0,661,2,2017-08-16,Corredor
CLI-02635,Carlos Mena Ortiz,930688247,F,54,,2,Soltero,Profesional,Independiente,1228000.0,586,0,2023-10-28,Web
CLI-04695,Enrique Guillermo Romero Guzmán,1283964350,M,56,Bogotá,2,Casado,Profesional,Pensionado,1405000.0,635,0,16/04/2017,Bancaseguros
CLI-03099,Carolina Quiroga Caballero,774890675,M,25,Bogotá,3,soltero,Bachiller,Empleado,6723000.0,657,0,2023-10-25,Asesor comercial
CLI-01448,Ana Luz Sánchez,7863760,F,44,Bogotá,2,Soltero,Bachiller,Empleado,1121000.0,633,4,17/08/2023,Asesor comercial
CLI-00591,Carolina Herrera Páez,11548000, F ,39,Medellín,3,  Unión libre,Bachiller,Empleado,2146000.0,521,1,19/08/2018,Asesor comercial
CLI-01981,Alfonso Mauricio Pacheco,686940967,F,34,Bucaramanga,4,Unión libre, Posgrado ,Empleado,7908000.0,641,1,11/06/2023,Bancaseguros
CLI-02146,Edwar Amaya,778204412,F,48,Medellín (Antioquia),3,Unión libre,Profesional,Independiente,3111000.0,509,0,2024-02-23,Asesor comercial
CLI-03660,Álvaro Manuel Pinto,1343301860,m,51,Bogotá,4,DIVORCIADO,Bachiller,Empresario,12006000.0,794,1,2023/12/03,Asesor comercial
CLI-03569,Sonia Carmen Calderón,1557665122,Femenino,37,medellín,2,Soltero,Profesional,Empleado,,661,0,2021-03-18,Bancaseguros
CLI-02037,JOSÉ MELO RUIZ,1606101379,F,43,Bogotá,2,Casado,Tecnico,Independiente,2226000.0,500,1,2020-05-01,Bancaseguros
CLI-01865,Alexander Alejandro Acevedo,1679175825,F,18,,2,Casado, Técnico ,Empleado,2427000.0,637,0,29/01/2018,Asesor comercial
CLI-00736,María Daniela Quintero Ávila,1452914269,F,48,Bogotá,3,Unión libre,Profesional,Empleado,2885000.0,670,2,22/06/2019,Asesor comercial
CLI-00903,Guillermo Willian Barrera,710124118,Masculino,23,Barranquilla,3,  Unión libre,Profesional,Empleado,3434000.0,539,1,2024-04-24,Web
CLI-04806,Antonio Cortés Mercado,1712100663,F,33, Bogotá ,4,Casado,Posgrado,Empleado,9674000.0,764,0,2019-10-05,Asesor comercial
CLI-01544,ANDERSON ÁNGEL RODRÍGUEZ,1844613262,M,39,  Cartagena de Indias,3,Soltero  ,Profesional,Pensionado,3310000.0,648,1,27/06/2020,Corredor
CLI-04814,Evelio Jorge Ortiz,1784061793,F,41,Cali,2,SOLTERO,Profesional,Empleado,2710000.0,564,0,2024-02-18,Asesor comercial
CLI-02438,Liliana Pardo Mendoza,1522183905,F,53,Medellín,4,Unión libre,Técnico,Independiente,,770,2,28/10/2017,Asesor comercial  
CLI-03236,Emerson Enrique Peña,1722179922,M,53,Pereira,4,Casado,Posgrado  ,EMPLEADO,8877000.0,814,1,30/04/2020,Bancaseguros
CLI-04366,María Vilma Valencia,572061464,M,26,Barranquilla,3,Casado,Profesional,Independiente,2654000.0,,3,2017-10-01,Corredor
CLI-00447,Isabel  Milena  Ibarra  Riascos,144464905,F,52,Cali,3,  Soltero,Profesional,Empleado,5237000.0,624,0,2022-02-09,Corredor
CLI-01137,Lina Paola Pineda Díaz,327941504,M,44,Bogotá,2,Casado,Técnico,Empleado,3188000.0,600,0,2020-04-22,Web
CLI-02636,María Johana Narváez,1613981024,M,60,Cartagena,1,Unión libre,Posgrado,Pensionado,1394000.0,636,1,2018-12-17,Agencia
CLI-03703,Yeimy Valeria Alarcón,372043621,F,43,Pereira,5,Unión libre,Bachiller, Empleado ,9428000.0,716,1,2021-01-28,WEB
CLI-04193,Clemencia Libia Mendoza Fonseca,1396400128,Femenino,40, Cúcuta ,2,SOLTERO,Profesional,Independiente,$2.041.000,458,3,2021-10-12,Bancaseguros
CLI-04874,Janeth Patricia Cruz,369418305,F,39,Cali,6,Soltero,Posgrado,Empleado,9804000.0,655,1,2018/12/14,Web
CLI-04012,Smith Palacios,385281434,M,19,BOGOTA,2,Soltero,Profesional, Empleado ,2445000.0,514,0,2024-02-23,WEB
CLI-04245,Andrés Martínez Corredor,700626713,F,18,Bogotá,2,Soltero,Bachiller,Pensionado  ,1471000.0,439,1,23/06/2022,Asesor comercial
CLI-01480,ANDRES AURELIO TOVAR,1108726198,M,49,Cali,5,Casado  ,Bachiller,Empleado,12708000.0,658,1,2022-04-11,Agencia
CLI-00610,Wilder  Mora  Zapata,1285831083,M,61,Cartagena,1,Soltero,profesional,Pensionado,770000.0,492,0,2024-07-09,Asesor comercial
CLI-03559,Cindy María Montes,71062543,F,44,Medellín,3,Unión libre,Posgrado,Empresario,6123000.0,588,1,25/11/2023,Web
CLI-01233,Angie Rincón,725848861,M,22,CALI,6,Soltero,Bachiller,Empleado,19748000.0,679,0,2022-08-02,Bancaseguros
CLI-03619,DAVID CARLOS GONZALEZ BARRETO,311626831,masc,49,Bogotá,4,Unión libre,Profesional,Empleado,4024000.0,700,2,2023/06/15,Corredor
CLI-04894,María Nelly Moreno Torres,1732777261,M,57,Bucaramanga,2,Soltero,profesional,Empresario,,781,2,2024-08-22,Asesor comercial
CLI-03416,María Rivera,332270874,M,47,Medellín,4,Casado,PROFESIONAL,Empresario,10171000.0,706,0,03/04/2017,Asesor comercial
CLI-01718,Luz Ramírez Tamayo,578541888,F,,Bogotá,3,Divorciado, Posgrado ,Empleado,2544000.0,680,2,2020/04/03,Asesor comercial
CLI-02101,Guillermo Antonio León,1502122613,F,40,Bucaramanga,3,Divorciado,PROFESIONAL,Empresario  ,4735000.0,614,0,2019-07-04,Asesor comercial
CLI-00739,Ximena Sanabria Estrada,1168663318,M,36,Medellín,5,CASADO,Profesional,Independiente,6688000.0,740,0,2021-11-08,Agencia
CLI-02735, Vicente Paz ,734605189,M,29,Barranquilla,5,Casado,Posgrado,Independiente,7574000.0,720,2,2020-09-29,Agencia
CLI-00593,MILENA KARINA GONZÁLEZ,37472298,M,48,Bogotá D.C.,5,Casado,Bachiller,Pensionado,5604000.0,541,1,INVALID_DATE,  Web
CLI-01550,jairo edison mora giraldo,770032852,Masculino,48,Barranquilla,4,Casado, Profesional ,Independiente,5476000.0,623,3,2017/12/22,Asesor comercial
CLI-00338,Consuelo Gómez Morales,1886800253,F,59,Barranquilla,4,Soltero,Profesional,Empleado,$7.806.000,824,3,23/04/2020,Agencia
CLI-03071,Diana López,1576286279,M,38,Bogotá,3,Soltero,Bachiller,Independiente,1770000.0,531,1,17/09/2024,Corredor
CLI-02910,Ligia Montoya,220302737,F,40,Manizales,4,Unión libre,Profesional,Empleado,7495000.0,801,0,07/02/2021,Agencia
CLI-03494,Julia Sarmiento Toro,1471401865,F,27,Manizales,3,Casado,Técnico,Independiente,2305000.0,535,2,2018-06-03,Web
CLI-00283,Ana Daniela Sanabria Romero,147681004,M,39,Cali,2,Soltero,Posgrado,  Empresario,6698000.0,593,3,2022-11-02,Bancaseguros
CLI-02508,Óscar Andrés Moreno,207316938,F,56,Medellín,2,Casado,Profesional,Empleado,2257000.0,815,3,2022-01-22,ASESOR COMERCIAL
CLI-04708,Elvira Marín Escobar,589989500,masculino,66,Bucaramanga,4,Unión libre,Profesional,Empresario  ,9793000.0,715,0,07/07/2022,Asesor comercial
CLI-00110,Liseth Estrada,1176004212,  F,49,Cali,1,unión libre,Técnico,Empresario,,603,2,2024/01/09,Corredor
CLI-03227,Jorge William Ruiz Rodríguez,337028045,F,45,Pereira,3,Casado,Bachiller,Empleado,3931000.0,638,0,28/07/2021,Asesor comercial
CLI-03934,Luz Sanchez Gaviria,952047230,M,61,Cali,5,Divorciado,Bachiller,Empleado,11382000.0,793,1,2022-04-19,Asesor comercial
CLI-01893,Enrique Andrés Sanabria Osorio,1121183442,F,55,Cúcuta,2,Divorciado,TECNICO,Independiente,1842000.0,670,0,29/02/2020,Web
CLI-00200,Tatiana Becerra Palacios,899217158,M,43,  Cali,5,Soltero,Profesional,Empresario,11373000.0,800,0,06/05/2021,Bancaseguros
CLI-03106,Natalia Pérez,1757479201,F,46,Cali,3,Soltero,Técnico,Empleado,,528,1,2024/09/03,Web
CLI-00666,Alejandro Castillo Bedoya,382424985,F,49,Medellín,2,Unión libre,Profesional,Empleado,,637,0,2017-03-13,Asesor comercial
CLI-04768,Paulina Lucero Sánchez,251639398,F,32,Bogotá,2,Casado,Bachiller,Pensionado,3876000.0,672,3,2018-06-16,  Asesor comercial
CLI-00537,José Guerra,1291630271,Femenino,60,Bogotá,3,Soltero,Técnico,Independiente,3642000.0,615,0,2024-04-19,Bancaseguros
CLI-00577,Flor Caicedo Cantillo,788814149,F,49,Bogotá,2,Union libre,Posgrado,Independiente,3119000.0,589,0,2019-05-19,Bancaseguros
CLI-02388,María Ángela Ortiz Acosta,1709481593,m,43,BARRANQUILLA,3,Casado,Bachiller,Independiente  ,3718000.0,547,2,21/10/2021,Web
CLI-03136,Dario Néstor Ortega,267634291,F,49,Bogotá,3,DIVORCIADO,Profesional,Empleado,4027000.0,709,2,01/07/2017,Agencia
CLI-02995,Dario Guillermo Agudelo,1617059279,F,50,Bogotá,3,Soltero,Posgrado,Empleado,4811000.0,645,1,2020/02/09,Asesor comercial
CLI-04041,Milena Sandra Salcedo,326783703,M  ,18,Cali,4,Soltero,Posgrado,Empleado,6739000.0,757,3,2018-05-24,Web
CLI-02598,Inés Fernanda Ortiz,441988625,M,41,Manizales,6,Unión libre,Técnico,Empleado,15205000.0,,2,2021-03-15,Agencia
CLI-03877,Valentina Fernanda Daza Carrillo,1247999121,M,52,Barranquilla,3,Soltero,Bachiller,Empleado,4624000.0,626,2,2017-01-17,Web
CLI-04775,LUIS FLOREZ MARTINEZ,40061615,M,37,Cúcuta,2,Divorciado,Profesional,Empleado,2799000.0,648,0,2024-10-31,Bancaseguros
CLI-00318,Natalia  Johana  Restrepo,712721782,F,45, Bucaramanga ,2,Casado,Bachiller,  Independiente,2289000.0,698,3,16/08/2017,Bancaseguros
CLI-02253,Sandra Viviana García Sánchez,1806777884,M,56,,2,Casado,Posgrado,Empresario,2039000.0,573,0,17/03/2022,Web
CLI-01557,  Orlando Chávez,417145149,F,24,Medellín,5,  Casado,Profesional,Independiente,11423000.0,687,2,2024/12/24,Bancaseguros  
CLI-02728,Jesús Felipe Díaz,1049224923,Masculino,23,BOGOTA,1,Unión libre,Posgrado,Estudiante,649000.0,419,0,2022-05-15,Web
CLI-03113,Jairo Mateo Cárdenas Cuéllar,1506970810,F,44,Manizales,4,Soltero,Profesional  ,Empresario,9171000.0,658,1,2018-11-23,Asesor comercial
CLI-01297,Julián Herrera Vélez,457218989,M,43,BARRANQUILLA,4,Casado,Técnico,Empresario,13717000.0,699,1,2017/10/31,Asesor comercial
CLI-01984,  Doris Franco,1437350585,M,55,Cúcuta,1,Soltero,Bachiller,Empresario,4658000.0,648,1,2019-07-16,Asesor comercial
CLI-04084,Erika Gil,616125895,M,31,Cúcuta,3,Soltero,BACHILLER,Empleado,3967000.0,587,1,18/09/2024,Asesor comercial
CLI-00557,Andrés Beltrán Bautista,192568161,M,53, Bogotá ,2,Casado,Técnico,Empresario,4104000.0,605,2,31/01/2017,Bancaseguros
CLI-01231,Yeimy Rodríguez Cabrera,224784553,M,36,PEREIRA,5,Soltero,Posgrado, Empresario ,14014000.0,692,1,2017-05-02,Agencia
CLI-01818,Graciela Ruiz,1342591559,M,40,Cali,2,Divorciado,Profesional,Empleado,3018000.0,581,1,2017/02/02,Web
CLI-04706,Marcela Dolores Escobar,324148719,M,45,Bogotá,3,Unión libre,Bachiller,Empleado,5220000.0,732,1,01/10/2017,Asesor comercial
CLI-02549,Dario José Becerra Martínez,532047530,M,41,Bogota,2,Casado,Posgrado,Empresario,3853000.0,557,2,28/04/2019,Agencia
CLI-04903,José Monroy Zapata,31301685,M,27,Cali,3,Divorciado,Bachiller,independiente,4769000.0,655,1,2023/03/06,Corredor
CLI-05176,luz martínez,724066877,M,65,Bucaramanga,3,Divorciado,Posgrado  ,Pensionado,3455000.0,592,4,2023-08-28,Bancaseguros
CLI-04199,Camilo Jaime Rojas Zuluaga,611261375,M,55,Bogotá  ,1,Soltero,Bachiller,empleado,1971000.0,665,1,20/10/2018,AGENCIA
CLI-04606,Alexander Francisco Sandoval,1507249645,M,41,Cali,4,Soltero,Profesional,EMPLEADO,7166000.0,644,3,02/06/2021,Web
CLI-00498,Fredy Iván Contreras Bravo,1611795083,F,56,Medellín,3,Unión libre,Bachiller,Empresario,13243000.0,717,1,2017-11-27,Asesor  comercial
CLI-01850,MARIO CAMILO PEREZ,782303112,F,23,Bogotá,3,Soltero,Técnico,Independiente,2241000.0,558,1,16/12/2023,Asesor comercial
CLI-01117,Roberto Óscar Ramírez,1049480208,m,38,Cartagena de Indias,3,Unión libre,Profesional,Independiente,2632000.0,743,1,2021-09-22,Web
CLI-01558,Katerine Luz Pérez,1571019297,F,42,Santa Marta,2,Casado,Profesional,Independiente,5445000.0,754,1,2018-09-04,corredor
CLI-03029,William Andrés Barragán Rodríguez,403694561,F,19,Bogotá,1,soltero,Bachiller,Empleado,2866000.0,548,3,13/08/2023,Web
CLI-03583,KATHERINE SILVA,1489220679,  M,50,Cúcuta,4,Unión libre,Posgrado,Empresario,6974000.0,749,3,07/12/2019,Bancaseguros
CLI-01377,Fabio Jorge Ramírez Cortés,1677300260,F,45,Medellín,2,Unión libre,Técnico,Empresario,3866000.0,738,2,2022-04-19,Web
CLI-02731,Francisco Jairo Castillo,1349687974,M,46,Bucaramanga,2,Divorciado,Tecnico,Empleado,2007000.0,701,4,2020/02/01,Corredor
CLI-03157,Alvaro Enrique Gomez Bohorquez,1315559237,masc,42,Medellín  ,1,Soltero,  Posgrado,Independiente,,564,1,2017/09/12,Web
CLI-01794,Milena Elena González,1745887183,F,40,Medellín,2,Casado,Profesional,EMPLEADO,1344000.0,576,1,01/06/2020,Bancaseguros
CLI-02455,GLADIS SUÁREZ,1810688502,F,33,Bogotá,2,casado,Bachiller,Independiente,3096000.0,727,0,2018-10-15,Bancaseguros
CLI-04910,Omar William Correa Arango,1048116074,M,51,Cartagena,5,Soltero,Posgrado,Independiente,9375000.0,669,2,07/11/2018,Corredor
CLI-04315,Jesús Gómez,1614445309,M,76,Cucuta,4,Casado,Profesional,Pensionado,4110000.0,666,1,11/04/2020, Corredor 
CLI-00776,Tatiana Galeano,1866798357,F,49,PEREIRA,2,Soltero,Bachiller,Independiente,1497000.0,557,1,24/05/2022,Agencia
CLI-02898,Victoria Amparo Quiroz,871844702,M,62,Medellín,3,Unión libre,Técnico,Empleado,3341000.0,606,2,2017-02-10,Corredor
CLI-01905,Diana Vallejo Flórez,151960102,F,34,Bogotá,6,Soltero,  Bachiller,Empleado,13742000.0,708,1,2024-10-11,Bancaseguros  
CLI-02013,Rosa Natalia Navarro Ortega,192034331,M,40,  Medellín,4,  Casado,POSGRADO,Independiente,10020000.0,865,0,2021/12/13,Web
CLI-04340,Alexandra Velandia,1213082930,F,38,Medellín,6,Divorciado,Profesional,Empleado,10702000.0,760,1,2020-05-01,agencia
CLI-04014,Sebastián Pérez,1583161459,M,25,Bogotá,6, Unión libre ,técnico,Pensionado,11901000.0,753,0,2021-07-13, Bancaseguros 
CLI-01162, Martha Milena Medina ,1561681464,F,,Medellín,1,Union libre,Técnico,Empleado,1735000.0,653,2,12/08/2020,Bancaseguros
CLI-02936,María Mayerly López,1018174115,M,43,santiago de cali,3,Casado,Profesional,Empleado,2711000.0,668,2,2022-02-28,Web
CLI-01728,CAMILO RIVAS,845082166,F,50,Barranquilla,2,Casado,POSGRADO,Empleado,2032000.0,525,0,2023-05-01,Bancaseguros
CLI-01809,Martha Esther Morales Castro,1581832451,Masculino,43,Bogotá,3,Casado,Profesional,Empleado,2755000.0,486,2,2017-01-26,Agencia
CLI-05089,Ángela Navarro Ruiz,84145212,F,28,Bogotá,1,Casado,Bachiller,Independiente,965000.0,553,2,12/11/2024,Corredor
CLI-02023,Paola Andrea Barbosa Bermúdez,1667723490,M,46,Bogotá D.C.,2,Casado,Posgrado,Empleado,1696000.0,556,0,2017-10-17,Corredor
CLI-04733,Ronald Jorge Guzmán,262183662,M,20,Pereira,1,Unión libre,Profesional,Empleado,1476000.0,568,4,11/09/2021,Asesor comercial
CLI-00715,Margarita Carmen Guerra,1746610335,F,41,BUCARAMANGA,2,Unión libre,Profesional, Empleado ,1724000.0,556,2,2023-01-19,Asesor comercial
CLI-02395,Martha María Gómez,419757838,F,46,Bogotá,2,Casado,Posgrado,Pensionado,2958000.0,647,0,06/08/2022,Corredor
CLI-03369,Orlando Jairo Giraldo González,77943056,M,51,Barranquilla,2,UNION LIBRE,Bachiller,Pensionado,2371000.0,604,1,2021-09-05,  Agencia
CLI-02750,María Lucía López Flórez,1455634739,masc,50,Cartagena,2,unión libre,Profesional,Empleado,4732000.0,781,1,28/08/2020,Bancaseguros
CLI-00066,María Mercedes Londoño,480701658,F,35,BARRANQUILLA,1,Casado,Bachiller,Independiente,1048000.0,582,4,2018-11-23,Corredor
CLI-01856,Juan William Cabrera Gómez,78594796,Femenino,43,Bogotá,3,Casado,Profesional, Empleado ,1690000.0,565,4,2018/11/12,Corredor
CLI-03254,Wilmer Gil,643641919,F,26,Cali,1,Casado  ,Posgrado,Empleado  ,2032000.0,673,1,2020/04/24,Web
CLI-01904,María Barrios Reyes,417981257,M  ,62,Bogotá  ,3,Unión libre,Profesional,Pensionado,3022000.0,606,0,INVALID_DATE,Bancaseguros
CLI-05165,Yina Ortiz Londoño,1394893816,F,38,Bogotá,3,DIVORCIADO,Profesional,Pensionado,2582000.0,646,2,2021/08/28,Asesor comercial
CLI-02881, Efrén Abel Ocampo Giraldo ,1037068603,M,45,Bogotá,5,CASADO,Bachiller,Independiente,5037000.0,570,4,04/10/2018,Web
CLI-04710,Dario Torres Angulo,597242837,M,44,Cartagena de Indias,1,Casado,Profesional,Independiente,778000.0,541,1,16/05/2018,Bancaseguros
CLI-01827,Antonio Ortega,1013272783,F,47,Bogotá,2,Divorciado,Posgrado,Empleado,3198000.0,615,2,16/09/2020,Bancaseguros
CLI-00692,José Ríos Acevedo,1524627618,F,40,Cartagena,4, Unión libre ,Bachiller,Empleado,4048000.0,590,0,2020-07-22,Web
CLI-00371,Pilar Marina Castillo,1611836969,F,41,Bogotá,2,Unión libre,Bachiller,Pensionado,2259000.0,646,1,2019-06-16,Agencia
CLI-01674,Rocío Palacios,1438014812,M,50,Medellín,1,Viudo,Técnico,Independiente,1143000.0,564,1,17/08/2017,Agencia
CLI-02140,Judith Tatiana Díaz,98116569,F,21,Bogotá,3,casado,Bachiller,Pensionado,2102000.0,576,0,31/05/2019,Corredor
CLI-03269,Juan Luis Vanegas Cárdenas,331308201,F,53, Bogotá ,3,Casado,Técnico,pensionado,2991000.0,555,1,2018-09-26,Asesor comercial
CLI-04681,Gloria Nubia Díaz,426964724,F,64,Bogotá,2,casado,Profesional,pensionado,1126000.0,476,0,2017-01-04,Corredor
CLI-03668,Rocío Liliana Cabrera Contreras,1892755792,M,31,MEDELLIN,3,Soltero,Profesional,empleado,,671,1,2024-01-19,Web
CLI-00095,Rosa María Vergara Valencia,1372044690,M,40,Cali,1,Casado,Posgrado,Pensionado,1372000.0,560,2,2023-05-05,Asesor comercial
CLI-02886,Xiomara Fernández Córdoba,1640259356,M,68,Medellín,1,Casado,Profesional,Empleado,1203000.0,648,1,2018-04-05,Web
CLI-02929,LAURA PÉREZ DELGADO,126459496,M,18,Cúcuta,2,Viudo,Bachiller,Empleado,3395000.0,653,0,06/02/2018,Agencia
CLI-00992,Oswaldo Juan Serrano Carvajal,932474458,F,26,santa marta,3, Soltero ,Técnico,Independiente,3237000.0,595,1,2020-07-07,Web
CLI-03964, Robert Ospina Solano ,162804195,M,48,  Bogotá,2, Soltero ,Posgrado,Empresario,$6.445.000,658,1,2020-07-15,Agencia
CLI-03246,Alfonso Néstor Medina,1119806253,F,18,Cali,6,Soltero,PROFESIONAL,Empleado,12017000.0,558,1,INVALID_DATE,web
CLI-00698,Nancy Johana Henao,709928007,F,74,Medellín,3,Soltero,Posgrado, Pensionado ,2036000.0,617,3,21/04/2020,Asesor comercial
CLI-00189,  Yolima Claudia Aguirre,1054499619,F,40,Barranquilla,2,Unión libre,Bachiller,Independiente,3385000.0,645,2,INVALID_DATE,AGENCIA
CLI-01885,Antonio Omar Solano,306289374,M,63,Manizales,1,Soltero,Profesional,Empleado,1329000.0,553,1,2021-07-10,Bancaseguros
CLI-00218,Eider Ochoa Rueda,1331765437,M,42,Medellín,3,Casado,Posgrado,Pensionado,2048000.0,717,1,,Asesor comercial
CLI-03187,Amparo Juliana Ruiz  ,7329926,F,43,Bogotá  ,1,Unión libre,Bachiller,EMPLEADO,1783000.0,523,0,2019-04-27,Asesor comercial
CLI-00424,José Jorge Carvajal,881446930,M,35,MEDELLIN,6,Soltero,Profesional,Independiente,13054000.0,655,5,2023-09-19,Corredor
CLI-05074,José Luis Díaz,981990013,F,32,medellín (antioquia),4,Casado,Posgrado,Pensionado,3548000.0,606,1,18/12/2022,Agencia
CLI-00377,JUAN MARIN CARDONA,60947276,F,28,Bogotá  ,2,Soltero,Profesional,Empleado,1662000.0,608,0,2017-03-08,WEB
CLI-03661,Wilson Cortés Gómez,107746394,M,60,Medellín,1,Soltero,Profesional,  Independiente,1255000.0,656,0,29/12/2024,Agencia
CLI-00664,Elizabeth Rodríguez,1642490104,M,51,Pereira,1,Soltero,Bachiller,Independiente,1149000.0,459,3,2020/06/13,Agencia
CLI-00780,Elvira Muñoz Vallejo,1673771338,F,51,Barranquilla  ,2, Casado ,Bachiller,empleado,$2.102.000,,0,2019-12-05,Asesor comercial
CLI-00803,Yuliana Muñoz Serrano,1578617861,F,56,Santiago de Cali,4,Unión libre,Técnico,Empleado,3406000.0,587,3,2020-02-21,Corredor
CLI-02007,Francisco Enrique Carrillo,1595937794,F,52,Bucaramanga,2,Casado,  Profesional,Empleado,2738000.0,557,1,02/05/2024,Agencia
CLI-04248,Esperanza Clara Acosta,646138304,M,69,Medellín,1, Unión libre ,Profesional,Independiente,1843000.0,554,0,2018/06/07,Agencia
CLI-03281,Diego Dario Arias,1566538820,F,64,Bogotá,1,Soltero,Bachiller,Pensionado,2521000.0,655,3,2017-05-11,Agencia
CLI-01998,Janeth Montes,513749365,M,56,Bogotá,3,Soltero,Técnico,Empleado,3736000.0,623,1,2020-04-14,Asesor comercial
CLI-04333,Enrique Daniel Fernández Lara,370502581,M,21,Barranquilla,4,Soltero,Profesional,Pensionado,5271000.0,553,0,09/08/2021,Bancaseguros
CLI-01383,Alejandra Rojas,168183877,F,53,MEDELLIN,4,Casado,Profesional,Empleado,12375000.0,736,0,2024/12/17,Bancaseguros
CLI-02854,Diana Luz García,359105451,M,34,Barranquilla  ,3,Unión libre,TÉCNICO,Empleado,3262000.0,644,0,2017-06-13,CORREDOR
CLI-00837,  Dora Linda Galindo Tovar,1685773837,f,39,Cali,2,Casado,Técnico,Pensionado,1441000.0,642,3,,Bancaseguros
CLI-02208,Helena Gabriela Mantilla,1668371570,M,21,Barranquilla,5,Viudo  ,Bachiller,Empleado  ,7089000.0,695,3,2021-02-11,agencia
CLI-04338,Fernanda Nora Hernández,1234567683,M,68,BOGOTA,6, Casado ,Posgrado,Pensionado,14605000.0,774,2,2022/12/28,Agencia
CLI-01560,Fernando Vélez Fernández,51021462,F,37,medellín,1,Casado,PROFESIONAL,Independiente,2300000.0,614,0,2020/12/12, Agencia 
CLI-03717,Francy María Rivas Morales  ,22842407,F,46,Manizales,3,Casado,Técnico,Empleado,5586000.0,762,1,2023-04-05,asesor comercial
CLI-00170,Ricardo Mercado Torres,1588061417,F,80,Santa Marta,1,Divorciado,Técnico,Pensionado,221100000.0,685,0,2021-12-05,Web
CLI-00501,PAOLA MARTINEZ,1147093721,F,35,medellín,2,Soltero,Profesional,Empleado,2917000.0,534,2,2023/01/24,Web
CLI-01671,Milena Marina Fajardo,1319485767,M,50,barranquilla,3,Unión libre,Técnico,Empleado,3303000.0,750,1,2023-10-12,Web
CLI-05186,Laura Maria Cuesta,1254633750,F,40,Bogotá,1,Viudo,Técnico,Pensionado,1143000.0,585,0,2024-06-21,Bancaseguros  
CLI-04856,Javier José Soto,523422743,F,38,Bogotá,1,Unión libre,Técnico,Independiente,1172000.0,539,0,2024-05-25,Bancaseguros
CLI-01555,Luis Herrera Mosquera,1194759404,M  ,36,Cali,2,Casado,BACHILLER,Independiente,3286000.0,523,1,2017-02-18,Asesor comercial
CLI-00147,Miguel Yeison Vega Ruiz,1226805244,M,46,Bogotá,3,Unión libre,Bachiller,Empleado,4077000.0,804,0,2024-02-17,Bancaseguros
CLI-04039,Jhon Sánchez,125785527,M,30,Bogotá,3,SOLTERO,Bachiller,Independiente,1474000.0,587,1,2017/12/31,Bancaseguros
CLI-03036,Carlos Montoya Carrillo,1319233750,F,34,Bogotá,3,Casado,Técnico,Empleado,3279000.0,657,2,16/07/2017,Asesor comercial
CLI-04740,Marcela Reyes,1037799880,F,49,Bogotá  ,4,Casado,Posgrado,Empresario,,700,1,21/04/2022,Corredor
CLI-00958,Enrique Álvaro Aguirre Sánchez,193440809,F,37,Pereira,2,Casado,Bachiller,Empleado,1410000.0,558,1,2019-09-03,Asesor comercial
CLI-04907,Iván William Agudelo Bustos,16250841,F,41,Cúcuta,1,  Casado,Técnico,Empleado,$1.761.000,660,3,2020/01/31,Bancaseguros
CLI-03637,María Rincón Velasco,789525956,F,42,B/manga  ,2,Casado,Bachiller,Empleado,3803000.0,528,1,2022-01-15,Asesor  comercial
CLI-00450,Jorge Córdoba,72402560,F,47,Medellín,5,Divorciado,  Profesional,Empleado,9803000.0,577,0,2022-10-11,Asesor comercial
CLI-02266,Carlos Castillo García,578590265,M,38,Bogotá,2,Casado,Bachiller,EMPLEADO,1974000.0,657,1,2018-04-27,Web
CLI-04243,Geraldine Mosquera Ochoa,306239452,M,18,Cali,6,Casado,Técnico, Pensionado ,17898000.0,856,0,2018-03-20,Agencia
CLI-03812,David Trujillo,1393775470,M,64,Cali,4,Soltero,  Bachiller,Pensionado,4837000.0,653,1,2019/01/31,Bancaseguros
CLI-04189,Luz Córdoba,775136826,Masculino,21,Cali,6,Unión libre,Técnico,,10749000.0,729,0,2024-06-27,Agencia
CLI-03663,Edwin Kevin Rodríguez Trujillo,1094599085,Femenino,48,Cali,2,Soltero,Profesional,INDEPENDIENTE,2079000.0,,1,2020-08-09,Corredor
CLI-03883,Patricia Sanabria,1052590676,F  ,24, Cúcuta ,6,Unión libre,Técnico,Independiente,9027000.0,652,0,08/12/2018,WEB
CLI-01832,Matilde Marín,914262889,F,42,Medellin,2,Soltero,Profesional,Independiente,1100000.0,527,0,2017/08/22,Web
CLI-00132,Catherine Romero,1187910962,F,36,Medellín,2,Casado,Profesional,Empleado,4511000.0,645,1,20/08/2024,Asesor comercial
CLI-03385,  Robinson Espinosa Rodríguez,1364324371,M,43,Bogotá,1,Soltero,Bachiller,Empleado,1288000.0,606,3,14/06/2023,Agencia
CLI-04981,Kevin Santiago Barbosa,883272491,F,25,Cali,5,Soltero,Bachiller,Independiente,8326000.0,699,0,2022/07/13,Agencia
CLI-04225,Cecilia Aurora Ortiz Ballesteros,1207072966,M,29,Manizales,1,Soltero,Bachiller,Independiente,2838000.0,633,0,14/10/2022,Bancaseguros
CLI-03814,Patricia Prada Gaitán,1449101589,M,,Bogotá,4,Soltero,Posgrado,Independiente,4396000.0,616,0,14/09/2022,Asesor comercial
CLI-04965,Daniela Julieth Rojas Reyes,1475624587,M,61,Bogotá,1,Casado,Posgrado,pensionado,1301000.0,664,2,08/01/2018,Bancaseguros
CLI-01078,Patricia Velasco Gómez,678583335,F,64,Medellín,3,Casado,Técnico,Pensionado,2644000.0,698,0,2017-10-13,Agencia
CLI-03308,José Reyes Espitia,1421786043,M,38,,2,VIUDO,Profesional,Empleado,3630000.0,539,1,2019-10-29,Asesor comercial  
CLI-02628,Jacqueline Yuliana Medina Becerra,514989369,M,42, Bogotá D.C. ,4,Unión libre,Bachiller,Independiente,4123000.0,535,0,2022/07/07,Bancaseguros
CLI-03128,José Alberto Ospina Pérez,70272059,M,58,Bucaramanga,5,Unión libre,Bachiller,Empleado,7428000.0,629,3,,Bancaseguros
CLI-03563,ana yepes alvarado,1409651867,F,31, Bogotá ,4,CASADO,Profesional,Empleado,3501000.0,606,0,05/03/2017,corredor
CLI-00584,LUZ PAOLA VERGARA,1840836542,masc,46,Cali,2,Casado,Profesional,EMPRESARIO,5342000.0,654,1,2021-04-23,Asesor comercial
CLI-02432,Antonio Pedro Flórez,1835709218,F,31,Bogotá,2,Soltero,Bachiller,Empleado,3024000.0,660,3,2022/03/13,Web
CLI-01180,María Durán,523248689,M,26,Cartagena,3,Casado,Posgrado,Empleado,4696000.0,662,1,13/12/2021,Web
CLI-01496,Arley Héctor Suárez,745710308,F,60,  Bogotá,3,Soltero,Profesional,,0.0,547,0,07/06/2020,Asesor comercial
CLI-00894,Constanza Lorena Navarro,1156966023,M,47, Cali ,3,Divorciado,Técnico,independiente,5042000.0,683,1,2024-09-28,Bancaseguros
CLI-05172,Luz Bernal,289749888,F,23, Bogotá ,2,Soltero,Bachiller,Pensionado,911000.0,496,2,2022-01-13,Asesor comercial
CLI-01120,Luisa Valencia Correa,1384941082,F,52,Santa Marta,5,Soltero,Posgrado,Pensionado,3672000.0,643,0,2018-10-07,Web
CLI-01920,Doris Consuelo Rojas,357558205,  F,37,Medellín,5,Soltero,Bachiller,Independiente,5336000.0,728,2,2022/09/09,bancaseguros
CLI-03843,Carolina Angie Pacheco López,347145244,F,27,Manizales,1,Soltero,Posgrado,Empleado,1296000.0,547,1,2022/07/13,Asesor comercial
CLI-03287,Karen Montoya Roa,32507542,F,34,Bogotá,5, Casado ,Posgrado,Independiente,7878000.0,596,1,11/06/2019, Asesor comercial 
CLI-03690,LIBARDO LUIS PADILLA,715516668,masc,47,Bogotá,4,Casado,Bachiller,Empleado,10319000.0,607,1,2017-09-07,Web
CLI-04441,Amparo Rivera Ruiz,363759258,M,42,BOGOTÁ,2,Unión libre,Posgrado,Independiente  ,2581000.0,606,2,2018-08-06,Web
CLI-03585,Hugo Ortega Castellanos,280815053,F,45,Pereira,6,Unión libre,Bachiller,Empleado,9764000.0,612,1,2017-04-29,Asesor comercial
CLI-03906,  Cecilia Heidy Ortiz González,356276697,F,18,Medellin,1,Soltero,PROFESIONAL,Empleado,1850000.0,466,2,2017-07-09,Asesor comercial
CLI-04565,Sergio González,163752174,M,36,BOGOTA,3,Divorciado,Profesional,Empleado,,536,1,2018-06-23,Agencia
CLI-01123,Arturo Nieto Beltran,252108167,F,43,Medellín,2,Unión libre,Profesional,Empleado,,705,1,18/03/2021,Agencia
CLI-00955,  Armando Andrés Sandoval Vargas,1285899167,F,62,Bogotá,3,Casado,Profesional,Empleado,2453000.0,609,1,2022/02/10,Asesor comercial
CLI-03894,Libia Valderrama Valencia,144423751,F,45,Cartagena  ,2,Soltero,PROFESIONAL,Empleado,1856000.0,595,1,2018-06-21,Asesor comercial
CLI-00406,Tatiana Ana Ibarra,1106771330,F,41,Bogotá,4,Soltero,Profesional,Empresario,13389000.0,821,1,2021-05-19,Agencia
CLI-02690,ANIBAL CESAR RODRIGUEZ,43094951,F,48,Cúcuta,3,Soltero,Técnico,Empresario,6401000.0,689,0,,Asesor comercial
CLI-00556,David Jaime Rivera Díaz  ,1071760911, M ,18,Bogotá,2,Casado,Posgrado,Empleado,994000.0,525,0,2021/04/28,Bancaseguros
CLI-04104,Samuel  Manuel  Espinosa,602242611,M,19,Bucaramanga,4,Casado,Profesional,Empleado,6017000.0,695,0,2020-05-25,BANCASEGUROS
CLI-03149, Magdalena Cecilia Amaya Núñez ,756445332,fem,36,Cali,1,Casado,Bachiller  ,Empleado,1496000.0,520,1,2018-10-01,Web
CLI-04508,Alexander Fernando López Mesa,1216010853,M,48,,4,Unión libre,Profesional,Empleado,5302000.0,573,0,07/02/2023,Asesor comercial  
CLI-03572,Marlén Paola Amaya,1152762309,M,35,Cali  ,4,Unión libre,Técnico,Empleado,4914000.0,560,2,2021-07-21,Asesor comercial
CLI-00937,Yohana Laura López Montoya,604864867,F,42,Bogotá,2,Casado,Profesional,Pensionado,1654000.0,545,1,2019-01-24,Web
CLI-03043,  Roberto Flórez Ortega,1768711334,F,51,Cartagena,4,casado,Técnico  ,Independiente,7475000.0,777,4,2018-06-29,ASESOR COMERCIAL
CLI-00784,Luis Sánchez Ospina,957586987,F,57,Pereira,4, Soltero ,Posgrado,independiente,5337000.0,653,0,2018-04-01,Agencia
CLI-01902,Juan González Jaramillo,311910352,M,67,bogotá,2, Casado ,Profesional,pensionado,1445000.0,511,0,INVALID_DATE,CORREDOR
CLI-04415,María Pérez Obando,358366126,M,41,Cúcuta,4,Divorciado,Técnico,Pensionado  ,6570000.0,738,2,2019-08-20,Asesor comercial
CLI-03135,Alicia Yina Álvarez Martínez,381796463,F,39,Bogotá  D.C.,4,Soltero  ,Bachiller,Empleado,5831000.0,683,2,03/03/2018,Corredor
CLI-04815,Fernando Garcés Gómez,1531205500,M,45,Bogotá,3,Soltero,Profesional,Empleado,$3.332.000,509,1,19/09/2021,Bancaseguros
CLI-01561,Eduardo Jhon Córdoba,34085702,F,44,Cúcuta,1,Casado,Profesional, Pensionado ,1976000.0,602,0,2018/02/15,Asesor comercial
CLI-02795,Jaime Rincón,619492925,F,38,Bogotá,2,Soltero,Profesional,Empleado,3125000.0,765,2,29/12/2023,Asesor comercial
CLI-01499,Camilo Darwin Perez Torres,1157920811,M,40,Cali,1,Casado,posgrado,Empleado,1335000.0,561,1,2019/09/03,Agencia
CLI-02088,Eduardo Alfonso Vargas,448474985,M,41,Cúcuta,4,Casado,Bachiller,,4564000.0,474,1,2020/06/19,Asesor comercial
CLI-01353,María Luz López,1155322996,M,38,Barranquilla,1,Casado,  Técnico,Empleado,,594,1,2020/03/10,Asesor comercial
CLI-04491,Patricia Hernández,1712043864,F,25,Bogotá,5,Casado,Posgrado,Empleado,13260000.0,754,3,2019/07/20,ASESOR COMERCIAL
CLI-03124,Eduardo Suárez Medina,1197620979,M,46,Bogotá,2,Soltero,Posgrado,Empleado,3874000.0,713,4,2022-08-24,Asesor comercial
CLI-01990,William Ardila Gallego,741691930,M,53,Barranquilla,4,Casado,Posgrado,Empleado,7899000.0,741,2,26/03/2023,Web
CLI-03342, Mary Yuri Giraldo Calderón ,668522603,F,54,Pereira,4,SOLTERO,Profesional,,2826000.0,594,2,2021-06-13,Web
CLI-00792,Edinson Héctor Cardozo Torres,1569862440,masc,47,Cali,2,Casado,Profesional,Empresario,1314000.0,506,0,17/11/2024,Bancaseguros
CLI-04750,Luis Fernando Ramírez Bedoya,1657244972,M,24,BOGOTÁ,1,Casado,Profesional,Independiente,786000.0,536,3,2023-08-01,WEB
CLI-05043,Juan Guevara Ortiz,761389877,M,46,Cali,2,Casado,Técnico,Pensionado,1179000.0,589,0,2024-11-10,Corredor
CLI-04765,Santiago Jonathan Ortiz Ospina,431345676,M,38,Bogotá,4,soltero,Bachiller,,4275000.0,793,0,03/03/2023,Agencia
CLI-04769,Ángel Restrepo  ,875643199,M,51,Cartagena,3,Unión libre,bachiller,Empleado,4409000.0,,1,INVALID_DATE,Web
CLI-03184,Natalia Figueroa,151014339,M,,Cali,4,Divorciado,Bachiller  ,Empleado,6510000.0,683,1,2020-09-21,Asesor comercial
CLI-04354,PATRICIA GONZALEZ ARIAS,1061491017,M,30,Cali,2,Union libre,Bachiller,Empleado,$1.843.000,586,0,2018-05-27,Asesor comercial
CLI-01426,  Fernanda Medina,1364776860, M ,77,Barranquilla,5,Viudo  ,Bachiller,Pensionado,7034000.0,809,0,2024-12-14,CORREDOR
CLI-03600,  Luis Felipe Ramírez,426592177,M,18,Bogotá,2,Casado,Profesional,Pensionado,2607000.0,634,0,2024/11/23,Agencia
CLI-05164,Rosa Orjuela,213376128,M,35,cartagena,1,Soltero,Posgrado, Empleado ,3860000.0,663,2,01/11/2023,Agencia
CLI-02822,Milena Castillo,1301738465,F,38,Bogotá,3,Unión libre,Profesional,PENSIONADO,3294000.0,638,0,17/08/2024,Asesor comercial
CLI-02788,Carolina Ruiz,1184651554,F,25,bta,2,Casado,Profesional,Empleado,1505000.0,612,3,2021/10/15,Asesor comercial
CLI-02271,Judith Leidy Castro Gómez,1761524234,F,36,Barranquilla,1,Divorciado,Bachiller, Empleado ,1119000.0,604,0,14/03/2017,Agencia
CLI-04943,Isabel Ordóñez Mora,483839806,F,38,Cartagena,3,Unión libre,Profesional,Independiente,4402000.0,652,0,2017-10-31,Asesor comercial
CLI-02672,Reinaldo Londoño Bedoya,484700001,M,24,  Santa Marta,2,Divorciado,Profesional,Independiente,2238000.0,776,1,07/12/2019,Bancaseguros
CLI-01719,paola montes,871227439,F,66,Manizales,2,Unión libre  ,Posgrado,Pensionado,3820000.0,576,1,2019/03/23,Agencia
CLI-04891,Raúl Franco,1574319940,masc,38,Manizales,3,Casado,BACHILLER,Empleado,3378000.0,543,2,2024-08-01,Bancaseguros  
CLI-03555,Jeison Navarro,1240755490,M,60,Medellín,2,Soltero,Técnico, Independiente ,3598000.0,640,1,20/12/2021,Asesor comercial
CLI-04373,Diana Mercedes Romero,474003004,F,29,,3,Soltero,Posgrado,Empleado,3822000.0,535,2,2023/12/19,Web
CLI-04469,Juan Murillo Méndez,770490805,F,54,Medellín,3,Unión libre,  Bachiller,Independiente,4258000.0,735,1,22/09/2022,Bancaseguros  
CLI-00911,  Johanna Jiménez,96038118,F,35, Bogotá ,1,Casado,Profesional,EMPLEADO,1625000.0,749,1,2018-11-15,Asesor comercial
CLI-00219,Inés Erika Rentería,1447605064,F,60,Bucaramanga,4,Soltero,Bachiller,Pensionado,6189000.0,662,1,2023-06-27,Web
CLI-03707, Alejandra Daniela Velasco Orozco ,1636134346,M,18,Bogotá,4,Divorciado,Profesional,Independiente,3859000.0,519,3,2020-04-09,Agencia
CLI-00265,Cristian Sarmiento Acosta,1289215719,F,44,santa marta,2,Casado,Profesional,Independiente,4842000.0,767,2,26/04/2019,Agencia
CLI-03333,Luz Soto,871953545,M,40,Bogotá,3,Soltero,Bachiller,Independiente,2647000.0,761,1,2018-08-12,Agencia
CLI-03795,Juan Vásquez Galvis,1455635302,F,60, Manizales ,2,Soltero,Bachiller,Independiente,1686000.0,547,0,2021-01-24,Corredor
CLI-00971,Alejandra Tatiana Vergara,1677168168,M,34,Bogotá,2,Unión libre,Bachiller,Empleado,1588000.0,615,2,2021-01-29,  Agencia
CLI-01831,Danilo Edgar Páez,494833940,M,42,Pereira,2,Casado,Profesional,Empresario,4034000.0,784,0,2024-01-19,Asesor comercial
CLI-01072,Andrea Rodríguez Padilla,1223217487,F,18,BOGOTA,3,Casado,Técnico, Empleado ,3332000.0,721,3,2018-04-23,Web
CLI-03718,Libardo Lopez Bohorquez,360691387,F,43,Cali,3,Soltero,Profesional,Empleado,4332000.0,708,0,2018-07-08,Bancaseguros
CLI-00552,dary barrios garcía,1660475983,M,50,Bogotá,6,Soltero,Profesional,  Independiente,11237000.0,810,1,2019-02-10,Agencia
CLI-04782,José Luis Vargas,357831491,F,31,Bogotá,1,Soltero  ,Profesional,Empleado,1748000.0,535,2,2020-01-29,  Corredor
CLI-00568,Marina Salazar Ramos,1615072827,M,56,Cali,3,Unión libre,Profesional,Independiente,3943000.0,767,1,02/08/2020,Corredor
CLI-04313,David Medina Sánchez,164086032,M,40,Pereira,4,Unión libre,Bachiller,Independiente,4309000.0,698,2,2024/03/27,Asesor comercial
CLI-03868,Ciro Bautista Ruiz,1340820495,M  ,30,,2,SOLTERO,Técnico,Empleado,2748000.0,,1,08/12/2020,Web
CLI-02419,Jerson Duván Pérez Chávez,638914434,M,999,Bucaramanga,3,Divorciado,Posgrado,PENSIONADO,1731000.0,593,2,2018-10-05,Bancaseguros
CLI-01411,Consuelo Elizabeth Valencia Ramírez,596808235,F,41,Cartagena,5,Unión libre,Posgrado,Independiente,,,1,2017-08-22,Web
CLI-01659,Sandra Martínez Franco,404592698,M,50,Bogotá,4,CASADO,Profesional,Empleado,,685,2,2017-10-24,Asesor comercial
CLI-00392,Robinson Amaya,704958788,M,46,Cali,3,Unión libre,Bachiller,PENSIONADO,4628000.0,746,2,2018-04-01,Bancaseguros
CLI-00320,Cecilia  Leidy  Sánchez  Martínez,757845992,F,47,Bucaramanga,1,Soltero,Técnico,Empleado,789000.0,554,2,2023/01/16,Bancaseguros
CLI-02166,Alexandra Vega Rodríguez,1179656321,M,46,  Medellín,3,Casado,Profesional,Empleado,5877000.0,821,0,11/10/2022,Asesor comercial
CLI-04578,María  Valentina  Valencia,933070891,m,70,Cali,5,Soltero,Posgrado,Empleado,7244000.0,688,3,2021/09/13,Agencia
CLI-04519,Rubén Villamizar Martínez,569719785,F,40,,4,Unión libre,Técnico,Empleado,6037000.0,664,4,2022-04-09,  Web
CLI-04336,Julio Román Ortiz,186953319,M,33,Cali,1,Casado,Profesional  ,Empleado,1642000.0,620,0,06/02/2018,Bancaseguros
CLI-02701,Efrain Juan Rengifo,1644230812, F ,27,,5,Unión libre,Profesional,Empleado,8895000.0,624,1,2023-11-04, Asesor comercial 
CLI-03549,Enrique Amaya,504462518,M,51,Barranquilla,3,Casado,Bachiller,Empleado,5391000.0,652,2,2019-11-29,  Bancaseguros
CLI-01015,Ana Alfonso,9332128,M,24,Bogotá,2,Soltero,Bachiller,Empleado,1777000.0,586,1,2020-08-22,Agencia
CLI-00836,Josué Flórez Gómez,333786594,F,48,Bogotá,1,Unión libre,Bachiller,Pensionado,1658000.0,668,2,2020-11-20,Web
CLI-01813,ELIZABETH ALICIA HERNANDEZ,1647680146,F,54,Barranquilla,2,CASADO,profesional,Empleado,2263000.0,517,1,2022-02-27,Corredor
CLI-03194,Cristobal Barrera Castillo,1656581265,F  ,47,MEDELLIN,4,Casado,Posgrado,,5131000.0,651,2,2017-01-30,Agencia
CLI-03575,Camila Becerra,1423890438,M,60,Bogotá,2,Soltero,Profesional,Pensionado,1476000.0,632,1,27/05/2019,Corredor
CLI-04876,Hernando Giraldo Romero,1464964436,F,51,Cúcuta,3,Unión libre,Posgrado,Empresario,,649,0,07/09/2024,Asesor comercial
CLI-04442,Erika Vega,1689042679,M,42,Bogotá,1,Unión libre,Técnico,Empleado,1678000.0,635,3,2022-01-12,Asesor comercial
CLI-04497,Ricardo Javier Aguilar Vargas,1255318955,M,150,medellín,6,SOLTERO,  Profesional,Independiente,12247000.0,692,1,01/06/2019,Bancaseguros
CLI-05005,  Adriana Cruz Muñoz,1738515660,Masculino,38,Barranquilla,3,Casado,Bachiller,Empleado,2926000.0,596,2,2017-12-18,Corredor
CLI-03603,Luz Yésica Moreno,1589733741,F,44,Medellín,3,Unión libre,Posgrado,,3860000.0,597,0,2018-04-27,Asesor comercial
CLI-01435,Alejandro Ortiz,1315991640,masc,32,  Pereira,6,Unión libre,Profesional,Pensionado,11957000.0,696,1,2019-05-06,Asesor comercial
CLI-03073,Marlén Flórez,1219153353,F,49,B/quilla,3,Unión libre,Profesional,Empresario,11283000.0,761,0,2017-04-19,Web
CLI-03415,Edith Ana Calderón,351876329,M,68,Bucaramanga,2,Casado,Posgrado,INDEPENDIENTE,1321000.0,683,1,22/04/2024,Web
CLI-02623,Alba Patiño González  ,1539304159,M,49,bogotá,2,Divorciado,Posgrado,Empresario,2833000.0,728,0,06/01/2017,Web
CLI-04182,Camilo Hermes Cruz,1542533686,M,20,Barranquilla,2,Divorciado,Bachiller,Independiente,2481000.0,,0,25/11/2023,Web
CLI-01062,Javier Peña,1737183778,F,39,Bucaramanga,4,Union libre,PROFESIONAL,Empleado,2552000.0,586,3,2021-05-31,Bancaseguros
CLI-02914,Elvira Liliana Marín,473767221,F,43,  Barranquilla,1,Soltero,Bachiller,Empleado,1293000.0,625,1,2020-03-09,Web
CLI-05158,William Sánchez Rojas,1802464276,F,44,Bogotá,5,Unión libre,Posgrado,Empleado,18732000.0,731,3,26/03/2023,Web
CLI-04365,Nicolás Eliecer Montenegro,1392938975,fem,22,Cartagena,6,Casado,Profesional,,19080000.0,775,0,30/11/2024,Web
CLI-04244,Elvia Nubia Herrera Gómez,1693164000,F,51,,6,Casado,PROFESIONAL,Empleado,9228000.0,854,0,2020-06-08,Agencia
CLI-00461,Teresa Martha Daza,224394229,F,18,Bogotá,5,Casado,Profesional,Independiente,6773000.0,656,3,2017-01-22,Bancaseguros
CLI-05111,ANA PULIDO,744766882,M,25,Barranquilla,2,Unión libre,Posgrado,Independiente,3002000.0,560,2,01/02/2019,Asesor comercial
CLI-02904,Danilo Castillo Jiménez,1274585210,F,27,Cali,3,UNIÓN LIBRE,Posgrado,EMPLEADO,,601,3,2021-07-10,Agencia
CLI-01625,Fernanda Rojas Rojas,577169421,M,64,Medellín,1,Unión libre  ,Profesional, Empleado ,1168000.0,596,1,21/02/2020,Corredor
CLI-04729,Jorge Medina Duarte,1516795654,F,22,  Cali,4,Soltero,Técnico,Independiente,4002000.0,,2,05/02/2021, Corredor 
CLI-02930,Astrid Arrieta Díaz,1101947969,F,42,Bogotá,2,UNIÓN LIBRE,Posgrado,EMPLEADO,4184000.0,731,1,2019-02-02,Asesor comercial
CLI-04403,Elisa Cielo Perdomo Arango  ,1792021441,masc,51,Medellín  ,6,Casado,Profesional,Independiente  ,13126000.0,706,1,2020-05-14,Asesor comercial
CLI-04017,Alba Martínez,234935165,M,18,Medellín,3,DIVORCIADO,Profesional,Independiente,3759000.0,675,2,2021/08/10,Agencia
CLI-04327,Raquel Consuelo Burgos Castro,415495883,Masculino,50,Bogotá,4,Casado,Profesional,Empresario,7449000.0,803,2,2017/06/19,Bancaseguros
CLI-01656,Daniel Brandon Hurtado Rodríguez,1611273214,M,37,  Bogotá,4,Unión libre,Bachiller,Independiente,6113000.0,691,1,2021/06/17,Agencia
CLI-00360,Andrés Cristian Palacios,1470884319,F,33,Cartagena,1,Viudo,Profesional,Empresario,3627000.0,554,3,06/04/2020,Corredor
CLI-01599,Johanna Angulo,222712951,F,33,Bogotá,2,Casado,Profesional,Empleado,942000.0,559,3,INVALID_DATE,Web
CLI-03335,Darwin Ramiro Meneses,240238890,M,50,Bogotá,1,Divorciado,Profesional,Independiente,112200000.0,662,1,2017/05/30,Agencia
CLI-00712,Luz Luz Alzate González,429332332,F,32,Santa Marta,2,Soltero,Técnico,Empleado,3121000.0,573,0,19/01/2018,AGENCIA
CLI-00693,Damaris Rodríguez  ,1558628937,masc,43,BOGOTA,3,Casado,Bachiller,Independiente,4383000.0,,0,2017-05-06,Agencia
CLI-01094,Patricia González Cárdenas,1332314523,M,58,Cartagena,3,Casado,Profesional,Empleado,3601000.0,583,1,2019-02-13,  Corredor
CLI-03538,Camilo  Jair  Tamayo,538200071,F,42,Medellín,3,Casado,Posgrado,Independiente  ,5496000.0,593,1,2024/12/08,Asesor comercial
CLI-04849,Esther Johanna Espitia,764309741,M,51,BOGOTÁ,3,Soltero,Profesional,Empleado,3995000.0,745,1,2022-04-25,Corredor
CLI-05062,Mauricio  Alejandro  Acevedo  Salcedo,256762387,M,43,Bogotá,3,Divorciado,Profesional,Independiente,6017000.0,710,0,2021-11-18,Bancaseguros
CLI-00194,Andrés Delgado Trujillo,1712249135,F,,Bogotá,3,Casado,PROFESIONAL,Independiente,2263000.0,754,0,2024/01/04,Asesor comercial
CLI-03256,Amparo Vanesa Muñoz Palacios,1386130198,F,70, Medellín ,2,Soltero,Técnico,Pensionado,1235000.0,654,1,01/12/2023,Asesor comercial
CLI-02203,Lady Angie Díaz,959784171,F,56,Bogotá,5,Casado  ,Profesional,Empleado,5822000.0,735,1,17/01/2024,Asesor comercial
CLI-01523,Jaime Gómez,1348647206,F,57,Cúcuta,1,Soltero,Profesional,Independiente,1754000.0,597,1,2018-03-02,asesor comercial
CLI-00709, María Vargas Mosquera ,193517985,M,64,Barranquilla,2,Soltero,Posgrado,Pensionado,,635,4,2019-03-18,Agencia
CLI-01115,  María Franco,515743641,F,52,  Medellín,4,Viudo,Posgrado,Empleado,4256000.0,695,1,11/11/2020,Asesor comercial
CLI-04560,Germán Velasco,1801223705,Femenino,31,Bogotá,4,Casado, Posgrado ,  Independiente,4843000.0,749,0,2021-07-21,Asesor comercial
CLI-03264,Luz Morales Jaimes,1253904209,M,56,Bogotá,1,Unión libre,Técnico,Pensionado,1592000.0,582,0,2024-01-05,Agencia
CLI-00848,Teresa María Barrios,1801398268,F,25,Cartagena,3,Soltero,Posgrado,EMPLEADO,3752000.0,535,1,2021/01/01,asesor comercial
CLI-01666,HERNÁN ALBEIRO MOLINA,509783165,F,31,Medellín,1,Unión libre,Posgrado,Independiente,1613000.0,543,0,27/07/2024,Agencia
CLI-00043,Nora Ruby García,1349040826,F,50,CARTAGENA,2,Soltero,Bachiller,Independiente,1223000.0,603,0,2019-02-14,Agencia
CLI-02761,Ignacio García Rodríguez,35737621,F,57,Bogotá  ,3,Divorciado,Posgrado,Pensionado,,648,1,2017-10-10,Bancaseguros
CLI-02897,Johan Mauricio Córdoba,512246359,fem,50,Cúcuta,1,CASADO,Técnico,Independiente,1254000.0,592,0,22/12/2022,Bancaseguros
CLI-04459,Leticia Ochoa,1457887247,M,62,Cúcuta,2,CASADO,Técnico  ,Pensionado,1388000.0,533,0,2024-05-31,Bancaseguros
CLI-02540,Luz Jaramillo,981631563,F,58,Cali,4,Casado,Profesional,Pensionado,,716,0,2020-12-21,  Web
CLI-03716,Fernanda Sanabria Rico,1549062575,F,54,Medellin,4,Divorciado,Técnico,Empleado,5641000.0,733,1,2023/12/17,Agencia
CLI-03708,JUAN AGUILAR SANCHEZ,1161216431,F,37,Bta,3,Unión libre,Técnico,Empleado  ,4689000.0,676,0,18/10/2021,Asesor comercial
CLI-04568,Andrea Ramírez Rodríguez,639731816,M,51,Bucaramanga,4,Casado,Profesional,Empleado,4033000.0,711,0,02/02/2019,Asesor comercial
CLI-03154,camila bermúdez,522296961,M,47,Bogotá,3,Soltero,  Profesional,Empresario,5056000.0,632,2,30/08/2017,bancaseguros
CLI-04945,Silvia Cecilia Torres,43475308,F,46,Cartagena,5,Unión libre,Profesional,Empleado,7181000.0,778,2,2021-08-20,Web
CLI-01308,Jennifer Martínez Galeano,491430973,F,48,Bogotá,2,Casado,POSGRADO,Independiente,2369000.0,710,2,2022-01-05,Corredor  
CLI-04969,Fredy Eduardo Pérez Pérez,985664485,M,20,MEDELLÍN,3,Unión libre,  Profesional,empleado,$3.636.000,620,1,16/06/2023,Bancaseguros
CLI-01177,Erika Camacho Rivera,1092116262,M,34,B/manga,4,Soltero,Técnico,Empleado,4861000.0,487,2,2019/03/19,ASESOR COMERCIAL
CLI-02196,John González,1447551442,F,22,Bogota DC,2,Soltero  ,Bachiller,Pensionado,2035000.0,586,1,17/02/2022,Web
CLI-02873,Néstor Alexander Álvarez,1888398526,M,58,,3,Unión libre,Posgrado,Independiente,4427000.0,672,1,2019-07-24, Bancaseguros 
CLI-01402,Clara Ávila López,820326957,masc,34,B/quilla,2,Soltero,Bachiller,Empleado,4948000.0,703,3,2018/01/04,Corredor
CLI-04011,Dora Montoya,748655189,M,33,Bogotá  ,3,Soltero,Posgrado,Empleado,3122000.0,551,0,2022-11-13,Asesor comercial
CLI-00490,Laura Bermúdez,1523029852,F,58,Cúcuta,1,Soltero,Técnico,Independiente,2962000.0,686,1,2019/06/19,Web
CLI-00312,Andrea Ximena Zapata,1896111924,M,29,Bogotá,4,Soltero  ,Profesional,Empleado,3077000.0,691,0,18/11/2024,Asesor comercial
CLI-01799,Alberto Tomás Valencia,494361683,F,51,Medellín (Antioquia),2,Casado,Posgrado,Empleado,1902000.0,733,0,2019-12-21,Asesor comercial
CLI-01210,Oswaldo Mauricio Valencia Cruz,1336761915,M,57,Bogotá,2,Casado,PROFESIONAL,Empresario,1380000.0,637,2,15/12/2018,Asesor comercial
CLI-00972,Myriam Hernández Pérez,210372299,M,52,Bta,4,Soltero,Técnico,Empresario,10049000.0,865,3,2018-01-23,  Agencia
CLI-02740,Milena García Moreno,1600145597,F,49,Cúcuta,3,Unión libre,PROFESIONAL,Independiente,$4.666.000,610,0,2019-08-08,Bancaseguros
CLI-05104,Amanda Cuéllar,136375842,F,35,Bucaramanga,3,Soltero,Bachiller,Empleado,4337000.0,685,1,2019/03/01,Bancaseguros
CLI-03888,María Eliana Rivas,1327924363,F,66,Barranquilla,5,Unión libre,Profesional,Pensionado,10980000.0,569,2,2021/04/20,Web
CLI-00633,Dora Angela Vergara,642923940,M,31,Bogota,2,Union libre,Profesional,Empleado,4025000.0,664,0,03/08/2022,Agencia
CLI-02749,  René Jaimes Hernández,1574556413,F,41,,4,Casado,Profesional,Independiente,7596000.0,747,0,2019-09-25,Asesor comercial
CLI-00482,Mery Ruth Hurtado Mesa,186284658,M,33,bogotá,3,Viudo,Posgrado,Independiente,1719000.0,622,1,2018-07-17,Agencia
CLI-03162,JAIME REYES,1014930163,F,46,  Bogotá,3,Soltero,  Profesional,Pensionado,2362000.0,700,2,2018-04-16,Asesor comercial
CLI-03854,Rosa Rivas Figueroa,4734040,M,53,Bogotá,3,Viudo,bachiller,Empleado,2821000.0,577,1,20/03/2020,Asesor comercial
CLI-01575,Rosa Patricia Sánchez Duque,505794169,M,35,MEDELLIN,1,Unión libre,Técnico,Empleado,1191000.0,528,1,2018-09-20,Agencia
CLI-00349,David Dany Rivera,1509713337,F,33,BARRANQUILLA,2,soltero,Profesional,Pensionado,2746000.0,651,1,2018-09-12,Web
CLI-00302,Ángela García,537809623,  M,38,,4,Viudo,Profesional,Empleado,3252000.0,720,3,2017-05-05,BANCASEGUROS
CLI-04445,Jesús Ojeda Márquez,88044263,M,36,CALI,3,Unión libre,Profesional,Independiente,2100000.0,601,1,2023-11-03,Asesor comercial
CLI-00650,Angélica Buitrago García,212098618,M,19,Cartagena de Indias,2,Soltero,Técnico,Pensionado,1361000.0,504,0,24/11/2022,Asesor comercial
CLI-00841, Roger Cárdenas ,1641092192,M,43,Cartagena,4,Soltero,Profesional,Empleado,4122000.0,663,0,05/02/2024,Bancaseguros
CLI-04457,Candelaria Nelly Lozano Fuentes,1348159068,M,18,Medellín  ,3,Soltero,Bachiller,Empleado,1831000.0,600,0,2020/08/11,Corredor
CLI-01745,Luis Guillermo Salcedo García,1418650997,F,28,Bucaramanga,3,Soltero,  Profesional,Empleado,2688000.0,695,2,2024/09/06,Bancaseguros
CLI-00112,Andrés Antonio Miranda Cruz,1659413127,M,42,Bogotá,2,Casado,Posgrado,Empresario,2869000.0,665,1,28/10/2021,Bancaseguros
CLI-03839,Carolina Ana García,742814713,F,39,Bogotá,4,Unión libre,Profesional,EMPLEADO,6924000.0,,1,28/09/2018,Asesor comercial
CLI-02539,Manuel Navarro,1359272351,Masculino,32,Medellín,2,Casado,Profesional,Empleado,2552000.0,648,1,08/01/2020,Corredor
CLI-02634, María Janeth Guerra Rivera ,1358036167,F,34,Barranquilla,3,Casado,Técnico,Empleado,4953000.0,763,0,09/08/2020,Web
CLI-02077,Álvaro  Marín,535298512,F,43,Manizales,5,Unión libre,Posgrado,Empleado,6884000.0,639,3,20/05/2023,Agencia
CLI-05152,Leidy Barbosa,945988439,M,20,Bogotá,2,Unión libre,Profesional,Independiente,4036000.0,628,0,2018-04-01,Asesor comercial
CLI-04080,Antonio Diego Flórez,1060902570,M,42,Bucaramanga,2,Soltero,Profesional,Independiente,3983000.0,708,1,2024-03-10,Asesor comercial
CLI-01408,Jorge Óscar Quintero  ,1800845882,M,50, Bucaramanga ,3,unión libre,Técnico,Pensionado,2823000.0,537,0,2024-01-02,Corredor
CLI-03893,Julio Fernando Hernández,1372538394,F,26, Bogota DC ,3,Soltero,Posgrado,Pensionado,2330000.0,504,3,2021-02-28,Bancaseguros
CLI-01627,Adriana Sánchez Gutiérrez,362027618,M,62,MEDELLÍN,3,unión libre,Profesional,Pensionado,3067000.0,655,0,2017/11/23,Agencia
CLI-03642,Jenny Patiño,1190980115,M,59,Cali,6,Divorciado,Bachiller,Empleado  ,13292000.0,797,1,2019/01/18,Asesor comercial
CLI-02405,Yurany Rangel Pérez,78194210,F,39,Manizales,3,Union libre,Técnico,Empleado,2687000.0,612,1,2019/10/15,Bancaseguros
CLI-01189,Eliecer Pineda,571893380,M,26,Medellín (Antioquia)  ,3,Unión libre,Posgrado,Empresario,5256000.0,845,1,25/08/2022,  Corredor
CLI-00670,María María Mejía Cárdenas,1537684577,M,18,Medellín,3,Soltero,Técnico,independiente,4516000.0,697,0,21/04/2018, Asesor comercial 
CLI-01571,  Fredy Iván Rangel Méndez,1370539931,M,42,  Medellín,3,Casado,  Posgrado,Independiente,3044000.0,614,0,2024-07-25,Web
CLI-01704,Ana Esther Alzate Valderrama,1427269148,F,56,Bucaramanga,1,Casado,Profesional,Empleado,1542000.0,694,0,05/01/2022,Web
CLI-02704,Dora García Marín,930302628,F,44,Bogotá,2,Divorciado,Bachiller,Independiente,,629,5,07/07/2018,Web
CLI-00645,Andrés Orlando Delgado Marín,745187615,F,51,CARTAGENA DE INDIAS,2,Soltero,Bachiller,Independiente,1606000.0,659,1,,Bancaseguros
CLI-03891,Nelly Andrea Díaz,32688624,M,37, Medellín ,2,Casado,Posgrado,Pensionado,2520000.0,506,0,,Agencia
CLI-02401,Andrea Valeria Trujillo,663543722,  F,, Cali ,3,Viudo,Bachiller,Independiente,5534000.0,556,2,2018-03-27,Bancaseguros
CLI-00748,Karen Cáceres Bolaños,1899704525,M,18,Barranquilla,6,  Soltero,Técnico,Independiente,15480000.0,647,3,2024/05/25,Corredor
CLI-01895,Carlos Segundo Suárez,265801213,M,60,Barranquilla,2,Soltero,Bachiller,Pensionado,3103000.0,678,0,2022-12-25,Asesor comercial  
CLI-01014,Raúl Mario Duque,1326957806,F,44,Bucaramanga,3,Unión libre,Técnico,Empleado,6859000.0,722,2,12/09/2023,Web
CLI-00417,Cecilia Cristina Ortiz,1689583747, M ,34,Cartagena,5,Soltero,Profesional,Independiente,0.0,716,2,,Asesor comercial
CLI-02379,Sofía Aura Rojas García,95960238,M,45,CARTAGENA,4,Soltero, Técnico ,Independiente,5346000.0,741,2,2018-12-17,  Corredor
CLI-03255,Manuel Martínez,1878773916,M,70,Pereira,3,Viudo,Posgrado,Pensionado,6572000.0,718,0,2022-07-19,Agencia
CLI-04351,Julián David Fuentes Torres,867352666,M,41,Cali,2,Unión libre,Profesional,Empleado,2499000.0,757,1,2021/07/07,Bancaseguros
CLI-03958,Fernanda Gabriela Rodríguez,811706163,F,51,Pereira,3, Viudo ,Profesional,Independiente,,581,1,2017/03/05,Agencia
CLI-03979,JUAN RUEDA RODRIGUEZ,1460777953,Femenino,35,Medellín (Antioquia),1,Casado,Profesional,Independiente,3554000.0,676,0,2024-11-09,Asesor comercial
CLI-01513,  Aldemar Romero,1278457526,F,41,Cartagena,4,Unión libre,Profesional,Pensionado,5183000.0,611,2,2020-06-16,Bancaseguros
CLI-04559,fernando sebastián giraldo,629109959,M,41,Cali,1,Viudo,Técnico,Empleado,2714000.0,599,2,09/06/2023,Asesor comercial
CLI-02026, Hernán Angarita ,109922378,M,48,Bucaramanga,3,Unión libre,Profesional,Empleado,3219000.0,711,1,2023/05/16,Agencia
CLI-04982,Leidy Escobar Villamizar,1238918328,M,30,Manizales,6,Casado,Profesional,Empleado,12787000.0,742,0,2024/09/07, Agencia 
CLI-01918,Elena Enith Moreno,1281265886,F,50,Bogotá,2,Soltero,Técnico,Empleado,2333000.0,,0,2018-06-01,Asesor comercial
CLI-03151,REINEL MORALES MUÑOZ,779291888,M,23,Pereira,2,Casado,Profesional,Independiente,2692000.0,782,1,2021/12/12,Web
CLI-00656,Armando Vargas,605198243,M,59,Medellín,4,Casado,Profesional,Empleado,10316000.0,635,0,2023-01-12,Bancaseguros
CLI-00143,Miriam Pinto,1465176474,F,49,SANTA MARTA,2,Union libre,Profesional, Independiente ,2337000.0,533,2,30/09/2018,Asesor comercial
CLI-01304,Sebastián Jhon Escobar Ramírez,591316751,masc,36,Barranquilla,4,Soltero,Bachiller,Empleado,3882000.0,505,2,2020-05-02,Corredor
CLI-03918,Marcela Cortes,1490882089,F  ,41,Barranquilla,4,Casado,Profesional,Empresario,12643000.0,758,1,2024-07-07,Web
CLI-01471, Sara Jenny Ramírez García ,1029482674,F,63,Cúcuta,3,Soltero,Profesional,  Empleado,2833000.0,748,1,2020-06-17,Asesor comercial
CLI-04595,Yeison Juan Acevedo,99182072,M,19,bogotá,5,Unión libre,Profesional,Empleado,7955000.0,641,3,2021-02-01,Bancaseguros
CLI-01565,Isabel  María  Orjuela  Castillo,471017263,F,38,Cúcuta,5,Soltero,  Técnico,Independiente,12683000.0,765,1,2023-09-17,Agencia
CLI-01830,Fabián Andrés Martínez Gómez,1126604782,F,28,Bogota DC,2,Casado,Bachiller,Empleado,1927000.0,630,4,2022/11/12,Web
CLI-02106,Zoraida Ana Martínez Villamizar,188151764,F,35,Cali,5,Divorciado,Posgrado,Empleado,6378000.0,694,1,2023-02-10,Bancaseguros
CLI-02354,Lina Luz Castro Calderón,419990046,fem,32,CARTAGENA,2,Soltero,Profesional,Empresario,,589,1,2021-08-06,Agencia
CLI-04393,Dina Lisbeth Hernández Pérez,114594748,F,20,Cali  ,2,Divorciado,Profesional,Empleado,3558000.0,564,1,2017-03-13,Asesor comercial
CLI-04103, Luz Velásquez Espinosa ,1100828813,F,54,Santa Marta,1, Divorciado , Profesional ,Empresario,4358000.0,679,1,2018/07/19,ASESOR COMERCIAL
CLI-03711,Erika Zuluaga,349902820,F,63,Cúcuta,2,Casado,Técnico,Pensionado,1881000.0,650,1,11/01/2024,Web
CLI-01960,Enrique Alberto Martínez,370074471,F,48,MEDELLÍN,3,divorciado,  Profesional,Empleado,1558000.0,599,1,2020-05-24,Asesor comercial
CLI-00779,Andrés Carrillo Ramírez,844299193,F,37,Bucaramanga,6,Unión  libre,Profesional,Independiente,15832000.0,684,1,07/08/2021,Web
CLI-04644,Luz Chávez León,1479807522,M,58,MEDELLÍN,2,unión libre,Posgrado,Empleado,3528000.0,692,0,2022/05/11,Bancaseguros
CLI-00609,Olga Ramírez,1056778621,F,18,Bogotá,2,Casado,Bachiller,,3549000.0,618,1,2017/03/21,Asesor comercial
CLI-01470,Inés Luz Martínez Bedoya,72401708,M,41,Barranquilla,2,Soltero,Profesional,Empresario,1970000.0,688,2,2020/04/26,Agencia
CLI-00426,Wilson Cabrera  ,1009863171,F,27,Manizales,2,Casado,Bachiller,Independiente,2158000.0,735,2,2020-01-14,Corredor
CLI-02006,Junior Ortega,817245789,F,39,bogotá,3,CASADO,Bachiller,Empleado,3161000.0,658,1,03/11/2024,Web
CLI-01093,Camilo Márquez,508063911,M,68,Bogotá,4,Divorciado,Profesional,Pensionado,4880000.0,644,4,2024-12-16,Agencia
CLI-01769,Oliva Guzman,729962758,M,49,Manizales  ,3,Soltero,Técnico,empleado,2520000.0,591,1,10/10/2022,AGENCIA
CLI-01436,helena maría rangel galvis,1152238564,F,46,Barranquilla,3,Soltero  ,Profesional,Empleado,5616000.0,765,0,25/02/2021,Corredor
CLI-03711,Erika Zuluaga,349902820,F,63,Cúcuta,2,Casado,Técnico,Pensionado,1881000.0,650,1,11/01/2024,Web
CLI-04050,José Ospina,84895937,F,34,SANTA MARTA,1,Casado,Posgrado,Empleado,831000.0,679,2,,Bancaseguros
CLI-04452,Leonor Paola Rueda Andrade,489736420,fem,44,Bucaramanga,6,Casado,Bachiller,EMPLEADO,,719,0,2019-08-29,Bancaseguros
CLI-04153,María Maira Medina,725251147,M,36,Cali,4,Casado,Técnico,Empleado,0.0,735,1,2024/05/22,Agencia
CLI-01914,Miguel Fabian Daza Gutierrez,915188945,fem,34,  Santa Marta,5,Soltero,Técnico,Independiente,17579000.0,511,0,2018-08-04,Agencia
CLI-04696,Piedad María Sánchez,1308474708,F,35,Medellin,3,Casado,Posgrado, Empleado ,4936000.0,581,0,2017-06-03,Agencia
CLI-02997,Robinson Fabián Guzmán Ballesteros,1582774557,F,44,Medellín,3,Unión libre,Profesional,Empleado,3804000.0,628,1,2022-05-31,Corredor
CLI-02051,Pablo Fabián Marín Ramos,1332837226, F ,31,BARRANQUILLA,5,Casado,Profesional,Empleado,7230000.0,666,1,03/08/2022,Agencia
CLI-02624,Carlos Ángel Quiroga,1349740609,F,34,Bucaramanga  ,3,Divorciado,Profesional,Empresario,5354000.0,752,2,2023-07-28,Asesor comercial  
CLI-03147,Andrea Mercedes Buitrago,1626521642,F,64,Cali,2,Divorciado,Bachiller,PENSIONADO,1370000.0,648,2,2024-09-11,Corredor
CLI-03155,Daniel Mejía,1293661519,M,40,Cali,1,Casado,Profesional,Empleado,2591000.0,592,2,18/08/2022,Asesor comercial
CLI-00914,Edgar  Gómez,1880516294,F,18,Pereira,2,casado,Técnico,Empleado,2281000.0,551,1,2022/07/18,Asesor comercial
CLI-01457,Hugo Gómez,1377899946,M,61,BOGOTÁ,3,Unión libre,Técnico,Pensionado,3681000.0,693,1,2018-03-25,  Asesor comercial
CLI-03297,  Clara Liseth Tamayo Vera,1765522496,F,59,Medellín,3,Casado,Profesional,Empleado,4120000.0,531,1,2018-02-24,Agencia
CLI-02613,Luis González,488094983,F,31, Medellín ,2,Divorciado,Técnico,Empleado,2769000.0,739,0,2023/09/03,Asesor comercial
CLI-00408,Marco Julio Luna,845433048,F,51,Cúcuta,2,Divorciado,PROFESIONAL,Empresario,4514000.0,682,1,2024-08-23,Web
CLI-00785,lucila blanca lópez,508041175,F,57,Cartagena,3,Casado,Bachiller,Empleado,,660,0,2022-05-17,Asesor  comercial
CLI-04136,José Jaider Sánchez Rangel,48984468,M,52,Bogotá,2,Casado,Técnico,Pensionado,1746000.0,589,1,2023-12-03,Bancaseguros
CLI-03215,Dary Isabel Sánchez Miranda,674775982,M,61,PEREIRA,4,Unión libre,Posgrado,Pensionado,2611000.0,583,2,2017-03-20,Agencia
CLI-04238,Dolly Ximena Rodríguez Barrios,1104922964,F,51,Cúcuta,2,Soltero,Posgrado,Empleado,1822000.0,651,0,2018-05-07,Corredor
CLI-00453,Emiro Pablo Cano,1730717747,F,,Cúcuta,2,Casado,Técnico,,2275000.0,701,0,2023/05/26,Corredor
CLI-03552,Ariel Juan Rojas,388790656,F,39,barranquilla,1,Casado,PROFESIONAL,Pensionado,1008000.0,414,0,2020-05-02,Asesor comercial
CLI-02523,Ismael José Perea Ortiz,589416798,M,53,Bogotá,3,Unión libre,Bachiller,Empleado,2655000.0,725,0,06/01/2017,Agencia
CLI-03003,Brayan Pérez,472513501,M,73,Cali,4,Casado,Bachiller,Independiente,,668,1,2018/10/03,Corredor
CLI-04127,Aurelio Alfonso Muñoz Montoya,1419010833,F,64,Bogotá,4,Casado,Bachiller,Pensionado,,652,0,2021-08-02, Agencia 
CLI-03188,Alfredo Jairo Sierra,16563972,F,41,Medellín,2,soltero,Profesional,Empleado,3080000.0,740,3,2017/11/25, Bancaseguros 
CLI-02133,Carlos Yepes Alzate,1162003246,F,42, Bogota DC ,2,Soltero,Posgrado, Empresario ,3626000.0,715,0,25/09/2017,Asesor comercial
CLI-03403,Juan Martínez,704718061,F,41,Medellín,6,Casado,Bachiller,Independiente,0.0,727,3,2019/01/03,Corredor
CLI-01740,Lorena Alexandra Rodríguez,1888827061,F,34,Bucaramanga,1,Unión libre,Bachiller,Empresario,1993000.0,544,1,2019-04-02,Asesor comercial
CLI-02745,Alejandra Valencia Gutiérrez,607086322,M,54,Bogotá,4,Viudo,Profesional,Empleado,4124000.0,634,3,INVALID_DATE,  Asesor comercial
CLI-04977,Nelson  Perea  Calderón,1563576041,M,41,Bucaramanga,2,Soltero,Técnico,EMPLEADO,3051000.0,577,0,2017-01-12,Corredor
CLI-00448,Hernando Barrios,598783176,F,39,Manizales,4,Soltero,Bachiller,Empleado,5170000.0,675,3,2018/06/15,Corredor
CLI-04602,Judith Rivera Vélez,834887592,F,23,Cali,4,Soltero,Técnico,Empresario,11116000.0,609,0,19/08/2022,bancaseguros
CLI-05064,Javier Mosquera Garzón,1509737541,M,53,Bogotá,3,Viudo,Bachiller,Independiente,3881000.0,598,3,,BANCASEGUROS
CLI-03216,Leidy Torres,420708845,F,36,Cartagena,3,Soltero,Técnico,Empleado,3748000.0,,0,INVALID_DATE,Web
CLI-01573,Fernando Leonardo Montes Márquez,874717219,F,19,Bogotá,6,Soltero,Bachiller,Empresario,26618000.0,733,1,2020-04-12,Web
CLI-00142,álvaro garcía jaimes,1066577603,F,52,Barranquilla,5, Soltero ,Profesional,  Empleado,5994000.0,747,3,17/09/2024,  Bancaseguros
CLI-03723,Marina González Pineda,1420540464,F,36,  Cartagena,2,Soltero,Técnico, Empleado ,1696000.0,624,3,2017-09-05,Asesor comercial  
CLI-03301,María Lorena González,356990802,F,35,Santa Marta,4,Casado,Técnico,Empleado,5074000.0,720,1,2017-08-17,Bancaseguros
CLI-01493,Andrés Jorge Henao,1380064688,F,25,cúcuta,3,Soltero,Técnico,EMPRESARIO,6003000.0,626,1,2017-11-20, Web 
CLI-01491,Patricia Cruz,1378542180,M,28,Manizales  ,4,Soltero,Técnico,Empleado,3890000.0,9999,2,2018-10-01,Asesor comercial
CLI-03682,Alfonso Olaya,79504641,M,37,Cúcuta,5,Unión libre,Profesional,Empleado,14163000.0,665,1,2018-10-07,Asesor comercial
CLI-03540,Elizabeth Leidy Cortés,735819224,M,39,BOGOTA,2,Casado,Profesional,Independiente,1608000.0,660,1,10/02/2020,Corredor
CLI-04385,Marleny Ramírez Gómez,1459600239,F,44,Medellín,3,Casado,profesional,Empleado,$2.833.000,703,2,09/12/2022,Agencia
CLI-03376,Natalia Alexandra Ortiz Cortés,397244306,M,28,Bucaramanga,3,Unión libre,Profesional,Independiente,2925000.0,633,2,2019-01-12,Corredor
CLI-04671,David Alfonso Gomez,532282712,M,31,Bogotá,3,Casado,Posgrado,Pensionado,3664000.0,594,0,25/04/2020,Web
CLI-03762, Luz Gonzáles ,1479405162,M,21,,1,Divorciado, Bachiller ,Empresario,3021000.0,527,1,2019-08-03,Corredor
CLI-04310,  Laura María Martínez,1048827921,F,44,Cúcuta,2,Casado,Bachiller,Empleado,3275000.0,649,0,2019-02-19,Agencia
CLI-03334,lucía arrieta,396558469,M,51,Medellín,3,Casado,Profesional,Empleado,4700000.0,592,1,2024/08/14,AGENCIA
CLI-05061, Aura Tamayo Suárez ,306649821,M,40,Bogotá,3,Viudo,BACHILLER,Empresario,3998000.0,659,2,2017-08-22,CORREDOR
CLI-05068,Fabiola Luisa Cardozo Ruiz,1188859191,M,42,Bogotá,2,Unión libre,Profesional,Pensionado,$1.105.000,626,1,2017/09/07,Bancaseguros
CLI-01090,Ana Aura Giraldo Rivera,616218877,M,50,Bogotá,2,Divorciado,Profesional,Pensionado,1708000.0,619,1,21/01/2018,Asesor comercial
CLI-01363,Carmen Guerra,862754314,F,59,cali,3,Casado,Bachiller,Independiente,3149000.0,558,0,2019-12-22,Asesor comercial
CLI-01912,Fernando José Sánchez Martínez,436458233,M,32,Pereira,4,Casado,Posgrado,Independiente,7038000.0,655,1,2022-04-24,Web
CLI-00465,María Jaramillo,1646789560,F,46,Bucaramanga,1,Casado,Profesional,Empleado,2141000.0,616,1,15/11/2017,Bancaseguros
CLI-00122,Elisa Cabrera,886883619,F,33,Pereira,3,Soltero,Posgrado,Empleado,6613000.0,691,2,2020-10-13,Agencia
CLI-04255,Alexander Hernández Giraldo,1627901650,F,30, Pereira ,2,  Soltero,Profesional,Empleado,2058000.0,594,2,22/06/2023,Asesor comercial
CLI-03696,Fabio Alexander Giraldo Restrepo,455357606,M,38, Bogotá ,3,Unión libre,Bachiller,Independiente,4188000.0,646,2,2018-01-03,Asesor comercial
CLI-02968,Gonzalo Correa Hernández,7842414,M,34,Bogotá,3,Unión libre,Bachiller,Empleado,4882000.0,664,1,2024/02/18,Corredor
CLI-02625,Yenny López,973327553,F,38,Medellín  ,4,Soltero,profesional,Pensionado,4874000.0,661,1,2020-08-22,Asesor comercial
CLI-00735,Ángel Juan Gómez Martínez,1716723536,M,47, Medellín ,1,Casado,Bachiller,Empleado,1597000.0,615,1,2022-02-20,Asesor comercial
CLI-05171,Alex Cristian Alvarado,1091587054,F,40, Bogotá ,3,Soltero,Bachiller,empleado,4997000.0,714,2,2020-09-11,Bancaseguros
CLI-01455,Miguel Julián Burbano Suárez,1372146574,M,37,Bogotá,2,unión libre,Bachiller,EMPLEADO,912000.0,525,2,2023-01-16,Asesor comercial
CLI-02594,Geraldine Montoya,1459260024,M,44,Bogotá,2,Unión libre,Bachiller,Empleado,,486,2,2024-07-13,Bancaseguros
CLI-00977,  Dayana Beatriz Salcedo,350811111,M,67,Bogotá,2,Casado,Profesional,Pensionado,1621000.0,683,3,2024-03-28,Bancaseguros
CLI-03249,Carlos Ramírez Calderón,817763868,F,48,Bogotá,3,Soltero,Técnico,Empleado,4662000.0,574,2,2017-02-26,Corredor
CLI-02215,Liliana Nancy Salazar Escobar,441805091,F,30,Cartagena,2,Soltero,Bachiller,Independiente,2423000.0,706,0,2022-08-26,Web
CLI-04738,Samir José Camacho,1275212568,masc,48,Bta,4,Unión libre,Profesional,Empleado,5465000.0,607,0,2024-02-27,Corredor
CLI-00878,ROBINSON IGNACIO GARCIA RINCON,1457139822,M,38,Bucaramanga,2,Soltero,Posgrado,Independiente,3213000.0,531,2,2020-10-17,Corredor
CLI-03933,Patricia María Sánchez,1005041195,F,19,Bogotá,3,Unión libre,Técnico,Empleado,4030000.0,622,1,2024-10-11, Web 
CLI-03068,Diego Rivera Rincón,430177723,m,24,CARTAGENA,1,Soltero,Bachiller,empleado,,563,3,12/04/2022,Web
CLI-00167,Lucy Alejandra García,500342154,F,52,Cartagena,5,Soltero,Profesional,Independiente,13824000.0,700,2,30/12/2019,Asesor comercial
CLI-03008,Alberto Ordóñez Reyes,488493129,M,38,Bogotá,2,SOLTERO,Profesional,,2893000.0,752,0,10/05/2022,Agencia
CLI-03825,Mauricio Sebastián Flórez Sánchez,276610861,F,21,Medellín,2,Casado,Técnico,Empleado,3428000.0,629,0,2019-01-04,CORREDOR
CLI-04229,Fabio Bermúdez Martínez,1336231339,Femenino,42,Manizales,2,Viudo,Profesional,EMPLEADO,1502000.0,721,0,2021-07-11,Agencia
CLI-00458,María Caicedo Oviedo,504582029,M,46,Bogotá,3,Casado,Profesional,Empleado,4030000.0,636,0,2019/04/16,Bancaseguros
CLI-02739,Sofía Ramírez,741631320,F,18, Bogotá ,4,Unión libre,Bachiller,Independiente,7210000.0,530,2,07/05/2019, Bancaseguros 
CLI-02697,Laura Deisy Martínez,135049000,F,55,Manizales,2,Soltero,Técnico,Empleado,1509000.0,427,3,2021-06-14,Asesor comercial
CLI-01645,Carlos Correa,331954976,M,56,Bogotá,4,Casado,Profesional,Independiente,6254000.0,532,0,2020-09-05,Web
CLI-01229, Wilson Salamanca ,837709614,F,68,Bogotá,2,UNIÓN LIBRE,PROFESIONAL,Independiente,2162000.0,645,2,2021-12-31,Asesor comercial
CLI-01987,MARIA FUENTES FRANCO,709931545,M,38,Barranquilla,3,Soltero,Bachiller,Independiente,220300000.0,596,1,02/02/2020, Bancaseguros 
CLI-01266,Marcela García,1220376665,F,49,Bogotá  ,3,Soltero,Bachiller,Empleado,2766000.0,603,5,2022-05-29,Asesor comercial
CLI-03378,Alberto Garzón Pedraza,1634287884,F,37,MEDELLÍN,3,Soltero,Técnico,Empresario,6570000.0,649,0,2018-11-20,Asesor comercial
CLI-01225,Víctor  Andrés  Toro  Bonilla,879158591,M,32,Medellin,5,Casado,Bachiller, Pensionado ,8574000.0,646,1,2017-01-11,Bancaseguros
CLI-04980,Adolfo Alexis Muñoz,1794428766,F,30,Bogotá,3,Casado,posgrado,Independiente,$2.046.000,597,1,2019/05/24,Agencia
CLI-03063,Juan Diego Mosquera Alarcón,973887993,M,61,Barranquilla,2,Casado,Técnico,Pensionado,1866000.0,665,0,2019-01-30,Corredor
CLI-00440,Carlos Duarte Gómez,337698291,F,42,Santa Marta,6,SOLTERO,Técnico,Empleado,13885000.0,699,1,27/08/2017,Bancaseguros
CLI-01065,Sergio Daniel García Ávila,1815093437,M,46,Pereira,3,Casado,Posgrado,Empleado,3081000.0,750,0,06/03/2023,Asesor comercial
CLI-04152,Emerson Camacho Salazar,634765043,F,26,Bogotá  ,3,Casado,Bachiller,Empleado,3700000.0,598,2,2018-09-05,AGENCIA
CLI-04697,Omar Miguel Montoya Durán,50235714,M,48, Medellín ,4,Viudo,Profesional,Empleado,9101000.0,621,1,2017-06-28,Web
CLI-03562,Valentina María Torres,787941268,F,44,,3,Viudo, Técnico ,Empleado,2591000.0,595,1,2020-01-13,Asesor comercial
CLI-03468,Orlando Alirio López,195433217,M,60,Santa Marta,4,Unión libre,POSGRADO,,6854000.0,665,3,2019/02/06,BANCASEGUROS
CLI-00332,Paula Laura Morales,908727485,M,27,Medellín,3,Unión libre,Profesional,Independiente,2529000.0,464,1,2024-03-26,Web
CLI-03939,Junior Alberto Trujillo Padilla,269750087,F,38,Cali,2,Casado,Bachiller,Independiente,1423000.0,474,5,2019-02-16,Asesor comercial
CLI-00980,Beatriz Liliana Fajardo,946416203,M,34,Medellín,5,Casado,Profesional,Empresario,29337000.0,863,1,23/04/2017,Bancaseguros
CLI-01237,Nelly Velasco,758323171,M,48,Manizales,2, Unión libre ,POSGRADO,Empleado,1974000.0,581,2,06/05/2022,  Agencia
CLI-01429,Patricia Milena Jaimes López,513525891,F,54,Santiago de Cali,2,Soltero, Profesional ,Pensionado,1664000.0,565,1,2018-07-03,Web
CLI-03684,ANTONIO GUSTAVO DELGADO,1258437132,F,59,Bucaramanga,3,Soltero,Técnico,INDEPENDIENTE,5046000.0,794,1,,Agencia
CLI-03139,Carlos Cortés Correa,154042479,F,46,Cali,2,Soltero,Tecnico,Independiente,2915000.0,715,1,02/10/2018,Corredor
CLI-01648,Deisy Bibiana González,957620419,F,47,SANTA MARTA,1,Casado  ,Técnico,Empleado,1929000.0,583,2,2024/05/18,Agencia
CLI-04521,Edgar Bautista,1519731748,M,35,Medellín,4,Viudo,Profesional,Empleado,5168000.0,688,1,2020-07-03,Bancaseguros
CLI-02359,Isabel Franco  ,1134179672,F,18,barranquilla,2,Casado,Bachiller,Empresario,2400000.0,646,0,2021-08-08,Web
CLI-03195,Marina Figueroa,388714198,F,47,Barranquilla,4,Unión libre,Profesional,Empleado,6237000.0,660,2,2020-03-13,Asesor comercial  
CLI-03457,Luis Sánchez,595182274,F,44,Bogotá,3,Divorciado,Profesional,  Empleado,4408000.0,661,1,27/07/2023,Bancaseguros
CLI-01054,Janneth  Duque  Aguilar,1608533934,M,39,Cúcuta,2,Soltero,Bachiller,Empleado,2673000.0,606,2,27/02/2023,Bancaseguros  
CLI-02410,Myriam Guevara López,1899988099,F,47,Cali,3,Unión libre,Bachiller,PENSIONADO,1936000.0,583,1,16/04/2023,Bancaseguros
CLI-03463,  Nicolás Sánchez Ortega,499740470,M,45,  Cartagena,2,Soltero,posgrado,Independiente,0.0,541,0,17/05/2022,Asesor comercial
CLI-03534,Yenifer Alicia Palacio,221883791,M,69,Pereira,2,Casado,Bachiller,Pensionado,1553000.0,566,0,2020-10-14,Asesor comercial
CLI-04866,Alexander Bonilla,1645074253,M,24,Cali,2,Soltero,Técnico,Independiente,1801000.0,654,1,2022-03-06,Agencia
CLI-02818,Flor Parra,890659786,F,62,Pereira,4,Soltero,Técnico,Empleado,,638,0,2018-07-06,  Asesor comercial
CLI-03192,Daniel Carlos Espinosa Guerrero  ,1793729317,M,37,  Cali,2,Divorciado,Posgrado,Empleado,2013000.0,602,0,01/12/2024,Agencia
CLI-03016,Isaías Óscar Gómez,1170352059,F,50,Medellín,1,Soltero,Profesional,Independiente,1953000.0,664,3,2020-04-21,Corredor
CLI-02801,Vanessa Nubia Barrera,112642998,F,48,Bogotá,2,Casado,Profesional,Independiente,2267000.0,626,0,13/05/2020, Asesor comercial 
CLI-00775,Fabián David Jiménez Medina,1504846522,Masculino,55,Medellín,1,Casado,Bachiller,Independiente,1339000.0,658,2,12/08/2020,AGENCIA
CLI-02376,Leonardo Camacho Guzmán,1408117470,M,51,Santiago de Cali,2,Soltero,Profesional,Empresario,4104000.0,568,2,2018-08-05,Agencia
CLI-00714,Diana  Castillo  Duque,760118120,F,56,Cartagena de Indias,5,Soltero,Posgrado,Independiente,5793000.0,585,0,2024-02-07,Asesor comercial
CLI-01840,MAIRA LUZ PALACIOS MOSQUERA,866381420,F,38,Santa  Marta,3,Divorciado,Posgrado,Empleado,5427000.0,533,2,2017-03-22,Web
CLI-02823,Rosa Becerra,1689543744,M,68, Bogotá ,4,Soltero,Bachiller,Pensionado,4918000.0,747,0,2023-03-24,Asesor comercial  
CLI-00334,JUAN ISIDRO SÁNCHEZ JIMÉNEZ,738233920,Femenino,51,Bucaramanga,3,casado,Profesional, Empleado ,2165000.0,722,1,2023-02-06,Asesor comercial
CLI-03191,alexander ernesto garcés castillo,156082221,masc,26,Bogotá,1,Divorciado,Técnico,Empleado,1248000.0,488,0,,Agencia
CLI-01329,Fabián Enrique Romero Mantilla,696316666,M,52,Bogotá,2,Soltero,Profesional,PENSIONADO,2674000.0,625,2,09/04/2019,Bancaseguros
CLI-01497,Luis Dario Bravo,131229209,F,26,Santa Marta,2,Viudo,Bachiller,Pensionado,935000.0,594,0,2018/01/11,Asesor comercial
CLI-00418,Patricia María Garcés Alvarado,346624424,F,51,Cali,2,Casado,Profesional,Independiente,3185000.0,597,2,2017/08/21,Bancaseguros
CLI-04325,Julieth Valeria Amaya Navarro  ,1285943721,M,52, Bogota DC ,2,unión libre,Bachiller, Empleado ,0.0,570,1,2019-08-08,BANCASEGUROS
CLI-02862,Luis  Henry  Díaz  Rodríguez,1257207466,F,49,,4,Casado,Posgrado,Empleado,4058000.0,635,2,2022-08-30,Corredor
CLI-04855,  Isaac Méndez Serna,1364252102,M,49,Bucaramanga,2,Unión libre,Posgrado,INDEPENDIENTE,1608000.0,518,0,2024/02/12,Corredor
CLI-03595,Eugenia Rendón Rodríguez,1359738148,M,42,Medellín,3,Casado,Profesional,Empresario,8938000.0,698,0,2017/06/20,asesor comercial
CLI-01713,Yeferson Henry Bastidas Ocampo,274040752,F,33,Bogotá,2,Soltero,Bachiller,Empleado,1720000.0,728,2,29/10/2020,Bancaseguros
CLI-00517,MARÍA LILIANA CALDERÓN GÓMEZ,936032710,M,46,Cali  ,4,Soltero,Técnico,Independiente,6791000.0,762,1,2022-05-14,WEB
CLI-05036,Carolina Cano,1432181113,M,39,Cali,2,Casado,Posgrado,Empleado,3327000.0,649,1,17/11/2019,Agencia
CLI-04615,Antonio Jonathan Delgado Méndez,544489040,M,55,Cali,1,Soltero,Profesional,Empleado,982000.0,540,1,2024/01/03,Asesor comercial
CLI-01778,Cecilia Adriana Valencia,1749091712,M,36,Bogotá,4,Soltero,Bachiller, Empleado ,3323000.0,553,3,2022/07/31,Web
CLI-01416,Dagoberto Alberto Hernández,945642297, F ,27,Barranquilla,5,Casado,Profesional,Empleado,11026000.0,627,1,2022-11-09,Web
CLI-04250,César Edgar Hernández Naranjo,1686981944,F,50,Bogotá,2,Unión libre,Profesional,Empleado,3178000.0,597,3,2019-11-23,Asesor comercial
CLI-00235,Kevin Gómez,630041964,F,28,  Barranquilla,3,Soltero,Profesional,Independiente  ,6147000.0,736,3,12/09/2019,Agencia
CLI-00069,Marina Ríos Suárez,1625747750,m,42,Bogotá,3,Unión libre,Técnico,Independiente,2584000.0,676,2,25/09/2017,Agencia
CLI-01712,Sonia Juana Mendoza,1321270447,M,22,Cúcuta,2,Casado,Posgrado,Empresario,3026000.0,530,2,09/12/2018,asesor comercial
CLI-01412,David Luis Torres,1217798571,F,31,Cali,2,Casado,Bachiller,Empleado  ,2251000.0,640,0,2024-07-13,Web
CLI-02830,Mery  Sánchez,1279809704,fem,48,Bucaramanga,3,Divorciado,Profesional,Independiente,3840000.0,602,3,2019/09/22,Agencia
CLI-04183,Rosario Isabel Leal Ángel,745378892,F,32,Cali,6,Soltero,Técnico,Empleado,,733,0,2024/08/29,  Agencia
CLI-03397,GRACIELA PAULA CARVAJAL ARRIETA,843648730,M,61,BOGOTÁ,3,Viudo,Profesional,Pensionado,3278000.0,808,1,29/11/2022,Bancaseguros
CLI-03816,Vanessa Luisa Bastidas Carvajal,1271450006,M,25,Bogotá,4,Viudo,Técnico,INDEPENDIENTE,4092000.0,658,1,22/01/2020,Bancaseguros
CLI-00486,Rubén  Daniel  Molina  Cruz,1292615130,M,47,Bogotá D.C.,3,Soltero,PROFESIONAL,Empleado,4781000.0,640,1,2018-07-03, Asesor comercial 
CLI-03919,Rafael Alfonso Jaramillo Romero,212166509,F,53,Medellín,2,Unión libre,Técnico,Independiente,2816000.0,618,2,2017/03/27,Asesor comercial
CLI-03818,Milena Calderón Sanabria,1021999361,M,49,cartagena,2,Casado,Bachiller  ,Empleado,2025000.0,580,2,30/11/2020,Asesor comercial
CLI-01957,Gabriel Enrique Castro Franco,1510281376,F,,BARRANQUILLA,4,Unión libre,Técnico,Empleado,5218000.0,645,0,2020/01/26,Asesor comercial
CLI-04667,Óscar Contreras,1289643582,F,44,,6,Soltero,Bachiller,Empleado,14844000.0,682,1,2021-07-10,Agencia
CLI-04956,Enrique Luis Moreno Arias,1264202580,M,48,CALI,3,Casado,Técnico,Empleado,3272000.0,,2,2017/04/11,Bancaseguros
CLI-02558,Luz Rojas,1889902779,M,53,Cartagena,3,Soltero,Profesional,Empleado,4417000.0,667,1,2023-09-18,Asesor comercial
CLI-00769,Mauricio Álvaro López Ríos,1285534156,M,51,Medellín,3,Soltero,Bachiller,Pensionado,3240000.0,557,0,2019-09-11,web
CLI-00429,Yeison Trujillo,1297388125,M,29,Medellín,2,Soltero,Técnico,EMPLEADO,2886000.0,691,1,2020-11-17,Asesor comercial
CLI-04962,María Martínez López,323003111,M,28,Bogotá,4,Soltero,Profesional,Empleado,,699,0,2017-09-29,Asesor comercial
CLI-03755,Jenny Arévalo Álvarez,1457040396,M,39,Medellín,2,Unión libre,Posgrado,Empleado,1226000.0,625,0,2021-03-27,Bancaseguros
CLI-02630,Camilo Jaime Vargas,919324852,M,64,Bogotá  D.C.,2,Soltero,Profesional,PENSIONADO,2487000.0,656,1,2023/06/06,  Web
CLI-02292,Carolina Delia Dominguez Escobar,1603914666,F,59,Barranquilla,4,Casado, Profesional ,,3923000.0,712,1,2023/01/06,Web
CLI-05112,Omar Eduardo Ochoa,1811041444,F,40,Cali,1,Soltero,Bachiller,Empleado,1656000.0,578,2,28/06/2020,Asesor comercial
CLI-03405,Isabel Correa Salazar,516099007,F,42,BARRANQUILLA,2,Casado,Bachiller,Empleado,3276000.0,656,0,2021-11-29,Bancaseguros
CLI-00269,Melba Sanabria,837663710,M,32,  Bogotá,1,Viudo,Bachiller,Independiente,$1.652.000,626,1,,Bancaseguros
CLI-03171,Andrea Clara López,905033454,F,26,Bogotá,1,Soltero,Posgrado,Empleado,1753000.0,561,2,2019-07-22, Bancaseguros 
CLI-02890,Eduard  Manuel  Perdomo,1678586599,M,39,Bogotá  ,5,Casado,Técnico,Empleado,11878000.0,725,1,25/12/2024,Bancaseguros  
CLI-00521,Katherine Leonor Caro,1491734318,F,32,Manizales,3,Casado,Bachiller,Empleado,$2.778.000,622,2,2024/01/10,  Bancaseguros
CLI-00986,JAIRO WILLIAM JAIMES PEÑA,195921195,F,43,Bogotá,3,Casado,Técnico,Independiente,2272000.0,531,0,2021-10-14,agencia
CLI-00010, Derly Liliana Caicedo ,1205335705,M,28,Medellín,6,Casado,Bachiller,empleado,16715000.0,761,0,2021-01-11,Corredor
CLI-02153,Raquel Patricia Villamizar,1739513512,F,53,Bogota,2,Unión libre,Bachiller, Empleado ,2426000.0,749,1,19/07/2021,Asesor comercial
CLI-03401,Daniel Jiménez,1214252901,M,68,Bucaramanga,2,Casado, Bachiller ,Pensionado,1749000.0,715,2,2017-03-06,Agencia
CLI-04390,Giovanni Castellanos Lozano,1262474062,F,39,BARRANQUILLA,1,Soltero,Profesional,Empleado,1547000.0,621,1,INVALID_DATE,Web
CLI-02720,Alberto Bermúdez,1232842172,F,33,Bogotá,2,Soltero,Técnico,Pensionado,1957000.0,631,0,2017-01-08,Agencia
CLI-04054,Karol Restrepo,861768786,M,42,Bogotá,3,Casado,Profesional,Empleado,2820000.0,763,2,14/03/2018,Web
CLI-03473,hernán andrés pérez,360211770,fem,65,Cali,2,Viudo,Profesional,Empleado,3468000.0,658,2,30/09/2020,ASESOR COMERCIAL
CLI-02845,astrid rosa gómez pineda,1662730252,Masculino,56,Medellín,3,Casado,Bachiller,Empleado,6627000.0,818,2,2023-10-20,Bancaseguros
CLI-00336, Vanessa Pardo ,485336681,F,34,Bogotá,6,Soltero,Técnico,Empleado,13600000.0,795,0,2023-06-02,WEB
CLI-02121,María Mabel Díaz,1587878029,M,39,Cali,1,SOLTERO,Técnico,EMPLEADO,1373000.0,426,1,2022-11-30,Asesor comercial
CLI-02415,Adrián Navarro Hernández,1710024757,F,38,Santa Marta,6,Casado,BACHILLER,EMPLEADO,,728,1,2022-10-20,ASESOR COMERCIAL
CLI-04904,Edith Angélica Mora,1623496082,F,24,Bogotá,3,  Casado,Profesional,Pensionado,3328000.0,663,3,08/08/2024,Agencia
CLI-00495,Teresa Romero Díaz,201210311,F,37,  Santa Marta,3,Unión libre,Posgrado,PENSIONADO,2348000.0,596,2,2023/05/09,Asesor comercial
CLI-03293,Luis Arturo Bautista Caicedo,484978157,F,28,Barranquilla,3,Soltero,Profesional,Empleado,4009000.0,560,0,2017/08/27,Web
CLI-00806,Rafael Leal Parada,491068256,M,40,,3,Soltero,Profesional,Empleado,3317000.0,535,1,2018-02-11,Asesor comercial
CLI-00910,Nathalia Carrillo Sanchez,1266769767,M,39,Cúcuta,1,Divorciado,Técnico,Empleado,2687000.0,509,1,2019-08-08,CORREDOR
CLI-04562,Óscar Cristian Vargas Álvarez,1284491865,M,27,,3,Soltero,Bachiller,Empleado,4694000.0,615,2,2023-06-25, Asesor comercial 
CLI-03321,Rubén Roger González Pérez,960495281,masc,47,Bogotá,3,Casado,Profesional,Pensionado,2332000.0,608,2,2022/01/16,Bancaseguros
CLI-03734, Dario Pérez ,1378951196,F,34,Bogotá,2,Unión libre,Técnico,Independiente,3841000.0,640,0,2021/09/28,Corredor
CLI-01385,Lucila María Hernández Arango,525288241,F,54,Bogotá,1,Casado,Técnico,Empresario,4165000.0,514,3,2017-08-20,Bancaseguros
CLI-01440,Blanca Ximena Hernandez,1802015255,F,26,Bogotá,3,  Soltero,Técnico,Independiente,,667,1,2020-08-19,Asesor comercial
CLI-03074,Wilder Andrés Luna,840872868,F,46,Bogotá,6,Unión libre,Posgrado,Independiente,12544000.0,756,2,2019-11-04,Asesor comercial
CLI-03721,Jenny Muñoz Herrera,317460735,F,56,Bogotá,1,Casado,Bachiller, Empleado ,1412000.0,488,1,02/12/2024,Bancaseguros
CLI-01880,Alejandro Manuel Zapata Castro,1485162699,F,37,Santiago de Cali,3,Soltero,Posgrado,Empleado,2619000.0,619,1,2018-10-18,  Agencia
CLI-01474,Jhon Esteban Osorio,243971857,F,41,Medellín,2,Casado,Técnico,Empleado,1675000.0,587,1,2017-06-03,AGENCIA
CLI-01965, Paola María Vanegas Álvarez ,457059492,F,56,Cali,3,Soltero,BACHILLER,Empleado,$4.514.000,796,1,2020/07/24,Bancaseguros  
CLI-04210, Daniel Fernández Torres ,1076759531,M,40,Medellín,6,Soltero,Profesional,Independiente,8074000.0,672,1,28/07/2021,Bancaseguros
CLI-02807,Juan Gómez Torres,719267469,M,61, Cúcuta ,2,Casado,Profesional,PENSIONADO,1636000.0,675,1,2023-11-07,Corredor
CLI-00449,Alexander Javier Saavedra Rosero,1628133066,M,23,Cali,2,Casado,Profesional,Empleado,3336000.0,614,2,2019/11/08,CORREDOR
CLI-01294,Cecilia Camila Alzate,1480681882,M,49,Santa Marta,3,Casado,Técnico,Empresario,5367000.0,614,0,12/05/2023,Bancaseguros
CLI-04718,Johanna Valencia,111591748,F,40,Cali,4, Casado ,Profesional,Independiente,13814000.0,733,1,08/04/2019,agencia
CLI-03740,Virginia Mabel González Villa,1406714557,M,40,Pereira,2,  Casado,Posgrado,Empleado,,643,0,2018-10-12,Asesor comercial
CLI-00518,Diana Mery Vanegas,1465564734,F,47,,3,Casado,Profesional,EMPLEADO,,626,2,2023-08-04,Agencia
CLI-02515,  Efrain Edinson Marín,1825673539,Masculino,56,Bogotá,3,Soltero,Profesional,  Independiente,2720000.0,811,1,2021/12/06,Agencia
CLI-04569,María Ana Muñoz,842006365,F,26,Bogotá,4,Casado,Posgrado,Empleado,4938000.0,667,0,2018-02-11,Bancaseguros
CLI-02797,Luz Sandra Ángel,1220792426,f,34,Bogotá,3,  Casado,Profesional,Empleado,4161000.0,636,3,2018-05-08,Agencia
CLI-02507,Luis Mario Rentería Romero,1259701904,F,18,Medellín,1,Soltero,Profesional,Empleado,2398000.0,630,1,2017-06-20,Bancaseguros
CLI-03725,Jorge Corredor,727604419,F,52,BOGOTÁ,2,Soltero,Bachiller,Empleado,,528,1,11/11/2021,Corredor
CLI-01894,Alberto Cardona Velásquez,1082825670,M,44,Manizales,3,Unión libre,Posgrado,Independiente,,653,1,,Agencia
CLI-04213,Diego Hernández,1439581441,M,41,Bogotá,1,  Unión libre,Técnico,Empleado,800000.0,540,1,10/03/2017,Asesor comercial
CLI-02601,Claudia Johana Castro,976906643,M,33, Bogotá ,5,Divorciado,Profesional,Independiente,6328000.0,505,2,,Agencia
CLI-04247,Edwar Gamboa Vásquez,119135900,F,34,Bogota DC,3,Casado, Profesional ,Empresario,5027000.0,587,4,2024-01-07,Asesor comercial
CLI-04947,Alonso Esteban Villamil,76715307,F,34,Cúcuta,6,Unión libre,Bachiller,Independiente,5468000.0,605,2,2023-09-01,Asesor comercial
CLI-03879,Jhon Beltrán Becerra,410613310,M,19,Bogotá,3,Casado,Profesional,Empleado,$2.512.000,593,0,2017/01/08,Web
CLI-03039,Mónica Dora Ardila,351810417,M,35,  Pereira,2,Soltero,Técnico,Independiente,1530000.0,735,0,02/01/2022, Asesor comercial 
CLI-04072,Juan Jiménez,501407469,F,42,Santa Marta,3,Soltero,Bachiller,INDEPENDIENTE,4909000.0,773,1,,Asesor comercial
CLI-02413,José Javier Blanco Galindo  ,633777472,M,39,medellín,2,Unión libre  ,Profesional,,1664000.0,605,0,12/05/2024,Agencia
CLI-03973,Beatriz Guerra,2846727,F,31,CÚCUTA,3,Soltero,Técnico,Independiente,2408000.0,651,3,06/10/2020,ASESOR COMERCIAL
CLI-03242,Tatiana Ruiz Tovar,601217080,F,67,Cali,2, Divorciado ,Profesional,Empleado,1870000.0,698,1,2020-05-28,Web
CLI-03967,Enith Vargas Sepúlveda,1433756468,F,34,Bogotá,3,Soltero,Bachiller,Independiente,,512,3,2022/04/04,Web
CLI-01478,Wilson Peña Perea,345648886,F,32,Medellín,2,Divorciado,Profesional,Empresario,3404000.0,611,1,11/04/2023,Bancaseguros
CLI-05038,Ana Nancy Marín,53118187,M,30,BOGOTÁ,3,Casado,Profesional,Independiente,2574000.0,654,0,2020/09/27,Corredor
CLI-05182,Marco Valencia,1466774242,Masculino,51,Manizales,3,Soltero,Bachiller,Pensionado,1665000.0,616,1,2023-03-29,Agencia
CLI-00279,Eliecer Jaime Orozco,1691457513,F,52,Manizales,4,soltero,Bachiller,Independiente,7406000.0,772,1,08/07/2021,Web
CLI-00353,Nora Rodríguez,398093510,F,71,Cartagena,3,Soltero,Bachiller,Pensionado,3379000.0,472,1,2019-01-21,Agencia
CLI-00754,Elena Ardila,580401394,M,27,Bogotá,5,Casado,Profesional,Empleado,7859000.0,768,1,2019-11-26,Agencia
CLI-02055,Pedro Pérez Martínez,1545831898,M,43,Santiago de Cali,4,Soltero,Técnico,Pensionado,7392000.0,608,1,30/05/2022,agencia
CLI-01128,Andrea Gómez González,992495195,F,40,Medellín  ,1,Unión libre,Posgrado,Empleado,1964000.0,693,2,2020-04-28,Asesor comercial
CLI-03635,Paola Esperanza Herrera,1346940808,F,34,,6,Casado,Bachiller,Empleado,11493000.0,801,2,2017-10-28,Asesor comercial
CLI-02834,Carlos Cifuentes,1303620137,F,49,Bucaramanga,3,Soltero,Técnico,Empleado,2815000.0,609,0,2021-11-11,Agencia
CLI-02877,Sandra Clara Jiménez Arias,117902566,M,45,  Bogotá,2,Unión libre,Profesional,Independiente,1659000.0,525,1,03/10/2023,Asesor comercial
CLI-04286,Ana Gallego Pérez,1301040066,M,79,BUCARAMANGA,2,Unión libre,Profesional,Pensionado,3602000.0,732,1,2024/07/02,Asesor comercial
CLI-03916,  Rosalba Medina Mercado,650553140,M,35,Cartagena de Indias,4,casado,Profesional,Independiente,4922000.0,772,1,2018-03-01,Web
CLI-00713,Marleny Riascos,1714313954,F,59,,4,Casado,Profesional,EMPRESARIO,6239000.0,559,0,2022-01-15,Web
CLI-01779,Moisés Maldonado Martínez,1112188440,M,41,Bogotá,1,Soltero,Posgrado,Empleado,1451000.0,615,0,25/12/2018,Asesor comercial
CLI-00890,Lucy Villamizar Pena,1855693416,F,31,Bta,4,Viudo,Técnico, Empleado ,5047000.0,746,2,2018-02-05,Web
CLI-00716, Leticia Ramírez ,970780841,M,35,Cali,3,Casado,Profesional,Empleado,2832000.0,728,1,13/07/2023,Asesor comercial
CLI-04927,Gladys Becerra,357365381,M,37,Santiago de Cali,4,Casado,Bachiller,EMPLEADO,3740000.0,668,3,13/04/2021,Asesor comercial
CLI-01511,Socorro Aurora Rojas,1833603823,M,45,Bogotá,2,Divorciado,Profesional,Empleado,4747000.0,734,1,2024-03-21,Agencia
CLI-01714,Elsa Maria Lopez,998725622,F,51,Bogotá,2,Casado,Profesional,Empleado  ,2307000.0,730,2,25/09/2017,Asesor comercial
CLI-01842,Patricia Orozco,142728317,F,37,Cali,4,Casado,Profesional,Pensionado  ,6477000.0,,2,28/04/2017,Asesor comercial
CLI-04455,Patricia Gómez Valencia,791236798,F,21,  Bogotá,3,Unión libre,Profesional,Empleado,3184000.0,662,2,2021/09/23,Asesor comercial
CLI-00968,Ángel Molano,1121186838,M,51,Pereira,2,Unión libre,Técnico,independiente,$2.063.000,597,0,2022/11/19,Asesor comercial
CLI-01012,Yadira Navarro Cano,923040408,F,65,Bogotá,3,Unión libre,Técnico,Pensionado,4390000.0,754,1,2019-01-08,Bancaseguros
CLI-03597,Julián Rodríguez Ramírez,1719773446,F,56,PEREIRA,3,Soltero, Bachiller ,Empleado,4150000.0,691,1,08/10/2017,Bancaseguros
CLI-03645,María Diana Cantillo,1565974332,M,71,,1,Soltero,Profesional,Pensionado,2434000.0,672,2,2020-09-04,Agencia
CLI-02562,  Yina Gisela Ospina,836887471,F,36,Medellín,2, Casado ,Profesional,Pensionado,1482000.0,762,0,2024-04-28,Web
CLI-02979,Jesús Luis Villamizar Cárdenas  ,1682821453,F,43,Bogota,2,Casado,Técnico,Empleado,2249000.0,532,3,06/06/2018,Asesor comercial
CLI-01991,Luz Alexandra Bautista,908784910,M,18,Bogotá,6,Unión libre,Posgrado,Independiente,25282000.0,763,1,2021-12-27,Web
CLI-01451,Leidy Guerrero Daza,852506570,F,46,Cartagena,3,Soltero,Profesional,Empleado,3955000.0,677,1,2019-01-02,Web
CLI-00342,Alexis Mora,1597523362,F,38,Bucaramanga,2,Casado,Técnico,Empleado,2298000.0,626,1,2023/01/28,  Agencia
CLI-04487,Abel Carlos Aguilar,1595152609,F,41,Bogota DC,6,Casado,Bachiller,Empresario,37663000.0,767,1,2021-06-05,Web
CLI-00236,Arturo Luis Jiménez,892596250,F,47,Medellín,5,Soltero  ,Bachiller,Empleado,11529000.0,733,1,13/08/2018,Asesor comercial
CLI-02212,Javier Zapata Ramos,1090975278,M,33,BOGOTA,2,  Unión libre,Bachiller,Empresario,2690000.0,579,0,2020-04-24,Asesor comercial
CLI-02361,José Lozano Silva,158293373,  F,42,Bogotá,5,CASADO,Profesional,Independiente,10021000.0,784,0,2021-04-24,Bancaseguros
CLI-05075,Juan Nieto Suárez,722848804,F,54,Barranquilla,1,Unión libre,Bachiller,Independiente,1691000.0,582,0,06/11/2018,Asesor comercial
CLI-04786,Astrid Ortega,758114364,F,42,  Barranquilla,4,Casado,Técnico,Empleado,5573000.0,726,0,2022-07-15,Agencia
CLI-04189,Luz Córdoba,775136826,Masculino,21,Cali,6,Unión libre,Técnico,,10749000.0,729,0,2024-06-27,Agencia
CLI-01058,Stiven Jesús Londoño,819160933,M,51,Bogotá D.C.,3,Casado,Técnico, Empleado ,2589000.0,619,1,2024-07-01,Agencia
CLI-00199,Gisela Aida Restrepo González,1748932279,masc,18,Bogotá,2,Casado,Técnico,Empleado,1763000.0,508,1,27/04/2024,Agencia
CLI-03824,Sindy María Méndez,983891916,M,68,Medellín,3,Casado,Bachiller,Pensionado,1913000.0,723,0,04/04/2020,Agencia
CLI-00085,Marcela Helena González Bohórquez,50078891,M,22,Medellin,4,Viudo,Profesional,Empresario,5985000.0,541,2,2018/11/17,Asesor comercial
CLI-01871,Johana Espinosa Franco,1457849974,M,51,Medellín (Antioquia),3,Casado,Profesional,Independiente,3982000.0,661,2,2021/02/21,Bancaseguros
CLI-04112,Olga Gomez Salas,1174569970,F,38, Bogotá D.C. ,5,Soltero,Bachiller,Empleado,11556000.0,703,1,2017-03-16,Asesor comercial
CLI-04317,Clara Amparo Herrera Suárez,816652876,F,53,Santiago de Cali,2,Soltero,Posgrado,Independiente,2609000.0,715,0,2017/07/31,Asesor comercial
CLI-04841,Jorge Naranjo,582612299,F,44,Pereira,6,Divorciado,Posgrado,INDEPENDIENTE,19167000.0,791,1,05/03/2019,WEB
CLI-03983,Angie Ana Arrieta Rico,1751255936,F,49,Medellín,3,Soltero,Posgrado,Empleado,5248000.0,635,4,INVALID_DATE,Agencia
CLI-02815,Flor Inés Vargas Díaz,1116006400,M,35,Medellín,2,Casado,Técnico,Empleado,2408000.0,507,0,2022-01-03,Corredor
CLI-02687,Hugo Javier Salazar Garzón,801672562,M,47,Medellin,2,Soltero,Profesional,Empleado,2199000.0,636,1,2018-01-17,Web
CLI-00114,Mario Humberto Mora Serrano,967766920,F,42,  Barranquilla,3,Unión  libre,Técnico,Empresario,8021000.0,657,0,2022-05-08,  Asesor comercial
CLI-03462,Ximena Gladis Martínez,1396561198,F,57,Bogotá,3,Soltero,Posgrado,Empleado,5330000.0,616,2,07/01/2017,Agencia
CLI-02754,  Teresa Alejandra Arévalo,1754298992,M,68,BOGOTA,3,Unión libre,Bachiller,Pensionado,4147000.0,620,1,2019-06-30,Bancaseguros
CLI-02130,Edilson Argemiro González Reyes,1819550871,M,58,Medellín,3,Casado,Técnico,Empleado,3533000.0,591,1,2017-11-23,Bancaseguros
CLI-02409,Gerardo Silva,1335442025,M,45,bogotá,6,Casado,Bachiller,Empleado,14054000.0,758,3,13/10/2024,Bancaseguros
CLI-03529, Luisa Carmen Rodríguez Caro ,1754176212,F,27,MEDELLÍN,3,unión libre,Profesional  ,Empresario,8202000.0,750,3,30/05/2023,Bancaseguros
CLI-00080,Verónica Rojas,1855124309,F,33,,5,Viudo,Técnico, Empleado ,8506000.0,735,1,2019-07-16,Bancaseguros
CLI-03366,Mariana Carmen Zapata Betancur,1311234309,M,60,Cali,2,Unión libre,Posgrado,EMPLEADO,3173000.0,647,0,2023-12-22,Web
CLI-01790,Yuli Ramos,99772712,Masculino,33,Medellín,1,Unión libre,Bachiller,Empleado,,741,1,2021-09-06,Asesor comercial
CLI-00884,Danilo Londoño,127012093,M,36,Bogotá,1,Casado,Profesional,Empleado,1128000.0,585,1,21/10/2020,Agencia
CLI-02990,Edith Olga Orozco,763953557,F,47,Cartagena,4,Unión libre,Profesional,Pensionado,3225000.0,652,4,2019/09/15,Web
CLI-00011,Fabián Hernando Gómez,1459985685,M,31,B/quilla,2,Soltero,PROFESIONAL,Empresario,2823000.0,682,2,2020-02-01, Agencia 
CLI-00234,Eugenia Rentería Jaimes,964160661,F,28,Bta,2,UNION LIBRE,Posgrado,Empleado,1262000.0,583,0,2020-08-24,Agencia
CLI-00641,  Luis Mosquera,1810550441,F,35,Bogotá,2,unión libre,POSGRADO,Empleado,1147000.0,552,2,2022-06-30,Web
CLI-04524,Arturo Efrain González,1291173480,F,40,CALI,3,Unión libre, Técnico ,Empleado,,732,0,2022-06-22,Corredor
CLI-04994,luis fernando cortés,1852241603,M,51,medellín,3,Soltero,Profesional,Independiente,4289000.0,637,1,2019-03-02,Corredor
CLI-02190,Patricia Fuentes,978804110,F,34,Bogotá,5,Unión libre,Profesional,Empleado,5161000.0,637,0,2022-06-10,Bancaseguros
CLI-00603,Jean Fernández,1501422574,fem,52,Barranquilla,2,Soltero,Posgrado,Empleado,1806000.0,548,3,19/08/2019,Asesor comercial
CLI-02075,Laura Garcés Rodríguez,312676745,M,49,Barranquilla,3,Soltero,Posgrado,Empresario,7023000.0,717,4,2024/10/06,Asesor comercial
CLI-00525,Ronald Manuel Peña,1545028081,Masculino,58,Santiago de Cali,2,Soltero,Posgrado  ,Independiente,1578000.0,628,2,2020-10-21,Asesor comercial
CLI-04890,Dolly Durán,753823225,F,48,Bogotá,5,Casado,Técnico,Independiente,6997000.0,794,1,2021-09-12,Agencia
CLI-04110,  Héctor Edwin Ayala García,65118831,F,48,Medellín  ,4, Viudo ,Profesional,Empleado,6262000.0,592,1,2024/08/26,agencia
CLI-00366,Víctor Eliecer Martínez Guevara,105524792,M,50,Bogotá,3,Casado,Posgrado,Empleado,3987000.0,826,0,2024/05/11,Asesor comercial
CLI-03178,Henry David Medina,1609151524,M,38,Medellín,5,Casado,Profesional,Empleado,10068000.0,665,0,27/09/2021,Asesor comercial
CLI-03438,Javier Alexander Morales Meneses,1624169779,M,53,Medellín,4,Casado,Bachiller,Independiente,8703000.0,617,0,2017/01/27,Bancaseguros
CLI-03464,Claudia Arias,326265664,M,52,Barranquilla,3,Soltero,Profesional,Independiente,4815000.0,592,1,2024-12-12,  Agencia
CLI-02425,Lucía Gutiérrez Vera,1421761959,F,18,Cali,4,Casado,PROFESIONAL,Empleado,4058000.0,549,1,2023-02-19,Bancaseguros
CLI-01244,Enrique Peña,677616037,M,23,Bogotá  ,5,CASADO,Profesional,Independiente,,712,5,2021-12-20,Asesor comercial
CLI-02883,Angélica Castro,189323441,F,38,Medellín,2,Unión libre,Posgrado,Independiente,,494,2,2017-05-01,Bancaseguros
CLI-03408,Mónica Patiño Cortés,1745782123,M,42,,2,Soltero, Técnico ,PENSIONADO,1328000.0,555,0,2021-10-06,Agencia
CLI-04427,Enrique Díaz Posada,1765023073,M,65,,3,  Casado,Profesional,Pensionado,3990000.0,739,2,2023-01-28,Agencia
CLI-01197,Cecilia Velásquez Núñez,1660547383,M,80,Bogotá,2,Soltero,Técnico,Pensionado,1716000.0,545,2,2019-02-28,Bancaseguros
CLI-02011,Nelson Murcia Hernández,1531904304,M,33,BOGOTA DC,2,Casado,Técnico,Empleado,1655000.0,653,1,2021-09-13,Corredor
CLI-01549,Alonso Julian Rincon Cortes,1870435449,M,40,Bogotá,4,Casado,Profesional,Empleado,3773000.0,636,0,05/06/2019,Agencia
CLI-00950,Luz Rodríguez Hurtado,579006139,M,42,Bucaramanga,3,Soltero,Posgrado  ,  Independiente,3308000.0,587,0,2020/06/12,Agencia
CLI-03584,Adriana Edna Hernández Castro,1672820540,F,36,Sta. Marta,5,Casado,Técnico,Empleado,8114000.0,695,0,2019/05/14,Web
CLI-00376,Jesús Agudelo,1560060871,M,64,manizales,2,Soltero,Profesional,Independiente,2952000.0,,0,INVALID_DATE,Agencia
CLI-04632,ARMANDO JOSÉ BOLAÑOS,832908745,M,32,Santa Marta,3,Soltero,Profesional,Empleado,,583,3,2023-12-31,Asesor comercial
CLI-04108,Patricia Diana Betancur,1716318727,F,31,Cali  ,2,Casado,Técnico,Empresario,2584000.0,661,1,2021-12-08,Agencia
CLI-05032,Martha Parra,1013981829,F,36,Medellín,6,Unión libre,Posgrado,Pensionado,11962000.0,804,2,2023/03/04,Asesor comercial
CLI-04725,IVÁN DAGOBERTO RENDÓN,1406163848,M  ,24,Cucuta,2,Soltero,Técnico,Empleado,2421000.0,569,3,06/03/2020,Asesor comercial
CLI-01868,Eugenia Castro,643519135,M,43, Cali ,1,Divorciado,bachiller,Empleado,1974000.0,740,5,2020/11/24,Agencia
CLI-03716,Fernanda Sanabria Rico,1549062575,F,54,Medellin,4,Divorciado,Técnico,Empleado,5641000.0,733,1,2023/12/17,Agencia
CLI-01528,Juan Bayron Rincon,821491961,M,50,Medellín,2,Soltero,Posgrado,Pensionado  ,1613000.0,551,1,2024/10/27,Corredor
CLI-01539,marleny zapata,138324801,fem,49,Medellín,2,Casado,Posgrado,Empleado,1814000.0,743,1,2021-07-17,Web
CLI-01050,CECILIA VIVIANA MUÑOZ,808704403,M,51,Cali,2,Unión libre,Técnico,Empleado,1893000.0,627,1,25/03/2024,Web
CLI-03182,Jorge  Pérez,1854371340,M,44,Bogotá,2,Casado,Técnico,Empleado,2083000.0,643,0,2024/10/02,Bancaseguros
CLI-03592,Marcela Sofía Vera,17318313,M,120,Medellín (Antioquia),4,Soltero,Profesional,Independiente,10443000.0,590,2,2019-05-23,Bancaseguros
CLI-04209,Edisson Mejía,1768117284,M,43,Manizales  ,3,Casado,Bachiller,INDEPENDIENTE,3309000.0,685,1,2022-03-12,Asesor comercial
CLI-03782,Ruth García Pérez,249905471,F,35,Barranquilla,1,soltero,Profesional,Empleado,2785000.0,530,2,2019-09-20,Asesor comercial
CLI-00215,Edgardo Pineda Murcia,944564933,  F,29,BOGOTA,2,SOLTERO,  Bachiller,Empresario,2669000.0,653,0,2017-12-12,Asesor comercial
CLI-03124,Eduardo Suárez Medina,1197620979,M,46,Bogotá,2,Soltero,Posgrado,Empleado,3874000.0,713,4,2022-08-24,Asesor comercial
CLI-01274,María Liceth Pacheco,1855179299,F,46, Bogotá ,3,Soltero,TECNICO,Empleado,4033000.0,611,0,22/04/2021,Corredor
CLI-03138,Ana González Chávez,790790481,Masculino,24,Medellín,6,Viudo,Bachiller,Empleado,15808000.0,804,1,2019-03-04,Asesor comercial
CLI-01717,Arturo Luis Jaimes Quintero,293148854,M,32,Barranquilla,3,Unión libre,Profesional,Empleado,,611,0,26/03/2018,Asesor comercial
CLI-03833,Ana Norma Díaz,1013226425,M,18,CALI,3,soltero,Profesional,Independiente,3556000.0,729,3,,Bancaseguros
CLI-02440,Felipe Alejandro Salazar,1536043952,F,51,Pereira,2,Soltero,Profesional,Empleado,2554000.0,658,1,13/03/2023,Agencia
CLI-01447,Mateo Gutiérrez Arteaga,587763542,  F,49,Bucaramanga,1, Soltero ,Posgrado,Empleado,2294000.0,665,1,,Agencia
CLI-04873,Sebastián Pérez Ruiz,679537629,F,35,PEREIRA,3,Casado,Bachiller,Independiente,2156000.0,575,3,01/03/2020,Web
CLI-02798,Juan Pérez,631179338,M,41,Bogotá,6,Casado,Profesional,Pensionado,12593000.0,747,3,2021-03-16,Asesor comercial
CLI-04744,Laura Castillo,1267381056,M,35,Bogotá,2,Divorciado,Profesional,Pensionado,1044000.0,548,0,01/04/2021,CORREDOR
CLI-04465,Martin Florez Martinez,102990958,M,33,Pereira,1,  Casado,Profesional,Independiente,1878000.0,522,1,09/09/2017,Asesor comercial
CLI-00082,Gladis Moreno Pérez,816882306,M,33,Bucaramanga,3, Soltero ,Profesional,Independiente,1302000.0,561,0,2024/10/15,Bancaseguros
CLI-04095,Tulio Efrain Granados Castro,1089855687,M,39,Cartagena de Indias,3,Casado,PROFESIONAL,Empleado,3510000.0,676,1,27/01/2023,Asesor comercial
CLI-01721,Manuel Vergara Sánchez,806281666,M,46,Barranquilla,1,SOLTERO,Profesional,Pensionado,651000.0,449,2,2018/01/20,Web
CLI-01613,Ana Rocío Tamayo,577717386,FEM,65,Bogotá,2,Unión libre,Técnico,Pensionado  ,1935000.0,725,1,2022/06/17,Bancaseguros
CLI-03811,Yaneth Lozano,78537391,F,34,Bta,2,Viudo,Profesional,Pensionado,1273000.0,565,1,2020-11-08,Agencia
CLI-00953,Ana Torres Palacio,613850500,M,18,Bogota,1,Soltero,Técnico,Empleado,,657,1,02/03/2018,AGENCIA
CLI-02899,Mónica Pilar Sanabria,77314624,F,39,Bogotá,3,Divorciado,Profesional,INDEPENDIENTE,3738000.0,505,0,13/12/2024,Web
CLI-00135,Blanca Sandra Bermúdez,1025985630,F,51,Bogotá,6,Soltero,Profesional,Empleado,13576000.0,,1,2021/02/14,Asesor comercial
CLI-04673,Paola  Paula  Prada  Puentes,1479908818,M,47,bogotá,2,Unión libre,Profesional,Empleado,1873000.0,610,0,08/05/2022,Agencia
CLI-01612,Alberto Suárez Escobar,1497791304,F,60,bogotá,2,Soltero,Bachiller,Empresario,3908000.0,629,2,11/01/2017,Agencia
CLI-01488,Dario Julián Salas,1375035185,M,57,Cúcuta,1,Casado,Bachiller,Independiente,1276000.0,667,2,2017-12-07,Web
CLI-04939,DANIELA RODRÍGUEZ,979741684,F,32,medellín,1,Casado,Bachiller,Empleado,1052000.0,656,0,25/11/2019,  Web
CLI-04288,SEBASTIAN PINEDA,1790749016,M,18,Bogotá,3,Casado,Profesional,Empresario,5811000.0,601,1,2017-07-20,Agencia
CLI-02194,Diana Daniela Londoño,1122316922,M,48,Cali,6,Casado,Técnico,Empleado,22188000.0,723,0,2022-07-23,Bancaseguros
CLI-01143, Ricardo Julio Rojas ,1386465627,F,32,Bogotá,1,Soltero,Posgrado,Empleado,2425000.0,657,2,15/03/2020,Corredor
CLI-03941,Enrique Lozano Durán,1201878037,masc,42,B/quilla,3,Soltero,Profesional,Independiente  ,1868000.0,595,3,2020-01-12,Asesor comercial
CLI-04715,Helena María Vargas Zuluaga,783853954,F,51,Bogotá,2,Soltero,Bachiller,Independiente,1483000.0,534,1,2022-03-26,Web
CLI-01490,Rubiela Pérez,818747694,  M,56, Medellín ,4,Casado,Bachiller,Independiente,3821000.0,682,1,2017/01/29,Web
CLI-03940,Milena Ramírez,79571440,Masculino,36,  Medellín,1,Soltero,Profesional,Empleado,770000.0,579,1,28/03/2021,Asesor comercial
CLI-00741,Claudia Cecilia Obando,1696958719,M,38,Cali,2,Soltero,Bachiller,Independiente,3813000.0,633,1,2024-03-20,Bancaseguros
CLI-04604,Fabián Luis Valencia,1413730167,F,39,,3,Unión libre,Profesional,Independiente,3120000.0,711,0,2024-01-01,Corredor
CLI-01033,Marlon Jhonatan Ramos Muñoz,514799881,F,32,Cali,2,Unión libre,Posgrado,Pensionado,2629000.0,689,2,2023-03-16,Agencia
CLI-02852,Andrés Torres,659344690,M,18,Cali,3,Soltero,Profesional,Empleado,1407000.0,543,2,2020/03/20,Web
CLI-00099,Pedro Pabon Garzon,1795837784,M,39, Manizales ,1,  Casado,Profesional,Empleado,1582000.0,425,0,INVALID_DATE,Asesor comercial
CLI-03241,  Daniela María Uribe Quiroga,394130856,fem,18,medellín,2,Casado,Posgrado,Empleado,1491000.0,659,4,2019/07/11,Bancaseguros
CLI-00193,Sofía Ríos,1166825034,M,31,Medellín,2,Unión libre,Profesional, Empleado ,1938000.0,602,2,,Asesor comercial
CLI-01251,María María Pineda González,284525699,masc,35,Medellín,4,Divorciado,Profesional,Pensionado,$3.188.000,596,1,2021-09-05,Asesor comercial
CLI-05181,IVÁN BERNAL FUENTES,282486942,F,67,CUCUTA,3,Unión libre  ,Posgrado,pensionado,4629000.0,548,1,2024-07-02,Bancaseguros
CLI-02351,Eduardo Alexis González,802034374,M,37,Cúcuta,3,Unión libre,Técnico,Empleado,4750000.0,,1,06/04/2021,Agencia
CLI-01501,Laura Yineth González  ,1684099191,F,18,Bogotá,4,Divorciado,técnico,Independiente,5549000.0,657,2,29/04/2023,Asesor comercial
CLI-04845,Sonia Montoya López,1459838104,M,67,Barranquilla,4,Divorciado,Profesional,Empresario,10794000.0,631,1,2017/08/10,Bancaseguros
CLI-00033,Karen Reyes,1753448702,  M,49,Cúcuta,3,Unión libre,  Posgrado,Empleado,3367000.0,654,2,19/04/2024,bancaseguros
CLI-00430,Patricia Luz Arias,312454038,F,34,Bogotá,1,Unión libre, Posgrado ,Empleado,1195000.0,562,0,2023/05/11,WEB
CLI-05035,Elena Ana Osorio Rodríguez,695497104,F,27,barranquilla,3,Soltero,Bachiller,Empleado,3134000.0,652,2,2020-02-09,Bancaseguros
CLI-00891,Ricardo Díaz,1779666452,M,40,Bogotá,2, Casado ,Profesional,Empresario,6572000.0,671,1,21/03/2024,Asesor comercial
CLI-00140,  Luz Constanza Gaitán Carvajal,1494449073,M,31, Medellín ,6,Casado,Bachiller,Empleado,17893000.0,766,3,2018-09-03,Asesor comercial
CLI-04619,Vanessa Molina Medina,677475940,M,46,B/MANGA,3,Soltero,Profesional,Independiente,4360000.0,713,1,2019-04-25,Agencia
CLI-00492,JOSE DIEGO SOLANO CASTANEDA,666021418,Femenino,39,Pereira,3,Soltero  ,Técnico,  Empresario,6554000.0,700,1,2019-10-19, Asesor comercial 
CLI-01866,Nidia Fernández,311877183,  F,34,Medellín,6,Casado,Profesional,Independiente,15324000.0,726,1,2023-06-07,Asesor comercial
CLI-05154,Esther Londoño Guerrero,65444499,M,59,Cali,2,Casado,  Profesional,Independiente,2638000.0,514,1,2020-06-07,Bancaseguros
CLI-04938,Emilio Giraldo,322881346,F,30,Medellín,2,Soltero,Técnico,Empleado,0.0,623,2,2019-07-13,Web
CLI-00906,Guillermo Fabio Londoño,556110831,F,38,Barranquilla,3,Casado,Posgrado,Empleado,6676000.0,630,2,2020/01/03,Agencia
CLI-05103,Francisco Díaz,655879569,M,22,Bogotá,3,Soltero,Bachiller,Empleado,2391000.0,670,0,2019-07-23,Agencia
CLI-00998,Luz Sofía Pabón,857096584,M,42,  Medellín,2,Casado,Profesional  ,Independiente,1769000.0,605,3,21/01/2024,WEB
CLI-03731,Neider Dario Martínez,495142522,F,38,bucaramanga,4,unión libre,Técnico,Empleado,5470000.0,676,0,2020/01/13,Bancaseguros
CLI-05147,Augusto Londono,752190961,  F,40,Barranquilla,2,Divorciado,  Bachiller,Empleado,1775000.0,588,1,2017/07/30,Bancaseguros
CLI-02269,Irma Esmeralda Solano,155244035,F,18,cartagena,3,unión libre,Profesional,Independiente,4580000.0,529,1,31/12/2019,Asesor comercial
CLI-04518,Paola Romero,905908544,M,36,Bogotá,6,  Unión libre,Profesional  ,Empleado,,675,1,2023-10-08,Agencia
CLI-03557,Luis Quintero Mena,1283202245,F,55,Bogotá,1,Soltero,Técnico,Independiente,1041000.0,529,3,2021-12-03,Agencia
CLI-04745,Amparo Pérez,1278526801,M,24,Bogotá,1,Unión libre,Profesional,Estudiante,657000.0,484,0,2020-02-21,Web  
CLI-02116,Milena Daniela Ortiz,1724671720,F,54,Barranquilla,4,Union libre,Bachiller,Empleado,6194000.0,679,1,2022-11-24,Web
CLI-03481,Robinson Vergara Vélez,185031555,M,53, Cali ,4,Unión libre,Profesional,,4507000.0,713,0,2020-08-21,Asesor comercial
CLI-01510,María Soto,1071704355,F,52,Cali,4,Soltero,Técnico,Empresario,6591000.0,781,1,2020-05-23,Asesor comercial
CLI-03820,Yeferson Germán Gómez Hoyos,1433452680,F,53,Medellin,3,Casado,Posgrado,Empleado,5280000.0,684,0,2017-03-01,asesor comercial
CLI-00879,Claudia Isabel Mora Caicedo,449115650,F,43,Bogotá  ,4,Soltero,Profesional,Empleado,3415000.0,605,2,2021-08-08,Asesor comercial
CLI-00087,Martha Sofía Castillo Castro,663941195,F,43,MEDELLÍN,4,DIVORCIADO,Bachiller,Empleado,7809000.0,751,2,2022-02-25,Web
CLI-03870,Michel Mariana Osorio,1230362547,masc,18,Bogotá,3,Soltero,Profesional,Empresario,8881000.0,750,0,2024-11-14,  Bancaseguros
CLI-02614,Camilo Cardona,1536958420,F,44,Cali,6,Soltero,PROFESIONAL,Empresario,26495000.0,780,3,2017/01/04,Web
CLI-04948,Diego Alzate,338529814,F,57,Bogotá,6,Unión libre,Profesional,Pensionado,10140000.0,694,0,2022-05-14,Agencia
CLI-04223,Héctor Andrés Narváez Pérez,591480081,M,48,Cartagena,1, Unión libre ,  Profesional,Empresario,4076000.0,776,2,2022-07-27,Asesor comercial
CLI-03773,Stella Herrera Cortés,417421749,F,60,CALI,2,Casado,Bachiller,Pensionado,1908000.0,528,2,24/12/2024,Asesor comercial
CLI-01181,León José Gaviria,794441732,F,41,Medellin  ,2,Divorciado,Posgrado,Empresario,,688,0,2018-10-25,Web
CLI-01489,Gildardo Ferney Arias Ardila,1788043711,F,49, Bucaramanga ,5,Casado,Bachiller,,9780000.0,596,0,2023-10-13,Web
CLI-03143, Jairo Castañeda Orozco ,462355638,F,48,Manizales,5,Soltero,Posgrado,  Empleado,6848000.0,549,0,2021-04-25,BANCASEGUROS
CLI-01485,David Johan Sánchez Suárez,1006768619,F,18,Bogotá,2,Soltero,Profesional,Empleado,4398000.0,593,1,2022-12-28,Asesor comercial
CLI-02368,Azucena Gabriela Vanegas,1534322906,M,40,Bogotá,5,Divorciado,Posgrado,Empleado,10785000.0,768,1,12/02/2019,Web
CLI-02439,Lina Vélez Mora,1241634960,M  ,39,Manizales,6,Divorciado,Profesional,Independiente,9450000.0,,1,2018/04/15,Asesor comercial
CLI-04997,Andrea Burbano Cano,1547332392,M,18,  Cali,2,Unión libre,Profesional,Independiente,2922000.0,652,1,2023-01-25,Bancaseguros
CLI-00149,Julián Hernán Quintero Zapata,811170037,M,46,  Bogotá,2,Soltero,BACHILLER,Empleado,2510000.0,568,2,2023-06-29,Agencia
CLI-02032,Luz Carolina Vega,712099462,F,49,Medellín,2,Divorciado,Bachiller,Empresario,5012000.0,561,0,2017-11-26,Corredor
CLI-04503,María Becerra,472503705,F,58,B/manga,2,Divorciado,Profesional, Independiente ,1880000.0,501,0,,Bancaseguros
CLI-03520,Juan  Jiménez,1104462672,F,41,BOGOTA,3,Soltero,  Bachiller,Empleado,1739000.0,548,1,2018-03-11,Corredor
CLI-02984,David López,1038505634,F,36,Bogotá  ,2,Divorciado,Posgrado,PENSIONADO,2759000.0,654,5,2018-04-07,Web
CLI-00961,Fernando Mosquera Duarte,1664641977,F,48,Cali,2,Viudo,Posgrado,Empresario,4564000.0,617,1,09/04/2022,Web
CLI-05139,Sergio Ávila,277264355,  M,35,,2,Unión libre,Bachiller,Pensionado,2020000.0,667,3,2023-10-19,Corredor
CLI-01775,Isabel Díaz Solano,791225918,F,66,barranquilla,3,Soltero,Bachiller,Pensionado,4084000.0,650,0,2022-03-05,Agencia
CLI-00380,Alfonso German Perez,499610050,F,18,Bogotá,6, Unión libre ,Bachiller,Empleado,9247000.0,794,2,2017-11-25,Corredor
CLI-04541,Laura Rivas,1075006689,M,44,bogota dc,4,Unión libre,Técnico,Empleado,6429000.0,791,2,25/10/2020,Web
CLI-01305, Jesús Yesid Duarte ,344012624,F,29,barranquilla,2,Divorciado,Bachiller,Empleado,,588,0,2021-07-06,corredor
CLI-00819,Antonio Guerrero,745835741,F,38,MEDELLÍN,2,Casado,Profesional,EMPLEADO,4081000.0,,1,09/03/2024,Bancaseguros
CLI-01150,Luz Cruz Sánchez,254478691,F,41,barranquilla,3,Soltero,Bachiller,Empleado,4973000.0,551,0,02/09/2018,Corredor
CLI-02859,Claudia Ramos Gutiérrez,652852685,F,31,Cartagena de Indias,5,Casado,Técnico,EMPLEADO,9502000.0,739,0,27/05/2024,Asesor comercial
CLI-00323,Román Cristian León Morales,1218893179,  M,56,Bogota,2,Viudo  ,Profesional,Empleado,1433000.0,589,1,2024/06/22,Corredor
CLI-02814,Sandra Restrepo,336277865, M ,41,Bogotá,4,Casado,Posgrado,Independiente,7486000.0,661,1,2023/04/04,Corredor
CLI-00063,Natalia Guerrero,1228802445,F,47,,3,Unión  libre,Profesional,Pensionado,6358000.0,733,1,2021/12/18,Corredor
CLI-04651,Luz Bravo Moreno,1114369122,F,57,Medellín,3,Unión libre,Posgrado,empresario,3669000.0,613,1,2022-06-27,BANCASEGUROS
CLI-03914, Nancy Velásquez Ceballos ,1476073383,M,51, Pereira ,2,soltero,Bachiller,Empleado  ,1053000.0,602,1,2018/05/22,Web
CLI-03705,LUCIA MARIA GONZALEZ,662716738,M,47,Medellín,3,Casado, Profesional ,Empleado,3086000.0,502,0,2019-07-04,Asesor comercial
CLI-03138,Ana González Chávez,790790481,Masculino,24,Medellín,6,Viudo,Bachiller,Empleado,15808000.0,804,1,2019-03-04,Asesor comercial
CLI-05092,Elena Torres Silva,1739739485,F,42,Medellín,5,Divorciado,Técnico,Empleado,,625,1,2019/11/13, Corredor 
CLI-00471,Andrés  Hernán  Díaz,872568705,M,54,Cali  ,2,Viudo,Profesional,Empleado,2657000.0,682,1,2022/07/26,Corredor
CLI-01689,María Kelly Sánchez Salazar,1672851740,F,33,BOGOTA,5,Casado,técnico,Independiente,6173000.0,601,3,2021-10-11,Agencia
CLI-02421,Jesús Gómez,1844860116,M,44,Barranquilla,3,Soltero, Técnico ,Independiente,2379000.0,779,0,2024-10-01,agencia
CLI-04244,Elvia Nubia Herrera Gómez,1693164000,F,51,,6,Casado,PROFESIONAL,Empleado,9228000.0,854,0,2020-06-08,Agencia
CLI-00804,Isabel Elena Pérez,103062593,F,56,Pereira,1,Soltero,Bachiller,Empleado,2020000.0,636,0,2018/10/06,Asesor comercial
CLI-02612,MAURICIO VÍCTOR CARVAJAL RÍOS,1366740062,F,44,Cartagena,4,Casado,Técnico,Pensionado,3550000.0,627,0,2023-10-22,Web
CLI-03275,Alberto Fernando Sandoval Corredor,402380152,F,37,,2,Casado,Posgrado,Empleado,2285000.0,489,2,06/10/2017,Asesor comercial
CLI-05197,Orlando Orozco Rico,740575680,M,56,Bogotá,4,Unión libre,Técnico,Empresario,12330000.0,699,3,,CORREDOR
CLI-02163,Astrid Alejandra Duque Polo,421388335,M,37,Bogotá,3,Unión libre,Profesional,Empleado,3647000.0,631,0,2017-04-20,Agencia
CLI-02575,Ana Guerrero,1022365733,F,21,medellín,6,Unión libre,Profesional,Empleado,7498000.0,728,0,2019/06/26,Asesor comercial
CLI-03450,Luis Hernan Guerra Herrera,46054430,F,40,Cartagena de Indias,3,Casado,TÉCNICO,Independiente,5069000.0,610,3,2024/03/04,Bancaseguros
CLI-04124,Amanda Estella Pacheco Ortega  ,577712886,M,44,Bucaramanga,3,Casado,Tecnico,,1913000.0,634,1,23/02/2023,Agencia
CLI-00651,VIVIANA PEREZ,1195378238,M,34, Bogotá ,2,Unión libre,Bachiller,Independiente,2294000.0,668,4,2021-05-03,Asesor comercial
CLI-02595, María Marta Rodríguez Ramírez ,1656351109,M,57,Bogotá,1,Casado,Bachiller,Empleado,947000.0,454,1,2022/04/24,Agencia
CLI-03418,Pedro Jhon Ríos Parra,695703853,F,36,Bogotá,4,Casado,Posgrado,Independiente,7548000.0,661,2,17/04/2018,Agencia
CLI-01431,Yenifer Restrepo,789807583,F,42,Pereira,5,Casado,Profesional,Empleado,,786,1,2020-01-25,Bancaseguros
CLI-03736,  Néstor Bedoya,185190576,F,46,manizales,5,Unión libre,Profesional,Independiente,7158000.0,668,1,18/04/2018,agencia
CLI-00962,Samuel Miguel Mosquera,1230604203,M,31,Cali,3,Viudo,  Profesional,Empleado,4188000.0,538,1,2023-01-18,Corredor
CLI-00121,Jhon Solano Monroy,495807014,F,26,B/quilla  ,3, Soltero ,Profesional,Independiente,3188000.0,,1,11/06/2017,Asesor comercial
CLI-02221,Luz Vélez Sánchez,1848717866,M,38,Cúcuta,3,Unión libre,PROFESIONAL,Independiente,4333000.0,655,1,2018-05-17,Bancaseguros
CLI-03655,María Martínez,643683861,M,41,Bogotá,3,Divorciado,PROFESIONAL,Empleado,7916000.0,727,0,11/02/2017,Web
CLI-02407,Olga Vargas,425608125,F,18,Barranquilla,2,Viudo,Técnico,Estudiante,557000.0,560,0,,CORREDOR
CLI-05049,Mabel Osorio,1229234751,M,24,Medellin,1,Unión libre,Técnico,Empleado,$1.838.000,715,1,2024-01-22,Asesor comercial
CLI-01729,Humberto Álvarez,73088453,M,35,Cali,3, Viudo ,Bachiller,Empleado  ,5081000.0,664,1,,Bancaseguros
CLI-00943,Myriam Margarita Bermúdez,1581185856,M,39,BARRANQUILLA,2,Soltero,Bachiller,Empleado,1680000.0,622,2,06/09/2024,Bancaseguros
CLI-03005,RUBIELA ZULUAGA QUINTERO,1246440581,M,28,Bogota,1,Casado,Profesional,Empleado,1438000.0,598,1,2018/10/07,ASESOR COMERCIAL
CLI-03041,camila zapata,144484056,M,27,Bogotá  ,3,Divorciado,Profesional,Empleado,3601000.0,698,2,,Corredor
CLI-04622,  José Diego Cortés Pabón,193812650,F,40,Manizales,4,Soltero,Profesional,Empresario,17358000.0,879,1,31/05/2021,Agencia
CLI-05110,Tatiana Elena Muñoz Jaramillo,264432870,F,53,Bogotá  ,5,Casado,Posgrado,Empleado,9042000.0,711,2,2019-07-06,Bancaseguros
CLI-02777,Yuliana Marina González,1889100424,F,19,Medellín,1,Casado,Técnico,Independiente,1890000.0,567,2,11/11/2022,Web
CLI-03744,Angélica Pérez,667814207,F,51,Bogotá,1,Viudo,Técnico,Empleado,979000.0,634,1,2020-06-06,Asesor comercial
CLI-00126,Nelson Villa Villegas,835459315,F,29,  Bogotá,2,Viudo,Profesional,  Empresario,3823000.0,669,0,2022-07-01,Web
CLI-04791,Wilmer Miguel Suárez Parra,1094298416,F,58,Cali,2,Soltero,Bachiller,Empleado,2835000.0,640,1,17/08/2018,Bancaseguros
CLI-01108,Carmen Yolanda Ramírez,1122226125,M,54,Santa Marta,1,Unión libre,Posgrado  ,Empleado,2590000.0,687,1,2021-09-07,Asesor comercial
CLI-02986,ALEJANDRO HENAO LEAL,1050347609,M,58,Barranquilla,3,Union libre,Posgrado,Empleado,2916000.0,643,0,2023-03-01,ASESOR COMERCIAL
CLI-00660,Esther Luz Sierra Vega,465510058,M,-5,Cali,2,Soltero,posgrado,Empleado,2116000.0,618,2,2024-02-21,Corredor
CLI-00701,Gustavo  Galvis  Ruiz,1448777128,M  ,43,  Medellín,6,Casado,Bachiller,,23822000.0,642,0,2019-09-29,Asesor comercial
CLI-02529,Arnulfo Leonel Arrieta,1292115157,F,,Santa Marta,5,Viudo,Técnico,Independiente,10784000.0,817,1,15/11/2022,WEB
CLI-03671,Beatriz Franco Soto,46508762,M,46,bogotá,2,Casado,Posgrado,Independiente,,710,2,,Web
CLI-01425,María Ortega,1681672292,M,60,Bogotá,3,Casado,Técnico,Pensionado,2349000.0,532,3,31/01/2024,Asesor comercial
CLI-01909,Jairo Garcia Pedraza,725756452,F,46,Santa Marta,6,Unión libre,Profesional,Independiente,13703000.0,845,4,2023/05/06,Bancaseguros
CLI-04400,Marta Yolanda Camargo Leal,1774747124,F,24,medellín,2,Soltero,Bachiller,EMPLEADO,2354000.0,627,0,2019-10-24,Bancaseguros
CLI-03379,Alexandra Viviana Quiroz,482967836, M ,45,Medellín,1,Casado,Profesional,Empleado,1340000.0,627,0,2024/03/18,Agencia
CLI-01607,Felipe Camilo Sepúlveda Becerra,1571247200,F,,Bogotá,4,SOLTERO,profesional,Independiente,4648000.0,585,2,30/09/2018,Agencia
CLI-02028,Luis  Edgar  Bohórquez  Montenegro,252948166,M,39,  Bogotá,4,Soltero,BACHILLER,Independiente,3670000.0,687,3,2017-10-14,Corredor
CLI-03992,LUISA OFELIA GARCÍA FORERO,820488876,M,19,Manizales,1,Soltero,Bachiller,Empleado,1793000.0,474,0,2021-06-09,Asesor comercial
CLI-00484,Alexandra Ana Valencia Guzmán,381263620,M,62,Manizales,4, Soltero ,Bachiller,Pensionado,4923000.0,619,1,04/11/2020,Web
CLI-03492,Jhon Guerra,1321447765,M,28,medellín,2,Casado,Profesional,Empleado,3436000.0,692,0,2024-12-13,Bancaseguros
CLI-04800,  Humberto Rodríguez,1002077622,F,27,Bogotá,3,casado,Profesional,Empresario,5506000.0,611,1,2022/04/15,Web
CLI-04723,Johanna Johana Carvajal Jaramillo,990244305,M,25,Bogotá,3,Divorciado,POSGRADO,Empleado,2123000.0,739,0,2021/02/19,Corredor
CLI-00036,María Olga García,637939856,M,41,Cúcuta,2,Divorciado,Posgrado,Pensionado,1368000.0,678,1,2024-03-29,Asesor comercial
CLI-03837,Flor Mena Sanabria,937427294,F,48,BOGOTA DC,1,Soltero,TÉCNICO,Pensionado,830000.0,689,0,2024-09-21,corredor
CLI-01417,Isabel González,893342903,F,40,Cúcuta,3,Soltero,Bachiller,,3487000.0,603,2,05/01/2022,ASESOR COMERCIAL
CLI-02783,Sara Navarro,134833402,F,54,Manizales,3,Soltero,Técnico,Independiente,1758000.0,472,1,2019-10-06,Asesor comercial
CLI-03028,Cristina Alexandra Martinez Beltran,711766058,F,40,  Bogotá,2,Soltero,Posgrado,Empresario,5002000.0,657,2,03/10/2017,Asesor comercial
CLI-00098,Jaime Ramírez,886758580,M,68,Barranquilla,2,Casado,Posgrado,Pensionado,1650000.0,725,1,2020-10-06,Bancaseguros
CLI-00483,Cristian Manuel Alarcón González,244004441,F,24,Pereira,2,Divorciado,Técnico,INDEPENDIENTE,2769000.0,659,0,14/05/2020,Bancaseguros
CLI-00049,Paola Diana Cardona,358378542,F,60,Bogotá,3,Casado,Profesional,Empleado,4372000.0,769,0,13/07/2018,Agencia
CLI-02853,Miguel Sebastián Ocampo Ruiz,1179641513,F,64,Bogotá,2,Casado,Posgrado,Pensionado,$1.745.000,570,1,2021-03-22,Corredor
CLI-03866,Alfonso Argemiro Santos,241943440,M,56,Barranquilla,3,  Casado,Técnico,Empresario,7739000.0,640,0,2023-05-28,  Asesor comercial
CLI-00684,David Vargas Ceballos,392811478,M,72,Bogotá  ,3,CASADO,Profesional,Empleado,3147000.0,676,0,29/02/2020,Asesor comercial
CLI-00726,Jhon Juan Ruiz,693467796,M,50,Medellín,3,Casado,Posgrado,Independiente,1438000.0,538,2,2022-09-21,Bancaseguros
CLI-02431,Fernanda Irma Jiménez Gómez,1531386531,fem,31,MEDELLÍN,3,Divorciado,  Bachiller,Independiente,4809000.0,569,0,2024-02-06, Bancaseguros 
CLI-01978,Adriana María Cáceres,522213191,Femenino,53,medellín,4,Casado,Profesional,Empleado,5338000.0,772,0,16/11/2021,Asesor comercial
CLI-01662,Luis Melo Pérez,498034555,F,33,Cartagena,3,Soltero,Posgrado,Pensionado,$3.808.000,668,3,2018-01-22,Bancaseguros
CLI-00134,Diana María Sánchez Hernández,1090206276,M,46,Bogotá,3,Soltero,Posgrado,Independiente,2901000.0,,1,2024-05-26,Asesor comercial
CLI-03144,Tulio Dario Díaz,311062941,M,25,Medellín,4,Unión libre,Técnico,Empleado,3961000.0,624,2,2019-11-07,bancaseguros
CLI-00163, Yurany Cortés ,1188234314,M,39,Cartagena,2,Casado,Profesional,Empleado,1789000.0,665,1,2017/10/16,Agencia
CLI-00446,Ricardo Ramírez,1609103352,F,31,Bogotá,1,Unión libre,Técnico,Pensionado,1318000.0,512,0,14/12/2019,Asesor comercial
CLI-03959,Patricia Ruby Contreras Garcés,799600982,M,64,Bogotá,3,Soltero,Profesional,Pensionado,1424000.0,562,1,2017-12-21,Asesor comercial
CLI-01797,Víctor Evelio Toro,1177069316,F,39,Pereira,3,Divorciado,Posgrado,INDEPENDIENTE,,657,0,2020/03/16,Agencia
CLI-00723,Isabel Patricia Ramírez,1502985624,M,46,Medellín,2,UNIÓN LIBRE,Posgrado,Independiente,1649000.0,553,2,04/09/2018,Bancaseguros
CLI-04008,Luis Granados,4024309,M,36,Cúcuta,2,Divorciado,Posgrado,Independiente,1743000.0,500,0,08/10/2022,AGENCIA
CLI-01772,Andrés Sebastián Ruiz Fernández,989628150,F,18,Bucaramanga,4,  Divorciado,Profesional,independiente,5614000.0,565,0,2022/05/20,Corredor
CLI-00264,Elizabeth María Ortiz Hernández,350174492,M,43,Bogotá,1,Viudo,Bachiller,Empleado,1902000.0,537,2,2024-06-30,Agencia
CLI-03948,Judith Rosa Bolaños Camargo,1497700874,Masculino,56,BOGOTÁ,2,Soltero,Bachiller,Empleado,2178000.0,674,0,2022-10-18,WEB
CLI-01755,Jesús Eduardo Jiménez,788598315,M,44, Bucaramanga ,3,Soltero,Profesional,Empleado,2129000.0,687,0,2018-01-14,Corredor
CLI-04269,  Ángela Romero Díaz,1869320323,F,39,MEDELLÍN,3,unión libre,Posgrado,Pensionado,2707000.0,687,2,2023-08-30,Bancaseguros
CLI-01690,Ana Ana Narváez,20154940,M,65,Bogotá,4,  Casado,Posgrado, Pensionado ,4355000.0,736,1,2020-11-26, Asesor comercial 
CLI-04515,Clemencia Reyes Pineda,855606786,M,32,Pereira,2,CASADO,Técnico,Empresario,2035000.0,691,1,2021-03-06,Agencia
CLI-04640,Carlos Hurtado,1827416350,M,18,Bogotá,4,Soltero,Profesional,Empleado,9723000.0,745,0,2018-06-19,Corredor
CLI-03576,Adriana Herrera,1598411037,M,41,Medellin,2,Soltero,Profesional,Empresario,6799000.0,818,4,2021/06/07,Agencia
CLI-01391,  Fernanda Mariana Riascos Buitrago,146374067,F,-5,Cúcuta,3,  Soltero,  Profesional,INDEPENDIENTE,2374000.0,688,4,30/09/2022,Asesor comercial
CLI-01968,Diego Juan Mendoza  ,109527025,Femenino,35,  Medellín,2,Divorciado,Bachiller,Empleado,2348000.0,542,1,2022-07-30,Bancaseguros
CLI-03217,Claudia Luna,655790126,M,43,Cali,1,Unión libre,Profesional,EMPLEADO,1377000.0,615,0,02/03/2021,Web
CLI-01121,María Sánchez Jiménez,374167424,F  ,48,Bucaramanga,2,Soltero,Posgrado,Empleado,2314000.0,756,2,,Corredor
CLI-01070,Fernando Marín Alvarado,241939291,M,34,Bogotá,2,Unión libre,Bachiller,Empleado,2228000.0,647,1,23/08/2019,Agencia
CLI-02535,Felipe Ángel Moreno,975629214,F,36,Bogotá,4,Casado  , Bachiller ,Empleado,4198000.0,678,4,2020-09-28,Agencia
CLI-03011,Henry Montoya,687578169,M,49,Cartagena,5,Soltero,Profesional,Empresario,20922000.0,797,0,2017-03-30,Asesor comercial
CLI-04219,Wilson Soto,362850897,F,46,Medellín,2,Viudo,  Posgrado,Empresario,2456000.0,560,2,10/04/2022,Web
CLI-03395,Wilmar Luis Muñoz Torres,1763575246,F,34,Santa Marta,1,Casado,Técnico,Independiente,$715.000,454,0,17/09/2020,Web
CLI-01364,Marina Rincón Oviedo,1411246376,M,49,Manizales,5,Soltero,Profesional,Independiente,7990000.0,680,3,2022/07/27,Asesor comercial
CLI-04653,Wilson Alberto Pérez,23438324,M,71,Medellín,2,Casado,Bachiller,Pensionado,3207000.0,640,3,2017-09-22,BANCASEGUROS
CLI-00959,Rubén Agustín Pérez,1318533199,F,33,Cartagena,5,Casado,Bachiller,INDEPENDIENTE,5155000.0,697,3,2023-06-17,Bancaseguros
CLI-02140,Judith Tatiana Díaz,98116569,F,21,Bogotá,3,casado,Bachiller,Pensionado,2102000.0,576,0,31/05/2019,Corredor
CLI-04467,Luis Alexis Ramírez,1418234702,M,,,1,Casado,Técnico,Independiente,$1.701.000,531,0,2024-08-20,Asesor comercial
CLI-02796,Liliana Alba Rivera Núñez,468622996,F,41,Bogotá,4,  Casado,Profesional,  Empleado,3873000.0,599,0,2022-12-27,Bancaseguros
CLI-00246,Leidy Natalia Barbosa Valencia,1084697356,F,32,Bogotá,4, Casado ,Profesional,Empleado,5585000.0,761,3,2022/01/08,Agencia
CLI-01846,María Palacios Palacio,645120613,F,38,Cúcuta,2,Soltero,Profesional,Independiente,,535,3,2018/01/26,Asesor comercial
CLI-04954,Alexander Alonso Alvarado,1154810974,F,45,Cúcuta,1,Casado,Profesional,Pensionado,2336000.0,738,1,2022-12-08,  Asesor comercial
CLI-04504,Vanessa Hernández Martínez,1347487398,M,27,Barranquilla,4, Soltero ,PROFESIONAL,Empleado,3516000.0,593,0,06/09/2017,Bancaseguros
CLI-01522,Beatriz Esther Morales,1197867729,F,28,Cartagena de Indias,3,Divorciado,  Profesional,Pensionado,2842000.0,672,2,2021-08-09,Corredor
CLI-04689,Marta Flor Herrera López,693845321,F,25,Bogotá,3,Casado,Bachiller,Estudiante,1264000.0,508,0,16/02/2018,Agencia
CLI-03962,  José Martínez,1456104160,M,28,Barranquilla,5,Viudo  ,Profesional,Pensionado,9744000.0,707,0,2020-10-02,Asesor comercial  
CLI-02866,César Ruiz,284951300,M,51,Medellín,2,Soltero,Profesional,Independiente,1405000.0,505,3,14/05/2022,Corredor
CLI-04092,Luz Fernández,1675792511,F,56,,6,Unión libre,Profesional,Empleado,15949000.0,732,2,2023/10/27,Asesor comercial
CLI-04690,Alba Adriana Guzmán,1466012766,F,37,Bucaramanga,2,Soltero,Posgrado,Independiente,2276000.0,642,0,13/04/2020,WEB
CLI-03240,María  Flor  Rodríguez  Franco,451398593,M,47,MEDELLIN,2,Casado,Bachiller,Empresario  ,2204000.0,536,5,05/05/2024,Bancaseguros
CLI-03185,Gladys  Verónica  Marín,1023386089,M,44,Bogotá D.C.,2,Casado,Profesional,Empresario,4912000.0,657,1,2023-12-12,Web
CLI-04064,Antonio Octavio Campo,24573168,F,48,Barranquilla,2,divorciado,Profesional,Independiente,4143000.0,701,0,2020/12/23,Bancaseguros
CLI-01375,Diego Barrera,118796123,F,45,Bogotá,4,UNION LIBRE,Bachiller,Empleado,4581000.0,,2,2019/03/02,Asesor comercial
CLI-00004,Blanca Becerra,1528176739,F,28,Medellín,4,SOLTERO,Técnico,Empleado,3097000.0,672,0,05/11/2023,Web
CLI-03010,Cecilia González Murillo,397038684,F,54,Cali,3,Soltero,profesional,Empleado,5110000.0,711,2,2021-05-15,Agencia
CLI-04946,Luz Vallejo Rivera,96698379,F,41,Bogotá,4,Soltero,Técnico,Pensionado,4368000.0,574,1,27/11/2019,Agencia
CLI-02328,Isabel Lara López,1249534438,M,77,Cartagena,3,Casado,Profesional,Pensionado,2635000.0,742,1,14/09/2024,Agencia
CLI-04344,Luz Caballero Rodríguez  ,309259414,M,30,BOGOTÁ,1,Casado,Bachiller,PENSIONADO,788000.0,554,0,2017/01/27, Agencia 
CLI-00866,Juan Diego Burgos,997210043,F,50,bogotá,1,Casado,Bachiller,Empresario,,664,3,25/11/2019,Asesor comercial
CLI-02343,Juan Rojas  ,1304123757,F,25,Bogotá,4,Casado,Profesional,Empleado,5302000.0,571,2,2022-11-07,BANCASEGUROS
CLI-00164,Yolanda Gallego López,802570155,M,52,Pereira,4,Divorciado,Profesional,Pensionado,3257000.0,617,1,2020-07-13,Bancaseguros
CLI-04789,Alfredo Mercado,591884932,M,43,B/quilla,4,Soltero, Bachiller ,Empleado  ,7743000.0,747,0,13/07/2019,Bancaseguros
CLI-05073, Juan Pérez Díaz ,623197647,M,47,  Cali,5,Soltero,Posgrado,Empleado,4721000.0,756,2,2018/07/09,Asesor comercial  
CLI-04177,Luz Cortés Duarte,530777898,F,50,Bogota,3,Soltero,Posgrado,Independiente,1790000.0,578,4,26/02/2017,Agencia
CLI-02085,Damián Benavides,574241157,F,44,Bta,2, Divorciado ,Técnico  ,Empleado,3845000.0,729,1,21/01/2019,Agencia
CLI-03070,Hugo Bermúdez,220929107,M,40,Cali,4,Casado,Técnico,Empresario,9203000.0,813,3,2021-08-06,Asesor  comercial
CLI-01844,Cristina Agudelo Jiménez,343600003,F,59,Cali,3,Soltero,Profesional,Independiente,$2.917.000,654,0,2019-10-06,Corredor
CLI-03387,Johan Silva Ruiz,190556240,F,38,Medellín,3,Casado,Profesional,Empleado,3688000.0,661,1,2023-06-02, Agencia 
CLI-01530,Patricia Alejandra Vega,385121915,M,39,Barranquilla,4,Casado, Bachiller ,Independiente,5932000.0,716,1,2020-01-12,Bancaseguros
CLI-01129,Luz Alexandra Perea Navarro,849133530,F,20,Bogotá,2,Unión libre,Profesional,Empresario,3936000.0,522,2,2021-10-14,Agencia
CLI-04813,elena yanet pineda palacio,1489104624,F,31,Bogotá,2,Casado  ,Profesional,Empleado,2265000.0,492,2,2022/09/17,Agencia
CLI-03921,Juan Leonardo Medina,733952413,M,20,Bogotá,2, Soltero ,Bachiller,Independiente,1590000.0,469,1,2020-08-11,Asesor comercial
CLI-05195,Bernardo Andrés Rodríguez Cano,217577034,F,35,Cali,2,Divorciado,profesional,Empleado,2424000.0,601,3,2022-01-18,Asesor comercial
CLI-04675,Mariana Velásquez Romero,1528037359,F,61,  Cali,5,Casado,Profesional,Pensionado,6906000.0,737,1,2023/04/05,corredor
CLI-00464,Juan Omar Bohórquez Gutiérrez,678441687,M,43,Bta,1,Soltero,Profesional,Empleado,1619000.0,567,3,13/06/2021,Corredor
CLI-05013,Ana Alexandra Pinto,597695596,M,29,BOGOTA,4,Soltero,Bachiller,Empleado,5500000.0,793,0,2020-09-01,Asesor comercial
CLI-02380,Andrés José Rojas Figueroa,1369663874,F,60,MEDELLÍN,2,Casado,Bachiller,Pensionado,1177000.0,641,0,2024-09-19,  Asesor comercial
CLI-00188,Leidy Adriana Ruiz,900650200,M,28,,2,Soltero,Profesional,Empleado,2405000.0,574,2,2020-10-31,Web
CLI-00996,Arley Calderón Díaz,307021451,M,,MEDELLIN,2,Soltero,Técnico,Empleado,1947000.0,487,1,2023-12-03,Agencia
CLI-00676,Claudia Osorio,298343347,M,56,Cali,2,Casado,Profesional,Empleado,1417000.0,730,3,2022/07/04,Agencia
CLI-00298,María Suárez  ,1238051404,F,42,Bucaramanga  ,3,Unión libre,Profesional,Empresario,6961000.0,507,1,,Web
CLI-03137,Milena Lopez Londono,809784328,F,28,Manizales,3,Divorciado,Posgrado,Empleado,2772000.0,613,2,2022-08-16,Agencia
CLI-02622,Carolina Amanda Álvarez Peña,505494448,F,,Bogotá,4,Unión libre,Técnico,Empleado,4889000.0,525,2,2023/10/02,Asesor comercial
CLI-04721,Alberto Andrés Herrera Benavides,484330043,M,41,Cali,5,Soltero,Posgrado,Independiente,6367000.0,677,1,2022-09-12,Bancaseguros
CLI-03209,Kevin Jaime Escobar Valencia,1006275122,M,52, Bogotá ,4,Unión  libre,PROFESIONAL,,3176000.0,598,0,2023-12-31,Asesor  comercial
CLI-00529,Horacio Armando Rincón Pérez,1271135346,F,25,medellín,2,Soltero,posgrado,Empresario,5585000.0,721,1,2019-04-27,Agencia
CLI-02694,Wilfrido Víctor Rincón Ortega,1463525778,F,57,Medellín,1,Unión libre,profesional,Pensionado,2426000.0,698,0,2019/08/14,Agencia
CLI-02329,Elkin Jefferson Rojas López,928861919,F,37,Bogotá,3,Soltero,Posgrado,EMPLEADO,3573000.0,708,0,2022-05-28,AGENCIA
CLI-03776,Kelly Marcela Medina,194397750,F,26,  Cúcuta,3,Casado,Profesional,Empleado,1801000.0,590,0,2017-06-23,Bancaseguros
CLI-05022,Luisa Vergara  ,1038738718,F,80,Medellín (Antioquia),6,Casado,Posgrado,Pensionado,11635000.0,682,1,2018/02/09,Web
CLI-04034,Inés Ana Quintero,1696814637,F,48,Cartagena,5,Unión libre,Técnico,empresario,8886000.0,750,2,2022/01/13, Agencia 
CLI-02632,Tatiana Dary Gómez,1544377254,fem,34,Cartagena,4,Casado,Profesional,Pensionado,4470000.0,686,0,2020-01-31,AGENCIA
CLI-03975,Yurany Dayana Restrepo,1647272763,M,37,Bogotá  ,4,Casado,Posgrado,Empleado,6621000.0,830,1,2022/05/11,Web  
CLI-04757,Luis Becerra,1059468820,M,39,BOGOTÁ,6,Casado,Bachiller,Empleado,9892000.0,700,4,2022/08/19,CORREDOR
CLI-03970,María María Vallejo  ,132094872,M,52,  Bogotá,3,casado,Técnico,Empleado,1738000.0,573,2,2018-05-22,Asesor comercial
CLI-00230,Fernando Ospina Duque,373929107,M,43,,4,Casado,Bachiller,Empleado  ,7853000.0,681,1,2019-07-23,Web
CLI-00203,Yohana Castro Angulo,669351800,F,67,Bogotá,1,Soltero,Posgrado,Pensionado,1940000.0,511,1,2024/10/01,Agencia
CLI-03381,Cindy Prada Castro,1302593503,M,34,Bogotá,1,Unión libre,Bachiller,INDEPENDIENTE,2599000.0,643,3,2024-03-26,Asesor comercial
CLI-02355,Alexandra Paula Carrillo,496539532,M,59,medellín,3,Divorciado  ,Bachiller,Independiente,,685,3,2019-09-27,Web
CLI-03257,José Salcedo,1285118413,Masculino,62,Medellín,2,Casado,Profesional,PENSIONADO,3261000.0,536,0,2022-12-02,corredor
CLI-00435,Orlando Palacios,1781882538,M,41,,3,Soltero,  Profesional,Empleado,2190000.0,721,1,2023-09-17,Asesor comercial
CLI-02418,Duván Duarte,121742386,F  ,27,Bogotá,6,Soltero,Profesional,Empleado,10766000.0,826,0,25/07/2023,Corredor
CLI-01606,Marcela García,524330390,M,23,Cartagena,3,SOLTERO,Bachiller,Independiente,4047000.0,592,2,13/05/2024,Agencia
CLI-05141,Pedro Rubén Gómez,774759919,F,18,Manizales,2,Unión libre, Técnico ,Empleado,1874000.0,660,2,2019/12/06,Agencia
CLI-00409,María Núñez,1673564835,M,51,Cúcuta,2,Viudo,Bachiller,Independiente,2068000.0,618,1,2019-10-08,Corredor
CLI-01492,gloria martínez morales,1024313578,F,36,Bogotá,4,Soltero,Técnico,Empresario,16495000.0,728,1,2024-12-10,Agencia
CLI-05030,Javier Geovanny González,1791546066,M,43,Barranquilla,4,Casado,Posgrado,Empleado,7009000.0,698,1,05/07/2019,Agencia
CLI-03258,Alberto Abel Giraldo  ,1613832212,M,58,Pereira,4,Casado,Profesional,Independiente,5691000.0,643,1,03/04/2018,Web
CLI-05129,Patricia Acosta,56114784,F,31,  Cali,2,Soltero,Técnico,Independiente,1619000.0,613,2,24/06/2018,Asesor comercial
CLI-03872,María Meneses,58869353,M,36,Medellín,6,Unión libre,  Profesional,EMPRESARIO,16554000.0,672,2,2024/02/05, Corredor 
CLI-02227,Felipe  Camargo,1740940329,F,39,Pereira,2,Divorciado,Profesional,Empleado,$1.416.000,736,2,07/09/2022,CORREDOR
CLI-04307,Marcela Sepúlveda,408702937,F,42,Pereira,2,Unión libre,PROFESIONAL,Empleado,2343000.0,536,1,05/03/2022, Asesor comercial 
CLI-00020,Alberto César Loaiza,1130979235,F,55,Manizales,3,Unión libre,Profesional,Empleado  ,1913000.0,603,1,03/04/2024,Corredor
CLI-01046,María Vera Acosta,1227978709,M,53,Medellín  ,6,Soltero,Bachiller,Empleado,13029000.0,613,1,2023/12/27,Agencia
CLI-00777,Luz Uribe Pérez,475760441,F,22,Bucaramanga,4,Soltero,Bachiller,Empleado,3595000.0,594,1,2021-02-22,Corredor
CLI-04122, Isabel Muñoz Camacho ,1748347026,F,69,Bucaramanga,6,Unión libre,Posgrado,Pensionado,15745000.0,808,0,2024/01/09,Bancaseguros
CLI-01320,Martín  David  Sierra  Peña,1004719003,F,56,Bogotá,4,Divorciado,BACHILLER,Empleado,5114000.0,528,1,04/09/2021,Bancaseguros
CLI-02573,María Laura Castrillón,108118846,F,18,Medellín,5,Casado, Bachiller ,Empleado,10296000.0,570,2,2019-05-13,AGENCIA
CLI-03647,helena zambrano,1778811826,M,37,CALI,2,Casado,TÉCNICO,Independiente,2185000.0,647,1,27/01/2021,Bancaseguros
CLI-02117,Eliana Jaramillo,606810743,M,0,Bogotá,1,Unión libre,Técnico,Estudiante,916000.0,651,0,2024-12-06,Asesor comercial
CLI-04322,Fernando Carlos Duarte,1468545095,F,32,Medellín,1,Soltero,Tecnico,Independiente,,537,0,2023-05-14,Bancaseguros
CLI-02248,Milena Sánchez,136524127,F,58,Bogotá,3,Casado,Posgrado,Independiente,4273000.0,613,0,2017-04-03,Agencia
CLI-04091,Neider Rodríguez Rentería,889492855,M,36,Bogotá,2,Casado,Profesional,Empleado,1795000.0,621,2,2019-12-01,Agencia
CLI-00883,Jessica Mercado,372947463,F,57,Bogotá,2,Casado,Profesional,,,712,1,2022-05-03,Bancaseguros
CLI-01764,Yina Naranjo,347796972,M,64,Bogotá,3,SOLTERO,Profesional,Pensionado,,725,1,2019/04/23,Web
CLI-02185,Maribel Pacheco Díaz,667038588,F,56,  Medellín,4,Divorciado,Profesional,Empleado,$5.492.000,790,2,2019/03/07,Bancaseguros
CLI-02784,Fernando Carvajal,39001138,M,27,Cúcuta,1,UNIÓN LIBRE, Bachiller ,Empleado,2139000.0,503,2,31/05/2024,Bancaseguros
CLI-01219,Cristina Jaimes López,1841497213, F ,18,  Medellín,4,Soltero,Bachiller,Empresario,9774000.0,725,2,11/07/2020,Agencia
CLI-02557,ROSA JIMÉNEZ SÁNCHEZ,1704601963,M,35,Medellín,2,Soltero,Profesional,Empleado,3953000.0,475,3,15/11/2020,CORREDOR
CLI-03062,CLAUDIA ROSA MORENO,515224113,masc,47,Bogotá,6,Soltero,profesional,Independiente  ,0.0,679,2,2019-07-09,Web
CLI-02851,Victoria Irma Fajardo Hernández,111408845,M,31,Bogotá,4,Unión libre,Posgrado,Empleado,5176000.0,765,0,2022/10/26,Bancaseguros
CLI-01462,Nelly Mantilla,1386719337,F,38,Bogotá,2,Casado,  Profesional,Empleado,3292000.0,631,2,11/04/2019,Asesor comercial
CLI-01357,Liliana Cabrera Jaimes,1600511864,F,,Cartagena de Indias  ,1,Unión  libre,Posgrado,Pensionado,,664,2,07/12/2019,Asesor comercial
CLI-01335,Manuela Isabel Hernandez,1796281703,F,42,Bogota,3,Unión libre,Profesional,Independiente,,586,3,2020-06-12,Web
CLI-04799,Esmeralda Leidy García Restrepo,301258401,F,18,medellin,6,Soltero,Bachiller,Empleado,9744000.0,729,0,2018-03-12,Agencia
CLI-00007,Enrique Sánchez Yepes,690693841,F,38,Manizales,2,Soltero  ,Profesional,Empleado,1300000.0,509,3,2024/03/17,Agencia
CLI-03827,  Cecilia Escobar Zapata,161267203,M,48,Bogotá,3,UNION LIBRE,Bachiller,Empleado,4361000.0,598,0,05/09/2024,Bancaseguros
CLI-03484,Hernán Rojas,1549151871,F,54,,3,Soltero,Profesional,,3548000.0,474,1,2019-08-10,Agencia
CLI-04311, Jaime Arias Sepúlveda ,106317410,F,32,Medellín,2,Soltero,Técnico,Pensionado,2113000.0,610,2,2023/11/22,Agencia  
CLI-05115,Teresa Janneth Rodríguez,1461605117,M,76,Bucaramanga,1,Casado,Bachiller,Pensionado,$1.056.000,721,1,2021-04-05,Asesor comercial
CLI-02290,Sandra Gonzáles,493436101,M,35,Bogotá,1,DIVORCIADO,  Profesional,Empresario,3319000.0,864,1,2017-07-21,Web
CLI-00815,RAMIRO FERNANDO AMAYA,487946929,M,63,Bogotá D.C.,2,Viudo,Posgrado,Pensionado,2989000.0,746,0,2024-01-08,Web
CLI-00328,Claudia Murillo Hernández,1038060495,F,44,Bogotá,2,Divorciado,Profesional,Independiente,1879000.0,553,0,INVALID_DATE,Agencia
CLI-00705,Ciro Alberto Álvarez,1144488396,M,21,Bogotá,3,Soltero,Bachiller,Pensionado,5949000.0,616,1,2017/11/21,Asesor  comercial
CLI-02962,Cristian Adolfo Londono,606158534,F,45,Bogotá,3,Soltero,Profesional,Empleado,4201000.0,530,0,2017-09-10,WEB
CLI-02229,Angie Pérez,1011915502,M,35,Medellín,2,Casado,Profesional,Independiente,3031000.0,622,2,2017-10-23,Web
CLI-02391,Manuel Martínez,1675332405,F,52, Medellín ,4,Soltero,Técnico,Empleado,3332000.0,,4,2017/08/09,Agencia
CLI-00510,Moisés Fredy Serna,151464380,M,34,Manizales,5,Viudo,Bachiller,Empleado,11938000.0,899,0,25/09/2017,Asesor comercial
CLI-05067,LEONARDO STIVEN MOSQUERA,171218966,F,35,Bogotá,2,Casado,Profesional,Independiente,4132000.0,556,2,2017-03-14,Corredor
CLI-01403,javier rodríguez,1015620272,F,38,,3,Divorciado,Profesional,Empresario,7579000.0,631,2,2017-11-24,agencia
CLI-05059,tatiana paola figueroa,1708269,F,47,Cali  ,2,Soltero,Posgrado,Empleado,2500000.0,779,0,07/12/2017,Agencia
CLI-02985,Antonio  Elías  Zapata,317237429,M,29,Bogotá,1,Divorciado,Técnico  ,Pensionado,$1.581.000,652,0,2021-12-29,Asesor comercial
CLI-00266,Rafael Luis Mora,1251232027,masc,43,Pereira,2,Soltero,Técnico,Empleado,1169000.0,563,5,2018-05-28,Web
CLI-03673,Estella Myriam Hernández Camargo,1574992873,M  ,18,BUCARAMANGA,3,DIVORCIADO,Profesional,Independiente,3436000.0,601,2,12/07/2024,Corredor
CLI-03522,Dora Gloria Cabrera Gutiérrez,1184979111,F,43,Cartagena,4,Unión libre,Profesional,Empleado,0.0,,1,2019-01-27,Asesor comercial
CLI-00719,EMILIO MEDINA GOMEZ,1193187246,F,46,Bucaramanga,3,Casado,Profesional,Pensionado,3616000.0,739,2,2017/04/20,Web
CLI-00396,María Alejandra Becerra,914988371,Masculino,47,MANIZALES,2,Unión libre,Bachiller,Independiente,1951000.0,654,1,2023-08-02,Asesor comercial
CLI-02657,DIANA POLO GONZALEZ,589342430,M,28,Medellín,3,Casado,Posgrado,Independiente,,645,3,10/05/2020,Web
CLI-02607,Jorge Alberto Pardo Angarita,271402144,F,18,  Cali,2,UNIÓN LIBRE,Posgrado,Pensionado,1244000.0,,0,24/08/2021,Web
CLI-01628,David Cardona,1089050675,M,28,Cartagena,3,Soltero,Bachiller,Empleado,4015000.0,612,2,07/12/2020,Asesor comercial
CLI-01986,Carmen Agudelo Angarita,943292563,F,49,Bogotá,2,Soltero,Profesional,Independiente,2827000.0,693,1,INVALID_DATE,Asesor comercial
CLI-03298,Carlos Andrés Quiroga Vargas,659019455,F,39,Pereira,2,Soltero,profesional,Independiente,3430000.0,690,0,,Agencia
CLI-01023,Natalia Gladys Mosquera Hoyos,864425150,F,40,Medellín,5,casado,Bachiller,Empleado,24142000.0,733,2,29/03/2024,Bancaseguros
CLI-02407,Olga Vargas,425608125,F,18,Barranquilla,2,Viudo,Técnico,Estudiante,557000.0,560,0,,CORREDOR
CLI-00835,Patricia Marina Osorio,1743771204,F,44, Medellín ,4,Unión libre  ,Profesional,Independiente,4378000.0,591,2,2023-04-27,Asesor comercial
CLI-01664, Milena Yenny Galvis ,753564841,M,,Barranquilla,4,Soltero,Profesional,EMPRESARIO,10828000.0,,0,05/03/2019,Asesor comercial
CLI-02345,  Edwin Ricardo Osorio,1276061250,F,39,santiago de cali,4,divorciado,Profesional,Empleado,6281000.0,708,1,2022-06-20,Web
CLI-02651,María Barrios Carvajal,514173805,F,60,SANTA MARTA,3,Soltero,Bachiller,Pensionado,3038000.0,635,2,17/06/2018,Asesor comercial
CLI-01253,MARÍA DIANA CASTRO ANGULO,1426895119,M,44,Medellin,5,Soltero,PROFESIONAL,Pensionado,5310000.0,9999,0,2023/09/26,Agencia
CLI-04538,Ana Melissa Mena Peña,147398086,F,58, Cartagena de Indias ,3,Unión libre,Profesional,Empleado,2282000.0,645,1,2023-05-11,Asesor comercial
CLI-01465,  Brayan Dairo Chaparro Sánchez,124630147,F,,,3,Soltero,Bachiller,  Empleado,2845000.0,619,1,2017-07-23,Web
CLI-04914, Consuelo Muñoz ,1331022470, F ,47,Cartagena,5,Unión libre,Bachiller,Empleado,7123000.0,709,1,26/03/2018,Web
CLI-01219,Cristina Jaimes López,1841497213, F ,18,  Medellín,4,Soltero,Bachiller,Empresario,9774000.0,725,2,11/07/2020,Agencia
CLI-01203,Ricardo Ávila,12178840,Femenino,18,Cali,4,Soltero,Posgrado,Pensionado,4200000.0,686,3,2017-04-03,CORREDOR
CLI-01073,MARCOS BERMÚDEZ,1271087419,M,58,Cúcuta,3,Soltero,Profesional,Independiente,3696000.0,595,2,2021-01-30,Asesor comercial
CLI-05102,Laura Aguirre,995077576,M,46,MEDELLIN,2,Soltero,Profesional,Empleado,,613,0,11/10/2023,Agencia
CLI-03722,Maribel Palacios,1713172965,F,47,BOGOTÁ,2,Divorciado,Profesional,Pensionado,3864000.0,530,3,,Asesor comercial
CLI-04096,Amalia Parra Ortiz,793323210,M,44,Bogotá,2,Unión libre,Profesional,Independiente,2094000.0,574,0,25/06/2023,Asesor comercial
CLI-03436,Johana Barrera,786952484,F,37,Cali,5,SOLTERO,Técnico,Empleado,6644000.0,663,3,2021-03-09,Corredor
CLI-04156,Mario Caballero Vega,1538332746,Masculino,67,Bogotá,4,Soltero,Profesional,Pensionado,5684000.0,684,1,2017-07-30, Bancaseguros 
CLI-01705,Jesús Alberto Gómez Rodríguez,515530880,M,41,Bogotá,5,Soltero,Profesional,Empleado,7054000.0,853,0,2024-07-15,Agencia
CLI-02974,Elvira María Corredor Castro,324122641,F,46,Medellín,3,Unión libre,Técnico,Empleado,2317000.0,738,1,25/04/2023,Asesor comercial
CLI-02019,Ricardo Amaya,1348801783,F,57,Pereira,3,Soltero,Posgrado,Independiente,3321000.0,712,1,2021/06/28,Bancaseguros
CLI-04411,Alejandro José Saavedra,1519487938,M,29,Bogotá,2,Soltero,Profesional,Pensionado,1486000.0,638,2,24/03/2020,Asesor comercial
CLI-04857,Luis Gómez Restrepo,1581972490,M,47,Manizales,2,Unión libre,Profesional,Empresario,2659000.0,732,1,,Corredor
CLI-01618,María María Velásquez Ávila,1451171648,F,35,  Bucaramanga,3, Casado ,Posgrado,Empleado,3198000.0,622,1,2021-08-24,Web
CLI-00899,Camilo  León  Aguirre,1610511132,M,41,Cartagena,3,soltero,Profesional,Empleado,3499000.0,630,4,11/09/2021,Asesor comercial
CLI-04625,María Betty Córdoba Díaz,250324351,M,59,Medellín,4,Divorciado,BACHILLER,Empleado,4143000.0,746,2,14/06/2020,Asesor comercial  
CLI-04438,Gustavo Felipe Gómez,620071400,M,35,Bogotá,4,Soltero,Bachiller,Independiente,4124000.0,702,1,07/04/2019,Asesor comercial
CLI-02874,Alonso Rodríguez Ballesteros,1025282962,masc,22, Bogotá ,2,Unión libre,Profesional,Empleado,3685000.0,736,1,30/05/2021,Asesor comercial
CLI-00306,Andrés Elkin Vargas,1157175985,M,32,Barranquilla,6,Soltero,Profesional,Empleado,22379000.0,659,0,2023-09-25,Asesor comercial
CLI-03640,Eliana Cecilia Pérez,506683988,F,33,Manizales,3,Soltero,Profesional,Empleado,3860000.0,653,1,2018-04-22,Corredor
CLI-00399,Carlos Néstor Caicedo,404190947,M,27,Cartagena,5,Soltero,POSGRADO,Independiente,$7.284.000,673,0,2017-10-18,Asesor comercial
CLI-04227,Marina Álvarez Alzate,137470231,F,40,Medellín,3,Divorciado,Profesional,Empleado,4716000.0,561,3,2018-08-15,Bancaseguros
CLI-03198,Alberto César Sánchez,579198757,M,56,Bogotá  ,3,Soltero,Profesional,Independiente,2374000.0,646,2,2023-04-13,Agencia
CLI-00040,Leider Bernal Mendoza,23751810,fem,51,Pereira,2,  Unión libre,Profesional,Pensionado,1995000.0,637,0,18/09/2022,Asesor comercial
CLI-03568,Antonio Zuluaga,1364760761,F,47,Bogotá,3,Casado,Profesional,INDEPENDIENTE,2252000.0,691,0,2019-03-08,Bancaseguros
CLI-04834,  Mabel Julieth Vargas,1822118114,F,36,Bucaramanga,3,Casado,Técnico,Empleado  ,3670000.0,573,0,2024/08/12,Bancaseguros
CLI-00391,Guillermo Iván Gutiérrez,1395671517,F,60,Bucaramanga,4,Soltero  ,Profesional,Pensionado,8372000.0,754,1,2018-11-11,Asesor comercial
CLI-05143,  Doris Aguirre Salas,142121130,M,43,CÚCUTA,1,Viudo,Profesional,Independiente,2334000.0,445,2,2017-11-19,Agencia
CLI-02970,Alberto Ardila,1822040472,M,,Santa Marta,1,Soltero,Técnico,Empleado,1083000.0,528,2,18/10/2017,Corredor
CLI-02710,William Joel Castañeda,585100822,F,38,BUCARAMANGA,3, Casado ,Profesional,Empleado,5932000.0,616,2,21/09/2023,ASESOR COMERCIAL
CLI-01586,Francisco Oswaldo Galeano,1342917110,fem,18,Barranquilla,5,Casado,Profesional,EMPRESARIO,16661000.0,882,1,2023/07/28,Agencia  
CLI-05142,Germán Fabián Ramírez Duarte,703472467,F,47,Cali,4,  Unión libre,Profesional,Empleado,6177000.0,640,0,29/12/2018,Web
CLI-00083,Edna Rodríguez Galvis,1788903036,F,18,Pereira,3,  Casado,Profesional,Empresario,8163000.0,661,2,2017/01/15,corredor
CLI-04613,Diego García,1206296871,F,56,CARTAGENA,2,Unión libre,Posgrado,Empleado,1875000.0,558,0,2024-11-26,Agencia
CLI-03156,Marcela Barragán,945819350,M,44,Santa Marta,3, Unión libre ,Técnico,Independiente,3415000.0,635,3,2018-07-27,Agencia
CLI-02020,Patricia Bautista,1361146433,M,24,Barranquilla,3,Casado,Posgrado,Empleado,2825000.0,686,1,2022-05-25,Web
CLI-01445,Daniel Arias,1758507236,M,51,Bogotá D.C.,3,Divorciado, Técnico ,Independiente,2977000.0,627,3,2023-07-25,Asesor comercial
CLI-02665,Ana Forero Ortega,783581040, F ,48,,3,Casado,Bachiller,Empleado,3689000.0,,1,2018-12-28,Web
CLI-01845,Beatriz Navarro,1779045832,M,23,Santa Marta,3,Divorciado,Técnico,Empleado,3366000.0,634,2,2024-07-10,Bancaseguros
CLI-03166, María Rosa Sánchez Meneses ,728847011,F,46,Bogotá,3,Soltero,Profesional,Independiente,3974000.0,726,0,2024-08-29,WEB
CLI-00751,Lucy Mary Padilla,1050219189,M,74,Bogotá,2,Unión libre,  Posgrado,Pensionado,1971000.0,715,1,2024-03-09,Bancaseguros
CLI-04703,María Juliana Henao,1803972316,M,18,Barranquilla,4,Divorciado,Bachiller,Empleado,$2.516.000,600,3,2023-04-01,Agencia
CLI-04774,  Diana Flórez,907635046,M,46,Cali,5,Casado,Profesional,Pensionado,5085000.0,623,1,2024/09/21,Asesor comercial
CLI-04755,Joan David Moreno  ,1267476037,F,52,Cali,4,Soltero,Posgrado,Empleado,5990000.0,636,0,,BANCASEGUROS
CLI-02891,Andrea Cristina Cruz Quintero,1193289701,M,49,CARTAGENA,3,Soltero,Bachiller,Empleado,2665000.0,663,1,2024-04-23,Bancaseguros
CLI-03764,Emilio Emilio Rodríguez,1360908122,M,,barranquilla,4,Casado,Posgrado,Independiente,3632000.0,606,1,2021/05/06,Web
CLI-03638,Mariela Torres Acevedo,796629147,M,31,PEREIRA,1,Soltero,Bachiller,Empleado,3407000.0,643,0,2018/08/14,Agencia
CLI-01165,Mery Ramos Ramírez,98361286,M,41,Pereira,3,DIVORCIADO,Posgrado,Empleado,2614000.0,,2,2023/09/15,Agencia
CLI-00111,Ligia  Sandra  Cifuentes,1881862600,M,41,Bogotá,4,SOLTERO,Posgrado,Empleado,9807000.0,715,4,2019/10/16,Web
CLI-02015,José Manuel Gómez,1205022411,M,19,Bogotá,5,Soltero,Técnico,Independiente,6419000.0,,0,2022-05-03,Web
CLI-01476,Ramón Andrés Padilla Marín,667211205,F,38,Cartagena,4,Casado,Posgrado,Empleado,7446000.0,618,1,2019/07/04,  Asesor comercial
CLI-04204,Carmen Gómez,171859788,fem,25,CALI,3,Soltero,  Profesional,Pensionado,,619,1,,Agencia
CLI-02024,Marina Edith Pérez,1592651290,M,57,Cali,5,Casado,Técnico,Independiente,6626000.0,741,2,08/05/2021,Agencia
CLI-03530, Gisela Ana Herrera ,566664723,F,64,  Bogotá,1, Soltero ,Profesional,Empleado,2354000.0,652,0,13/01/2020,Bancaseguros
CLI-00314,León John Sánchez,137091454,M,62,BARRANQUILLA,2,Casado,Profesional,Empleado,,600,1,2022/02/16,Asesor comercial
CLI-03327,Felipe Alfonso Vargas,380991562,M,49,Bucaramanga,3,CASADO,Profesional,Independiente,1969000.0,629,3,10/06/2023,Corredor
CLI-03343,Katherine Patricia Garzón Mercado,226628860,M,47,Medellín,3,Divorciado, Profesional , Independiente ,3527000.0,554,1,2022-10-13,Asesor comercial
CLI-00635,Yeison Zapata Ruiz,557218328,M,18,Bogotá,3,Unión libre,Posgrado,Empleado,3000000.0,743,3,2018-03-19,Web
CLI-03289,JESSICA ALEJANDRA BRAVO RANGEL,1010805029,M,41,Cali,1,Casado,Técnico,Empleado,1896000.0,645,1,2022/11/23,Asesor comercial
CLI-01254,Jesús Caicedo,1301809444,F,60,Barranquilla,1,Casado,Posgrado,Empleado,1152000.0,640,0,2021-05-11,ASESOR COMERCIAL
CLI-04148,Victoria Deicy Cruz Espinosa,806142216,F,38,Cartagena,2, Soltero ,Profesional,Empleado,1956000.0,603,2,2018-03-26,Asesor comercial
CLI-01005,María Alicia Rodríguez Guzmán,1786867272,F,18,CUCUTA,4,Casado,Profesional,Independiente,5467000.0,559,0,21/02/2017,Asesor comercial
CLI-02447,Claudia Luz Gutiérrez,1536089490,M,47,Santiago de Cali,6,SOLTERO,Bachiller,Empleado,,706,0,2017/07/31,Corredor
CLI-00770,Rosa Flórez Díaz,928966371,F,54,Bogotá D.C.,2,Viudo,Bachiller,Independiente,$2.769.000,756,0,2018-12-13,Asesor comercial
CLI-00432,César Gómez Hernández,504270055,F,43,Manizales,1,Divorciado,Bachiller,Independiente,,574,1,2017/09/15,Agencia
CLI-02998,Hernán Rodríguez Ospina,1258172572,M,69,Bogotá,2,Divorciado,Profesional,Pensionado,1992000.0,633,2,2019/11/10,Bancaseguros
CLI-02129,leandro carlos ramírez,1435604632,M,30,Bogotá,1,Unión libre,Profesional,Empresario,2709000.0,587,0,2023-09-12,Asesor comercial
CLI-02835,Patricia Jiménez Flórez,1894597188,F,38,CARTAGENA,4,Divorciado,Bachiller,Independiente,,684,2,2020/06/23,Asesor comercial
CLI-01169,Cecilia Stella Rodríguez Suárez,1620046789,F,57,Cali,1,Soltero,Bachiller,Empleado,1200000.0,591,1,2018-09-09,Agencia
CLI-02047,Ancizar Fabio Giraldo Silva,569364313,M,46,Medellin,2,Casado,Profesional,Independiente,1671000.0,583,0,INVALID_DATE,Corredor
CLI-04883,César Ramos,1614865839,F,18,,1,  Unión libre,Profesional,Pensionado,813000.0,616,0,2017/07/21,Corredor
CLI-00615,Iván Luis González Guevara,1581349636,M,36,  Cartagena de Indias,4,Casado,Profesional,Empleado,5106000.0,700,4,28/09/2022,Asesor comercial
CLI-00822,Jeison Fredy Palacios Meza,163129190,f,47,Bogotá,3,Soltero,Profesional,Independiente,2794000.0,699,1,07/01/2018,Asesor comercial
CLI-03559,Cindy María Montes,71062543,F,44,Medellín,3,Unión libre,Posgrado,Empresario,6123000.0,588,1,25/11/2023,Web
CLI-00616,Ángel Henry Ochoa,518456982,F,38,Cúcuta,2,Soltero,Profesional,Empleado,1179000.0,609,2,2022-08-13,Corredor
CLI-03639,Mercedes García Camargo,1391978746,F,57,Bucaramanga,4,Unión libre,Profesional  ,Empleado,6353000.0,659,0,2018-06-19,Agencia
CLI-02681,blanca liliana flórez ortega,196622029,F,44,Cartagena de Indias,4,Soltero,Profesional,Pensionado,6666000.0,652,1,2024/05/13, Asesor comercial 
CLI-04707,Eliana  Garzón,463410231,M,33,Bogotá,4,Soltero,Profesional,Empleado,3952000.0,684,1,2017-12-22,  Bancaseguros
CLI-00048,María Juliana Meneses,1756994696,M,-5,Pereira,4,Casado,Técnico,Empleado,5175000.0,688,1,31/10/2022,Asesor comercial
CLI-02510,Aleida Rodríguez  ,1245175574,F,50,Medellin,3,Viudo,Profesional,Empleado,3628000.0,734,1,,Bancaseguros
CLI-04035,Carlos Bejarano Mosquera,1273348309,M,52,  Cali,2,Soltero,Posgrado,Independiente,2119000.0,581,0,09/09/2020,Corredor
CLI-03984,Jair Naranjo,1848762218,M,53,Cúcuta,1,Soltero,Profesional,Empresario,2196000.0,555,1,23/08/2020,Asesor comercial
CLI-00794,Fernando Camilo Jaimes,222101892,M,43,Bogotá,4,divorciado,Profesional,Empleado,7056000.0,764,1,2018/11/21,Asesor comercial
CLI-03125,Luis Augusto Suárez Roa,5553098,M,19,BOGOTA,2,Unión libre,Técnico,  Estudiante,468000.0,637,0,2021-07-20,Corredor
CLI-00814,Daniela Claudia Castro,590477756,F,52,Medellín,5,Soltero,Bachiller,Empleado,5339000.0,734,1,2018-03-10,Web
CLI-02034,Fabián Rodríguez Martínez,873448749,M,28,Medellín,2, Soltero ,Profesional,Pensionado  ,1239000.0,659,1,01/09/2020,Asesor comercial
CLI-00364,Carlos Javier Quintero,707127117,M,41,Pereira,4,Soltero,Profesional,Empleado,$8.828.000,795,1,2024/09/19,Web
CLI-02589,Fernanda Isabel Cuéllar Álvarez,1893228085,  M,55,Cartagena,2,Unión libre,Posgrado,Independiente,2109000.0,610,1,27/10/2021,Web
CLI-04824,Rocío Córdoba,170605668,Femenino,24,Bogotá  ,4,Unión libre,Profesional,Empleado,,660,0,29/04/2024,Web
CLI-03360,Alberto Miguel Guzmán,382853928,F,51, Bogotá ,2,Casado,Bachiller,Empleado,2945000.0,706,1,2020-08-25,Asesor comercial
CLI-01069,Guillermo Calderón,1698645006,M,35,bogotá,4,Divorciado,Profesional,Independiente,3659000.0,612,0,2017/07/26,ASESOR COMERCIAL
CLI-01250,Mauricio Juan León Blanco,227588667,F,39,Bogotá,3,Viudo,Profesional,Empleado,1637000.0,505,1,2021-09-14,Web
CLI-00206,León  Daniel  Ramos  Quintero,777160785,M,28,Santa  Marta,4,Unión libre,Bachiller,Pensionado,5946000.0,714,1,2024-01-15,Corredor
CLI-03354,Reinaldo Pulido,134789276,M,42,  Cúcuta,6,Casado,Bachiller,EMPLEADO,$10.914.000,720,2,2020/06/15,Agencia
CLI-03318,Diana Olga Rodríguez,1115863165,M,47,Medellín,1,Casado,  Bachiller,Pensionado,809000.0,634,0,2021/12/20,Corredor
CLI-02903,Paula Herrera Silva,71978738,M,47,SANTA MARTA,1,DIVORCIADO,Profesional,Empleado,1757000.0,581,1,2024-02-03,Web
CLI-00592,Javier Luis Camargo Cárdenas,1386060815,M,33,Cali,4,SOLTERO,Profesional,Independiente,11445000.0,706,1,2022/11/11,Corredor
CLI-00250,Fredy Alfredo Monroy,195413888,M,67,Cartagena,3,Soltero,Bachiller,Pensionado,1690000.0,762,2,2023-10-22,Asesor comercial
CLI-01042,  Mario Alonso Ríos Gómez,280074591,F,35,Cali,4,Casado,Profesional,Pensionado,3389000.0,,2,2023-10-13,Web
CLI-00470,Andrea Yadira Triana Niño,1400177928,F,63,Cucuta,2,Unión libre,Profesional,Empleado,1803000.0,611,0,17/10/2019,  Asesor comercial
CLI-02680,Alejandro Felipe Suárez Ochoa,106997854,m,48,Medellín,3,Soltero,Posgrado,Empleado,3555000.0,598,1,2023/04/08,Asesor comercial
CLI-03739,Milena Constanza Murcia,426983672,F,35,Medellín,3,Soltero  ,Profesional,Empleado,2125000.0,544,2,2024/09/07,Bancaseguros
CLI-01524,Mauricio Eduardo Cruz,506195925,Femenino,52,,3,Soltero,Bachiller,Pensionado,2982000.0,685,1,24/08/2022, Asesor comercial 
CLI-02191,Carlos Pineda,1346684333,M,49,Barranquilla,4,Soltero,Bachiller,Empleado,,710,1,2021/08/24,Agencia
CLI-04887,Iván Erazo Sánchez,973553752,M,55,BOGOTA,3,Divorciado,Profesional,Pensionado,5015000.0,588,2,2018/06/02,Agencia
CLI-04790,Luis  Juan  Arévalo  Alfonso,1818988718,F,18,Bogotá,2,Divorciado  ,Profesional,Pensionado,1159000.0,687,0,25/01/2024,AGENCIA
CLI-04293, Judith Mary Galvis Galvis ,1679693309,M,58,Pereira,2,Unión libre,Posgrado,Empleado,1738000.0,640,1,,Asesor comercial
CLI-03009,ROBERTO MARLON TOVAR,1720860313,M,40,CALI,3,Casado, Bachiller ,Pensionado,2039000.0,576,3,2024-03-28,Asesor comercial
CLI-04220,Hilda Luz García,1274559637,F,41, Cartagena ,2,Soltero,Posgrado,Empresario,2351000.0,824,2,06/06/2019,Agencia
CLI-02236,Arley Pérez Arenas,1851926841,F,,Cartagena,2,Casado,Profesional,Pensionado,1798000.0,645,1,2022-08-10,Asesor comercial
CLI-04006,Luz Peña Sepúlveda,140804137,M,37,Cali,3,Soltero,Profesional,Empresario,,727,1,,ASESOR COMERCIAL
CLI-04996,Sandra Zuluaga,1568537425,M,46,  Bogotá,1,Unión libre  ,Técnico,Empleado,1388000.0,495,0,2023-09-26,Agencia
CLI-03971,Jaime Lopez Castillo,1882705606,F,80, Bucaramanga ,3,Soltero,Bachiller,Pensionado,2453000.0,572,1,2024/11/06,Web
CLI-00724,Valentina Yenny Rosero Villamil,518297757,F,35,Barranquilla,4,casado,Profesional,Empleado,5875000.0,792,2,29/10/2023,AGENCIA
CLI-02240,Esperanza Yolanda Gómez Ortiz,906964679,F,25,Medellín,3,Casado,Profesional,Empleado,,548,2,,Asesor comercial
CLI-01814,Carmenza Dora Castro Miranda,403310376,M,27,BOGOTA,2,Divorciado,Técnico,Empleado,3074000.0,537,0,09/12/2021,Asesor comercial
CLI-01767,Julio González,944103041,F,40,Cali,3,Casado,Bachiller  ,Independiente,3292000.0,533,2,03/09/2019,Asesor comercial
CLI-00942,José Fredy Lozano,440379332,F,55,MEDELLÍN,6,Soltero,Posgrado,Pensionado,13648000.0,768,1,25/01/2023,Bancaseguros
CLI-00268,Miguel Alfonso,1599306437,M,40,Bogotá,3,SOLTERO,Técnico  ,PENSIONADO,$2.812.000,552,0,2020/10/06,Agencia
CLI-02664,Miguel Willian Carmona Pinzón,583860099,M,33,Bogota DC,3,Soltero,PROFESIONAL, Independiente ,5713000.0,576,2,2021-07-06,Agencia
CLI-04360,Johanna Peña,1008914353,F  ,29,Bucaramanga,1,Divorciado,Profesional, Empresario ,,649,0,2021-03-29,Web
CLI-02550,Dagoberto Rodríguez  ,1572983271,M,45,Santiago de Cali,3,Casado,BACHILLER,Independiente,2890000.0,666,0,2022-04-15,Asesor comercial
CLI-03432, Javier Molina ,508744018,F,41,Cartagena,4,Divorciado,Profesional,Empleado,5276000.0,667,0,2017-02-20,Agencia
CLI-02756,José Pablo Camacho Salazar,317099908,F,45,Manizales,2,Viudo  ,Profesional,INDEPENDIENTE,6284000.0,950,1,27/08/2017,Web  
CLI-00263,Patricia Mosquera,1322254227,M,56,Bogotá,3,Unión libre,Bachiller,Empresario,6737000.0,778,2,2022-07-27,Agencia
CLI-05047,Edison Castro Ruiz,722700883,M,51,Bucaramanga,4,Soltero,Profesional,Pensionado,4276000.0,644,0,2019-12-16,web
CLI-00460,Myriam Isabel Gutiérrez Martínez  ,1486106305,F,29,Cali,5,Divorciado,Profesional,Pensionado,5575000.0,710,0,2023-04-12,Asesor comercial
CLI-00339,Marly Viviana Espinosa Páez,1551313477,M,20,B/quilla,4,Union libre,Bachiller,Empleado,3781000.0,697,5,2021/01/08,  Agencia
CLI-01045,Diego Zambrano,794277577,M,54,Bogotá,5,Casado,Posgrado,independiente,9743000.0,702,3,17/09/2019,Bancaseguros
CLI-02370,yuli salas,1603704973,F,44,  Medellín,2,Soltero,Bachiller,EMPLEADO,3837000.0,667,2,2019-10-18,Agencia
CLI-01118,Manuel Hernández Burbano,1733746853,F,35,Barranquilla,2,Casado,Profesional,Pensionado,,636,2,2017-04-21,Agencia
CLI-04146,Diana Álvarez Gaviria,875251112,M,44,MEDELLIN,3,soltero,Profesional,Independiente,2909000.0,660,0,INVALID_DATE,Asesor comercial
CLI-03423,Eduardo  Arias  Álvarez,1510184407,F,51,  Barranquilla,2,Casado,POSGRADO,Pensionado,1940000.0,537,1,,Asesor comercial
CLI-03058,Héctor William Pérez,121847307,M,49,Santa Marta,2,  Unión libre,Profesional,  Empleado,2549000.0,619,1,2022/11/29,BANCASEGUROS
CLI-05169,Elena Rivera,806627895,M,18,Bogota,2,Unión libre,Bachiller, Empleado ,2139000.0,595,2,2020/10/18,Asesor comercial
CLI-02313, Enrique Tomás Chacón ,552879420,m,40,bogotá,2,Unión libre,Profesional,Empleado,1280000.0,491,1,2019-08-22,Web
CLI-01543,Alberto Álvaro Rincón Muñoz,998528704,M,33,  Barranquilla,1,Soltero,TECNICO,Independiente,2172000.0,584,1,,Corredor
CLI-00493,Eduardo Galindo Cardona,450802014,F,44,B/quilla,2,Casado,Técnico,Empresario,4662000.0,731,1,09/12/2017,Asesor comercial
CLI-04447,Mario Javier Castro,130595561,M,49,Cartagena,1,Casado,Posgrado,Pensionado,1190000.0,571,0,2019/12/30,  Corredor
CLI-02076,José Monroy,1267456985,F,57,B/manga,3,Viudo,Profesional,Empleado,4016000.0,695,1,2019/06/05,Asesor comercial
CLI-00981,Javier Salas Reyes,299373659,F,27,Cali,2,Soltero,Profesional,Empleado,2683000.0,610,0,11/11/2017,Asesor comercial
CLI-04821,Mery María Rodríguez Caicedo,909650642,F,40,Bogotá,1,Unión libre,Profesional,Empleado  ,963000.0,636,1,14/09/2021,Asesor comercial
CLI-01127,Luz Sofía Gómez,277721938,F,38,Cali,2,Divorciado,Técnico,Empleado,2269000.0,635,1,2022-09-15,  Agencia
CLI-00192,Luis Sergio Leal,1248108926,masc,51,MEDELLÍN,3,Divorciado,Técnico,Independiente,6484000.0,704,1,2024-04-07,Web
CLI-01917,Miguel Vallejo Díaz,681708808,F,41,Bogotá,2,Viudo,Posgrado  ,Pensionado,2016000.0,526,1,2023/03/23,Corredor
CLI-00711,María Parra Cárdenas,326186379,F,29,Bogota DC,4,Viudo,Bachiller,,9181000.0,786,4,2024/12/01,Asesor comercial
CLI-03685,Enrique Cardozo,1669820859,M,42,CÚCUTA,3,Soltero,  Profesional,Empleado,3241000.0,616,1,2020-01-24,Web
CLI-00522,Alejandra  Paola  Ruiz  Gutiérrez,249717348,M,45,Bogotá,5,Soltero,Bachiller,Independiente,17755000.0,787,1,2020/09/21,Corredor
CLI-02773,José Alexander Gómez León,1347240884,F,49,Barranquilla,1,Soltero,Posgrado,Independiente,2872000.0,,1,2022-04-07,Agencia
CLI-03738,Leonardo Jaramillo Sánchez,960925877,F,64,Medellín (Antioquia),5, Unión libre ,Bachiller,Pensionado,5632000.0,689,0,2021/08/08,Asesor comercial
CLI-04699,Mateo Miguel Carmona Espinosa,667166013,F,44,Bogota,2,Soltero,Profesional,Independiente,2405000.0,467,2,2017-01-14,WEB
CLI-01801,Mary Peña,1795554630,F,35,Medellín,3,Soltero,Posgrado,Empleado,1886000.0,727,1,2021-02-04,Agencia
CLI-02142,Margoth Fernanda Garzón López,1589940241,M,40,Bogotá,4,CASADO,Técnico,Independiente,,574,0,2021-11-30,Corredor
CLI-00272,Marcela Barrera Caicedo,684724442,M,48,Cartagena,6,Casado,Profesional,INDEPENDIENTE,7586000.0,716,0,2019/10/14,corredor
CLI-01422,Jair Jorge Ariza Galvis,799359587,F,47,Medellín,1,casado,Bachiller,Pensionado,1565000.0,564,1,2024-06-13,WEB
CLI-00671,Lucía Villamizar,818323828,M,21,Medellín,4,Casado,PROFESIONAL,Empleado,3339000.0,674,0,2020-09-30,Asesor comercial
CLI-01236,María Patricia Arango Gómez,1571063405,Masculino,42,Barranquilla,2,Soltero,Posgrado,EMPLEADO,219600000.0,555,0,2022-12-07,Agencia
CLI-02489,David Francisco Valencia Torres,153252017,M,22, Bucaramanga ,1,Casado,Profesional,INDEPENDIENTE,978000.0,426,0,2018-09-28,Agencia
CLI-01185,María Caballero,104137120,M,47,Bogota,2,Divorciado,Profesional,EMPLEADO,3401000.0,648,0,23/12/2020,bancaseguros
CLI-04592,lina cecilia cuesta,1818961673,F,49,,2,Soltero,Profesional,Independiente,1722000.0,618,1,2020/07/02,Asesor comercial
CLI-00280,Fredy Camilo Arboleda,946520919,F,18,  Pereira,3,  Casado,Técnico,Independiente,1738000.0,552,0,,Agencia
CLI-02257,Javier Andrés Blanco,1435569495,F,67,Bogotá,3, Casado ,Profesional,Pensionado,2575000.0,460,0,2020-02-23,Bancaseguros
CLI-03305,Alexander José Bermúdez Prieto,584299877,F,40,Bogotá,4,Soltero,Profesional,Independiente  ,,777,1,08/04/2019,Agencia
CLI-02981,Rolando Gómez,477702760,F,57,Cartagena,3,SOLTERO,Posgrado,Empleado,5198000.0,728,1,2017-07-30,Bancaseguros
CLI-00506,Fabián Sergio Figueroa,141682020,F,61,Bucaramanga,3,SOLTERO,Posgrado,Pensionado,3266000.0,686,2,2023-01-30,Corredor
CLI-03123, Leandro Iván Cabrera ,1897070349,M,42,Medellín,2,Casado,Profesional,Independiente,,621,1,28/06/2022,Bancaseguros
CLI-01744,Rafael Juan Patiño,155876198,F,39,Bogotá D.C.,2,Unión libre,Bachiller,Empleado,3879000.0,656,1,2022/04/22,Agencia  
CLI-04865,David Nicolás Galindo,1621045343,F,30, Bogotá ,3,Divorciado,Técnico,INDEPENDIENTE,3606000.0,673,1,2020/08/27,Web
CLI-02426,Lorena Rojas,1538460045,F,34,Medellín,2,Soltero,Bachiller,Pensionado,3085000.0,693,2,2023-04-29,Corredor
CLI-01699,Óscar Alfonso Fernández,74659804,Femenino,55,Santa Marta,1,Unión libre,Bachiller,Empleado,1560000.0,597,0,2019-06-06,Agencia
CLI-00058,Carlos Jesús Tamayo Murillo,1673393264,F,34,Medellín,6,Viudo,Bachiller,Independiente,9581000.0,803,0,2018-06-22,Agencia
CLI-02466,  Gloria Pinzón Herrera,899241762,F,36, Barranquilla ,2,Soltero  , Profesional ,Empleado,2083000.0,666,1,25/04/2017,Bancaseguros
CLI-03629,Diana Jiménez,1574926771,F,35,Barranquilla,4, Soltero ,Técnico,Empresario,6431000.0,836,5,2018-07-28,Agencia
CLI-02265,JUDITH BLANCA SÁNCHEZ LÓPEZ,574944071,F,50,Cali,3,Casado,Técnico,Independiente,3765000.0,604,2,2022-09-07,Web
CLI-00155,Lucía Nancy Ortega Contreras,1709414840,M,20,Manizales,6,Unión libre,Profesional,Empleado,23760000.0,774,2,2017/05/11,Web
CLI-03094,Cristina González,206253704,F,32,  Barranquilla,1,Soltero,Profesional,Empleado,2580000.0,636,0,2017-10-25,Bancaseguros
CLI-01958,Beatriz Rendón  ,1552148618,M,35,Cali,3,Divorciado,Bachiller,Empleado,4663000.0,720,1,2018/05/30,Agencia
CLI-04237,María Lisbeth Gutiérrez,1644665820,M,38,Bogotá,1,Casado,TÉCNICO,Empleado,1607000.0,539,3,2017-07-13,Agencia
CLI-02042,Esther Dayana Rivera Bejarano,1309545353,F,36,Bogotá  ,3,UNIÓN LIBRE,Técnico,Empleado,3459000.0,648,1,2021-12-07,Bancaseguros
CLI-05193,Alberto Arenas,1294619008,M,49,Medellín,3,Unión libre,Profesional,Empleado,7325000.0,708,0,2022/04/25,Bancaseguros
CLI-02907,Sebastián Pablo Ramírez,1222512404,F,30,SANTA MARTA,3,Casado,Técnico,Independiente,,638,1,2023/08/31,Asesor comercial
CLI-04222,Patricia Cifuentes,1037222929,M,29,Medellín  ,3, Soltero ,Profesional,empleado,3554000.0,488,0,07/10/2017, Asesor comercial 
CLI-04571,Maria Libia Cardona,1860057618,M,53,Bogotá,4,  Unión libre,profesional,Empresario,20857000.0,775,0,2019/06/25,bancaseguros
CLI-03391,Diego Antonio Jiménez,1472278235,M,26,Barranquilla,2,Unión libre,Profesional,Independiente,1787000.0,614,1,25/06/2017,Agencia
CLI-02463,José Leonel Corredor Correa,97421591,M,38,Bucaramanga,3,Soltero,Profesional,Empleado,4347000.0,609,0,25/02/2019,Bancaseguros
CLI-03720,Cecilia Alicia López,1362693877,M,57,Bogotá,2, Casado ,bachiller,EMPLEADO,1345000.0,633,2,2019/02/13,Asesor comercial
CLI-02602, Sonia Cecilia Velandia ,823091521,F,36,CALI,3,SOLTERO,Técnico,Independiente,1861000.0,713,0,2019-08-05,Asesor comercial
CLI-01136,Luz Martha Flórez,191188097,M,54,Cali,2,Unión libre,Profesional  ,Empleado,1449000.0,677,0,31/03/2017,Asesor comercial
CLI-03932,Andrés Santiago Sierra León,936384386,F,,Cúcuta,2,Unión libre,POSGRADO,Independiente,2644000.0,575,1,29/08/2022,Agencia
CLI-03223,José  Arango,892216656,fem,35,Cali,2,  Casado,Técnico,Empresario,3575000.0,513,0,2018-05-09,Agencia
CLI-03808,Nubia Alejandra Sánchez,1429248767,  F,47,BOGOTA,3,Casado,Profesional,Pensionado,3005000.0,594,1,24/08/2018,Corredor
CLI-03400,Carmen Silva,91681507,F,44,Manizales,2,Casado,Técnico,Empleado,$1.746.000,529,2,06/01/2019,Bancaseguros
CLI-00452,Milena Gutiérrez Forero,516369679,F,38,CUCUTA,1,Casado,BACHILLER,Independiente,920000.0,524,2,2019-02-14,Corredor
CLI-04629,Patricia Olaya,75602611,Masculino,44,BOGOTA,2,Unión libre,Profesional,Empleado,2323000.0,570,1,21/04/2017,Asesor comercial
CLI-00454,Diana Alba Saavedra Vélez,312053083,M,32,Medellín (Antioquia),1,Soltero,Profesional,Empleado,2327000.0,559,1,02/02/2019,Agencia  
CLI-00820,Gabriel Orozco Portilla,943513531,M,48,bogotá,1,Casado,Profesional,PENSIONADO,943000.0,560,0,12/06/2020,Bancaseguros
CLI-04662,francia claudia arias,1556723975,F,35,cartagena,4,Unión libre,Profesional,Empleado,7044000.0,694,1,31/07/2024,Agencia
CLI-03175,Inés Palacios,1393429743,F,39,Bogotá,5,Casado,Técnico,Empleado,35546000.0,824,1,2024-12-05,Corredor
CLI-03422,Luis Rentería,1079603068,M,60,Medellín  ,5,Soltero,Bachiller,Pensionado,7036000.0,666,1,2021-04-12,Corredor
CLI-05096,  Lisbeth Lida Mesa González,359171205,F,35,  Bucaramanga,6,Soltero,Posgrado,Independiente,19146000.0,691,1,2019/10/19,Web
CLI-03699,Leticia Gómez,983758230,M,19,Bucaramanga,2,Soltero,  Profesional,Empleado,2904000.0,734,0,2020-11-29,Asesor  comercial
CLI-03313,Nataly Marín,1006664504,F,58,Medellín,3,Unión libre,Profesional,Independiente,1557000.0,558,2,2020/03/19,Corredor
CLI-00546,Lady Matilde Torres,685572532,m,50,Medellín,2,Casado,profesional,Empleado,2632000.0,584,0,05/07/2024,Asesor comercial
CLI-02884,Óscar Jorge Ortega,1779091002,M,18,Barranquilla,3,Casado,Técnico,Independiente,2576000.0,629,1,21/09/2024,Corredor
CLI-04303,camila arroyo,1425685013,F,44,Medellín,2,Unión libre,Bachiller,Empleado,,567,2,2017-02-25,Asesor comercial
CLI-04513,Jhon Fabio Castro,863280309,F,48,Bogota,3,Casado,Técnico,Empleado,2559000.0,727,0,2022-11-05,Agencia
CLI-03692,Cristian Humberto Mesa Vásquez  ,1812614756,F  ,34,CALI,2,Unión libre,Profesional,Empresario,8142000.0,705,2,23/11/2017,Bancaseguros
CLI-03212,Giovanny Alexander Rangel Flórez,1821191755,F,33,Medellín,3,Divorciado,Profesional,Empleado,2015000.0,554,1,INVALID_DATE,Web
CLI-03789,Fernando Barragán Moreno,1518584470,M,41,Medellín,2,Casado, Técnico ,Independiente,1806000.0,565,1,2020-11-19, Asesor comercial 
CLI-03865,Jhonatan Hernández,1244027148,F,40,Bogota,2,Soltero,Profesional,Independiente,3027000.0,632,0,2022-07-11,AGENCIA
CLI-04510,Alba Magda Sánchez Buitrago,701469185,M,55,Cali,2,Unión libre,Técnico,Empleado,2641000.0,514,0,2017-10-09,Asesor comercial
CLI-03430,Milena María Restrepo,1499255615,F,37,Medellín,2,Unión libre,Bachiller  ,Empleado,2338000.0,670,0,2021-08-22,Corredor
CLI-04645,segundo hernández montenegro,1708076899,M,30,Medellín,2,Divorciado,Posgrado,Empleado,2729000.0,720,0,2018-09-20,Web
CLI-00374,Andrés Agudelo Pinto,1066245153,M,38,Medellín,1,Unión libre,técnico,Empleado  ,2244000.0,516,0,2023-07-31,Corredor
CLI-05033,Edgar Rojas,1606261639,M,49,Cali,1,unión libre,Posgrado,Empresario  ,2642000.0,601,1,2017-03-28,Corredor
CLI-04114,Esteban Pablo Martinez,718687680,F,34, Cartagena ,2,Casado,Posgrado,Independiente,0.0,619,2,26/10/2018,Asesor comercial
CLI-03294,Cristian Fonseca Torres,1211597100,F,47,,3,Casado,Profesional,Empleado,3039000.0,612,0,2024-06-17,Asesor comercial
CLI-03834,Alirio Fernando Díaz,153926329,M,51,BOGOTA,2,Divorciado,  Bachiller,Independiente,1587000.0,582,1,22/09/2020,Corredor
CLI-03349,Jesús Sebastián Valencia,1252117754,F,48,Bogotá,5,Casado,Profesional,Empleado,,677,0,2019/10/26,Asesor comercial
CLI-02605,Paola Orozco,1232427070,M,48,Manizales,2, Soltero ,Bachiller,Empleado  ,3213000.0,564,0,18/11/2024,Asesor comercial
CLI-02297,Luis Juan Osorio,802322912,F,30,Manizales,5,Casado,Profesional,Empleado,11518000.0,729,1,2022-01-27,Corredor
CLI-04811,Edwin  Ospina,156949067,F,60,  Pereira,3,Soltero,Profesional,PENSIONADO,2684000.0,641,0,18/09/2020,Agencia
CLI-04621,ANA HERNANDEZ,1365129113,M,53,Cali,2,Soltero,Bachiller,Empleado,2352000.0,606,1,20/07/2018,Web
CLI-03307,Aldemar Héctor Portilla,435776686,M,31,Medellín,1,Soltero,Bachiller,Empleado,1198000.0,504,0,2019-08-14,Web
CLI-02381,Olga Carolina Aguilar Castellanos,1577127961,F,34,Bogotá,2,Casado,Bachiller,Empleado,5441000.0,732,1,07/07/2017,Bancaseguros
CLI-00677,Marcela Emilce Méndez,1037169705,F,56,Bogotá,2,Soltero,Profesional,Independiente,2078000.0,615,1,2021/10/02,Bancaseguros
CLI-03938,Julieth Durán Velandia,215520506,fem,60,Bogotá,2,Casado,Posgrado,Pensionado,1693000.0,653,0,30/01/2021,WEB
CLI-04394,Yolanda Gallego,1584602549,F,49,Medellín (Antioquia),2,  Casado,Técnico,Empleado,2393000.0,729,0,2019-06-10,Asesor comercial
CLI-02559,Alfonso Adolfo Palacios,124036492,M,40,Bucaramanga,2,Casado,Profesional,EMPLEADO,1671000.0,540,1,2017-11-02,Corredor
CLI-03202,  Hernando Ricardo Hernández,1890043594,fem,50,Bogotá,1,Divorciado,Profesional,empleado,1541000.0,698,1,16/11/2022,Web
CLI-03545,Nicolás Anaya,734997446,M,58,Medellín,1,Unión libre,Técnico,Empleado,1346000.0,560,2,2022-10-07,Corredor
CLI-01190,Giovanny Aguilar Gómez,1653471310,F,47, B/quilla ,4,Divorciado,Profesional,,6855000.0,773,2,2019/03/08,Asesor comercial
CLI-05123,ALEJANDRA RIVERA,78431871,M,29, Medellín ,2,SOLTERO,Bachiller,Empresario,4079000.0,486,0,2019-06-17,Corredor
CLI-04916, Oswaldo Ever Méndez ,871607785,fem,34,,3, Soltero ,Posgrado,Independiente,5783000.0,612,2,2021-07-08,Agencia
CLI-01733,Carmenza María Montoya Giraldo,361597644,F,36,Bucaramanga,5,Soltero, Técnico ,Independiente,4465000.0,768,0,2020-02-22,Corredor
CLI-04836,Edgar Enrique Hernández,1340235976,F,44,Medellín,3,Casado,posgrado,Empresario,6559000.0,649,0,2020-11-11,Corredor
CLI-01609,Camilo Wilson Vásquez,117056574,M,19,Bogotá,1,Casado,Bachiller,Empleado,2193000.0,535,2,2020-11-10,Agencia
CLI-02707,Lucía Londoño,1222689941,F,38,Barranquilla,5,SOLTERO,Bachiller,EMPLEADO,5932000.0,608,1,13/01/2019,Corredor
CLI-04700,Aníbal Muñoz,217006869,F,26,Medellín,5,Viudo,Profesional,Empleado,8185000.0,678,3,2017-06-08,Asesor comercial
CLI-03780,Luis Vásquez García,1746547501,F,26,Cali,5,Divorciado,Posgrado,Independiente,9646000.0,667,2,2023-05-18,  Web
CLI-03105,ANDRÉS HÉCTOR PEÑA,119244039,F,20,,2,Unión libre  ,Profesional,Empleado,1263000.0,708,1,2021-01-29,Bancaseguros
CLI-01009,Mario Reinel Medina,229927162,F,23,Cartagena,5,Unión libre,Posgrado,Independiente,8378000.0,704,0,29/03/2023,Web
CLI-03243,JOSÉ CABRERA RINCÓN,1006812797,F,48,Bogotá,4,Casado,Profesional,Empleado,9039000.0,599,2,2019-02-09,Agencia
CLI-03674,Alberto Álvarez Castaño,1510507299,M,18,Cúcuta,3,Unión libre,Técnico,,3341000.0,562,0,2022-11-11,Web
CLI-00969,Pablo Carlos Medina Galindo,5099948,F,40,Bogotá,3,Casado,Profesional  ,Independiente,,644,0,2020/09/09,Asesor comercial
CLI-02567,Alexander Emerson Aguirre Marín,496226539,M,30,Medellín,3,Casado,Profesional,Empleado,4211000.0,587,0,2023/11/08,Web
CLI-03374,Luz Rendón,922506021,  M,55,Medellín,3,Soltero,Profesional,Empleado,2780000.0,611,3,2024/10/31,Asesor comercial
CLI-03406,Paola Arévalo Ramírez,1768727006,F,44,Cali,4,Viudo,Profesional,Independiente,2846000.0,631,1,2023-10-19,Asesor comercial
CLI-03609,Gonzalo Luis Salgado Ávila,648068504,M,44,  Cúcuta,2,Divorciado,Profesional,Empleado,2272000.0,507,0,2020-12-07,Web
CLI-02324,Milena Alba Vargas Patiño,1749479325, M ,43,Bogotá,2,Casado,Posgrado,Independiente,1567000.0,552,2,25/05/2019,Agencia
CLI-00631,Edgar Monsalve,1674037219,F,47,Bogotá,1,Viudo,Bachiller,Empleado,$1.865.000,553,1,2024/12/09,Asesor comercial
CLI-00305,Yenny Beltrán Roa,1771492880,F,,bogotá,6,Unión  libre,Posgrado,Empresario,43608000.0,777,1,2020-11-08,Agencia
CLI-01258,Aníbal Ernesto Jaimes Ramos,613143952,F,20,Medellín,4,Soltero,Posgrado,Empleado,7548000.0,643,1,INVALID_DATE,Asesor comercial
CLI-05028,María Pérez Mosquera,710932282,M,45,Medellín,2,Soltero, Bachiller ,Independiente,2406000.0,711,1,21/10/2018,Corredor
CLI-02943,Carmen Carmen Ariza,1155632378,F,31,Cali,3,Soltero,Profesional,Pensionado,1361000.0,628,1,2024-02-11,Web
CLI-00662,Elena Villa Salazar,486283942,F,18,Bogotá,2,Soltero,Técnico,Empresario,4693000.0,573,1,2021/07/03,Asesor comercial
CLI-03819,Paula Isabel Cárdenas,1249189032,F,58,Medellín,1,Soltero,  Profesional, Independiente ,1714000.0,599,0,2023-11-07,Corredor
CLI-02027,NELLY ESMERALDA BARRERA,1328187693,F,54,Pereira,5,Soltero,Profesional,Empleado,6768000.0,703,0,15/04/2023,Web
CLI-01067,Alejandro Mario Parra,472495600,M,40, Cartagena ,2,Soltero,Bachiller,Empleado,1919000.0,509,0,2021-02-05,Agencia
CLI-03282,Brayan Carlos Sandoval,645461762,M,68,CARTAGENA,6,  Soltero,  Profesional,Pensionado,,627,0,22/10/2017,Asesor comercial  
CLI-04476,Juan Parra,1869508251,F,,Pereira,3,Viudo,Profesional,Pensionado,2753000.0,637,0,2017-07-05,Bancaseguros
CLI-01800,Paula Rodríguez Acosta,1421239644,Femenino,30,Pereira,4,UNION LIBRE,Posgrado,Independiente,3947000.0,447,0,2024-08-12,Asesor comercial
CLI-03884,MATILDE GUTIERREZ QUIROGA,369912454,M,38,Bucaramanga,3,Soltero,Profesional,Empleado,3345000.0,722,0,2021-05-12,Agencia
CLI-03881,Laura Verónica Angulo Pinzón,632153797,F,54,Bogotá,3,Soltero,Posgrado,Empleado,2076000.0,758,2,2018-05-28,Corredor
CLI-03790,Flor Marta Castillo Lozano,489715359,F,59,Medellín,3,Divorciado,Profesional,Empleado,4753000.0,695,0,2021-02-01,Asesor comercial
CLI-04435,Laura  Diana  Naranjo,968861315,F,27,Bucaramanga,4,Soltero,Técnico,Empleado,4478000.0,747,0,2020/01/16,Asesor comercial
CLI-00936,Eugenia Rojas,1601721501,M,51, Bogotá ,4,Soltero,PROFESIONAL,Empresario,9377000.0,753,0,2023/12/16,Corredor
CLI-00310,Wilson Steven Aguilar,256117208,M,25,  Medellín (Antioquia),3,Casado,bachiller,Empleado,1922000.0,607,1,2019/01/08,Asesor comercial
CLI-04991,Daniela López García,776849427,M,28,Bogotá,4,Casado,Bachiller,Empresario,10315000.0,870,0,2019/01/02,Corredor
CLI-04154,Jesús Andrés López,1609924032,M,47,Medellín,2,Divorciado,Bachiller,,2276000.0,684,1,2017/12/19,Agencia
CLI-03730,Angie Gómez,1461198600,F,31,Medellín,6,SOLTERO,Posgrado,Empleado,7128000.0,723,3,04/10/2023,Corredor
CLI-01056,Juan Vera Daza,229201206,F,53,Bogotá D.C.,5,casado,Profesional,Independiente,6698000.0,703,2,2018/05/20,Web
CLI-00732,Paola Ruiz Daza,987439957,M,34,Cartagena,4,UNION LIBRE,Bachiller,Independiente,7861000.0,624,0,15/09/2019,Bancaseguros
CLI-02458,Patricia Sarmiento Moreno,1544254825,M,46,MEDELLIN,3,SOLTERO,Profesional,Empleado,4071000.0,736,2,2020-12-01,asesor comercial
CLI-00889,Hernando José Pérez,849964968,M,57,Cali,1,Soltero,Posgrado,Independiente,1286000.0,631,0,28/03/2020,Web
CLI-04279,Dora Carmenza Jaramillo,1323615648,M,35,Cartagena,3,Casado,BACHILLER,Empleado,2096000.0,601,2,2022-02-14,Corredor
CLI-00811,Miguel Alberto Suárez,159811192,M  ,67,Cali,3,Unión libre,Técnico,Pensionado,2086000.0,633,1,2020-08-12,web
CLI-00403,Carolina Nelcy Lara Sanabria,1519389827,F,28,Bucaramanga,1,Unión libre,Profesional, Independiente ,1542000.0,641,1,2017-12-19,Bancaseguros
CLI-02604,marisol vanessa monsalve gómez,182329687,F,37,  Manizales,3,Divorciado,Posgrado,Independiente,2588000.0,703,1,2019/12/11,Bancaseguros
CLI-04142,Rosa Fanny Gutiérrez Alarcón,1814953914,F,43,Medellín,3,  Viudo,Técnico,,3061000.0,565,4,03/05/2020,Asesor comercial
CLI-04556,Maritza Alba Polo,1108208176,F,43,Cali,2,Unión libre,Bachiller,Empleado  ,1822000.0,596,0,2023-04-25,Bancaseguros
CLI-04605,Lucía Johana Ospina Cantillo,1049878537,F,40,Medellín,5,Unión libre,Profesional,Empleado,6448000.0,683,0,21/06/2021,Bancaseguros
CLI-04426,alberto agudelo,933682716,M,25,Medellín,4,Divorciado,TÉCNICO,Empleado,5107000.0,655,0,2018/09/06,Asesor comercial
CLI-02356,Alexander Ruiz Ramírez,542205218,F,60,Medellín,4,Unión libre,Profesional,Pensionado,3973000.0,692,2,2019/08/17,Bancaseguros
CLI-04134,Marta Camila Vega Pérez,948010870,F,40,Cali,4,soltero,Posgrado,Empleado,8895000.0,707,1,2020-09-07,Asesor comercial
CLI-00643,JOHN BONILLA TOVAR,1643436011,M,47,Bogotá,5,Casado,Bachiller,  Empleado,11081000.0,776,1,2021-02-01,Agencia
CLI-05170,Álvaro Buitrago,1563259147,M,41,Santa Marta  ,3,Unión libre,  Posgrado,Independiente,6759000.0,735,1,2017/08/17,Corredor
CLI-00477,Alejandra Sierra Lara,203336390,M,33,Medellin,3,Unión libre,Bachiller,Empleado,2955000.0,658,0,2022-03-21,Corredor
CLI-01287,Lorena Flor Blanco,856849556,M,41,cali,4,Unión libre,  Profesional,Empleado,5595000.0,670,0,2018-10-07,Asesor comercial
CLI-01679,  Duván Jiménez Fernández,1449826160,F,47,Cali,4,Soltero,Bachiller,Independiente,3921000.0,699,1,05/06/2020,Corredor  
CLI-00439,Consuelo Margarita Pérez Méndez,320854986,F,36,Medellin,5,Casado  ,Técnico,Empleado,7142000.0,827,3,26/11/2018,Web
CLI-01164,FERNANDO CASTILLO MEJIA,82853755,M,56,Manizales,2,Divorciado,Posgrado,Empleado,1896000.0,620,1,2024/07/06,Corredor
CLI-03382,Paola Álvarez,1512128080,F,26,Barranquilla,2,Soltero,Profesional,Empleado,1754000.0,578,0,2021-06-20,ASESOR COMERCIAL
CLI-03300,María María González Díaz,1213520516,M,18,Cartagena,2,Soltero,Bachiller,Independiente,2039000.0,561,1,13/03/2021,Asesor comercial
CLI-04090,Sebastian Delgado,755929680,M,30,santa marta,3,Unión libre,Técnico,Independiente,2288000.0,533,1,2018-03-12,Asesor comercial
CLI-03012,Edwin García López,818925091,F,47,Bogotá,1,Soltero,Técnico,,811000.0,536,3,2018/03/04,Asesor comercial
CLI-03612,Gladis Rincón,1698904647,M,36,Manizales,3,Soltero,Profesional,Empleado,3642000.0,497,0,28/07/2019,Asesor comercial
CLI-00076,Yolanda Muñoz Mena,442510807,M,42,Medellín,3,Divorciado,Profesional,Independiente,2627000.0,579,1,2018-03-05,Asesor comercial
CLI-03085,Diego Rodríguez,1063762068,F,62,Bogotá,3,Soltero,Posgrado,Empleado,3454000.0,647,1,2022-11-27,Asesor comercial
CLI-03746,Cecilia Vanessa Gamboa Bernal,752613253,F,37,Cali,6,Unión libre,Técnico,Empleado,9083000.0,644,1,21/06/2021,Corredor
CLI-01758,Andrea Eliana Rodríguez Vásquez,1617839916,F,46,Barranquilla,3,Soltero  ,Profesional,Empleado,4090000.0,623,1,18/08/2021,Web
CLI-05044,Amparo Gina Herrera,1501419726,M,28,Cúcuta,5,SOLTERO,Bachiller  ,Empleado,5768000.0,640,1,2022/04/17,Asesor comercial
CLI-03761,Francisco Fajardo Giraldo  ,990399266,F,36,Medellín,4,Divorciado,Profesional,Independiente  ,3372000.0,543,2,2024/06/04,Asesor  comercial
CLI-00436,Guillermo Jesús Ayala Arias,1145658336,M,21,Santa Marta,4,Soltero,PROFESIONAL,Empleado,5503000.0,674,1,2024-09-13,AGENCIA
CLI-01537,Alfonso Carlos Cárdenas González,722356906,F,42,Medellín  ,3,Soltero,Bachiller,  Empleado,3773000.0,633,0,2017-04-01,Web
CLI-02394,Luis Martinez Vargas,691769716,M,,Cúcuta,2,Viudo,Bachiller,Independiente,4211000.0,550,1,INVALID_DATE,Web
CLI-04178,Mauricio Gerardo Ruiz,366603711,Femenino,29,PEREIRA,3,CASADO,Bachiller,Empleado,2843000.0,661,1,2021-08-21,Corredor
CLI-01633,Estiven Yecid Ballesteros Parada,716819050,F,60,CARTAGENA,3,Unión libre,Profesional,Pensionado,3419000.0,608,1,2019-10-28,Web
CLI-03270,Fernando Narváez,1527839521,M,20,Cali  ,2,Casado  ,Bachiller,Empleado,,579,2,2018-11-06,Asesor comercial
CLI-01269,Inés María Ramos,1397080866,F,56,  Cartagena,3,Soltero,Profesional,EMPLEADO,4187000.0,676,1,INVALID_DATE,web
CLI-00850, Sandra Duque Rodríguez ,1363202631,F,40,CARTAGENA,1,Casado,Posgrado,Independiente,1388000.0,612,0,16/07/2024,Asesor comercial
CLI-02444,Andrés Meza,429207570,F,18,,4,Casado,Técnico,Pensionado,4333000.0,612,2,,Asesor comercial
CLI-01195,LIBIA LUCÍA RUEDA GUZMÁN,265097546,F,18,Pereira,4,Casado,Posgrado,Independiente,3755000.0,695,3,2023-12-27,Asesor comercial
CLI-00665,María María Angulo Mora,1724451745,M,56,Bogotá,3, Soltero ,Bachiller,EMPLEADO,4378000.0,648,2,09/06/2018,Web
CLI-01935,Elena Lucía Martínez,352222793,F,33,Santiago de Cali,2,SOLTERO,Profesional,Empleado,1181000.0,524,3,26/11/2024,Agencia
CLI-01461,Marina Arias Rojas,754382234,F,26, Cali ,4,Soltero,Profesional,Empleado,8037000.0,711,0,2020-08-11,Asesor comercial
CLI-04296,Manuel Tulio Vélez López,934561525,M,38,  Medellín,2,  Soltero,Posgrado,Empleado,2447000.0,666,0,2017-12-26,Web
CLI-02217,Rosa Ortega,1175843301,M,46,Bogotá,1,Casado,Posgrado,Independiente,1697000.0,566,3,2023-07-18,Agencia
CLI-02139,nelly fernanda ortega páez,1348866197,F,22,Manizales,1,Soltero, Técnico ,Empleado,1794000.0,581,0,2019-04-13,Asesor comercial
CLI-01502,Esmeralda Acosta Álvarez,346342692,F,20,medellín,2,Unión libre, Profesional ,Empleado,3381000.0,739,2,18/12/2020,Corredor
CLI-02325,Hugo Navarro Castro,614867957,M,61,BOGOTÁ,5,Casado,Técnico,  Pensionado,,713,0,25/08/2017,Asesor comercial
CLI-02365,Elena Benavides,835475062,F,35,Cúcuta,6,casado,Profesional,Empleado,0.0,769,1,08/06/2023,Asesor comercial
CLI-03851,Marcela María Velasco Rojas,347557977,M,35,Barranquilla,6,Divorciado,Posgrado,Pensionado,6012000.0,736,2,2017-06-22,Asesor comercial
CLI-04580,Nataly Cortés,317110829,Masculino,35,Bogota,2,CASADO,Técnico,Empresario  ,2435000.0,549,1,2024-07-11,Asesor comercial
CLI-01883,Ingrid  Juana  López,991055033,M,39,,2,Divorciado,Posgrado,Empleado,2590000.0,667,1,2022/10/03,Bancaseguros
CLI-00319,Lorena Arrieta,791942675,M,49,Bogotá,3, Divorciado ,Técnico,Empleado,4227000.0,640,2,2022-03-06,AGENCIA
CLI-01140,Alfonso Navarro Lozano,1291066908,F,41,Santa Marta,4,Casado,Posgrado,Empresario,11381000.0,745,0,2019/01/09,Asesor comercial
CLI-04079,Sara Yamile Gómez Hernández,1630596204,M,44,Cali,3,Soltero,Técnico,Empleado,4100000.0,691,2,2021-03-23,Asesor comercial
CLI-00926,Beatriz Serna Pérez,420062904,Masculino,52,Bogotá  ,2, Divorciado ,Profesional,Empresario,2818000.0,731,1,2019-05-04,  Asesor comercial
CLI-02014,Álvaro Rodríguez Henao,992690808,M,27,Medellin,2,Viudo,Bachiller,Independiente,838000.0,471,2,25/12/2020,Asesor comercial
CLI-04323,Mónica Rincón,883952676,F,,Bogota,6,Soltero,Técnico,Empleado,15574000.0,744,0,2017-06-24,Agencia
CLI-01355,María Stella Santos,1866551739,fem,,CALI,2,Unión libre, Profesional ,Empleado,3010000.0,545,1,2017-12-13,Agencia
CLI-03634,Paola Martínez Andrade,1849085070,Masculino,24,Bogotá,2,Unión libre,Bachiller,empleado,2928000.0,9999,1,INVALID_DATE,Asesor comercial
CLI-02776,Humberto Villamizar,1511464062,M,69,Bogotá,3,Soltero,Técnico,Pensionado,2027000.0,493,1,07/06/2019,Agencia
CLI-00249,Luis David Montoya Giraldo,1434109370,M,62,Cartagena,1,Soltero,Técnico,Pensionado,1653000.0,598,0,2022-08-29,Agencia
CLI-01596,Héctor Samir Cuéllar Cuesta,153991860,F,26,Bogota,5,Soltero,Profesional,Empleado,11661000.0,617,0,2021/06/18,Asesor comercial
CLI-03846,viviana tovar,327054156,F,53,CARTAGENA,3,Soltero,Técnico,  Empleado,3897000.0,622,2,2019-04-18,Asesor comercial
CLI-01580,MIGUEL VELÁSQUEZ,518423396,F,36,Cali,1,Divorciado,Técnico,Empleado,2410000.0,569,1,2023/07/06,Corredor
CLI-00874,JAZMIN MARY QUINTERO GUZMAN,1220452644,M,18,medellín,2,Unión libre,Bachiller,ESTUDIANTE,684000.0,527,0,18/05/2021,Asesor comercial
CLI-00035,DAVID MORENO,1727475802,M,38,bucaramanga,3,Soltero,Bachiller,Empleado,3526000.0,614,0,2019-02-18,Agencia
CLI-02824,ALEJANDRO LUIS SANCHEZ MUNOZ,637019099,F,34,  Bogotá,3,Soltero,Profesional,Empleado,3574000.0,663,1,2024-12-27,Bancaseguros
CLI-00860,Fernando Martínez,986721020,F,26,Bogotá,1,Soltero,Posgrado,Empleado,1576000.0,515,0,2023-07-12,Corredor
CLI-02288,Candelaria Barbosa,1003438359,F,40,Cúcuta,3,Casado,Técnico,EMPRESARIO,9845000.0,652,1,2021-03-05,Web
CLI-01972,Yaneth Díaz Flórez,1030736717,F,45,Bogotá D.C.,1,Unión libre,Bachiller,Empleado,923000.0,524,0,2024-12-24,Corredor
CLI-01576,Elkin Peña,1271322474,M,30,Medellin,5,Casado,Bachiller,Empresario,18528000.0,739,0,2020/01/28,Agencia
CLI-00428,Jaime Andrés Mora,1506711302,F,42,Cartagena,2,Divorciado,Posgrado,Pensionado,1250000.0,636,2,2020/04/27,Asesor comercial
CLI-03531,  Daniela Lucila Barrera Gómez,1037111392, M ,24,,3,Soltero,Posgrado,Pensionado,3106000.0,746,1,23/03/2018,Agencia
CLI-00388,Edgar  Molano,596519546,F,28,BOGOTÁ,3,Casado,Técnico,Empleado,5825000.0,645,0,2021-08-31,Asesor comercial
CLI-01967,Gerson Alberto Prieto Ramos,320666721,F,67,Bta,2,Unión libre,Técnico,Pensionado,3038000.0,660,1,2019/05/30,Bancaseguros
CLI-03873,Leonardo William Monsalve,1057807507,M,56,Medellín,2,Casado,Posgrado,Empleado,$1.901.000,685,1,2023-11-02,Agencia
CLI-03466,Smith Jhon Rojas Osorio,453664445,F,38,MEDELLIN,3,Soltero,Bachiller,empleado,3901000.0,643,1,16/02/2019,Asesor comercial
CLI-02609,María Pacheco Ávila,1476899310,F,21,Cali,2,Soltero,Posgrado,Independiente,2813000.0,587,0,2018-01-20,Web
CLI-04165,Patricia Edna Cabrera,1267664696,F,49,Medellin,2,Soltero,Posgrado  ,Independiente,2700000.0,555,0,2022-10-01,Web
CLI-01207,Diana Gómez Cabrera,318399367,F,26,Medellín,6,Soltero,Profesional,Empleado,6062000.0,646,0,2021-05-28,agencia
CLI-01992,Marcela Rojas Zambrano,509987273,F,, Bogotá ,3,Viudo,Bachiller,Empleado,3476000.0,538,1,2018/06/07,Corredor
CLI-00731,Javier Villa Meza,738255311,M,39,Medellín,4,Soltero,Posgrado,Empresario,6190000.0,865,2,2024-01-08,Bancaseguros
CLI-04735,ANDRÉS SANTOS TRUJILLO,1183819493,F,21,  Bogotá,2,Casado,TECNICO,Independiente,1664000.0,584,0,2024-12-17,Bancaseguros
CLI-03235,Lina Heidy Moreno,138115126, M ,43,Bogotá,3,Divorciado,  Profesional,Empleado  ,3951000.0,543,1,2019-03-12,Agencia
CLI-03250,Juan Mateo Medina,1463967041,M,38,medellín,2,Soltero,POSGRADO,Independiente,2941000.0,555,1,2022/10/13,Bancaseguros
CLI-02392,Arturo Salazar Jiménez,981166060,F,43,Bogotá,5,Unión libre,Profesional,Independiente,14070000.0,839,1,2024-02-03,Corredor
CLI-00178,fernanda luisa jaimes gamboa,1076998550,F,51,Cali,2,CASADO, Profesional ,EMPLEADO,$1.155.000,452,1,13/06/2023,Agencia
CLI-02254,Luis José Castañeda Álvarez,1146258415,F,42,BOGOTÁ,5,Casado,Bachiller,independiente,6715000.0,678,1,02/02/2024,Agencia
CLI-04647,CLAUDIA ROJAS,238144891, F ,52,  Bogotá,2,Unión libre,Tecnico, Empleado ,,687,2,2018-06-23,WEB
CLI-04376,Stiven Javier Pinzón Parada,139587086,M,68,PEREIRA,1,Casado,Bachiller,Pensionado,1269000.0,647,0,2023-08-02,Web
CLI-00704,Lorena Álvarez González  ,1472796726,F,37,Medellín,3,Casado,Bachiller  ,Pensionado,5326000.0,626,0,09/10/2023,Asesor comercial
CLI-03064, Anderson Wilmar Toro Villa ,1507241760,F,48,Barranquilla,1,Soltero,Profesional,Pensionado,841000.0,503,1,INVALID_DATE,Asesor comercial
CLI-04553,Dayana Ana Figueroa García,1592797132,M,65,Bogotá,1, Unión libre ,Bachiller,Empleado,1202000.0,686,2,23/10/2023,  Bancaseguros
CLI-00695,Laura Magdalena Cardozo Sánchez,90184221,F,49,Bogotá,3,Casado,Profesional,Empleado,2441000.0,661,1,02/01/2021, Asesor comercial 
CLI-04099,Aura Vanesa Herrera Osorio,1293959854,F,44,Medellin,4,Soltero,Posgrado,Empleado,4674000.0,665,1,2023/02/10,Corredor
CLI-05058,Ramiro Sánchez,1338236040,F,18,Bogotá,4,Casado,Profesional,Independiente,3509000.0,696,0,2020-10-31,Corredor
CLI-02120,Andrés José Cruz Jiménez,1760806312,M,34,MEDELLIN,4,Soltero,Técnico,Empleado,6788000.0,795,1,2017-03-29,Agencia
CLI-04121,Alfonso Rafael Martínez Salazar,865490364,F,62,Barranquilla  ,2,casado,Bachiller,Pensionado,2158000.0,641,3,2020-05-16,Agencia
CLI-05121,Harold Víctor Daza Jiménez,1561250032,F,33,BOGOTA,3,Soltero,Bachiller,Empleado,4925000.0,803,1,2024-02-12,Web
CLI-03615,Germán Jaime Pérez,846626019,F,37,Bucaramanga,4,Divorciado,Bachiller,Independiente,,687,1,2017-06-14,Web
CLI-01006,Liliana Rojas  ,870559122, M ,46,Cartagena,3,Unión libre,Bachiller,Empleado,4253000.0,728,2,2024-08-09,Asesor comercial
CLI-04258,Sandra Torres Valencia,319451121,M  ,52,Bogotá,2,Soltero,Bachiller,Empleado,2309000.0,616,0,26/09/2022,AGENCIA
CLI-00438,Stella Ortiz,881724908,F,36,Cali,5, Unión libre ,Técnico,Independiente,8529000.0,690,1,2022-03-16,Bancaseguros
CLI-02532,Yaneth Irene Montenegro,132343075,F,65,,2,Unión libre,Bachiller,Pensionado,$1.727.000,582,1,2022-05-28,Web
CLI-01473,Alexander Ricardo Barbosa Gamboa,1293407306,M,29,Pereira,2,Casado,Profesional,INDEPENDIENTE,2437000.0,579,2,2020-09-11,Asesor comercial
CLI-02322,Alexandra María Ardila,1140938440,M,31,Medellín,5,Soltero,Posgrado,Empleado,6090000.0,,1,2017-07-07,Agencia
CLI-01642,Cecilia Portilla Cabrera,949336231,M,18,Cali,1,Viudo,Profesional,Independiente,1764000.0,467,1,2019-06-12,Web
CLI-00224,Antonio José Cifuentes Galeano,1442903820,F,31,Cartagena,3,Casado,Técnico,Empleado,4018000.0,641,1,11/08/2024,Bancaseguros
CLI-02839,Margarita Sierra Guzmán,135711273,M,35,Medellín,2,Casado,Profesional,Empleado,1807000.0,598,0,09/03/2023,Web
CLI-05116,David Ramón Pineda,257017028,F,36,CUCUTA,3,Soltero,Profesional,Empleado,4669000.0,629,0,2018-02-26,Web  
CLI-00275,Fernanda Estefanía Peña Niño,738068061,F,,Bogotá  ,3,Casado,Profesional,Empleado,3728000.0,800,0,12/10/2020,Bancaseguros
CLI-02518,Alexander Ríos,107295665,M,40,Cali,3,Soltero,Técnico,Empleado,0.0,655,0,,Asesor comercial
CLI-03456,Andres Vega Meneses,1116744957,F,45, Cartagena ,2,Casado,Profesional,Empleado,2225000.0,656,3,2017-09-15,Asesor comercial
CLI-00931,Carol Flor Ruiz Ceballos,1106979964,M,23,PEREIRA,2,Divorciado,PROFESIONAL,Pensionado,3219000.0,549,2,2022-03-13,Web
CLI-02192,Rosalba Rodríguez,156082669,F,65,Bogotá,4,Divorciado,Profesional,Empleado,7678000.0,703,1,2017-10-19,Agencia
CLI-04301,Nury Marina Cruz Castillo,355545964,M,39,Bogotá,5,Casado,Profesional,Independiente,6404000.0,700,0,07/02/2019,Web
CLI-04550,Edwin Rodríguez,513988491,M,18,Medellín,2,Casado  ,Bachiller,Empresario,5586000.0,559,0,2023-09-30,Asesor comercial
CLI-00840,Juan Bravo,1180390955,F,42,Bogotá,1,Casado,Profesional,Empresario  ,,603,0,2019/06/09,Corredor
CLI-00262,Alba Vera González,580398909,F,45, Cali ,2,Soltero,Bachiller,Empleado,1659000.0,598,1,29/08/2019,Agencia
CLI-01450,Camilo Carrillo,603989977,M,53,Bogotá,2,Soltero,Bachiller,Pensionado,1099000.0,626,2,2020-08-13,Agencia
CLI-00195,john fabio ramírez caicedo,960235121,masc,55,Cali,6,Soltero,Técnico,Independiente  ,8257000.0,724,1,,Asesor comercial
CLI-03990,Inés Reyes,1314587807,F,53,Cúcuta,4,DIVORCIADO,Técnico,Empleado,4751000.0,658,0,2020/02/11,Asesor comercial
CLI-03665,Karol Carmen Contreras,793667782,M  ,41, Cúcuta ,1,Casado,Técnico,,1487000.0,566,0,2023-08-23,Web
CLI-04215,Edilberto Hernando Medina Cardona,670857966,F,44,Barranquilla,4,Unión  libre,Bachiller,Pensionado,4229000.0,715,2,2020-10-28,Bancaseguros
CLI-01760,Leandro Adolfo Ortega Pinzón,1640468763,F,46,Barranquilla,3,viudo,Profesional,Independiente,2033000.0,627,1,2019/03/13,Corredor
CLI-00993,Mercedes Palacios Pérez,500108408,F,28,  Santiago de Cali,3,Soltero,Técnico,Empleado,2239000.0,701,3,06/12/2017,Asesor comercial  
CLI-01988,Jhon Orozco Galeano,639628225,F,62,Medellín,2,Unión  libre,Bachiller,PENSIONADO,1343000.0,561,4,2019/04/19,Bancaseguros
CLI-00173,Danna Sandra Rojas,941276736,M,30,Bogotá,2,Unión libre,Bachiller,Independiente,1975000.0,598,1,2017/01/27,Agencia
CLI-00358,Milena Rodríguez Romero,1211575192,fem,29,Medellín (Antioquia),2,Casado,Profesional,Empleado,3006000.0,659,3,14/03/2023,bancaseguros
CLI-05117,Jairo Jhonny Pérez  ,509205781,F,47,Bucaramanga,4,Casado,Técnico,,4287000.0,707,0,2017-05-05,Bancaseguros
CLI-03040,Janneth Ximena Villamil Perea,1117190393,F,48,BUCARAMANGA,2,Casado,Técnico,EMPLEADO,1559000.0,648,3,19/12/2022,Asesor comercial
CLI-03513,José Salas Ardila,1491024120,F,18,Bogotá,3,Viudo,Bachiller  ,Empleado,3053000.0,749,1,2021-01-09,Asesor comercial
CLI-00750,Paola Dina Pérez,435851880,  F,54,Bogotá,2,Soltero,Bachiller,Independiente,1769000.0,451,1,,Web
CLI-00901, Patricia Agudelo Rivas ,1182202160,M,34,Bucaramanga,3,Viudo,Bachiller,,4287000.0,526,2,2019/05/02,Asesor comercial
CLI-03787,Yohana Ruiz Hernández,772943732,F,26,Bogotá,3,  Unión libre,Bachiller,Empleado,6928000.0,610,2,2018-08-15,Asesor comercial
CLI-01582,carlos muñoz,73370055,M,55,  Medellín,2,Casado,Profesional,Empleado,4528000.0,648,0,06/04/2019,Bancaseguros
CLI-03255,Manuel Martínez,1878773916,M,70,Pereira,3,Viudo,Posgrado,Pensionado,6572000.0,718,0,2022-07-19,Agencia
CLI-04657,Valentina Restrepo Sanchez,401389807,f,42,Bogotá,5,Divorciado,Técnico,Empresario,$14.859.000,634,1,2022-06-06,Agencia
CLI-01206,Juan Jhon Ortega,908905637,M,49,Bogotá,6,Soltero,Profesional,Empleado,,735,1,18/01/2020,Corredor
CLI-04472,Edgar Medina,1287798060,M,30,Bogotá,3,Divorciado,Posgrado,Independiente,2952000.0,679,0,2020/12/05,Corredor
CLI-03677,Milton Gómez,563162219,M,,Bogotá,2,Casado,Posgrado,Independiente,1526000.0,626,1,2024/05/12,Asesor comercial
CLI-03561,María Ana Bernal Jaramillo,1624135189,F,50,Medellín,3,SOLTERO,Profesional,Pensionado,3688000.0,605,0,2024-07-31,Asesor comercial
CLI-03487,Isabel Claudia Ruiz  ,300731365,f,44,Pereira,1,Soltero,Posgrado,,1439000.0,,2,2023-12-16,Agencia
CLI-04490,Diana Beatriz Sánchez Alzate,1032649626,F,18,medellín,3,Unión libre,Técnico,Pensionado,1302000.0,554,0,, Agencia 
CLI-01702,ERNESTO RAUL MEZA,1760681582,F,25,Cali,3,Casado,Posgrado,,3384000.0,549,2,2023/07/20,Web
CLI-02201,Juan Luis López Arteaga,944882831,M  ,38,bogotá,2,Casado,Profesional,Empleado,3116000.0,569,3,2018-01-17,Asesor comercial
CLI-03862,Mabel Betancur Velásquez  ,1717267067,M,59,Medellín,2,Casado,Profesional,empleado,2656000.0,654,1,30/05/2021,Bancaseguros
CLI-03186,Cecilia Constanza Caro,1815739813,M,40,Cartagena,4,Soltero,Profesional,,4965000.0,567,0,,Asesor comercial
CLI-03972,Olga Laura Gómez,1586754657,M,46,Barranquilla,5,Casado,Profesional,Empresario,10090000.0,774,5,,Asesor comercial
CLI-01182, David Flórez Rendón ,1193424158,M,27,Cartagena,1,Unión libre,Profesional,Empleado,2072000.0,554,1,2024/04/01,Agencia
CLI-00834,Nancy Sánchez Serna,1451791991,fem,62,Bogotá,6,unión libre,Bachiller,Pensionado,16810000.0,686,4,2023-10-02,Bancaseguros
CLI-02972,Nidia Arévalo Angarita,901777201,F,55,Cartagena,2,Casado,POSGRADO,Empleado,2317000.0,708,0,2020-12-01,Web
CLI-00781,María Yaneth Caicedo,1531229043,M,41,Medellin,4,Soltero,Técnico,Empleado,5472000.0,568,0,2024-04-18,Corredor
CLI-04320,Erick Muñoz,855887690,M,74,Bogotá,2,Casado,Técnico,Empleado,2668000.0,570,2,2018-03-10,Corredor
CLI-01789,Augusto Pérez,1344012953,F,47,Barranquilla,4,Soltero,Técnico,Empleado,9088000.0,680,1,2023-03-03,Web
CLI-02762,Alberto Guerra,1013726346,F,45,Bogotá,2,Divorciado,Profesional,Empleado,1590000.0,473,2,18/08/2022,Corredor
CLI-01678,Ingrid Benítez Gómez,227473971,M,40,Bogotá,4,Unión libre,  Técnico,Pensionado,2367000.0,521,3,2017-10-13,Agencia  
CLI-00300,Omar Juan Rivera Rueda,1585842129,F,41,Medellin,6,Soltero,Técnico,Empleado,20530000.0,711,0,2017/10/16,Bancaseguros
CLI-02277,Antonio Díaz,1799808327,F,42,Pereira,3,Soltero,Bachiller,Empleado,3554000.0,641,2,24/06/2021,Web
CLI-02683,Mayra Piedad Pedraza,1823118137,M,18,CALI,1,Soltero,técnico,Independiente,1231000.0,624,1,2020-04-08,Agencia
CLI-01696,Marcela Camila Campo,629236198,F,41,bogota dc,3,Soltero,técnico,Independiente,4257000.0,567,0,2019-11-28,Corredor
CLI-02667,LUCÍA DÍAZ,545373556,F,47,Bogotá,6,Casado,Técnico,Empleado,12556000.0,811,0,2017-10-17,Asesor comercial
CLI-00252,Elvira Natalia Rico,557335294,F,48,Bogotá,3,Viudo,Posgrado,Empresario,6048000.0,664,0,2023-10-05,Web
CLI-04287,Andrea Rojas,1492149880,F,32,Cali,3,Divorciado,PROFESIONAL,Empleado,2722000.0,,2,2017-06-21,Asesor comercial
CLI-02892,Antonio Cano,1130441460,F,30, Bogotá ,3,Unión libre,Posgrado,Empresario,5610000.0,508,1,2020-02-23,Asesor comercial
CLI-04680,Luz Ospina,1393431064,F,31,Cali,3,Casado,Técnico, Pensionado ,,556,0,04/12/2017,Corredor
CLI-03554,Mariana Esperanza Escobar,1060726238,F,43,Cali,2,Soltero,Bachiller,Independiente,3543000.0,647,1,2021-07-19,Bancaseguros
CLI-00821,Carolina Edith Pacheco Henao,1200931199,  masc,63,Cali,6,Viudo,Posgrado,Pensionado,8213000.0,630,0,08/07/2018,Corredor
CLI-02975,Luis Mena Barbosa,522034888,F,52,Cali,3,Casado,Profesional,Independiente,4951000.0,754,1,2018/02/26,CORREDOR
CLI-01514,Yadira Ocampo Ávila,679808885,F,46,Bogotá,4,Unión libre,Bachiller,Independiente,3074000.0,572,3,19/05/2023,Agencia
CLI-04659,Natalia Yaneth Amaya Ruiz,1354956959,F,22,Cali,3,Soltero,Posgrado,,2159000.0,542,1,,Bancaseguros
CLI-04352,María Jaimes,938078882,  Masculino,26,MANIZALES,6,Casado,Profesional,Empleado,10498000.0,756,1,2017/08/23,Agencia
CLI-01669,Víctor  López  Molina,1662914686,M,,Bogotá,3,Casado,Posgrado,empleado,5443000.0,651,0,07/03/2020,Asesor  comercial
CLI-02393,JUAN CASTRO CALDERÓN,470780584,M,51,BOGOTA,3,Soltero,BACHILLER,Empleado,3113000.0,612,3,2023/07/20,Web
CLI-00975,BEATRIZ ROSALBA GIRALDO PRADA,1381589899,Masculino,36,Barranquilla,4,soltero,Bachiller,Empleado,4988000000.0,649,0,2024-02-22,Web
CLI-00892,Alberto Luna Ramírez,635116622,F,43,BOGOTA,2,Casado,Bachiller  ,EMPLEADO,1539000.0,581,1,INVALID_DATE,Bancaseguros
CLI-02167,César Humberto Muñoz Melo,1402202555,F,18,Bucaramanga,4,Soltero,Posgrado,Pensionado,7282000.0,704,5,2022/12/02,Asesor comercial
CLI-02663,Mariela Delia Arias Agudelo,379144760,M,48,BOGOTA,2,Casado,Posgrado,Empleado,,644,4,2018-07-21,ASESOR COMERCIAL
CLI-04114,Esteban Pablo Martinez,718687680,F,34, Cartagena ,2,Casado,Posgrado,Independiente,0.0,619,2,26/10/2018,Asesor comercial
CLI-01875,Sandra Lara,1511004883,F,65,Bogotá,5,Soltero,profesional,Empleado,$9.039.000,682,0,2022/07/28,Agencia
CLI-04163,Juan Cárdenas García,1762745716,F,43,Manizales,1,Divorciado,Profesional,INDEPENDIENTE,627000.0,466,0,22/10/2021,Bancaseguros
CLI-00019,Sandra Jhoana Pardo,763693930,f,38,cali,2,Soltero,Técnico,Independiente,1706000.0,,4,2019-11-28,Asesor comercial
CLI-04226,Deyanira Santos Soto,68407551,F,46, Cartagena ,3,Soltero,Profesional,Empleado,2912000.0,657,2,2017-10-16,Asesor comercial
CLI-04709,ALEXANDER JULIO SALAZAR,33727180,M,43,Bogotá,3, Unión libre ,Bachiller,Empleado,2816000.0,572,2,2024-08-20,Web  
CLI-02387,Patricia Betty Sarmiento,85990465,F,31,B/MANGA,1,Divorciado, Profesional ,Independiente,1252000.0,471,1,16/11/2018,Asesor comercial
CLI-04464,María Rodríguez Suárez,1784447430,F,31,  Barranquilla,5,Casado,Profesional,Empleado,6710000.0,677,1,2024-01-15,Bancaseguros
CLI-00916,Joel Andrés Sarmiento,1424152934,fem,44,Santiago de Cali,2,divorciado,Bachiller,Independiente,$3.168.000,697,0,2022-11-24,Web
CLI-02435,Pedro Ruiz Escobar,1585232166,F,25,CUCUTA,3,Unión libre  ,POSGRADO,Empresario,8115000.0,661,1,2017-12-28,Agencia
CLI-03867,Ángel Herrera,1887649661,F,62,SANTIAGO DE CALI,2,Unión libre,Bachiller,Pensionado,1755000.0,578,0,17/08/2018,Agencia
CLI-03476,Dary Mayerly Bravo Rincón,865436410,M,37,Bogotá,3,Soltero  ,Posgrado,Independiente,2461000.0,515,1,,Asesor comercial
CLI-05077,  Paula López Monroy,454454189,fem,51,Bogotá,3,Soltero,Bachiller,Independiente,2847000.0,668,0,23/01/2023,Agencia
CLI-01777,Juan Esteban Jiménez,1109868894,F,24,Santa Marta,5,SOLTERO,Profesional,Independiente,7610000.0,791,0,04/06/2021, Asesor comercial 
CLI-04722, Alberto Fabio Hernández Mendoza ,399925006,F,49,CARTAGENA,4,DIVORCIADO,Posgrado,Independiente,6578000.0,666,2,2019/11/01,Web
CLI-04436,Santiago  Gómez  Andrade,421199586,fem,62,Medellín,4,Soltero,Bachiller,Pensionado,8073000.0,801,4,2024-10-28,Bancaseguros
CLI-01621,María Morales Erazo,1851073981,M,35,medellín,3,  Soltero,Profesional,Empleado  ,3563000.0,565,1,2019-03-15,Agencia
CLI-03394,Manuel José Mendoza,1813116230,M,46,Bogotá,3,Casado,Profesional,Independiente,3760000.0,640,0,2019/08/10,Bancaseguros
CLI-00220,Cecilia Martínez,1895452792,M,31,Medellín,2,Divorciado,Posgrado,Empleado,3759000.0,596,2,2024/07/20,Bancaseguros
CLI-01389,Omaira Martínez Figueroa,1662928693,F,25,Medellín,3, Soltero ,Profesional,Pensionado,1973000.0,662,1,2020-05-03,Asesor comercial
CLI-01725,María Cecilia Bejarano,1469583925,F,55,PEREIRA,4,Unión libre,Bachiller,Independiente  ,5064000.0,659,3,2017-07-11,Asesor comercial
CLI-02225,Rosa García García,1833636320,Femenino,33,Pereira,4,Unión libre,Técnico, Empresario ,8583000.0,646,3,2018/08/08,Agencia
CLI-03829,Alejandra Díaz,1491325314,  F,43,Santa Marta,3,Soltero,Posgrado,Independiente,3793000.0,814,0,22/06/2020,Agencia
CLI-02825,Consuelo Rosa Hoyos,1583980655,F,52,BOGOTÁ,4,Soltero,Profesional,Independiente,7454000.0,790,0,2020-09-01,Bancaseguros
CLI-00524,Felipe Rodrigo Camargo Castellanos,550651043,F,63,Bogotá,1,Soltero,Profesional,Pensionado,611000.0,572,2,2018-12-24,Web
CLI-02817,Paola Camargo Garcia,484442120,M,33,Bogotá,2,Unión libre,Técnico, Pensionado ,2671000.0,470,1,2023-08-30,Bancaseguros
CLI-01756,Dary Sánchez,238171224,F,53,MEDELLIN,3,Soltero,BACHILLER,EMPLEADO,2896000.0,594,0,18/10/2022,Asesor comercial
CLI-00786,Oswaldo Cuéllar,702995957,M,28,Cali,4,Soltero,Técnico,Empleado,7447000.0,794,1,03/03/2017,Bancaseguros
CLI-00849,Daniel González Muñoz,531738586,M,,Barranquilla,5,Casado,Profesional,Estudiante,3008000.0,612,0,2017-02-25,Bancaseguros
CLI-02198,Carlos Barreto Rodríguez,499130095,F,28,Bucaramanga,2,UNIÓN LIBRE,Técnico,Empleado,1825000.0,703,2,2024-02-03,Web
CLI-04418,Alexandra Leonor Osorio Monroy,1169208199,M,19, Bogotá ,1,Divorciado,Bachiller,Pensionado,1856000.0,568,1,2020-08-19,Asesor comercial
CLI-00404,Juan Arteaga,1352699739,M  ,50,Medellín,2,Casado,Bachiller,Empleado,$3.448.000,670,0,2017-02-28,Bancaseguros
CLI-05098,Jesús Rico Forero,1448099236,F,55,Bogotá,5,Casado,Profesional,Empleado,6639000.0,542,2,2021-10-27,Corredor
CLI-00511,Edgar  Diego  Suárez,969206710,M,51,Medellín,2,Casado,PROFESIONAL,Independiente,1544000.0,623,1,2022-02-24,Corredor
CLI-00274,Luis Narváez Márquez,1859378153,F,34, Manizales ,3,Unión libre,Profesional,  Independiente,,520,0,18/12/2019,Web
CLI-03181,Arturo Sebastian Hoyos,525557459,F,31,Pereira,3,Casado,Profesional,Empleado,4431000.0,,2,23/08/2022,Web
CLI-01622,María Lina Perdomo,1731149990,F,37,Barranquilla,2,Soltero,Posgrado,Empresario,4763000.0,661,0,24/02/2020,Corredor
CLI-00982,Vicente José Nieto Mendoza,741358612,F,38,Cali,1,Soltero,Técnico,Empleado,1208000.0,506,1,2021/07/05,Bancaseguros
CLI-02364,Andrés Guevara Zapata,1494979598,F,30,Pereira,3,Viudo,Posgrado,Empresario,3805000.0,733,0,03/09/2019,Asesor comercial
CLI-04577,Katherine Alba Ramírez Medina,1123321808,F,50,Bucaramanga,2,Unión libre,Posgrado,Empleado,1839000.0,9999,2,2020/03/14,Corredor
CLI-00833,Lorena Rojas,312740248,M,59,Bogota,4, Casado ,Profesional,pensionado,4723000.0,572,1,2022/11/20,Bancaseguros
CLI-01033,Marlon Jhonatan Ramos Muñoz,514799881,F,32,Cali,2,Unión libre,Posgrado,Pensionado,2629000.0,689,2,2023-03-16,Agencia
CLI-04358,Fernando Duarte,100877389,M,50,  Medellín,3,Unión libre,Profesional,Pensionado,3238000.0,689,1,2019-10-10,Bancaseguros  
CLI-02763,  Óscar Miguel Gómez Salas,285320588,M,38,Santa Marta,3,Soltero,Profesional,Independiente,2893000.0,669,1,2023/04/17,Bancaseguros
CLI-01843,Jesús James Guevara,1895461918,M,24,,5,Divorciado,Bachiller,Empresario,23596000.0,750,1,2022-05-13,Agencia
CLI-04849,Esther Johanna Espitia,764309741,M,51,BOGOTÁ,3,Soltero,Profesional,Empleado,3995000.0,745,1,2022-04-25,Corredor
CLI-02928,Eduardo Guerrero  ,279524933,F,44,Bogotá,5,Soltero,Técnico,Empleado,11601000.0,,3,2023/01/31,Agencia
CLI-00887,Esteban Luis Ochoa,347606233,M,40,b/quilla,6,Casado,Profesional,Empleado,,633,2,12/06/2024, Bancaseguros 
CLI-01404,Diana Maricela Rendón Beltrán,1425837837,M,38,Bucaramanga,6,Soltero,Profesional,Empleado,17340000.0,721,1,21/02/2018,Corredor
CLI-03589,María Moreno Reyes,1856348451,F,18,Medellín,3,Casado,Profesional,Empresario  ,9542000.0,513,1,2023-03-08,Bancaseguros
CLI-01851,Duván Edward Zapata Villegas,324982169,M,38,Cúcuta,3,Soltero,Profesional,Empleado,6018000.0,609,1,2024-01-23,Asesor comercial
CLI-01589,Alexandra Tatiana González,1358000889,M,38,Bogotá,4,  Casado,Tecnico,Independiente,8168000.0,727,1,,Asesor comercial  
CLI-01262,Raúl Ariel Romero,547541625,M,57,,2,Casado,Técnico,Independiente,2146000.0,733,1,INVALID_DATE, Asesor comercial 
CLI-02081,Elizabeth Isabel Padilla Salazar,1124732156,Masculino,44,Bucaramanga,3,CASADO,Profesional,Pensionado,2587000.0,572,2,INVALID_DATE,Bancaseguros
CLI-02644,Liliana Azucena Padilla Angarita,1794511836,F,24,  Bogotá,3,Casado,Posgrado,Empleado,3567000.0,587,1,2020/08/16,Asesor comercial  
CLI-02943,Carmen Carmen Ariza,1155632378,F,31,Cali,3,Soltero,Profesional,Pensionado,1361000.0,628,1,2024-02-11,Web
CLI-01888,José Suárez,99602449,M,60,Bogotá D.C.  ,2,Unión libre,Bachiller,Pensionado,2275000.0,811,1,2023/11/23,Agencia
CLI-02966,Luisa Pedraza Salazar  ,1633005876,F,51,Pereira,2, Casado , Técnico ,Empleado,2604000.0,671,1,2019/02/18,Asesor comercial
CLI-01038,Alberto  Fabián  Díaz,1373918815,M,47,Manizales,3,Casado,Profesional,Independiente,2533000.0,626,1,12/03/2022,Bancaseguros
CLI-04158,Fernanda Esperanza Jiménez Hernández,411184443,M,47,Bucaramanga,3,Casado,Profesional,Empleado,4725000.0,660,4,2023/07/10,WEB
CLI-00964,Marisol Yolima Hernández,1695662713,M,69,Barranquilla,3, Casado ,  Bachiller,Pensionado,3450000.0,9999,0,2020-04-11,Web
CLI-00628,Néstor Alonso Buitrago,144861323,M,28,Bogotá,4,Casado,Técnico,Independiente,7548000.0,701,0,20/01/2017,Asesor comercial
CLI-03580,Sandra Romero Polo,310997998,M,26,SANTIAGO DE CALI,5,Casado,Profesional,Empleado,6483000.0,707,1,10/07/2017,Agencia
CLI-00081,Nelly Gloria Velásquez Pulido,491616773,F,47,Bucaramanga,3,Soltero,Profesional,Empleado,6024000.0,736,2,2022/04/16,Web
CLI-02916,William González Tamayo,1329070517,M,76,Medellín,4,Unión libre,Técnico,Pensionado  ,3536000.0,835,0,2024-08-21,Web
CLI-03083,Mercedes Carmen Caballero Duarte,115417129,F,38,MEDELLÍN,2,Unión libre,Posgrado,Empleado,1794000.0,575,1,2018-05-09,Asesor comercial
CLI-04717,Javier Antonio Osorio,630963566,M,18,Barranquilla,4,  Casado,Bachiller,Independiente,6842000.0,733,1,2020-08-14,Agencia
CLI-02332,Rubén Juan Rodríguez Díaz,886620598,M,18,Santa Marta,2,Soltero,Profesional,Estudiante,1074000.0,459,0,2017-10-22,Asesor comercial
CLI-01761,Mery Mora Cruz,1820174014,M,34,Bogotá,2,Soltero,Profesional,Independiente,2339000.0,636,0,22/02/2024,Asesor comercial
CLI-04294,María Rojas Martínez,394106225,F,51,Bogotá,3,Unión libre,Profesional,Empleado,2572000.0,635,0,2020-07-12,Asesor comercial
CLI-02127,Carlos Javier Mejía Mosquera,113129113,M,42,Bogotá  ,5,Unión libre,Bachiller,Empleado,10324000.0,779,0,2023-03-17,Web
CLI-00718,María Ángela Pérez,1380867812,M,28,BUCARAMANGA,5,Casado,Profesional,  Empresario,12568000.0,820,0,2022-03-27,Agencia
CLI-02312,Marco Rafael Villamizar,1316660369,M,23,Cali,6,Unión libre,Bachiller,Independiente,10429000.0,830,0,25/01/2018,Agencia
CLI-03836,Juan  Vargas,1075264220,M,24,Cartagena,2,viudo,Profesional,Empleado,2045000.0,610,3,19/04/2019,Asesor comercial
CLI-01080,Iván Hernández,1105171212,M,19,bta,3,Soltero,Bachiller,Empleado,1598000.0,578,0,12/11/2022,Agencia
CLI-02314,  Yaneth Elena Garzón Medina,1300348883,M,25,Bogotá,5,Casado,Bachiller,Empleado,4811000.0,541,0,2020/05/20,AGENCIA
CLI-01993,José Pérez,828891638,M,200,Bogotá  ,6,UNIÓN LIBRE,Posgrado,empleado,11241000.0,639,1,2017-02-28,Asesor comercial
CLI-00243,Luis Jhon Ortiz,1696412794,M,44,BOGOTÁ D.C.,3,Soltero,Bachiller,Empleado,,668,0,15/04/2022,Web
CLI-03160,Gustavo Quintero,839936943,M,35,,3,Divorciado,Técnico,INDEPENDIENTE,1741000.0,441,1,2024-08-15,Agencia
CLI-00425,Jorge José González Hernández,632045427,F,18,Manizales,3,Unión libre,Profesional,PENSIONADO,$2.632.000,829,1,29/09/2020,Web
CLI-02912,DIANA ANA ARROYO MORENO,15887719,M,40,Medellín,4,Soltero,Bachiller,Empleado,3386000.0,595,3,2024-07-24,Web
CLI-00289,Edilma Ospina Castillo,768146827,F,67,Bogotá,3,Casado,  Profesional,PENSIONADO,3419000.0,686,2,2017/06/12,Asesor comercial
CLI-00760,CLAUDIA JACQUELINE SANTOS,280697120,M,53,BOGOTA,2,SOLTERO,técnico,Independiente,2272000.0,9999,0,2018-05-08,Web
CLI-01907,Andrea Estrada,1288443222,M,25,Barranquilla,2,Soltero,Profesional,Independiente,2435000.0,644,0,2024-07-14,Corredor
CLI-03652,Jorge Cristian Solano Sánchez,52250698,M,45,  Bogotá,6,Casado,PROFESIONAL,Empleado,18512000.0,714,3,2024-04-25,Agencia
CLI-02961,  Patricia Ruth Guevara Ramírez,1521284329,F,23,Medellín (Antioquia),5,Divorciado, Profesional ,Empleado,14521000.0,738,0,2018/10/21,Agencia
CLI-01002,Javier Cifuentes Gamboa,770120814,M,68,Bogotá,3,Unión libre,Técnico,Empleado,2710000.0,516,0,21/06/2018,Agencia
CLI-01787,Alba Laura Vallejo Cárdenas,1061535977,M,42,Bogotá,3,Divorciado,Técnico,Independiente,5240000.0,651,2,2023-10-17,Asesor comercial
CLI-02648,Sandra Valderrama Vega,1573251352,F,37,Bogotá,3,Unión libre,Bachiller,Independiente,3338000.0,586,3,2022-12-11,Asesor comercial
CLI-01343,Henry González,1023559433,Femenino,40,Pereira,4, Casado ,bachiller,Empresario,$12.099.000,687,1,2022/09/16,Corredor
CLI-02207,Anderson Amaya,1651072262,F,42,Pereira,2,Soltero,Bachiller,Empleado,$2.409.000,530,1,2017/12/13,Web
CLI-00885,Hermes Manuel Martínez Torres,1451443913,M,23,Santiago de Cali,3,Casado,Profesional,Empleado,2817000.0,702,2,2017/10/02,Asesor comercial
CLI-02384,Jhon Daniel Beltrán,1173222669,M,46,Manizales,2,Soltero,Bachiller,Empleado,4192000.0,681,1,2021/01/23,Corredor
CLI-03626,Vicente Carlos Bolívar,1640992209,F,41,Pereira,3,Unión libre,Bachiller,Independiente,2346000.0,693,1,2021/01/21, Corredor 
CLI-04377,Arley Edinson Carrillo,1387835322,F,,BOGOTÁ,4,Soltero,Bachiller,Empleado,$6.098.000,655,2,2018-01-11,Asesor comercial
CLI-02273,Ibeth Guevara,1801046998,F,49,  Medellín,3,Unión libre,Tecnico,Empleado,2837000.0,575,1,11/04/2020,Asesor comercial
CLI-00356,Laura Catalina Cruz González,277681633,F,27,  Cali,3,Casado,Posgrado,Pensionado,1817000.0,545,2,2017-01-22,Agencia
CLI-02420,Ariel Jhon Guerrero,330683422,F,37,medellín,2,Unión libre,Posgrado,Empresario,4043000.0,676,1,2023-06-15,Web
CLI-00805,ELISA PAULA BUITRAGO ORTIZ,1197360062,M,36,Bogotá,3,Divorciado,Profesional,EMPLEADO,4869000.0,761,1,2023-03-12,Web
CLI-00846,Liliana Bedoya,1893509061,f,76,CÚCUTA,3,Soltero,Técnico,Pensionado,4006000.0,531,1,2019-09-14,Corredor
CLI-02245,Germán Nelson Quiroz,199599110,M,26,Medellín,3,CASADO,Bachiller,Empleado  ,1872000.0,669,2,19/03/2018,Bancaseguros
CLI-02895,Aida Molina,242409800,F,47,Bogotá,3,Divorciado,TECNICO,Independiente,3629000.0,571,1,2017-05-14,Web
CLI-01946, María Torres ,1885363891,F,33,Cartagena de Indias,2,Viudo,Bachiller,Empleado  ,,607,2,2023/06/19,Agencia
CLI-04871,Dahiana Lucía Meza Muñoz,705346892,M,36,Medellín,3,Soltero,Profesional,Pensionado,2226000.0,636,0,2019-09-02,Agencia
CLI-00182,Óscar Orlando Campo Galvis,332433352,F,22,,2,Soltero,Profesional,Empleado,1746000.0,648,0,02/12/2019,Asesor comercial
CLI-01614,Deisy Duque Alzate,323492220,M,38,Cartagena,4,Divorciado,Profesional,Empleado,6427000.0,760,1,2024-04-19,Web  
CLI-03701,Paola Rivera,795477276,F,26,Medellín,4,UNION LIBRE,Bachiller,Empleado,7160000.0,668,1,2019-03-16,Corredor
CLI-02293,Rosa Morales,1863321158,F,49,Bogotá,3,Divorciado,posgrado,Independiente,3978000.0,702,1,2022-02-20,Asesor comercial
CLI-00520,Sandra Díaz,1836364287,Femenino,39,Pereira,6,Viudo,Bachiller,Independiente,12483000.0,608,1,2017/04/21,agencia
CLI-03079,Alberto Barrios Salgado,225577572,F,28,Medellín,5,Casado,Técnico,Empleado,$5.001.000,722,2,2017-08-31,Agencia
CLI-01052,Manuel César Rojas,1226727256,M,58,Santa Marta,5,Soltero,Profesional,Empleado,,709,2,2021-05-04,Corredor
CLI-01311,Hernando Medina Ruiz,1648407373,Masculino,21,Bogotá,4,Casado,Técnico,Empresario  ,7125000.0,748,3,2017/02/02,Web
CLI-02692,Diego Aldair Rueda Castro,1202732055,M,44,Medellín,3,Soltero,Bachiller,Empleado,3066000.0,544,2,2018-05-04,Asesor comercial
CLI-02571,Yulieth Adriana Orozco Hernández,1528808662,M,59, Medellín ,3,Casado,PROFESIONAL,,2288000.0,586,1,13/11/2020,Asesor comercial
CLI-00900,Marcela  Sindy  Manrique  Cárdenas,1572048494,F,36, Manizales ,4,Casado,Profesional,Empleado,4337000.0,713,1,2020-07-18, Asesor comercial 
CLI-02808,Karen Victoria Garcés,179046378,F,26,Bogotá,2,Soltero,Técnico,Empleado  ,1660000.0,470,2,2024-08-12,Corredor
CLI-01022,Juan Páez,1666051175,F,54,Bogotá,3,Unión libre,Bachiller,Independiente,3471000.0,563,2,2017-12-17,Asesor comercial
CLI-01089, Juan Alex Mendoza ,1608928642,F,48,Bogotá,3,Casado,Técnico,Independiente,3219000.0,550,0,20/04/2019,Web
CLI-04694,dario óscar londoño pardo,1893817228,F,56,barranquilla,5,Soltero,Profesional,INDEPENDIENTE,8819000.0,779,4,2024/12/27,Bancaseguros
CLI-01230,John González,1121306546,M,18,Bucaramanga,2,Soltero,Técnico  ,  Independiente,1366000.0,598,1,29/08/2023,Corredor
CLI-00123,Jairo Valderrama Jiménez,419267636,M,38,Cartagena  ,3,Casado,Bachiller,Pensionado,3380000.0,615,0,03/08/2017,Asesor comercial
CLI-02470,Carlos Valencia,744511539,M,45,Bogotá,4,Viudo,Técnico,Empresario,12034000.0,786,2,2017-09-06,WEB
CLI-04348,Augusto Orozco,682446473,F,26,bogotá,3,Soltero,Técnico,Independiente,$4.818.000,652,2,2022/12/20,Bancaseguros
CLI-03180,Alberto Vargas,1611223821,F,48,Bogota  DC,3,Soltero,Profesional,Pensionado,2800000.0,647,0,05/09/2021,Bancaseguros
CLI-04728,Julián Javier Angulo González,281558961,M,46,Bogotá,2,Unión libre,Profesional,,3036000.0,557,0,2021/03/22,Web
CLI-01315,Patricia García Rodríguez,675156933,M,23, Bta ,2,Soltero,Posgrado,Independiente,2963000.0,612,1,2017-10-19,Agencia
CLI-02600,rodrigo alfredo torres,1610631467,F,38,Cali,1,Casado,Profesional,Independiente,2635000.0,552,2,2023-07-30,Corredor
CLI-02767,Inés Jiménez,1612532188,M,31,Cúcuta,5,Divorciado,Profesional,Empleado,11365000.0,811,0,2024-06-24,Asesor comercial
CLI-04458,Luis Sánchez,335635880,F,150,CALI,4,Casado,Técnico,Empleado,$5.463.000,633,1,28/07/2017,asesor comercial
CLI-04925,Olga Yuliana Gómez Monsalve,60092222,M,53,Cúcuta,4,Casado  ,TECNICO,PENSIONADO,$4.731.000,655,2,2022-04-03,  Agencia
CLI-01651,Margarita Nayibe Silva Jaramillo,796917245,M,38,CALI,3,Casado,Bachiller,Independiente,1279000.0,607,3,2020-09-11,Bancaseguros
CLI-01564,  Esther Estela Mesa Villa,26848778,F,48,  Barranquilla,1,Soltero,Técnico,Empresario,2061000.0,609,1,2019-07-30,Bancaseguros
CLI-03021,Juan Delgado Castillo,1591833609,M,34,bogotá,4,Divorciado,Profesional,Independiente,4569000.0,729,0,2020-08-12,Web
CLI-01051,David Ortega,1111719909,F,47,Pereira,6,Casado  ,Posgrado,Empleado  ,6512000.0,525,1,12/08/2018,Agencia
CLI-04362,Miguel Carlos Osorio Carrillo,849253076,F,54,,3,Casado,Técnico,Pensionado,2234000000.0,644,1,15/08/2021,Asesor comercial
CLI-04166,Miguel Samir Guzmán,225540026,M,18,Cúcuta,1,Soltero,Técnico,Empresario,4211000.0,742,1,2021-09-13,Asesor comercial
CLI-03878,Jesús Melo,469782702,F,48, Bogotá ,2,Soltero,Bachiller,Independiente,2108000.0,600,0,17/12/2021,Agencia
CLI-05166,Álvaro Vargas,674022358,F,39,Bogotá,2,Soltero,Profesional,Empleado,,668,1,29/05/2023,Asesor comercial
CLI-02779,Erika María Córdoba Rojas,1614595119,M,31,cali,5,Soltero,  Posgrado,Independiente,13497000.0,700,1,2018-10-14,Bancaseguros
CLI-01708, Natalia Luz Torres ,976250939,M,,Medellín,1,Soltero,  Bachiller,Independiente,915000.0,381,0,2020/03/20,Corredor
CLI-01035,Pilar Adriana Romero Lozano,1152942362,M,38,Barranquilla,3,Soltero,Posgrado,Empleado,3610000.0,699,0,2017-08-20,Corredor
CLI-03890,Jose Juan Ortega,315680815,M,37,Barranquilla,2,Soltero  ,Posgrado,Empleado,1743000.0,581,0,2019/05/10,Asesor comercial
CLI-02287,León Luis Manrique Parra,898343845,F,57,Cúcuta,5,  Soltero,PROFESIONAL,Independiente,14022000.0,664,2,2018-12-20,Asesor comercial
CLI-02021,Albeiro Orjuela,420081583,fem,40,Bogotá,2,Casado,Posgrado,  Empleado,1539000.0,639,1,2017-07-14,Web
CLI-01188,David Mantilla,859585959,F,42,Bogotá,5,Soltero,Profesional,Empleado,7462000.0,755,1,24/08/2017,Web
CLI-01778,Cecilia Adriana Valencia,1749091712,M,36,Bogotá,4,Soltero,Bachiller, Empleado ,3323000.0,553,3,2022/07/31,Web
CLI-01267,ROSA FABIOLA SUÁREZ SILVA,617429254,M,31,Barranquilla,1,Divorciado,Bachiller,Empleado,2206000.0,603,3,24/03/2021,Asesor comercial
CLI-02792,Katherine Mónica Suárez Espinosa,532065665,M,52,Barranquilla,3,Unión libre,Profesional,Empleado,4484000.0,749,1,31/12/2019,Web
CLI-04021,Nury Rocío Sierra,1260011655,M,55,Cartagena,2,Divorciado,Técnico,Empresario,7302000.0,860,2,2023-09-18,  Corredor
CLI-03460,Alfredo Guerrero Valencia,764729751,F,45,Cúcuta,2,Casado,Bachiller,Empleado,3200000.0,670,4,2022-10-01,Asesor comercial
CLI-04683,Óscar Eduardo Pérez Montes,427725303,F,48,Cali,1,Unión libre,Bachiller,Empresario,3066000.0,616,0,04/08/2018,Web
CLI-01533,Luis Velasco Bonilla,1874732484,F,33,Bogotá,6,Unión libre,Profesional,Empleado,11830000.0,747,1,2023/08/26,Bancaseguros
CLI-00513,Adrian Sanchez,839278793,M,28,Santa Marta,2,Divorciado,Bachiller,Empleado,,589,2,21/07/2021,Asesor comercial
CLI-01049,Santiago José Rojas,697172771,F,22,Medellín,3,Casado,Profesional  ,Empleado,3029000.0,612,1,2021/01/07,ASESOR COMERCIAL
CLI-02286,José Marlon Saavedra,1833702705,M,35,Bogotá,4,Soltero,Bachiller,Independiente,5220000.0,749,1,2024-04-14,Agencia
CLI-02479,Luis Daniel Hernández,124283229,M,43,Pereira,4,Soltero, Técnico ,Empleado,10029000.0,594,5,2022-09-12,Web
CLI-02046,Aleida Vásquez Quintero  ,1429238619,Masculino,20,bogotá,2,Soltero,Profesional,Independiente,1653000.0,487,1,2023-03-28,Asesor comercial
CLI-04069,Liliana Rodríguez,1772742151,F,49,Barranquilla,4,Casado,Técnico,EMPLEADO,,707,0,,Asesor comercial
CLI-02869,Jennifer León Sánchez,425003330,F,22,MEDELLIN,1,Soltero,Bachiller,Empleado,1653000.0,614,1,2024-03-08,Agencia
CLI-01399,Camilo Arévalo,1202545038,F,30,Santa Marta,6,Unión libre,Bachiller,Empleado,17428000.0,841,2,2018/06/28,Asesor comercial
CLI-01658,Dairo Isidro Fajardo,1230049618,F,49,Cúcuta,4,UNION LIBRE,Profesional,Empresario  ,7411000.0,615,1,07/02/2024,Asesor comercial
CLI-02833,Felipe Mendoza,1370549537,M,18,Bucaramanga,2,Divorciado,Posgrado  ,Pensionado,$1.072.000,9999,2,2023-03-24,Corredor
CLI-02319,Elkin Pineda Muñoz,1233935273,fem,41,MEDELLÍN,4,  Soltero,profesional,Pensionado,7031000.0,659,2,2021/03/24,Bancaseguros
CLI-01956,Liliana Bedoya Moreno,1016670895,F,42,,2,SOLTERO,Profesional, Empresario ,4169000.0,673,2,2020/10/07,Agencia
CLI-01432,Xiomara Parra Angulo,1860876769,F,33,medellín,1,Divorciado,Técnico,INDEPENDIENTE,1021000.0,685,2,2021-08-01,bancaseguros
CLI-04335,Abel Manuel Moreno,1240754659,F,46,,4,Unión libre,Posgrado,EMPLEADO,$4.513.000,660,0,2018-10-27,asesor comercial
CLI-03966,William Alexis Romero Gutiérrez,1824841438,M,26,Barranquilla,1,UNIÓN LIBRE,Profesional,Empleado,2202000.0,585,0,2017/01/05,Agencia
CLI-02700,Claudia Sandoval,1753992338,F,74,Cali  ,1,Casado, Profesional ,Empresario,3559000.0,723,1,08/12/2020,Corredor
CLI-03130,  Adriana Correa Salas,1070523969,F,26,Medellín,1,Soltero,Bachiller,Empleado,,660,2,15/10/2023,Asesor comercial
CLI-02741,Marina Julieth Sánchez Cortés,41243430,M,28,Medellín  ,2,Soltero,Bachiller,Estudiante,924000.0,705,0,2020/08/23,Agencia
CLI-00902,Elkin Vásquez,1546758534,masc,34,Bogotá,3,Casado, Técnico ,Independiente,,547,2,2018-07-15,Web
CLI-02576,Alfredo Luis Gómez Mejía,1256386151,F,41, Cali ,5,Unión libre,Técnico,Empleado,4334000.0,717,1,2017-01-10,Bancaseguros
CLI-00965,Marcela Raquel García García,1458912982,F,,bta,2,Unión libre,Posgrado,Empleado,$3.320.000,640,2,2024-05-31,Bancaseguros
CLI-00325,Dary Jaimes,505382460,F,51,Bta,4,DIVORCIADO,Profesional,Independiente,3292000.0,672,2,08/07/2019,Asesor comercial
CLI-01088,Orlando Bautista,1597764882,F,62,Medellín,1,Casado,Bachiller,Pensionado,1566000.0,573,3,2022-10-17,Web
CLI-01373,alba maría posada,1398038671,M,60,Cali  ,3,Casado,Bachiller,Pensionado,1640000.0,524,1,2020-02-14,BANCASEGUROS
CLI-02764,Manuel Danilo Pacheco Munoz,834748149,M,41,  Bogotá,3,Unión libre,Bachiller, Empleado ,2160000.0,663,0,INVALID_DATE,Corredor
CLI-02617,Jonathan León Agudelo Pacheco,1421353547,M,51,,2,Casado,Técnico,Empleado,2298000.0,770,0,2018/03/27,Agencia
CLI-02373,Santiago Johan Rivera  ,904032364,M,41,Bogota DC,2,  Divorciado,Bachiller,  Empresario,7838000.0,718,2,14/07/2018,Asesor comercial
CLI-02921,Diego Zuluaga Mosquera,1566525389,F,24,Cartagena,2,Soltero,Bachiller,Empresario,1963000.0,738,1,2023-07-11,Asesor comercial
CLI-03080,Maira Navarro,538993318,M,38,CALI,2,Soltero,Bachiller,Empleado,1739000.0,622,2,2024/01/26,Asesor comercial
CLI-02806,Liliana Teresa Quiroz,1717640709,M  ,42,Cali,2,Soltero,Técnico,  Empleado,1880000.0,552,2,16/10/2019,Web
CLI-03340,eder arley parra,907059418,F,53,Pereira,2,Casado,Técnico,Empleado,2713000.0,725,4,08/11/2023,Corredor
CLI-03441,Melba Ana Luna,531104076,M,41,Cúcuta,3,Soltero,BACHILLER,Independiente,5492000.0,641,2,INVALID_DATE,Bancaseguros
CLI-00734,Blanca Díaz Ojeda,528104284,M,66, Bogotá ,3,Divorciado,Bachiller,Pensionado,3200000.0,576,1,2023-10-18,Asesor comercial
CLI-04636,Ronald Christian Arango Contreras,1733479721,M,25,cartagena,1,Unión libre,Posgrado, Independiente ,735000.0,566,3,2021/03/23,Asesor comercial
CLI-03965,Manuel Gonzalo Álvarez Martínez,637271660,M,57,MEDELLÍN,2,Casado,Bachiller,Pensionado,2251000.0,530,1,2022-08-31,Bancaseguros
CLI-01071,OMAR RAFAEL CARDONA,330526177,F,32,Medellín,3,Viudo,Técnico,Empleado,1948000.0,580,1,2023-10-30,Corredor
CLI-02514,María Yudy Rojas,1770817573,M,29,Bogotá,4,Soltero,Bachiller,Independiente,5942000.0,791,1,2022-02-18,Bancaseguros
CLI-01922,Johana Ligia Peña,1591132093, M ,42,Barranquilla,5,Divorciado,Posgrado,Pensionado,4162000.0,559,2,2021-11-20,Corredor
CLI-00997,Melissa Contreras,1443026205,F,45,Santa Marta,3,Casado,Técnico,Independiente,3699000.0,766,0,2021-11-14,Web
CLI-04972,Ocampo Cardona,181958549,M,31,Bta,2,Unión libre,BACHILLER,Empleado,1184000.0,597,0,30/01/2019,Bancaseguros
CLI-00092,Javier  Serna  Mendoza,1174702182,F,54,Bogotá,3,  Casado,Posgrado,Pensionado,2391000.0,678,1,2022-09-12,Corredor
CLI-04160,Alba Yaneth Guzmán Acevedo,1383546013,M,52,BARRANQUILLA,3,Soltero,Posgrado,Independiente,3297000.0,771,0,2020-09-28,Web
CLI-04118,Marcela Santos Valencia,1078825785,F,18,,3,Soltero,Posgrado,PENSIONADO,2924000.0,591,2,2017/07/23,Bancaseguros
CLI-00708,Sandra Zuluaga,1404668451,F,40,Bucaramanga,2,Casado,Profesional,Pensionado,1593000.0,636,3,2018-02-09,WEB
CLI-03656,James Rivera,1817837457,M,,Medellín,3,Casado,PROFESIONAL,Empleado,1885000.0,558,0,2021-12-17,Bancaseguros
CLI-00503,Paola Gómez,691033678,F,54, Manizales ,3,Casado,Profesional,Empleado,3809000.0,667,4,08/01/2018,Asesor comercial
CLI-03020,Jair Camilo Caicedo Jaramillo,328850021,M,38,Cúcuta,1,Soltero,Técnico,Empleado,1378000.0,631,2,2018-03-11,Bancaseguros
CLI-01644,Andrés Carlos Torres Gómez,1085368021,M,61,  Bucaramanga,1,Unión libre,Profesional,Empleado,3263000.0,597,2,16/11/2018,Corredor
CLI-02965,Yolanda Andrade Torres,1777507087,M,43,Medellín,5,Casado,Bachiller,Empresario,20798000.0,678,0,2023-02-21,Asesor comercial
CLI-04807,Luis Restrepo Anaya,808699604,M,38,BOGOTA,4,Soltero,Posgrado,Empleado,4632000.0,532,0,2022-08-10,Bancaseguros  
CLI-04862,Andrés López Gómez,603264958,F,38,Bogotá  ,3,Soltero,Técnico,Empleado,$3.768.000,728,0,26/08/2017,Web
CLI-02857,Consuelo Inés Franco,1871210252,F,32,Bogotá,3,Soltero,Técnico,Empleado,2141000.0,657,2,2019-04-05,Bancaseguros
CLI-00922,José Correa,1683402824,F,44,Bogotá,2,Soltero,Profesional,Empleado,2911000.0,602,0,2024-07-25,Agencia
CLI-03224,ANDRÉS RESTREPO CHÁVEZ,1545310373,F,55,B/manga,3,Casado,Profesional,Empleado,3940000.0,573,1,2022-07-02,Asesor comercial
CLI-04951,Christian Salazar,1185399506,M,20,BOGOTÁ,3,Casado,Profesional,Estudiante,928000.0,441,0,2021-01-15,Corredor
CLI-00284,Luis Jorge Torres,292649232,M,34, Bogotá ,1,Soltero,Bachiller,Independiente,1767000.0,563,1,2024-03-12, Asesor comercial 
CLI-03310,Lorena Katherine Moreno,67547833,M,43, Bogotá ,4,CASADO,Profesional,Independiente,5123000.0,675,0,30/10/2022,  Corredor
CLI-01347,Arbey Héctor Gómez,1343196051,M,44,Medellín  ,2,Soltero,Posgrado,INDEPENDIENTE,2068000.0,494,1,2022/06/21,Bancaseguros
CLI-03715, Beatriz López ,1042790268,  F,61,Bogotá,4,Soltero,Profesional,Empleado,4731000.0,610,0,2019-07-15,Asesor comercial
CLI-02940,Daniela Katherine Melo,95636860,M,49,Medellín,3,Casado,Profesional  ,Empleado,3010000.0,656,1,17/11/2019,Corredor
CLI-03034,Zulma Rojas Cárdenas,70484942,M,40,Manizales,1,Unión libre,Profesional,Empleado,2397000.0,687,0,2022-12-03,Agencia
CLI-00282,Javier Escobar,554991886,M,35,BOGOTÁ,2,Casado,Bachiller,Empleado,3231000.0,674,0,26/04/2021,Asesor comercial
CLI-03398,Josefa Morales,112761297,m,44,,2,Soltero,Profesional,Empleado,2468000.0,463,3,03/11/2021,Corredor
CLI-04048,Carlos Luis López Ruiz,915328817,M,28,Bogotá  ,2,Soltero,Bachiller,Pensionado,1921000.0,624,1,01/08/2023,Web
CLI-00582,dario sebastián salgado polo,1589843602,F,41,Bogotá,3,UNION LIBRE,BACHILLER,  Empleado,4205000.0,632,1,19/05/2024,Agencia
CLI-04078,Brayan Alfonso,199059481,F,47,Bogotá,2,SOLTERO,Posgrado,Independiente,,643,2,2022-04-23,Bancaseguros
CLI-04954,Alexander Alonso Alvarado,1154810974,F,45,Cúcuta,1,Casado,Profesional,Pensionado,2336000.0,738,1,2022-12-08,  Asesor comercial
CLI-00500,  María Sofía Garzón,218360785,F,46,Barranquilla,3,Soltero,Bachiller, Empleado ,,724,1,23/12/2019,Agencia
CLI-03190,Johanna Peña,444938839,M,58,Bogotá,3,Viudo,Posgrado,Empleado,2908000.0,700,2,2022-08-10,Corredor
CLI-04808,Tatiana Ortiz,1329062498,Femenino,47,Bta,1,Soltero,Técnico,Independiente,,678,2,15/03/2020,Bancaseguros
CLI-01444,César Néstor Correa Contreras,442437159,M,55,Bogotá,1,Soltero,Posgrado,Empresario,2035000.0,728,1,2022-08-10,Bancaseguros
CLI-01273,sandra gómez giraldo,1348947777,M  ,41,,3,Casado,Técnico,Empleado,6491000.0,705,1,04/08/2022,Bancaseguros
CLI-00550,Octavio Suárez Ospina,1633248601,M,46,medellín,4,Casado,Técnico,Empleado,5115000.0,613,2,2019-04-16,Web
CLI-00967,Hugo  Rojas  Gómez,416797287,F,24,Manizales,6,Unión libre,Bachiller,Pensionado,21129000.0,694,2,2018/06/30,Bancaseguros
CLI-02211,maría portilla díaz,1251171889,F,61,Manizales,2,soltero,Técnico,Pensionado,1838000.0,524,2,27/04/2024,asesor comercial
CLI-02896,Amparo Barragán,962525358,M,38,Bogotá,2,casado, Profesional ,Empleado,2660000.0,576,1,2021-06-21,Agencia
CLI-02161,Ana Castro,639288938,M,42,santa marta,3,Unión libre,Profesional,Independiente,4414000.0,675,0,2019/03/12,Asesor comercial
CLI-04132,Carmen Moreno Arrieta,976587210,F,18,Bogotá,4,Casado,bachiller,Estudiante,2857000.0,669,0,15/12/2017,Asesor comercial
CLI-04089,Luz Yasmín Melo,1693494220,M,47,Bucaramanga,2,Casado,Bachiller,Independiente,1252000.0,596,0,23/07/2023,Agencia
CLI-00844, José Torres Bustamante ,361174773,M,38, Bogotá ,3,Unión  libre,PROFESIONAL,Empleado,3956000.0,,2,02/04/2019,Bancaseguros
CLI-01944,Elena Cruz,1384473076,M,43,Bogota DC,4,Soltero,Posgrado,Empleado,11765000.0,655,3,2017/03/29,  Corredor
CLI-03231,Juan Ávila Ochoa,1850885717,M,49,Cali,5,Unión libre,Bachiller,Empleado,,671,0,2022/03/26,Web
CLI-01486,Luis Hernán Gutiérrez Díaz,939953234,M,47,Bogotá,4,Soltero,Profesional,Empresario,16406000.0,837,1,2022-10-20,Corredor
CLI-05168,Cristina Alba Peña,161148386, F ,56,Bogotá,2,Casado,Profesional,Empleado,1646000.0,537,2,2018/04/09,Corredor
CLI-02608,María María Velásquez Rojas,482325116,M,31,BARRANQUILLA,3,Viudo,Profesional,Empleado,3930000.0,637,1,2019-01-17,Web
CLI-04798, Gladys Laura Pineda Ruiz ,1853122293,M,52,Bogotá,6,Soltero,Técnico, Independiente ,9299000.0,781,3,2022/09/08,Bancaseguros
CLI-00386, María Andrea Delgado ,184291205,F,27,Bogotá,2,Casado,Posgrado,Empleado,1223000.0,535,3,2019-03-18,Asesor comercial
CLI-04766,Marcela Bolívar Moreno,1383743526,M,19,Bogotá,5,CASADO,Técnico,Empleado,9984000.0,704,1,2020-05-15,Asesor comercial
CLI-03092,LUIS GONZALEZ,1384186915,F,23,Medellín,4,soltero,Posgrado,Empleado,3782000.0,703,1,2021/07/16,Web
CLI-02670,John Smith Castro,509058466,M,52,Bucaramanga,4,Casado,Profesional  ,Empleado,6148000.0,853,1,2019-06-14,Web
CLI-02582,Jorge Acosta Hernández,191524414,F,41,Bogotá,2,Casado,Técnico,Independiente,3297000.0,605,2,2024-07-13,Agencia
CLI-04936, Gustavo Danny Barbosa ,1087268705,M,46,Manizales,3,  Soltero,Técnico,Empleado,2776000.0,582,1,11/01/2018,Agencia
CLI-01803,Alba Liseth Ayala  ,251464276,M,43,  Bogotá,3, Soltero , Profesional ,Empleado,3926000.0,528,1,2024-08-28,Agencia
CLI-04044,Carolina Bejarano,1295151852,F,46,Cartagena,4,Divorciado,Técnico,Independiente,5209000.0,636,0,19/10/2022,Asesor comercial
CLI-04263,María Elena Torres,1747286808,M,45,,3,Soltero,Profesional,Empleado,,,3,2019-01-30,Agencia
CLI-02138,CARMEN CASTANEDA ALVARADO,1205579562,F,29,Bucaramanga,3,Unión libre,PROFESIONAL,EMPLEADO,6367000.0,637,0,2021/07/03,Agencia
CLI-02374,Lucila Orozco González,1712151725,M,18,Bogotá,2,Unión libre,POSGRADO,Empleado,1639000.0,526,3,2023-01-15,Agencia
CLI-01286,Luz Arenas Benavides,839355808,F,38,Barranquilla,2,Soltero,profesional,Empresario,3714000.0,518,1,20/08/2018,Corredor
CLI-01425,María Ortega,1681672292,M,60,Bogotá,3,Casado,Técnico,Pensionado,2349000.0,532,3,31/01/2024,Asesor comercial
CLI-01260,smith martínez guzmán,1195446270,F,46,Manizales,5,Soltero,Bachiller,independiente,11680000.0,843,0,2018/05/29,Web
CLI-00567,Fernando Sánchez,1170988801,F,64,Bucaramanga,3,Casado,Profesional, Pensionado ,329800000.0,759,3,2020/01/10,BANCASEGUROS
CLI-00667,Isabel Álvarez Molina,1529794236,F,49,MANIZALES,2,Casado,Bachiller,Independiente,2368000.0,654,1,2022-04-13,Asesor comercial
CLI-03126,Andrés Rojas Caicedo,1370658303,M,47,Cartagena,3,Unión libre,Profesional,empleado,1897000.0,671,2,2019/11/22,  Corredor
CLI-04543,Teresa Córdoba,148840888,F,45,Cali  ,2,Casado,Técnico  ,empleado,,641,1,27/02/2023,Bancaseguros
CLI-00068,Walter Gilberto Arias,817264976,m,19,Santa Marta,2,Casado,Profesional,Empleado,2257000.0,575,2,18/02/2018,Bancaseguros  
CLI-01765,Armando Gaviria,1541659348,M,31,Cali,5,SOLTERO,Posgrado,Independiente,8012000.0,618,2,2022-08-05,Bancaseguros
CLI-00340,Mónica Lucía Montes Correa,1150004000,F,49,Medellín,3,Soltero,Bachiller,Empleado,1872000.0,762,0,2017-03-14,Web
CLI-00973,Aura Ramos Mosquera,1578925099,M,39,BOGOTÁ,3,Casado,Profesional,Independiente,1696000.0,604,1,2017-01-07,Web
CLI-01138,Omar Castañeda Escobar  ,1225706945,M,51,Barranquilla,4,Soltero,Posgrado,Empresario,5401000.0,634,2,18/04/2021,Bancaseguros
CLI-04128,Roberto Jaramillo Osorio,1470378267,M,35,PEREIRA,3,Unión  libre,Posgrado,Empleado,4007000.0,641,1,2024-09-24,Web
CLI-04835,Andrés Luis Nieto Ruiz,1007235189,M,32,Bogotá,2,Casado,Técnico,Independiente,2108000.0,,0,2017/07/02,Web
CLI-02847,Leydi María Ospina,1780833001,M,19,Medellín,3,Soltero  ,Profesional,Empleado,3223000.0,534,2,2018-03-11,Asesor comercial
CLI-01010,Adriana Socorro Ramos Arias,1504750316,M,51,Cali,4,Divorciado,Técnico,Independiente,3221000.0,644,2,2024/12/19,Corredor
CLI-02289,VALENTINA HENAO ESCOBAR,95285668,M,-3,,1,Unión libre,profesional,Pensionado,1488000.0,555,3,2023/09/11,Web
CLI-02159,Michael Daniel Becerra,840594645,M,56,Bogotá,2,Casado,Profesional,INDEPENDIENTE,2378000.0,730,2,22/06/2024,Agencia
CLI-02902,DANILO DEIBY SANCHEZ VALENCIA,1326702632,F,51,  Cartagena,4,Unión libre,Profesional,  Empleado,3871000.0,591,2,16/04/2017,Web
CLI-02941,Luz Rocío Cifuentes Sánchez,877001991,F,56,Bogotá D.C.,3,Casado,Bachiller,Empleado,7722000.0,713,0,2024-09-10,Agencia
CLI-00960,Antonio David Mena,1752518043,F,37,Pereira,2,Unión libre,Posgrado,Independiente,3751000.0,659,4,11/09/2022,Agencia
CLI-02583,Julieth Fernández Fonseca,1715758545,M,44,Medellín,2,Divorciado,Bachiller,Empleado,2306000.0,629,3,2019-09-26,Corredor
CLI-03426,Jhon Sánchez,1028762808,F,31,Cartagena,5,Soltero,Profesional,Empleado,$9.787.000,677,2,2022/06/22,Asesor comercial
CLI-04249,Ligia Lara,68548507,M,63,  Bogotá,3,Soltero,Bachiller,Empleado,3999000.0,627,1,31/07/2021,Bancaseguros
CLI-03743,CARLOS LEONARDO CRUZ GUERRERO,70700457,F,22,Bogotá,3,Unión libre,TÉCNICO,Independiente,7053000.0,535,1,2024-08-19,Bancaseguros
CLI-04762, Andrés Sanabria ,1621211031,F,42,BOGOTA,2,Unión libre,Técnico,Empleado,2306000.0,497,0,2021/09/08,bancaseguros
CLI-04214,Claudia Martínez,1723257922,M,32,  Bucaramanga,2,Soltero,BACHILLER,Independiente,1714000.0,533,3,2021-10-05,Bancaseguros
CLI-03173,Elena Eugenia Ramírez,474553679,F,43,BOGOTÁ,4,Soltero,Profesional,Independiente,4740000.0,513,4,03/08/2020,Bancaseguros
CLI-03924,David Giraldo,1718606847,F,42,Bogotá,2,Casado,Bachiller,Independiente,2017000.0,707,0,17/02/2024,Agencia
CLI-02316,Yuly Giraldo Padilla,518050400,M,31,Bogotá,1,Soltero,Bachiller,Empleado,1363000.0,612,1,06/05/2024,Corredor
CLI-03089,Susana Reyes Díaz,1426813323,F,55,Medellín,4,Casado,Técnico,Empleado,3631000.0,682,3,2024-03-25,Asesor comercial
CLI-02956,Andrés Morales,111405256,M,48,Cali,1,Soltero,TECNICO,Pensionado,1346000.0,582,1,04/03/2017,Asesor comercial
CLI-01008,FERNANDO LOZANO,736905363,M,27,,2,Unión libre,Bachiller,Empleado,2723000.0,614,2,30/08/2024,Asesor comercial
CLI-00898,Elena Karen Nieto,1678505433,M,58,Medellín,5,  Soltero,Bachiller,Empresario,17667000.0,640,1,2023-03-08,Agencia
CLI-00104,Rafael Barrera,97928259,F,32,Cali,3,Soltero,Bachiller,Independiente,1725000.0,380,1,17/10/2022,Agencia
CLI-02073,María Muñoz Gallego,1813469300,M,47,Cartagena,2,Casado,Bachiller,Empresario,4726000.0,662,3,2022-04-24,Agencia
CLI-01947,Brayan Sierra,1787495115,M,51,  Bogotá,2,Viudo,Técnico,Independiente,,646,1,2019-08-13,Corredor
CLI-03286,Hilda Herrera Prada,1291269024,F,52,Bogotá,4,Soltero,Bachiller,  Empleado,4981000.0,,3,2021-07-05,Asesor comercial
CLI-04159,carlos calderón serna,360380569,M,41,Bogotá,2,Soltero,Bachiller,Pensionado,1614000.0,585,2,2019-11-29,Agencia  
CLI-00012,ximena jacqueline ordóñez gaviria,957501973,F,22,Bogotá,3,Soltero,Profesional,pensionado,,711,2,2017-11-06,Corredor
CLI-02045,Wilson Jesús Aguilar Barreto  ,1754316071,  F,43,Medellín,2,Unión libre,Bachiller,Empleado,2590000.0,596,2,10/03/2017,Agencia
CLI-03341,José Ruiz Medina,169950258,M,39,Medellín,3,Soltero,Técnico,Empresario  ,5920000.0,659,0,19/10/2023,Asesor comercial
CLI-00016,ángela ortiz velandia,1500381855,M,24,Medellín,4,Unión libre,Bachiller,Independiente,6593000.0,661,1,2017/06/24,Corredor
CLI-02829,KEVIN GUSTAVO JARAMILLO,1571762538,F,51,CALI,2,Soltero,  Posgrado,Empleado,2415000.0,707,1,2017/09/04, Web 
CLI-03845,Rafael Robert Quiroga Velásquez,383373996,F,49,Bogotá,1,Soltero,Técnico,Empleado,2146000.0,562,1,2023/04/22,Asesor comercial
CLI-04066, Laura Juliana Torres ,880608572,F,18,Bogotá,2,Casado,Profesional,Independiente,921000.0,507,2,2018-07-22,Bancaseguros  
CLI-04297,Humberto José Castaño,1847096375,M,43,Bucaramanga,3,Unión libre,Bachiller,Independiente,3255000.0,588,0,2017-06-23, Bancaseguros 
CLI-04326,Fernando Ramírez Quintero,775126781,F,34,Bogotá,3,Viudo,Bachiller,Empresario,2532000.0,699,2,2022-09-26,Bancaseguros
CLI-00699,Andrés Jaramillo Mejía,1160243200,F,45,Cali,3,Viudo,Bachiller,Independiente,2556000.0,689,3,09/06/2017,agencia
CLI-02382,Fabio Alexander Cárdenas,869201304,M,33,Bucaramanga,3,Casado,Técnico,Empleado,4271000.0,716,2,2018/06/11,Agencia
CLI-01603,Jesús Rubio,243857273,F,64,Bogotá,6,Soltero,Profesional,Pensionado,9867000.0,699,2,2022/10/30,Asesor comercial
CLI-02134,Ana Sierra Castañeda,340979380,F,37,BARRANQUILLA,2,Casado,Profesional,Pensionado,1181000.0,372,1,2023/06/06,Asesor comercial
CLI-02772,Matilde Yesenia Montenegro Fonseca,1600139193,F,22,Santiago de Cali,5,Soltero,Bachiller,,6660000.0,539,0,2024-02-24,Corredor
CLI-04818,Ana Bolívar,768534796,F,49,BOGOTA,3,Unión libre,Posgrado,Independiente,3785000.0,739,2,2023-05-21,Asesor comercial
CLI-02855,Luz Elizabeth Carvajal Suárez,967895036,fem,20,Manizales,3,Soltero,Profesional,Empleado,3125000.0,554,1,2019/12/14,Asesor comercial
CLI-00112,Andrés Antonio Miranda Cruz,1659413127,M,42,Bogotá,2,Casado,Posgrado,Empresario,2869000.0,665,1,28/10/2021,Bancaseguros
CLI-01677,Luz Durán,1798603139,F,49,Bogotá,1,Divorciado,Técnico,Empleado,1080000.0,621,1,06/09/2018,Corredor
CLI-00346,Isabel Nidia Ortiz,716395273,F,39, Bogotá ,5,Soltero,Bachiller,Empleado,6027000.0,708,0,2018-02-18,Bancaseguros
CLI-03479,Carlos Guevara  ,840931165,F,28,bogotá,4,Soltero,Técnico,Empresario,7938000.0,673,1,2023/04/14,Web
CLI-00897,Johanna Pérez Aguilar,873079194,M,40,Bucaramanga,3,Soltero,Profesional,Empleado,4159000.0,781,1,2017-07-17,Web
CLI-02083,Alejandra García Muñoz,443126064,F,25,CUCUTA,3,Soltero,Profesional,Empleado,2820000.0,698,0,2019-02-25,Agencia
CLI-02318,Maritza Patricia González,567742041,F,,Bogotá,3,Casado,Profesional,Independiente,2975000.0,707,1,2018-09-19,Corredor
CLI-01243,Milena Patricia Vélez,547417901,M,54,Bogotá,2,Unión libre,Bachiller,Empleado,3837000.0,677,1,2018-08-16,Corredor
CLI-02911,Claudia Cecilia Torres,848805129,F,40,Manizales,2,CASADO,Técnico,Empleado,1586000.0,589,2,2023-03-30,Corredor
CLI-00514,René Julio Bolaños Velásquez  ,1529686078,M,42,Cali,3,Casado,Bachiller,Empleado,3274000.0,576,3,24/02/2017,Web
CLI-01280,Gilma Arenas Córdoba,1600046768,F,51,Bogotá,3,Casado,Técnico,Empresario,6233000.0,675,2,2017/09/29,Asesor comercial
CLI-05134,Inés Ester Vega Vargas,337897409,M,25,Bogotá,3,Divorciado,Profesional,Empleado,3872000.0,689,0,2018-12-20,Agencia
CLI-02004,Luz Guzmán,170768288,F,57,Bogotá,2,Casado,Bachiller,Independiente,0.0,654,0,2019-05-11,Corredor
CLI-04073,Bayron Carrillo Castro,1336456759,M,44,Cartagena,5,Casado,Profesional,Empleado,$5.351.000,653,3,2022-08-04,Bancaseguros
CLI-00151,Jorge Orlando Cuéllar,926339349,F,37,Bogotá,2,Soltero,Bachiller,Pensionado,2574000.0,587,0,2021-08-30,Agencia
CLI-04783,Brandon Julio Rodríguez,1509694372,F,44,,1,Casado, Posgrado ,Empresario,4526000.0,724,2,01/03/2018,Web
CLI-01186,Enrique Medina,1211789781,F,37,Medellín,2,Soltero,  Posgrado,Empresario,2990000.0,626,0,02/06/2018,Agencia
CLI-01183,Yesenia Olga Hurtado,1415262926,M,28,Bogotá,3, Casado ,Bachiller,PENSIONADO,2160000.0,561,2,INVALID_DATE,Agencia
CLI-00863,María Hernández,1356981564,F,49,Medellín,1,Soltero,Bachiller, Independiente ,,513,0,2017/12/05,Web
CLI-04236,Armando Ronald Soto,1006857372,M,28,Cartagena,6,Casado,Técnico,Empleado,21917000.0,697,0,2021-04-29,Agencia
CLI-04498,ANDREA BEDOYA,1411066935,F,53,Pereira,4,Soltero,Profesional,Independiente,3430000.0,614,1,2020-11-04,Bancaseguros
CLI-04446,Aníbal Beltrán,697945502,M,47,Bucaramanga,4,Soltero,Técnico,Independiente,6901000.0,705,3,10/02/2020,Agencia  
CLI-01762,Hernán Carlos Padilla López,1655718289,M,59,Manizales,1,Soltero,Profesional,Empleado,1448000.0,650,2,29/11/2018,Web
CLI-00075,José Quintero,674600768,M,,Cartagena de Indias,2,Soltero,Posgrado,Empleado,2670000.0,561,2,2019-12-28,AGENCIA
CLI-00022,Efrain Castillo Torres,1500664384,M,29,MEDELLIN,3,Casado,Profesional,Independiente,4274000.0,731,2,2024-05-03, Asesor comercial 
CLI-01350,Carmen Margarita Cruz,682893962,M,54,Bogotá,2,Soltero,Profesional,Empleado,1591000.0,521,2,2023-11-01,Asesor comercial
CLI-04809,Antonio Alfonso Moreno Fonseca,1273398383,M,21,  Cali,2,Soltero,Profesional,Empresario  ,4895000.0,660,1,2020-07-10,Web
CLI-02285,María Nelly Garzón Valencia,1864926999,M,36,BARRANQUILLA,4,Soltero,Bachiller,Pensionado,7963000.0,702,1,2024-12-21,Agencia
CLI-04402,Fernando  Arley  Rodríguez  Camacho,77968480,F,74,Cartagena,2,Casado,Técnico,Pensionado  ,2411000.0,687,2,2024-02-08,Bancaseguros
CLI-04654,María Vargas,1226509370,M,30, Pereira ,3,Casado,Bachiller,Pensionado,3389000.0,754,0,2022-02-01,Bancaseguros
CLI-03624,Adriana Mejía Bermúdez,1737383912,F,23,Cartagena,4,Soltero,Técnico,Independiente,5422000.0,571,0,2021/12/29,Bancaseguros
CLI-01859,  Diana Díaz Muñoz,1669281495,M,35,Cartagena,3,Soltero,Posgrado,Empleado,4852000.0,571,0,06/12/2021,Asesor comercial
CLI-00607,Yaneth Rincón Hernández,357318154,F,30,MEDELLÍN,3,Divorciado,Técnico,Empleado,2310000.0,567,3,2021-11-04,Web
CLI-01536, Javier Soto Quiroga ,1152644909,F,40,Cali,3,Unión libre,Profesional,Pensionado  ,2316000.0,648,0,2022-12-23,Asesor comercial
CLI-04591,Carolina Andrea Daza Padilla,1742400062,M,53,Bogotá,1,casado,Profesional,Pensionado,1939000.0,527,2,2023-10-21,Bancaseguros
CLI-03417,Isabel Contreras,738720092,f,50, Pereira ,4,Divorciado,Técnico,EMPLEADO,4363000.0,621,3,2019/02/15,Corredor
CLI-04187,Patricia Laura Giraldo,381970667,M,23,BOGOTA,3,Soltero,Bachiller,PENSIONADO,2448000.0,460,0,2020-05-28,Asesor comercial
CLI-04343,fabián jhon meza,263624791,fem,47,Bogotá,1,Casado,Profesional,Independiente,2737000.0,579,1,27/08/2023,Bancaseguros
CLI-04196,Antonio Gustavo Ojeda García,663506538,F,30,Bta,4,Casado,Técnico,Empleado,4015000.0,651,2,2020-06-18,Web
CLI-03523,María Ana González,1696017483,M,37,Bucaramanga,3,Casado,Técnico,Empleado,2014000.0,651,2,16/06/2024,Agencia
CLI-00854,LIGIA MARTA QUIROZ MOSQUERA,282143753,F,48,Manizales,2,SOLTERO,Técnico,  Empleado,2666000.0,512,1,2018-08-21,  Asesor comercial
CLI-00478,Santiago Henao,1449615545,F,39,Bucaramanga  ,2,Soltero,Profesional,Empleado,1737000.0,524,1,2021-11-09,Agencia
CLI-03472,Milena Benítez Duarte,527346870,m,42,bogotá,3,Casado,Profesional,Empleado  ,4030000.0,716,1,11/09/2024,  Asesor comercial
CLI-00393,Catalina Palacios González,504597810,F,53,Barranquilla,4,Unión libre,Técnico,Pensionado,3880000.0,762,1,2021-01-28,Corredor
CLI-01087,Abel Jairo Rodríguez Osorio,660050051,F,35,Barranquilla,3,casado,POSGRADO,Independiente,1854000.0,602,0,2023/11/16,Web
CLI-02472,Jennifer Pérez,600054249,F,51,MEDELLIN,1,  Divorciado,posgrado,  Empleado,1372000.0,689,2,05/05/2018,Asesor comercial
CLI-04410,María Jenny Sandoval  ,970945274,M,29,,1,Casado,Profesional,Independiente,1168000.0,467,0,2021-08-19,Corredor  
CLI-01184,Andrea Tatiana Cruz,344936697,M,34,Medellín,4,Soltero,Técnico,Independiente,,593,2,2024-06-07,Web
CLI-04331,Diego Eduardo Pinzón Arias,1674651806,M,21,CALI,2,Casado,Técnico,,1219000.0,553,0,13/09/2022,agencia
CLI-04921,Luis Gómez Barrios,1103498143,M,42,BOGOTA,4,Divorciado,Posgrado,Independiente,11281000.0,656,3,2018-11-17,Bancaseguros
CLI-01952,Andrés José Barreto Cardona,595537057,M,38,Bogota,3,Unión libre,Técnico,Independiente,2382000.0,670,1,2019-11-04,Agencia
CLI-02238,José Jorge Ríos,1365749675,M,35, Bogotá D.C. ,5,Soltero,Profesional,Independiente,5147000.0,647,2,2021/02/15,Web
CLI-00139,JHON FORERO GARCIA,799551846,F,32,Medellín,3,Soltero,Técnico,Independiente,$5.002.000,714,2,2020/01/11,Agencia
CLI-01602, Yasmín Medina ,1031113044,M,48,Bucaramanga,3,Casado,Posgrado,Empleado,2744000.0,635,0,2017-02-21,Web
CLI-00895,SINDY RODRIGUEZ GALVIS,1110851211,F,43,Manizales,2,Casado,Profesional,Independiente,1747000.0,487,1,2017/05/28,Corredor
CLI-01701,Carlos Jorge Amaya Olaya,1812290093,F,40,BUCARAMANGA,3,Unión libre,PROFESIONAL,Independiente,4266000.0,530,0,18/09/2020,Agencia
CLI-01410,Olga González,1487475216,F,40,Pereira,1,Unión libre,Bachiller,Independiente,2171000.0,585,3,2021-06-18,Asesor comercial
CLI-03617,Andrea Ana Daza Ardila,139145087,M,35,Cali,4,  Soltero,Bachiller,Independiente,3189000.0,685,2,2023/02/08,Agencia
CLI-01731,Judith Marín Rojas  ,1704459588,F,31,Bogotá,2,Soltero,Posgrado,Empresario,2490000.0,612,0,2017-04-01,Bancaseguros
CLI-00778,Yury Montes Hernández,1174777421,M,30,Pereira,4,Casado,Técnico,EMPLEADO,6153000.0,602,0,2022/10/07,Agencia
CLI-00738,Andrés Carlos Rueda,439494567,M,51,Medellín,5,CASADO,BACHILLER,Empleado,9286000.0,718,2,2018-11-28,ASESOR COMERCIAL
CLI-03670,Doris Beltrán Jiménez,1681823254,fem,59,Pereira,2,Soltero,Profesional,Empleado,2920000.0,600,0,06/10/2017,Bancaseguros
CLI-00060,  César Alirio Sánchez Salamanca,1610311594,M,46,Bogota DC,2,Divorciado,Profesional,Empresario,2752000.0,639,0,19/08/2018,Web
CLI-00115,Efrain Alfredo Ortega Muñoz,1110535955,Masculino,48,Barranquilla,1,Casado,Bachiller,Independiente,1839000.0,488,0,2019-11-06,Asesor comercial
CLI-02304,Nelly Melo  ,1397665998,F,40,Barranquilla,3,Casado,Bachiller,Empresario,4949000.0,701,1,10/10/2023,Agencia
CLI-00843,Manuel Juan Erazo Prada,704003844,F,37,  Cúcuta,1,UNIÓN LIBRE,Bachiller,Empleado,1886000.0,558,1,23/12/2024,AGENCIA
CLI-03860,Lizeth Rodríguez Mosquera,514694800,M,20,Medellín,2,Casado,Técnico, Empleado ,1731000.0,528,2,2019-07-25,Agencia
CLI-04933,Jaime Sanabria Muñoz,382808538,F,51,cúcuta,5, Soltero ,Bachiller,Empresario,,636,1,2024-09-27,Web
CLI-04830,Jesús Wilman Angarita,646478833,F,40,Bogotá,6,  Casado,Posgrado,independiente,16254000.0,759,0,2019-02-13,asesor comercial
CLI-01780,Leonor Margarita Rincón Espinosa,1702925687,M,28,Bogotá,2,Viudo,Bachiller,Pensionado,1129000.0,515,0,2018-06-05,Asesor  comercial
CLI-04780,Juan Agustín Orozco,1816055584,F,19,Santa Marta,2,Unión libre,Bachiller,Empresario,3390000.0,538,0,2018-05-23,Asesor comercial
CLI-00231,Yasmín Sarmiento,380575245,M,37,Bogotá,3,Casado,Posgrado,Independiente,5252000.0,620,1,10/01/2021,Asesor comercial
CLI-01442,  Leonor Mery Ruiz Burbano,34510348,M,46,Bogotá,3,Divorciado,Profesional,Pensionado,3038000.0,638,0,13/10/2020,Agencia
CLI-01378,Álvaro Jiménez Giraldo,1441767322,F,41,Bogotá,3,Soltero, Profesional ,Pensionado,4210000.0,751,0,2021-05-28,Web
CLI-04614,Mariela Yenny Sanabria González,225577839,M,49,Medellín,2,Soltero,  Técnico,Independiente,2232000.0,640,1,INVALID_DATE,Asesor comercial
CLI-00572,Óscar Alejandro Bravo,1319302280,F,20,Bogotá,2,Soltero,Técnico,Independiente,,661,2,2021/08/12,Bancaseguros
CLI-04931,Betty Dahiana Pérez Bravo,547806196,F,21,Bogotá,2,Viudo,Posgrado,Empleado,1858000.0,583,1,2021-12-20,Web
CLI-01215,Abelardo Gómez Giraldo,1855785263,M,60,Pereira,3,  Unión libre,Técnico,Empleado,3940000.0,670,1,18/05/2017,Agencia
CLI-03658,Alejandra Londoño Moreno,1714457074,masc,38,Cartagena,5,Unión libre,Bachiller,Empleado,3444000.0,659,0,18/02/2020,Web
CLI-01484,José Arley Palacio Suárez,57198268,M,41,Santa Marta,2,Viudo,Bachiller,Independiente,5032000.0,671,3,13/08/2018,Bancaseguros
CLI-04983,Orlando Daniel Angarita,1008768425,M,46,MEDELLÍN,3,  Soltero,Técnico,Independiente,3202000.0,688,2,26/04/2017,Bancaseguros
CLI-02010,Roberto José Polo,748859743,F,32,Bogotá,3,Soltero,Técnico,Independiente,3610000.0,504,2,2017-07-06, Bancaseguros 
CLI-02711,Sandra Rivera,287170005,F,49,,3,Unión libre,Técnico, Empleado ,2815000.0,623,1,2024-04-10,Agencia
CLI-01615,Daniel Segundo Hernández  ,1092082123,F,47,Pereira,1,Divorciado,Profesional,Empresario,5742000.0,662,0,02/09/2018,Asesor comercial
CLI-03088,Carlos Santiago García González,813083505,M,,Manizales,1,Soltero,Posgrado,Pensionado,1602000.0,563,1,2019-11-16,Asesor comercial
CLI-00086,David Ferney Cruz Suárez,655983640,M,62,Bogotá,4,Unión libre,Profesional,Pensionado,5609000.0,562,2,14/09/2019,Bancaseguros
CLI-04495,mary fernanda cárdenas,684354626,M,18,Medellín,4,Soltero,profesional,Empresario,13256000.0,658,3,2021-05-05,Asesor comercial
CLI-05171,Alex Cristian Alvarado,1091587054,F,40, Bogotá ,3,Soltero,Bachiller,empleado,4997000.0,714,2,2020-09-11,Bancaseguros
CLI-04211,Giovanny Granados,663364899,F,28,Bucaramanga,6,SOLTERO, Profesional ,Empleado,18483000.0,650,2,2021-11-29,Agencia
CLI-02802,César Sebastián Torres,1000064581,F,30,Bogotá,1,Soltero,Posgrado,Estudiante,,620,0,2017-12-07,Asesor comercial
CLI-03621,Carlos Martínez Galeano,1868447009,F,37,Medellín  ,3,Unión libre,Técnico,Empleado,2201000.0,647,1,2017-01-22,Asesor  comercial
CLI-03004,Alfredo Germán Ocampo,1830975914,F,31,Bogotá,4,Unión libre,Técnico,Empleado,8327000.0,620,1,2017-11-23,Agencia
CLI-03828,Dary Lozano,302839566,M,62,Cúcuta,3,Casado,Bachiller,pensionado,2678000.0,781,1,2023-05-01,  Asesor comercial
CLI-03713,Fabiola Méndez,159515034,F,36,Cartagena,3,Divorciado,POSGRADO,Independiente,3225000.0,567,1,24/03/2021,Bancaseguros
CLI-00678,Miguel Manuel Sierra Ospina,511318731,F,30,Bogotá,3,Casado,Profesional,Empleado,4847000.0,561,0,17/09/2017, Agencia 
CLI-00335,Johana Alba Daza,1031414732,m,58,Cúcuta,3,Soltero,Bachiller,,3119000.0,609,0,2017-03-10,Corredor
CLI-00978,Fabián Jaramillo,1676782441,M,40,Santa Marta,2,Viudo,Profesional,Pensionado,2237000.0,706,0,2021-01-30,Asesor comercial
CLI-00540,Nicolás Ortiz,893728964,F,40,BOGOTA,4,Soltero,Bachiller,EMPLEADO,5861000.0,646,1,2021-11-25,Web
CLI-03419,Joan Jhonny Mosquera Calderón,624024007,M,38,Barranquilla,1,Unión libre, Profesional ,Pensionado,1198000.0,577,0,2024-01-01,Bancaseguros
CLI-04074,Alejandro Peña Valencia,1567248003,M,42,CÚCUTA,1,Soltero,Posgrado,Empleado,1508000.0,531,1,2024-10-09,BANCASEGUROS
CLI-03478,Marta Isabel Martínez,1580110404,F,59,Medellín,3,Divorciado,Bachiller,Empleado,3713000.0,618,0,2020-12-15, Corredor 
CLI-01152,Carmen Milena Jaramillo Jaramillo,360042075,F,32,BARRANQUILLA,3,Unión libre,Profesional,Empleado,2064000.0,715,1,24/02/2019,Asesor comercial
CLI-03145,Leydi Monroy,1701457944,F,33,Cartagena,4,Viudo,Profesional,Independiente,235350000.0,582,1,2018-06-29,WEB
CLI-04727,María Claudia Flórez Rivera,1834597450,F,18,Cartagena,2,Soltero,Posgrado,Independiente,1159000.0,593,1,26/06/2017,Asesor comercial
CLI-04756,Jorge Ortega Rodríguez,1545536853,F  ,35,Cúcuta,4,  Soltero,Profesional,Independiente,5307000.0,,2,2022-01-10,Asesor comercial
CLI-04492,Fabián González Ramírez,480110928,F,49,Bogotá,3,Soltero,Técnico,Pensionado,4156000.0,497,1,27/05/2021,  Web
CLI-00489,Alicia Escobar,1455167027,F  ,48,Bogotá,3,Unión libre,Profesional,Empleado,2585000.0,672,0,2019-10-15,Asesor comercial
CLI-04854,Esperanza Quintero Caicedo,1626997278,M,21,Bogotá,4,Soltero,Profesional,Empleado,4465000.0,635,4,2017-11-23,Web
CLI-02147,Cecilia María Gómez Martínez,1704966234,M,39,Bogotá,2,Unión libre,Profesional,Independiente,2822000.0,614,2,2022/06/24,Corredor
CLI-02283,Javier Aguirre Giraldo,640001698,M,50,Bogotá  ,6,Soltero,  Posgrado,Empleado,18823000.0,769,1,2020-06-18,Asesor  comercial
CLI-03806,Enrique Carlos Ángel,856924037,M,28,Barranquilla,4,Soltero,Profesional,Empleado  ,6035000.0,805,3,2024-03-10,Web
CLI-00752,DANIEL FERNANDO VARGAS,1349676022,M,36,Bogotá,4,  Unión libre,Bachiller,Empleado,,626,0,2017-05-18,Agencia
CLI-03863, Camilo Arteaga Alvarado ,1630562432,F,26,Barranquilla,2, Soltero ,PROFESIONAL,Independiente,2343000.0,601,2,24/01/2020,Bancaseguros
CLI-01199,Jenny Cuéllar  ,47368216,M,39,Cali,1,Soltero,Bachiller,Empresario,2248000.0,690,1,2020/08/30,Web
CLI-01873,Cristian Jairo Arteaga,306345738,F,51,bucaramanga,1,Unión libre,Bachiller  ,Empleado,1243000.0,624,1,21/11/2021,Asesor comercial
CLI-01541,Carlos Edwin López,632549010,F,41,Bogotá,3,Unión libre,BACHILLER,Independiente,0.0,697,1,2024-01-13,Asesor comercial
CLI-02346,Eduardo Víctor Martínez,1491004088,M,48,Cúcuta,4,Casado,Bachiller,Empleado,3950000.0,711,2,2017-01-28,Web
CLI-04234,Luis Óscar Ramírez Hernández,31716928,F,42,Pereira,6,Casado,Posgrado,empleado,11016000.0,680,3,09/04/2023,Web
CLI-03571,KATHERINE JOHANNA ESCOBAR AGUILAR,416505746,F,48,Medellín,1,Unión libre,Bachiller,  Independiente,997000.0,708,1,2022-12-13,Bancaseguros
CLI-00444,BLANCA DEYANIRA ACOSTA RIVERA,880686430,M,50,Barranquilla,2,Soltero,Profesional,Independiente,,645,4,2018-01-12,Agencia
CLI-02333,Luz Herrera,1480610465,F,44,Bogotá,6,Casado,Bachiller,Empleado,9182000.0,703,1,2024-10-14,Bancaseguros
CLI-00413,Yamile Nubia Jiménez García,981804477,M,32,Bucaramanga,2,  Casado,Técnico,Empleado,1662000.0,589,2,2017/09/07,Asesor comercial
CLI-00519,Daniela Edilma Quintero Yepes,1232873810,M,45,Cali,1,Unión libre,Bachiller,Empleado,1668000.0,677,5,11/10/2017,Bancaseguros
CLI-03032,Julián Erazo,341349458,Masculino,18,Cartagena de Indias,4,Casado,Profesional,Empleado,4635000.0,464,3,2019-04-06,Asesor comercial
CLI-04564,Esneider Castillo,858110983,F,41,BUCARAMANGA,1,Soltero  ,Profesional, Empleado ,1994000.0,712,0,2017-03-24,Asesor comercial
CLI-02429,STIVEN SIERRA,1856868475,F,32,Bogotá,4,Soltero,Posgrado,Empleado,3418000.0,676,0,2019-05-30,  Bancaseguros
CLI-05011,Luis Francisco Daza,777331803,M,40,MANIZALES,4,Unión libre,Bachiller,Empleado,5932000.0,669,1,2023-11-30,Corredor
CLI-04285,Milton Navarro,904461987,F,34,,3,Casado,Profesional,Independiente,2651000.0,680,0,2024/11/07,Asesor comercial
CLI-05115,Teresa Janneth Rodríguez,1461605117,M,76,Bucaramanga,1,Casado,Bachiller,Pensionado,$1.056.000,721,1,2021-04-05,Asesor comercial
CLI-03669,Alejandra Paola Sandoval,1148105934,M,18,B/manga,2,Soltero,Bachiller,EMPLEADO,$1.662.000,520,1,2022-04-06,bancaseguros
CLI-01339,Pilar Prieto Herrera,249187444, F ,28,Cali,2,Soltero,Profesional,Empleado,$1.963.000,611,1,2024-01-28,Asesor comercial
CLI-01338,Manuel Juan Páez Moreno,1390900016,F,20,Cali,5,Unión libre,Profesional  ,Empleado,7729000.0,707,1,2019/10/31,Bancaseguros
CLI-03208,Santiago Wilmar Pabón,160628005,M,50,Barranquilla,3,Casado,Bachiller,Empleado,3747000.0,560,0,2022/05/27,Web
CLI-04486,Ana Montoya,1218218110,M,58,  Bogotá,4,Unión libre,Profesional,Empleado,4656000.0,783,3,2017-12-16,Asesor comercial
CLI-01635,Jesús Medina Arias,702830973,F,36,Barranquilla,3,Casado,  Profesional,Empleado,4916000.0,541,3,2017/12/25,Bancaseguros
CLI-01636,Nancy Muñoz,327416331,Masculino,43,Bogotá,6,Casado,Posgrado,EMPLEADO,$12.614.000,761,0,2024-02-11,Web
CLI-04892,JENNY LUZ BLANCO,414614042,M,37,Bucaramanga,5,Divorciado,Técnico,Empleado,6538000.0,722,5,24/01/2021,Asesor comercial
CLI-01047,Tatiana Medina,841282275,M,38,MEDELLIN,2,Soltero,Bachiller,Independiente,2624000.0,,2,2020-05-20,Corredor
CLI-00948,Milena Murcia Paz,910950680,F,24,Medellín,3,Casado,Profesional,Empresario,7418000.0,598,1,2023/01/29,WEB
CLI-00059,Katherine Martínez,369615225,M,200,Bogotá,3,Unión libre,Profesional,Independiente  ,2521000.0,624,0,2017-01-18,Asesor comercial
CLI-01348,Robert Alejandro Prada,155338883,M,40,Cartagena  ,2,Viudo,Profesional,Empleado,5312000.0,689,2,24/03/2017,Bancaseguros
CLI-01387,Andrea Martínez,1613024410,F,51,,5,Divorciado,Bachiller,Empleado,7585000.0,747,2,2023-03-12,Web
CLI-03657,Luis Nelson Castro,1272740281,Masculino,39,Cali,2,Divorciado,Profesional,Empleado,2714000.0,620,1,2021-06-21,Agencia
CLI-00606,Alexandra Salazar Reyes,1789902828,F,36,Bogotá,3,  Unión libre,Técnico,Independiente,5815000.0,759,1,2018-06-19,Asesor comercial
CLI-02889,Patricia Solano,929001667,M,29,bogotá,6,Casado,Bachiller,Empleado,7195000.0,562,2,2023-10-27,Agencia
CLI-05078,Paola Castro Gutiérrez,1296590101,M,44,Medellín,2,Casado,Bachiller,Empleado,1294000.0,576,2,2020-04-01,Agencia
CLI-01970,Mery Osorio,751115227,F,48,  Bta,2,Viudo,Profesional,Empleado,2172000.0,562,0,2018/05/27,Web
CLI-02099,SOFIA SANCHEZ OSPINA,56725131,M,59,Bogotá,3,casado,Profesional,Independiente,3224000.0,713,2,2018/08/20,Asesor comercial
CLI-02538,Enrique Medina,1834089433,M,21,Cali,3,Soltero,  Bachiller,Independiente,3895000.0,574,1,2021-04-05,Asesor  comercial
CLI-01949,Carmen López Valencia,836931883,M,60,Bogotá,3,Soltero,Posgrado,Pensionado,$1.499.000,500,2,2018-11-28,Asesor comercial
CLI-00197,María Valentina Vera,1404807753,F,49,Medellín,4,CASADO,Bachiller,Independiente,,632,1,11/12/2020,Agencia
CLI-03910,Ricardo Nelson Díaz Cardona,1846843887,F,32,Barranquilla,4,  Divorciado,Posgrado,Pensionado,2682000.0,525,3,2018-12-26,Web
CLI-03314,Cristina Benavides Giraldo,338305603,F,36,Pereira,4,Casado,Bachiller,Independiente,3257000.0,705,1,2022-09-13,Agencia
CLI-01881,Andrea Moreno,1166076820,F,49,  Barranquilla,3,Unión libre,Profesional,Empleado,3043000.0,751,0,INVALID_DATE,Bancaseguros
CLI-01003,Fernanda Carmen Castañeda,726940827,  M,22,Pereira,2,Soltero,Profesional,Empresario,2553000.0,564,5,2018/10/10,Web
CLI-02050,miriam blanco,1164932611,M,36,Medellín,3,Casado,Bachiller,Empleado,4847000.0,624,0,2018-04-16,Agencia
CLI-02252,José Amaya Carrillo,780828707,F,28,Bogota,3,Unión libre, Profesional ,Independiente,2670000.0,565,1,24/11/2018,Agencia
CLI-04922,Ligia Leidy Palacio,1129820749,M,56,Manizales,6,casado,Profesional,empresario,24828000.0,743,1,2020-02-21,Web  
CLI-01282,Andrés José Rentería Martínez,403291747,M,56,Medellín,2,Soltero,Bachiller,Pensionado,573000.0,544,2,2022/08/13,Corredor
CLI-02578,Joaquín Mosquera Castillo,1136028916,F,49,Bogotá,2,Soltero,Técnico,Empleado,,,1,2019/01/28,Asesor comercial
CLI-04573,Camila Rocío Ramírez,1872008779,M,48,Bogotá,2,Casado,Técnico,Empleado,1745000.0,610,0,2022-04-15,Web
CLI-03850,Juan Alberto Roa Quintero,490895307,M,41,Cucuta,4,Soltero,PROFESIONAL,Empleado,$6.745.000,757,1,2018-12-17,Bancaseguros
CLI-03337,Patricia Patricia Palacios,539051609,F,29,Cúcuta,3,Casado,Técnico,Empleado,5458000.0,675,2,2020/01/10,Asesor comercial
CLI-04692,Gabriel  Molina,1141970157,M,46,Bogotá  ,1,Casado,Bachiller,Independiente,,597,1,2023-11-14,Agencia
CLI-00533,Carlos Barrera García,157428061,M,47,Pereira,3,Divorciado,Profesional,Independiente,3194000.0,9999,3,2019/08/12,Asesor comercial
CLI-04474,Milena Andrea Salcedo Sánchez,557625293,M,49,Medellín,3,Divorciado,Técnico,Independiente,2261000.0,742,2,2023/04/19,Asesor comercial
CLI-04282,Richard Jairo Cabrera,1228542737,masculino,46, Barranquilla ,6,Soltero,Técnico, Pensionado ,14366000.0,815,2,09/08/2017,WEB
CLI-00957,Luz Natalia Maldonado Ruiz,779086662,Femenino,46,Bogotá,4,Soltero,Bachiller,Independiente,3298000.0,596,0,05/08/2024,Bancaseguros
CLI-04717,Javier Antonio Osorio,630963566,M,18,Barranquilla,4,  Casado,Bachiller,Independiente,6842000.0,733,1,2020-08-14,Agencia
CLI-04546,David Vargas Camacho,1766467362,M,42,Barranquilla,5,CASADO,BACHILLER,Empleado,7423000.0,706,0,2020/03/31,Bancaseguros
CLI-04420,Amparo Guzmán,130678851,F,38,Bogotá,3,Casado,Posgrado,Empleado,3036000.0,659,1,2024/07/17,Asesor comercial
CLI-04530,Elvia Eliana Rodríguez Montoya,166073762,F,55,Santa Marta,3,Divorciado,Profesional,Independiente,3916000.0,590,1,2022-10-13,CORREDOR
CLI-04670,Alberto Jorge Galeano Ramírez,1424832388,m,20,Bogotá,3,Casado,profesional,Empleado,4180000.0,674,3,2023/04/20,  Agencia
CLI-03539,Andrés Elkin Hurtado Londoño,379933821,m,37,Bogotá,5,Unión libre,Bachiller,Empresario,16726000.0,780,1,26/09/2018,Asesor comercial
CLI-04600,Luisa Milena Durán Díaz  ,1501286954,M,47,Medellín  ,2,Soltero  ,Bachiller,Empleado,4641000.0,648,3,2019/04/12,Agencia
CLI-05040,Damaris González Vargas,398839788,F,200,Manizales,1,DIVORCIADO,Profesional,empleado,2132000.0,613,0,2021-06-02,  Web
CLI-03204,Carolina Álvarez Beltrán,1822851480,F,46,Bucaramanga,2,Casado,  Técnico,Pensionado,$1.756.000,571,0,10/11/2024,Bancaseguros
CLI-05099,Javier Maldonado Gutiérrez,1798531096, F ,18,Bogotá,3,Casado,Técnico,Independiente,2698000.0,680,0,INVALID_DATE,Asesor comercial
CLI-01877, Nataly Arias Caicedo ,877207185,MASC,50,bogotá,1,Casado,Técnico,Empleado,1032000.0,609,1,2021-10-19,Asesor comercial
CLI-02278,María Parra Jiménez,1253767447,M,44,Bogotá,3,Casado,Técnico,EMPLEADO,4390000.0,665,0,2022-07-27,Corredor
CLI-03399,María Yineth López Vélez  ,1638167317,F,20,  Bogotá,3,Casado,Profesional,Independiente,,628,1,2022-03-28,Web
CLI-04157,José Mario Morales Londoño,470076103,F,18,Cali,6,Viudo,profesional,Empleado,14643000.0,512,0,2019-09-20,Asesor comercial
CLI-01693,Evelio Miranda Daza,684521373,Masculino,23,Barranquilla,1,Unión libre,Posgrado,empleado,$1.528.000,497,0,19/01/2024,Agencia
CLI-03907,Gabriel Alex Torres Montes,979274849,F,44,Bogotá,3,Soltero,Bachiller,Empleado,4872000.0,537,2,2020-12-15,  Asesor comercial
CLI-00313,Héctor Alex Franco Ospino,340087998,M,38,Bogotá  ,1,Soltero,Bachiller,Empleado,1552000.0,577,1,2022-10-21,Asesor comercial
CLI-01277,Cecilia Diana Castro Ruiz,1818965822,M,33,,5,soltero, Posgrado ,Independiente,3877000.0,,0,19/12/2017,Web
CLI-03054,Karen Córdoba Galindo,1829474979,F,30,barranquilla,3,Casado,Posgrado,Independiente,,611,1,2019/12/25,Corredor
CLI-04452,Leonor Paola Rueda Andrade,489736420,fem,44,Bucaramanga,6,Casado,Bachiller,EMPLEADO,,719,0,2019-08-29,Bancaseguros
CLI-04022,Johan  Carvajal,1192287676,m,35,Santa Marta,4, Casado ,Posgrado,INDEPENDIENTE,5672000.0,716,0,16/09/2018,Corredor
CLI-00722,Paula Tatiana Nieto Acosta,991290500,M,31,Bogotá,5,Unión libre,Profesional,Empleado,9283000.0,614,2,2024-09-14,Asesor comercial
CLI-02148,  Alberto Felipe Gamboa,808947966,F,31,Barranquilla,2,Viudo, Bachiller ,Empleado,1817000.0,648,2,2020-12-20,Web
CLI-05177,Adriana Jiménez Marín,1499853634,M,54,Santa Marta,3,Casado,Posgrado,Pensionado,4715000.0,649,2,,Asesor comercial
CLI-04051,Harold Correa Mena,49498698,f,41,Santa Marta,2,Soltero, Bachiller ,Independiente,2653000.0,638,2,2019/07/28,Asesor  comercial
CLI-02309,Jair Rosero,951142078,Femenino,39,B/manga,3,Unión libre,Profesional,Pensionado,2700000.0,609,0,25/10/2017,Bancaseguros
CLI-03470,Marlon Reinaldo Alzate Benavides,749936881,F,35,  Bogotá,3,UNIÓN LIBRE,BACHILLER, Empleado ,4348000.0,631,2,30/05/2019,Bancaseguros
CLI-03792,Yineth García Palacio  ,1633336282,M,34,Bogotá,2,Divorciado,Bachiller,Pensionado,1607000.0,562,2,16/04/2018,Web
CLI-01302,  Maribel Raquel Rentería Acevedo,975550553,F,45,Bogotá,1,Casado,Profesional,Independiente,889000.0,,1,16/09/2017,Asesor comercial
CLI-01833,Ricardo Mejía,211221507,M,71,medellín,2,Soltero,Profesional, Empleado ,,592,0,2022-02-17,Corredor
CLI-01863,Samuel Martínez Sánchez,107309381,F,40,Cartagena de Indias,2,Casado,Profesional,Empleado,3170000.0,,0,2021-07-09,Corredor
CLI-02955,Hugo Miguel López Zuluaga,492273559,F,45,medellín,6,Casado,Técnico,Empleado,14155000.0,792,2,31/07/2018,Agencia
CLI-02499,Carolina García,95487751,f,38,Medellín,2,Casado,Técnico,Empleado,3520000.0,,1,2017-04-15,AGENCIA
CLI-00857,Marlene Omaira Camacho  ,944970472,F,41,Cucuta,1,Viudo,Técnico,empleado,1789000.0,504,0,2024-07-27,Asesor comercial
CLI-03527,Daniela Viviana Serna,1567846975,M,40,Sta. Marta,1,Unión libre,Profesional,Empresario,2560000.0,658,0,29/05/2017,Corredor
CLI-03678,Kevin Camargo Arias,161114308,F,52,Bogotá,1,Divorciado,Profesional,Independiente,2504000.0,617,1,2021-04-28,Web
CLI-01334,Isabel García,1137009589,F,64,CÚCUTA,2,Soltero,Posgrado,Pensionado,1106000.0,516,0,2019/06/20,Agencia
CLI-01048,Ángela González Delgado,1104694672,F,37,Bucaramanga,3,Unión libre,Bachiller,Empleado,5007000.0,425,0,23/10/2024,Corredor
CLI-03857,Doris Franco González,257021654,F,37,BOGOTÁ,4,Casado,Bachiller,Empleado,3858000.0,606,1,2022-08-10,  Asesor comercial
CLI-02209,Cecilia Giraldo Camargo,1656940891,M,48,Medellín,3,Unión libre,TÉCNICO,empleado,1739000.0,545,1,02/11/2018,Bancaseguros
CLI-00419,Antonio Leal Pérez,1053314763,M,46,Medellín  ,2,Soltero,Profesional,Empresario,4510000.0,626,1,INVALID_DATE,Corredor
CLI-02093,Liliana  Luz  Velandia  Díaz,1353160844,F,64,Bogotá D.C.,3,Unión libre,Bachiller,Pensionado,,545,1,2022-02-04,Corredor
CLI-00956,Julieth Olga Valencia Hernández,797064071,F,120,Bogotá,5,Casado,Profesional,Pensionado,6686000.0,777,1,2023-04-29,Web
CLI-02044,Judith María Leal Díaz,361684201,F,49,Manizales,3,Soltero,Técnico,,3456000.0,623,3,2018-10-17,Asesor comercial
CLI-01043,Manuel Alexander Burbano Rangel,448125582,F,35,Medellín,2,Casado,Profesional,Empleado,496000.0,434,1,02/05/2019,Corredor
CLI-00733,Ronald  José  Bermúdez,866259035,M,28,Bogotá,2,Unión libre,Bachiller,,2614000.0,748,1,2023-12-14,Agencia
CLI-01980,Hugo Espinosa,1523878798,M,75,bogotá,3,Soltero,Profesional,Independiente,2523000.0,711,3,19/07/2019,Asesor comercial
CLI-03116,Fernanda Suárez,1069775526,F,48,Bogotá,4,Casado,Profesional,Empleado,6306000.0,634,2,2020-07-15,Bancaseguros
CLI-04180,César José Córdoba  ,222368635,F,40,Cali,2,Casado,Profesional,Empresario,6482000.0,639,0,2018/04/08,Asesor comercial
CLI-02699,Brian Ramírez,1398397209,M,27,Cali,4,Casado,Profesional,INDEPENDIENTE,3419000.0,617,0,04/08/2024,Corredor
CLI-04669,Luis Dario Narváez Puentes,755999279,F,53,Bogotá,2,Divorciado,Profesional,Independiente,1931000.0,571,0,2023/07/12,Asesor comercial
CLI-04314,Manuel Martinez Murillo,1013070421,Femenino,37,Bogotá,2,Divorciado,Posgrado,Independiente,1112000.0,627,0,2021/11/06,Asesor comercial
CLI-02294,marlon sierra,1694236488,M,50,Bogotá,1,Unión libre,Profesional,  Empleado,1936000.0,617,1,30/03/2023,Bancaseguros
CLI-04068,Luz Murillo Valencia,942992051,F,55,BOGOTA,5,Soltero,Profesional,Empresario,12089000.0,624,0,2021-04-03,Web
CLI-03502,Sandra Claudia Navarro Galvis,348532477,Femenino,62, Bogotá ,1,Casado,Profesional,Pensionado,1624000.0,538,2,2017-03-12,Web
CLI-02299,Harold Pacheco,286312098,M,32,Bogotá  ,3,Casado,Profesional,Empleado,4383000.0,720,2,2017/06/22,Corredor  
CLI-04179,María Escobar Hernández,723415242,F,25,Medellín,1,SOLTERO,Posgrado,Empleado,1692000.0,481,3,2022-08-12,Web
CLI-02115,BENJAMÍN ENRIQUE DUARTE,608120315,M,27,BOGOTÁ,3,Soltero  ,Técnico,Independiente,,630,0,31/08/2018,Corredor
CLI-00301,Andrés Jhonatan Gómez,1014936493,F,37,Manizales,2,DIVORCIADO,Profesional,Empleado,1471000.0,516,0,10/11/2023, Asesor comercial 
CLI-04635,Alejandro Jaramillo,1191989993,F,52,Cali  ,1,Soltero,Bachiller,Empleado,1263000.0,615,0,02/01/2018,Asesor comercial
CLI-01959,Germán Torres,557802123,F,25,Manizales,3,Soltero,Bachiller,Estudiante,,509,0,2024-11-24,Asesor comercial
CLI-02597,Andrey Becerra,146869909,M,33,Cali,1,Casado,profesional,  Empleado,1496000.0,538,2,2019-12-28, Bancaseguros 
CLI-01930,Angie Díaz,1398620029,m,20,Medellín,4,Soltero,Profesional,Independiente,4469000.0,734,1,21/12/2017,Asesor comercial
CLI-03774,Alicia Esther Pineda,415895862,F,57,Pereira,2,Unión libre,Técnico,Empleado,2191000.0,602,3,2023-09-03,Asesor comercial
CLI-00694,Elías Bonilla López,22685396,M,57,Bogotá,5,  Casado,Profesional,Empleado,12914000.0,566,1,03/05/2023,Web
CLI-02511,Silvia María Hernández Díaz,1817481087,M,28,Bogotá,1,Divorciado,Técnico,Empresario,3279000.0,503,1,2019-10-21,Asesor comercial
CLI-00744,  David William Díaz,1807356040,M,36,Bogotá,1,Casado, Bachiller ,Independiente,$1.260.000,560,0,2021/12/26,Agencia
CLI-00145,Guillermo Óscar Ardila Paz,740055702,M,18, Bogotá ,3,Soltero,Técnico,Empleado,4086000.0,588,2,2017-04-06,Corredor
CLI-04275,María Fajardo Silva,419157651,M,46,Medellín,4,Casado,Bachiller,Empresario,9723000.0,667,3,2017-08-13,Asesor comercial
CLI-01812,Sofía Amparo Carrillo Ospina,816282738,masc,41,Barranquilla,4,Soltero,Bachiller,Pensionado,2848000.0,731,1,07/12/2023,Agencia
CLI-00410,Augusto Castañeda,1078372808,F  ,66,Medellín,3,Unión libre,Profesional,Pensionado,$2.248.000,528,1,2023/06/23,Asesor comercial
CLI-04485,Lucía Sepúlveda,408154536,F,39,MEDELLIN,3,Casado,Bachiller,Independiente,2546000.0,589,2,2019/11/22,Agencia
CLI-04746,Isaac Palacios,1735622710,M,30,  Bogotá,3,Casado,Bachiller,Independiente,1938000.0,490,1,2024/04/18,Bancaseguros
CLI-00102,Miguel Óscar Rojas,291761900,F,18,MEDELLIN,2,Soltero, Técnico ,Estudiante,1341000.0,643,0,01/07/2022,Web
CLI-04850,  David Jefferson Henao Ramírez,508433191,F,36,  Bogotá,5,Casado,Profesional,Empleado,17092000.0,750,0,2024/07/06,Bancaseguros
CLI-03899, Diana Helena Padilla Velandia ,940668093,M,62,Medellín,2,Casado,Técnico,Pensionado,,578,1,2024-12-08,Web
CLI-01122,Ángel Cárdenas,1522137361,M,31,Bogota DC,2,Soltero,Técnico,Empleado,1804000.0,570,1,2017-06-23,ASESOR COMERCIAL
CLI-02969,José Vargas,1025609659,F,46,  Cali,3,SOLTERO,Bachiller,Independiente,5627000.0,523,1,2024-04-16,Corredor
CLI-02031,Rubén Torres González,482705339,M,45,cali,3,Casado,Bachiller,Empresario,0.0,608,0,2017-02-13,Agencia
CLI-00117,Marcela María Gutiérrez Ortiz,1680549930,F,48,Manizales  ,2,Casado,Profesional,  Independiente,1443000.0,535,1,2018-05-22,Agencia
CLI-04480,GUILLERMO EFRAIN JARAMILLO,1365731200,F,32,Pereira,4,Unión libre,Profesional,Independiente,9961000.0,834,0,03/09/2017,Bancaseguros
CLI-01349,Enrique Ortiz,1536570476,M,60, Bogotá ,1,Casado,Posgrado,Pensionado,817000.0,645,1,29/01/2019,Asesor comercial
CLI-04971,Nel Santos Díaz,143819089,F,18,B/quilla,5,Casado,BACHILLER,Pensionado,7209000.0,,2,2019-11-06,Corredor
CLI-02787,Víctor Valencia Giraldo,396967333,f,36,Manizales,4,Divorciado,BACHILLER,Empleado,3859000.0,590,2,15/09/2020,Agencia
CLI-00824,Clemencia Maldonado Hoyos,96364758,F,42,Bogotá,5,Soltero,  Técnico,Empresario,13811000.0,761,4,2017/03/23,Web
CLI-03667,Esperanza Ortega Rangel,702817048,M,24,bogotá,3,Soltero,Profesional,Empleado,2484000.0,571,0,2019/11/04,Web
CLI-04862,Andrés López Gómez,603264958,F,38,Bogotá  ,3,Soltero,Técnico,Empleado,$3.768.000,728,0,26/08/2017,Web
CLI-01730,José Jorge Silva,637814358,M,55,Medellín,2,Soltero,Profesional  ,Empleado,1012000.0,535,2,2020-12-07,Agencia
CLI-03702,Leonardo César Padilla Bravo,619605556,M,45,Bogotá,4,Soltero,Profesional,Empleado,8008000.0,755,0,2019-05-10,Asesor comercial
CLI-00652,Nelson John Sánchez,1632348024,fem,56,  Barranquilla,3,Soltero,Técnico,Empleado,,726,0,,Asesor comercial
CLI-03505,  Ángel Tovar,100471932,F,45,Cali  ,2, Divorciado ,Profesional,Empleado,2700000.0,596,1,2024-07-15,Web  
CLI-03570,Francia Parra,1206140738,M,39,Bogota,2,Divorciado,Bachiller,Empleado,1357000.0,627,2,17/04/2019,  Agencia
CLI-01386,Leonel Edwin Vargas Bernal,179375844,M,37,Bucaramanga,3,Casado,Profesional,empleado,2070000.0,694,0,2024-06-15,Asesor comercial
CLI-01525,Santiago Sepúlveda,81209792,F,37,Bogotá,4,Casado,Profesional,Empleado,7755000.0,684,1,21/05/2018,Asesor comercial
CLI-02500,Orlando Ávila García,202328566,fem,,Bogotá,2,Casado,Posgrado,Independiente,3321000.0,555,5,2018/04/25,Corredor
CLI-01467,Pilar Padilla Caballero,1597461206,M,55,Bogotá,2,Casado,Profesional,INDEPENDIENTE,1852000.0,515,2,2021-01-24,Agencia
CLI-03869,  Juan Hernández,1429750751,F,64,Bogotá,2,Soltero,Bachiller,Empleado,1281000.0,453,3,2024/02/17,Corredor
CLI-04058,Doris Margarita Benavides Caicedo,1210612658,F,28,Bogotá,2,Casado,Posgrado,Empleado,2925000.0,637,0,2022/02/10,asesor comercial
CLI-03693,Paola Luz Duarte Rincón,28950780,M,41,Bogotá,3,Soltero,Profesional,Empleado,2328000.0,505,0,2023-07-27,Web
CLI-02780,Fernando Barrios Díaz,420449210,M,43,barranquilla,3,Unión libre,Técnico,Empleado,3158000.0,540,3,11/12/2024,Asesor  comercial
CLI-01204,Martha María García Patiño,325209867,F,,Bogotá,4,Soltero,Bachiller,Empleado,5436000.0,706,3,2021/01/23,Corredor
CLI-03278,isabel lópez,990069313,F,31,Medellin,3,  Casado,Profesional,Pensionado,3378000.0,663,1,06/02/2020,Bancaseguros
CLI-00109,Mauricio Vargas Hoyos,1275172092,M,44,Pereira,3,Soltero,Bachiller,Empresario,5001000.0,774,1,2017-10-14,Web
CLI-00597,Jhon Daza Nieto,1764209817,F,37,  Bogotá,3,Divorciado,Bachiller,Empresario,6219000.0,761,1,22/06/2020,Bancaseguros
CLI-04304,LAURA MAYRA DUQUE,1475096561,M  ,52,CUCUTA,1,Soltero,Bachiller,Empleado,886000.0,596,1,2020/06/22,Agencia
CLI-03769,Dora Torres,779847596,F,55,Bogota,2,Soltero,Técnico,Pensionado,1567000.0,655,1,2022/05/08,Agencia
CLI-03421,Luis José García Portilla,490706218,F,67,Bucaramanga,3,Soltero,Posgrado,Pensionado,3136000.0,698,1,2019-09-28,Asesor comercial
CLI-04013,Leydi Jimena Santos,1737528103,fem,21,Cali,2,Casado,Bachiller,Empleado,2107000.0,451,3,23/04/2018,Asesor comercial
CLI-02486,Edwin Julio Hernández,186347492,M,30,Cali,2,Casado  ,Técnico  ,Empleado,3461000.0,531,2,2020/03/18,Asesor comercial
CLI-02920,Zoraida María Rivera,1288520824,F,68,Bta,6,Casado,Bachiller,Pensionado,8016000.0,763,2,2018-12-04,Bancaseguros
CLI-02953,Luis Jorge Solano Salgado,221991955,M,43,BOGOTÁ,2,Divorciado, Posgrado ,Empleado,3074000.0,711,0,18/10/2018,agencia
CLI-03704,ELENA VIVIANA HERRERA RIVAS,197605155,F,40,Manizales,6,Casado,Bachiller,Independiente,6985000.0,561,2,02/02/2017,  Corredor
CLI-03876,CECILIA RAMOS,472116094,M,23,,4,CASADO,POSGRADO,Independiente,6033000.0,543,3,2017-12-16,Corredor
CLI-04123,Fernando  Alejandro  Luna,1117409614,F,27,Barranquilla,6,Casado,  Bachiller,,12088000.0,638,1,24/01/2019,Agencia
CLI-02230,María Roa Duarte,1167515785, fem ,45,Bogotá D.C.,5,Unión libre  ,Posgrado,Empleado,7991000.0,779,4,INVALID_DATE,  Agencia
CLI-02089, Luis González ,1376061939,F,51,  Bogotá D.C.,2,UNION LIBRE,Técnico,independiente,2335000.0,539,0,2024-04-08,Asesor comercial
CLI-00472,Daniela Rubio Rodríguez,391739763,M,45,,1,Unión libre,Bachiller,Empresario,1994000.0,543,1,2020/01/08,Bancaseguros
CLI-02748,Rosa Carolina Bravo León,74407232,M,27,Medellín (Antioquia),1,Casado,Profesional,Independiente,1500000.0,416,1,2024-06-08,Asesor comercial
CLI-00640,Carlos Saavedra,1405710548,Femenino,41,Bogotá,5,Viudo,Profesional,Independiente,9735000.0,620,1,26/03/2017,Bancaseguros
CLI-03323,César Yesid Osorio Toro,1317360184,F,51,Bucaramanga,3,Casado,Bachiller,Empleado,2555000.0,659,1,2023-08-12,Bancaseguros
CLI-03553,Martha Isabel Sepúlveda,1398150705,M,59,Medellín,4,Casado,Técnico,Independiente,4552000.0,703,2,05/03/2019,Web
CLI-04522,Stella Gloria Fernández Beltrán,1333171632,M,35,Cartagena de Indias,2,Unión libre,Bachiller,Empleado,1480000.0,582,0,12/03/2019,Asesor comercial
CLI-01356,Linda Yolanda Toro González,701804070,M,38,Medellín,3,Unión libre,BACHILLER,Pensionado,3289000.0,657,1,2020-03-01,Bancaseguros
CLI-02977,José Luis Álvarez,1119534468,F,48,BOGOTA,2,Unión libre,TÉCNICO,Empleado,2191000.0,645,2,2019/11/27,Corredor
CLI-01531,Astrid Liseth Pérez,1386022141,M,40,medellín,3,Casado,Técnico,Empleado,3947000.0,628,0,2019-07-18,Bancaseguros
CLI-02124, David Medina ,982851900,M,52,Bogotá,3,UNIÓN LIBRE,Bachiller,Empresario,8500000.0,700,1,2024-09-21,Corredor
CLI-03826,  Alfonso Pinzón Sánchez,173051657,F,22,,5,Casado,Bachiller, Empresario ,13121000.0,688,1,2018-03-16,Web
CLI-01652,Darwin Vargas Zapata,201692927,M,65,Pereira,3,Divorciado,BACHILLER,Pensionado,4816000.0,630,1,03/12/2022,Corredor
CLI-04871,Dahiana Lucía Meza Muñoz,705346892,M,36,Medellín,3,Soltero,Profesional,Pensionado,2226000.0,636,0,2019-09-02,Agencia
CLI-04682,  Ignacio Zapata,1866423644,M,67,Medellín,3,Soltero  ,PROFESIONAL,Empleado,2187000.0,716,3,2022-04-28,Agencia
CLI-03261,María Luz Rodríguez Gómez,1250904865,Masculino,40,Medellín,2,Unión libre,Profesional,Empleado,,597,1,2017-12-08,Agencia
CLI-00974,Mery Martha Ortiz Moreno,1434958562,F,31,Bogotá,2,Soltero,PROFESIONAL,Empleado,2102000.0,554,3,2017-05-05,Bancaseguros
CLI-01149,Jean  Molina,1374745067,Femenino,37,Medellín,1,UNION LIBRE,Posgrado,Empleado,2634000.0,588,1,27/12/2020,asesor comercial
CLI-04661,Carlos Edinson López,648286744,F,35, Medellín ,3,Casado,Profesional,Independiente,$3.510.000,539,3,2021/01/05,Web
CLI-01587,Efrain Sandoval Rivas,1008639051,M,40,Barranquilla  ,2,Casado,Profesional,Independiente,7057000.0,687,2,2022-12-06,Corredor
CLI-01031,Edgar Paz,1155552478,F,73,Bogotá,2,Soltero,Técnico,Pensionado,1154000.0,661,2,2022-08-14,Corredor
CLI-03332,Katherine Giraldo Arias,819937963,M,54, Medellín (Antioquia) ,2,Casado,Profesional, Independiente ,2038000.0,601,0,2024-02-12,Asesor comercial
CLI-04028,Andrea Isabel Santos Barrios,1640436938,F,30,Bogotá,2,Casado,Posgrado,Independiente,1574000.0,612,1,2021-08-24, Web 
CLI-01261,Jaime José Escobar,476276093,M,23,Bogotá,4,Casado,Profesional,Estudiante,$1.354.000,509,0,2018-03-16,Corredor
CLI-00180,Oscar Correa,1615226938,F,47,Pereira  ,3,Casado,Bachiller,Independiente,,598,2,2017/05/01,Asesor comercial
CLI-02188,Karen Rivera,1591706066,F,48,  Bogotá,3,Casado,Posgrado, Empleado ,2629000.0,565,0,2024-12-29,Asesor comercial
CLI-00563,María Cortés,1682588126,F,49,Bogotá,2,Soltero,Bachiller,Empleado,3133000.0,666,1,06/06/2019,ASESOR COMERCIAL
CLI-03680,Nelly Correa,627714793,M,42,Santiago de Cali,3,Unión libre,Profesional  ,Empleado,3434000.0,640,1,2020/02/02,Bancaseguros
CLI-04346,Marcela Liliana Saavedra,425233270,F,38,Bogotá,3,Divorciado,Bachiller,Empresario,7500000.0,677,1,2018/06/21,Web
CLI-03929,Álvaro Luis Ramírez,1626714659,M,76,Cali,3,divorciado,Bachiller,Pensionado,2965000.0,649,0,2021/01/10,Agencia
CLI-02782,Fernando Parra,55714760,M,38,Cúcuta,4,Soltero,Bachiller,Empleado,3393000.0,543,0,24/07/2023,Agencia
CLI-03232,Alexander Tovar,271791010,M,34,Cali  ,2,Soltero,Bachiller,Empleado,2621000.0,588,0,09/12/2021,Asesor comercial
CLI-01293,Johana Parra Forero,350897864,F,62,Manizales,6,Casado,Profesional,Empleado,10859000.0,766,1,2021-02-18,Asesor comercial
CLI-03852,Andrés  Jiménez,1645782294,M,37,Medellín,4,Casado,Bachiller,EMPLEADO,2425000.0,645,1,2023-01-05,Agencia
CLI-01691,Felipe Edinson Orozco Ramírez,1853881370,F  ,40,Cartagena,4,Soltero,Profesional,independiente,5849000.0,702,2,2018/05/06,Agencia
