poliza_id,cliente_id,tipo_cobertura,fecha_inicio,fecha_fin,suma_asegurada,prima_anual,prima_anterior,incremento_prima_pct,forma_pago,canal_venta,deducible_pct,estado,fecha_cancelacion,motivo_cancelacion
POL-007947,CLI-01492, Hogar ,2025-04-02,02/04/2026,348000000,1268000,1146000,10.6,Mensual,Web,10,Activa,,
POL-002024,CLI-02798,Auto  ,2025-06-16,16/06/2026,85000000,3279000,2369000,38.4,Semestral,Agencia,10,Cancelada,16/09/2025,Precio
POL-003118,CLI-05165, Auto ,2024/05/04,2025-05-04,57000000,1883000,1793000,5.0,Trimestral,Asesor comercial,5,Cancelada,16/11/2024,Falta de pago
POL-002911,CLI-01395,Auto,2024-03-26,2025/03/26,60000000,2565000,2625000,-2.3,Mensual,Bancaseguros,5,Renovada,,
POL-007311,CLI-04534,Auto,2022-06-16,2023-06-16,50000000,2068000,1670000,23.8,Mensual,Bancaseguros,0,Vencida,,
POL-006862,CLI-01293,Hogar,2023/09/09,2024-09-08,166000000,468000,,2.7,Anual,Asesor comercial,10,cancelada,26/06/2024,Falta de pago
POL-000517,CLI-03292,auto,2022-08-26,2023-08-26,105000000,4962000,4982000,-0.4,Mensual,Asesor comercial,0,Vencida,,
POL-000039,CLI-03876,salud,2025/03/26,2026/03/26,92000000,1780000,1642000,8.4,Semestral,Corredor  ,15,activa,,
POL-006843,CLI-04019,Hogar,2023/11/13,12/11/2024,92000000,359000,349000,2.9,Mensual,Asesor comercial,5,Vencida,,
POL-007481,CLI-00115,Hogar,19/04/2025,19/04/2026,190000000,758000,690000,9.9,Mensual,Bancaseguros,15,Cancelada  ,05/07/2025,Cambio de aseguradora
POL-004510,CLI-00452,Salud,2022-08-15,2023-08-15,185000000,3902000,3674000,6.2,Anual,Bancaseguros,5,Vencida,,
POL-003698,CLI-03116,Salud  ,2021/11/17,2022-11-17,129000000,3169000,2970000,6.7,Mensual,  Bancaseguros,5,Renovada,,
POL-005081,CLI-00613,Vida,2025-06-09,09/06/2026,499000000,1446000,1458000,-0.8,Semestral,BANCASEGUROS,15,ACTIVO,,
POL-003353,CLI-05175,Auto,2024-05-27,27/05/2025,39000000,1098000,1078000,1.9,Semestral,Agencia,15,Renovada,,
POL-008273,CLI-01310,Auto,2023-02-25,2024-02-25,52000000,1506000,1404000,7.3,Mensual,Web,5,Renovada,,
POL-000519,CLI-01283,Hogar,2022-05-10,2023-05-10,189000000,840000,806000,4.2,Anual,Asesor comercial,15,Vencida,,
POL-004824,CLI-01844,Hogar,08/07/2024,08/07/2025,364000000,998000,1039000,-3.9,Mensual,Web,10,Renovada,,
POL-007916,CLI-00545,Seguro Hogar,23/02/2024,22/02/2025,245000000,927000,885000,4.8,Anual,Asesor comercial,5,Renovada,,
POL-000317,CLI-03443,Auto,24/05/2024,24/05/2025,66000000,2404000,2172000,10.7,Mensual,Corredor,5,RENOVADA,,
POL-008218,CLI-02094,Hogar,2024/09/24,2025-09-24,365000000,1713000,1426000,20.1,Anual  ,Corredor,15,Cancelada,2025-07-28,Precio
POL-004413,CLI-04952,Auto,2024/12/22,2025-12-22,30000000,1115000,1048000,6.4,Semestral,Corredor,10,RENOVADA,,
POL-001681,CLI-02153,Hogar,2024-04-16,16/04/2025,98000000,401000,388000,3.3,Mensual, Asesor comercial ,5,renovada,,
POL-006215,CLI-03364,Auto,2025-03-06,06/03/2026,81000000,3863000,3557000,8.6,anual,Corredor,10,Activa,,
POL-008066,CLI-04236,Hogar,2022-05-20,2023-05-20,107000000,519000,477000,8.9,Mensual,Bancaseguros,10,Vencida,,
POL-005327,CLI-01556,Salud,2025/01/18,2026-01-18,100000000,2073000,1912000,8.4,Anual,Asesor comercial,0,Activa,,
POL-006312,CLI-02951,Salud,2024/05/23,2025/05/23,80000000,2236000,2179000,2.6,Mensual,AGENCIA,0, Cancelada ,24/03/2025,Precio
POL-004938,CLI-02858, Vida ,24/05/2024,2025/05/24,274000000,1042000,984000,5.9,Mensual,Agencia,15,Anulada,2025-04-30,Falta de pago
POL-004857,CLI-00921,Auto,21/05/2025,2026/05/21,50000000,1428000,1488000,-4.0,Anual,Agencia,0,Activa,,
POL-007106,CLI-04627,Auto,2024-06-05,2025-06-05,47000000,1726000,1649000,4.7,Anual  ,Agencia,15,Renovada,,
POL-006426,CLI-01978,Hogar,31/05/2024,2025-05-31,378000000,,1241000,0.8,Trimestral,Web,5,  Renovada,,
POL-008345,CLI-01373,Salud,2025/04/30,2026-04-30,164000000,4024000,3829000,5.1,Mensual,Corredor,5,Cancelada,25/09/2025,Falta de pago
POL-006986,CLI-02663,Salud,2023/05/29,2024-05-28,170000000,3901000,3751000,4.0,Mensual,Bancaseguros,5,Renovada,,
POL-000754,CLI-01682,Vida,2025-03-03,2026-03-03,286000000,1330000,1291000,3.0,Anual,WEB,0,Activa,,
POL-003389,CLI-00206,Hogar,2024/07/18,18/07/2025,181000000,796000,572000,39.1,Mensual,Agencia,15,Renovada,,
POL-002807,CLI-05194,Salud,11/12/2021,11/12/2022,156000000,4282000,3269000,31.0,MENSUAL,Web,0,Renovada,,
POL-002314,CLI-00755,Hogar,16/08/2023,15/08/2024,275000000,943000,923000,2.2,Mensual,AGENCIA,5,Renovada,,
POL-007041,CLI-03288,Auto,2024-02-03,02/02/2025,150000000,5903000,5720000,3.2,trimestral,Asesor comercial,5,Renovado,,
POL-001703,CLI-00468,AUTO,2025/03/24,03/03/2025,25000000,1070000,1000000,7.0,MENSUAL,Agencia,10,Activa,,
POL-003946,CLI-01680,Salud,24/08/2024,2025-08-24,239000000,5885000,4583000,28.4,Trimestral,Bancaseguros,5,Renovada,,
POL-007508,CLI-04896,Vida,2025-01-19,2026-01-19,550000000,1771000,1625000,9.0,MENSUAL,Corredor,15,  Activa,,
POL-008004,CLI-01263,Salud,2022/10/16,16/10/2023,74000000,1697000,1596000,6.3,Mensual,Bancaseguros,5,Renovada,,
POL-006793,CLI-03034,Salud,2023-04-09,2024/04/08,80000000,1628000,1604000,1.5,ANUAL,Web,0,Renovada,,
POL-004511,CLI-03354,  Auto,2025-01-21,2024-08-11,31000000,,928000,2.8,Mensual,Corredor,0,Suspendida,,
POL-002233,CLI-00067,Auto,2024-11-13,2025/11/13,60000000,2100000,2033000,3.3,Trimestral,Asesor comercial,10,Renovada,,
POL-002644,CLI-03400, Salud ,2022/08/19,2023-08-19,78000000,1341000,1122000,19.5,Mensual,Web,5,Cancelada,2023-08-09,Falta de pago
POL-005517,CLI-02117,Vida,18/01/2025,18/01/2026,296000000,985000,937000,5.1,Trimestral,  Asesor comercial,0,Activa,,
POL-002456,CLI-01957,Salud,INVALID_DATE,2023-05-22,119000000,3242000,2977000,8.9,Trimestral,Bancaseguros,10,Cancelada,11/09/2022,Precio
POL-006530,CLI-03468,Hogar,INVALID_DATE,12/12/2022,213000000,1149000,979000,17.4,Mensual, Asesor comercial ,0,Renovada,,
POL-001317,CLI-01487,Hogar,2024/06/20,20/06/2025,257000000,961000,902000,6.6,Mensual,Agencia,5,Renovada,,
POL-007030,CLI-02272,SEGURO AUTO,2022-01-14,2023-01-14,75000000,3039000,2341000,29.8,Trimestral,Asesor comercial,5, Vencida ,,
POL-007310,CLI-03226,Vida,09/09/2023,2024-09-08,312000000,1206000,905000,33.3,Mensual,Asesor comercial,15,Cancelada,24/12/2023,precio
POL-002315,CLI-00748,Auto,06/01/2025,2026-01-06,29000000,,1564000,19.4,Anual,web,10,Cancelada,2025-07-05,Precio
POL-001156,CLI-03101,Auto,2021-03-22,22/03/2022,67000000,2360000,2118000,11.4,Anual,Asesor comercial,10,Renovada,,
POL-001244,CLI-05050,Salud,2024-11-29,29/11/2025,264000000,5034000,4808000,4.7,Mensual,Agencia,10,Renovada,,
POL-002787,CLI-00995,Auto,11/08/2024,2025/08/11,37000000,1713000,1567000,9.3,Mensual, Bancaseguros ,10,Renovado,,
POL-005988,CLI-01697,Salud,2021/07/10,2022-07-10,130000000,2684000,2497000,7.5,Mensual,Corredor,0,Cancelada,2022-07-10,Reclamo rechazado / insatisfacción
POL-001150,CLI-04441,Auto,2022/03/21,2023-03-21,93000000,3514000,3233000,8.7,Anual,Bancaseguros,5,VENCIDA,,
POL-002701,CLI-01213,Salud,19/04/2024,2025-04-19,158000000,2855000,2729000,4.6,mensual,Web,5,Renovada,,
POL-005499,CLI-00672,Auto,2024-04-30,2025/04/30,24000000,1090000,1081000,0.8,Trimestral,Web,5,Renovada,,
POL-006765,CLI-02443,Salud,28/01/2021,2022-01-28,188000000,2786000,2729000,2.1,Mensual,Asesor comercial,0,  Cancelada,26/01/2022,CAMBIO DE ASEGURADORA
POL-007828,CLI-00588,Salud,2025-03-06,2026-03-06,141000000,3750000,3655000,2.6,Mensual,Asesor comercial,10,Activa,,
POL-004819,CLI-01440,Auto,2023-01-16,2024-01-16,23000000,1036000,954000,8.6,Trimestral,Bancaseguros  ,10,Renovada,,
POL-001238,CLI-00087,Salud,2022/11/21,2023-11-21,90000000,2457000,2433000,1.0,Anual,Web,10,Vencida  ,,
POL-008183,CLI-04458,Salud  ,2022-11-19,2023-11-19,180000000,3857000,3639000,6.0,Anual,Asesor comercial,10,Renovada,,
POL-007994,CLI-01088,Auto,16/03/2023,2024/03/15,,1244000,1105000,12.6,MENSUAL,Web,15,Renovada,,
POL-007265,CLI-02852,Auto,2022-09-09,2023/09/09,75000000,4405000,4285000,2.8,mensual,Web,5,Vencida,,
POL-005765, CLI-04504 ,Auto  ,2023-09-05,04/09/2024,51000000,2505000,2207000,13.5,Trimestral,Asesor comercial,5,Renovada,,
POL-004467,CLI-04656,Salud,2023-08-07,06/08/2024,101000000,2029000,2001000,1.4,Semestral,Web,15,cancelada,2023-09-11,Otro
POL-006107,CLI-90634,Salud,10/09/2024,2025-09-10,95000000,1907000,,0.3,Mensual,Asesor comercial,15,Renovada,,
POL-006027,CLI-02911,Vehículo,2024-12-11,11/12/2025,42000000,1707000,1705000,0.1,Trimestral,Asesor comercial,0,Vencida,,
POL-003760,CLI-04445,Vida,2024-02-22,2025/02/21,240000000,811000,746000,8.7,Mensual,Asesor comercial,15,Renovada,,
POL-000853,CLI-00301,Hogar,07/07/2024,07/07/2025,188000000,790000,756000,4.5,Anual,Agencia,15,Renovada,,
POL-002067,CLI-02094,Salud,05/01/2025,2026/01/05,140000000,2819000,2654000,6.2,Anual,Corredor,10,  Activa,,
POL-005527,CLI-02647,Hogar,2022-06-15,2023/06/15,300000000,981000,893000,9.9,Mensual,Agencia,15,  Renovada,,
POL-002924,CLI-02741,Auto,2021-11-21,2022-11-21,85000000,2743000,2580000,6.3,Mensual,Asesor comercial,10, Renovada ,,
POL-004576,CLI-01697,Auto,2021-12-24,2022/12/24,31000000,1348000,1255000,7.4,Mensual,Corredor,10,Renovada,,
POL-000963,CLI-04922,Auto  ,31/07/2021,31/07/2022,45000000,1350000,1312000,2.9,Anual,Asesor comercial,5,Vencida  ,,
POL-007641,CLI-02419,Vida,2024-11-16,,291000000,1135000,1105000,2.7,Mensual,Asesor comercial,10,Expirada,,
POL-004325,CLI-01205,Auto,04/03/2022,04/03/2023,62000000,1720000,1489000,15.5,Mensual,Asesor comercial,15,Vencida,,
POL-006455,CLI-03396, Salud ,04/07/2024,04/07/2025,78000000,1655000,1554000,6.5,Anual,Agencia,10,Cancelada,2025/07/04,Otro
POL-002851,CLI-03820,Hogar,2022/04/08,08/04/2023,141000000,600000,550000,9.1,Mensual,Asesor comercial,10,Renovada,,
POL-006950,CLI-02818,Vida,05/12/2022,05/12/2023,153000000,734000,689000,6.6,Mensual,Asesor comercial,5,Renovada,,
POL-001544,CLI-01690,Salud,26/12/2024,26/12/2025,104000000,2868000,2634000,8.9,Trimestral,Agencia,15,RENOVADA,,
POL-003305,CLI-03310,Hogar,2024-08-11,2025-08-11,231000000,1079000,795000,35.8,  Trimestral,Asesor comercial,5,Renovada,,
POL-001619,CLI-03830,Auto,2024/09/12,2025/09/12,54000000,2066000,2027000,1.9,Mensual,  Asesor comercial,10,Vencida,,
POL-003860,CLI-02773,auto,15/10/2024,2025-10-15,77000000,2525000,2261000,11.7,ANUAL,Bancaseguros,5, Cancelada ,2025/08/23,Reclamo rechazado / insatisfacción
POL-004443,CLI-03164,Auto,19/02/2025,2026/02/19,134000000,6780000,6097000,11.2,TRIMESTRAL,Web,15, Activa ,,
POL-005810,CLI-04678, Vida ,28/03/2023,2024-03-27,143000000,380000,343000,10.9,Mensual,Agencia,0,Cancelada,2023-09-26,Otro
POL-008368,CLI-03758,Vida,27/05/2025,2026-05-27,109000000,330000,317000,4.1,Anual,Agencia,5,Activa,,
POL-003254,CLI-00664,Auto,02/11/2021,02/11/2022,41000000,1265000,1205000,5.0,Mensual,Web,15,CANCELADA,03/04/2022,Cambio de aseguradora
POL-006799,CLI-02088,Auto,26/05/2022,26/05/2023,53000000,2203000,2040000,8.0, Mensual ,Bancaseguros,5,Vencida,,
POL-000522,CLI-03675,Vida,2024-11-30,2025/11/30,147000000,463000,358000,29.2,Mensual,Corredor,0,Cancelada,01/03/2025,Precio
POL-007100,CLI-03459,Hogar,2022-08-19,2023-08-19,141000000,489000,467000,4.7,Trimestral,Bancaseguros,0,Vencida,,
POL-003550,CLI-00365,Auto  ,2024-11-27,2025-11-27,33000000,1696000,1639000,3.5,mensual,Bancaseguros,5,Renovada,,
POL-004601,CLI-00615,Hogar,2024-10-09,09/10/2025,783000000,3867000,,4.3,Trimestral,Bancaseguros,0,Renovada,,
POL-008064,CLI-00373,Vida,2024/11/12,2025-11-12,479000000,1675000,1723000,-2.8,Mensual,Bancaseguros,10,Vencida,,
POL-001463,CLI-01279,VIDA,2025-03-15,2026/03/15,309000000,984000,909000,8.2,Mensual,Agencia,5,Activa,,
POL-001165,CLI-01199,VIDA,2022-10-04,2023-10-04,153000000,478000,482000,-0.9,Anual,Asesor comercial,15,Vencida,,
POL-001184,CLI-02547,  Auto,2023/03/26,,50000000,1574000,1521000,3.5,Anual,Asesor comercial,10,Vencida,,
POL-006002,CLI-02296,Hogar,2021-04-07,2022/04/07,685000000,2630000,2431000,8.2,Mensual,Agencia,5,Renovada,,
POL-000528,CLI-02804,  Auto,2025/03/18,2026-03-18,63000000,2385000,2368000,0.7,Anual,ASESOR COMERCIAL,10,activa,,
POL-006492,CLI-01775,Salud,16/10/2024,16/10/2025,182000000,4823000,4752000,1.5,Mensual,Agencia,15,RENOVADA,,
POL-000363,CLI-04279,hogar,12/01/2024,2025-01-11,212000000,914000,865000,5.7,Semestral,Web,5,Cancelada,2024-08-03,Reclamo rechazado / insatisfacción
POL-004700,CLI-04812,Auto,05/12/2022,2023/12/05,123000000,6561000,5900000,11.2,Anual,Bancaseguros,10,Vencida,,
POL-003561,CLI-02500,Hogar,23/07/2021,2022-07-23,105000000,396000,381000,4.0,Mensual,Asesor comercial,0,Cancelada,2022-06-22,Venta/pérdida del bien
POL-001867,CLI-00303,  Vida,2021-05-03,2022/05/03,473000000,1905000,1866000,2.1,Anual,WEB,10,Cancelada,2022-03-17,PRECIO
POL-002985,CLI-05125,Auto,21/01/2025,2026-01-21,52000000,1381000,1272000,8.6,Anual  ,Agencia,0,Activa,,
POL-007207,CLI-04499,Auto,24/11/2022,2023-11-24,114000000,4484000,4396000,2.0,Trimestral,Asesor comercial,0,Renovada,,
POL-002281,CLI-01093,Auto,26/05/2025,2026/05/26,44000000,1409000,1192000,18.2,Mensual,Bancaseguros,5,Activa,,
POL-003068,CLI-04495,  Vida,25/06/2025,INVALID_DATE,275000000,657000,621000,5.8,  Mensual,Agencia,5,Activa,,
POL-001734,CLI-02288,  Vida,2021/03/11,11/03/2022,216000000,796000,760000,4.8,Mensual,Agencia,0,Renovada,,
POL-006763,CLI-03099,Salud,2024-02-21,2025-02-20,69000000,1169000,1125000,3.9,Anual,Agencia,5,Renovada,,
POL-000996,CLI-00463,Auto,2025-02-05,05/02/2026,105000000,5992000,5933000,1.0,Anual,  Bancaseguros,5,Activa,,
POL-003110,CLI-03195,Salud,2023-06-14,2024/06/13,72000000,1913000,1786000,7.1,Mensual,Bancaseguros,15,Vencida  ,,
POL-004746,CLI-03404,Salud  ,10/10/2023,2024-10-09,,2060000,2022000,1.9,Mensual,Agencia,15,Renovada,,
POL-007693,CLI-04422,Auto,2024/04/04,04/04/2025,77000000,2377000,2203000,7.9,Anual,Asesor comercial,0,Cancelada,08/12/2024,Cambio de aseguradora
POL-007092,CLI-03786,Hogar,2022/11/13,2023/11/13,138000000,474000,473000,0.3,Mensual,Corredor,10,Vencida,,
POL-001313,CLI-03770,SALUD,2021-03-19,19/03/2022,105000000,2516000,2401000,4.8,Semestral,Corredor,0,Renovada,,
POL-000729,CLI-00015,Hogar,26/12/2021,26/12/2022,209000000,1027000,964000,6.5,Anual,Asesor comercial,5,renovada,,
POL-002654,CLI-01778,Vida,2024-01-24,2025-01-23,605000000,1558000,1129000,38.0,Mensual  ,Agencia,0,Renovada,,
POL-005951,CLI-00705,Auto,2024-08-14,14/08/2025,87000000,4238000,4083000,3.8,Mensual,Corredor,5,Vencida,,
POL-000650,CLI-03455,Vida,,2022-05-18,279000000,1205000,1173000,2.7,Mensual,Agencia,5,Cancelada,02/12/2021,Otro
POL-001449,CLI-02620,Auto,2021-03-20,20/03/2022,49000000,2394000,2423000,-1.2,Anual,Asesor comercial,10,Vencida,,
POL-001914,CLI-00614,Salud,2025/03/16,INVALID_DATE,50000000,1432000,1352000,5.9,Mensual,Web,15,Activa,,
POL-002338,CLI-00916,Seguro Hogar,2025/05/01,01/05/2026,199000000,869000,842000,3.2,Mensual,Agencia,10,Activa,,
POL-000709,CLI-01520,AUTO,2021-10-20,20/10/2022,59000000,1989000,1931000,3.0,Trimestral,Agencia,0,Vencida,,
POL-001430,CLI-01028,Hogar,2022-06-28,2023-06-28,163000000,69900000,682000,2.5,Anual,Agencia,5,  Renovada,,
POL-004685,CLI-03534,Hogar,13/07/2021,13/07/2022,84000000,385000,378000,,Trimestral,AGENCIA,0,Renovada,,
POL-003019,CLI-04883,Salud,2023/06/19,2024-06-18,272000000,3900000,3210000,21.5,Mensual,ASESOR COMERCIAL,15,Vencida,,
POL-002757,CLI-04933,Hogar,2025/01/29,29/01/2026,73000000,425000,401000,6.1,Anual,Web,5,Activa,,
POL-001400,CLI-01009,Vida,06/05/2024,06/05/2025,123000000,362000,272000,33.1,Anual,CORREDOR,15,Cancelada,2024-08-21,  Precio
POL-006538,CLI-05109,Auto,13/12/2024,2025-12-13,44000000,2046000,1939000,5.5,Anual, Bancaseguros ,0,Cancelada,02/09/2025,Falta de pago
POL-004641,CLI-03253,AUTO,2024/12/06,2025-12-06,29000000,986000,992000,-0.6,Mensual,Bancaseguros,5,Cancelada,2025-10-29, Otro 
POL-006738,CLI-04563,Salud,20/04/2024,2025-04-20,138000000,2841000,2154000,31.9,Mensual,Corredor,10,Renovada,,
POL-005165,CLI-04267,Auto,2024/06/27,2025-06-27,34000000,1583000,1515000,4.5,Anual  ,Corredor,5,Renovada,,
POL-004117,CLI-04162,  Auto,2021-08-09,2022-08-09,43000000,2045000,1935000,5.7,Trimestral,Agencia,5, Renovada ,,
POL-002086,CLI-04834,Auto  ,18/12/2024,2025-12-18,85000000,4675000,4461000,4.8,SEMESTRAL,bancaseguros,15,Renovada,,
POL-004264,CLI-04485,Auto,2023-06-24,2024-06-23,31000000,1402000,1349000,3.9,Trimestral,Asesor comercial,15,Renovada,,
POL-005414,CLI-01437,Salud,2025/05/16,16/05/2026,144000000,3133000,2890000,8.4,Anual,Asesor comercial  ,0,Cancelada,2025-11-03,Cambio de aseguradora
POL-008244,CLI-02865,Salud,2025-01-12,2026/01/12,205000000,4421000,4060000,8.9,Semestral,Bancaseguros,0,Activa,,
POL-006667,CLI-02964,Auto,,2023/10/07,47000000,2115000,1650000,28.2, Mensual ,Corredor,5,Vencida,,
POL-001062,CLI-04658, Hogar ,2023-05-15,2024-05-14,209000000,800000,791000,1.2,Semestral,Agencia,5,Vencida,,
POL-000892,CLI-04598,Auto,2024/06/28,2025-06-28,84000000,2325000,1933000,20.3,Trimestral,Bancaseguros,15,Cancelada,25/02/2025,Cambio de aseguradora
POL-000555,CLI-01415,Auto,2023-05-06,2024-05-05,48000000,2203000,2102000,,Semestral,Agencia,10,Vencida  ,,
POL-002070,CLI-03712,Vivienda,2025/05/05,2026-05-05,208000000,860000,829000,3.7,Anual,Agencia,10,Activa,,
POL-000208,CLI-00704,Salud,2024-04-30,2025-04-30,225000000,3950000,2995000,31.9,TRIMESTRAL,Bancaseguros,5,Cancelada,2024-09-07,Precio
POL-006451,CLI-03187,Hogar,17/12/2021,17/12/2022,276000000,1089000,1040000,4.7,Anual,Web,5,Renovada,,
POL-003811,CLI-04117,Auto,2022-09-03,2023/09/03,76000000,2931000,2239000,30.9,Anual,Bancaseguros  ,0,Renovada,,
POL-003571,CLI-02853,Vida,2025-05-13,13/05/2026,130000000,490000,,5.3,Mensual,Web,5,Activa,,
POL-003449,CLI-04861,Vida,2021-04-23,2022-04-23,295000000,1134000,1098000,3.3,Mensual,Asesor comercial,5,Renovada,,
POL-000874,CLI-04979,Hogar,2023/05/06,2024/05/05,,445000,364000,22.4,Semestral,Bancaseguros,10,Expirada,,
POL-000211,CLI-03888,Vida,2022-02-13,2023/02/13,89000000,336000,247000,35.8,Mensual,Asesor comercial,5, Cancelada ,2022-09-26,Precio
POL-001397,CLI-01665,Salud,2021-04-30,2022-04-30,106000000,2730000,2700000,1.1,Anual,Corredor,15,Renovada,,
POL-007609,CLI-02125,Salud,2021/05/26,26/05/2022,42000000,916000,920000,-0.4,mensual,Bancaseguros,5,Renovada,,
POL-004227,CLI-98159,Auto,30/06/2023,2024-06-29,72000000,2593000,2197000,18.0,Semestral,Agencia,0,Vencida,,
POL-008178,CLI-02229,Auto,2023-09-10,2024/09/09,30000000,1233000,,5.1,Semestral,Asesor  comercial,5,Renovada,,
POL-000019,CLI-01026,Auto,2021-05-29,29/05/2022,94000000,4472000,4219000,6.0,Anual,Agencia,0,Renovada,,
POL-001787,CLI-00167,Vida,07/01/2024,06/01/2025,296000000,1226000,1185000,3.5,Anual,Web,10,Vencida,,
POL-003624,CLI-02392,Hogar,2024-10-26,2025-10-26,368000000,1678000,1624000,3.3,  Semestral,Asesor comercial,15,RENOVADA,,
POL-004918,CLI-01110, Vida ,13/05/2023,2024-05-12,261000000,1458000,1432000,1.8,Anual,Agencia,0,Vencida,,
POL-003290,CLI-00677,Hogar,20/10/2021,2022-10-20,367000000,1262000,1056000,19.5,Anual,Web,5,Renovada,,
POL-002747,CLI-01168,  Hogar,2023/08/02,2024-08-01,209000000,968000,938000,3.2,Anual,Bancaseguros,10,vencida,,
POL-007725,CLI-02085,Hogar,2022/09/14,2023-09-14,142000000,681000,682000,-0.1,Anual,Agencia,0,Vencida,,
POL-003053,CLI-01737,vida,2023/10/04,03/10/2024,447000000,1439000,1249000,15.2,Mensual  ,Bancaseguros,0,Renovado,,
POL-003707,CLI-03424,auto,30/04/2025,30/04/2026,32000000,1295000,1343000,-3.6, Anual ,Web,10,Activa,,
POL-005813,CLI-02025,Hogar,2022/12/23,2023-12-23,186000000,886000,860000,3.0,Semestral,Web,0,Cancelada,2023/01/31,Falta de pago  
POL-005790,cli-04522,Auto,2022/05/30,30/05/2023,36000000,1541000,1402000,9.9,Mensual,Asesor comercial,5,Renovada  ,,
POL-003648,CLI-00532,Salud,2024/06/07,07/06/2025,152000000,3314000,3086000,7.4,Anual,Asesor comercial,10,Renovada,,
POL-000028,CLI-03633,Auto,2024/01/12,2025-01-11,64000000,2596000,2415000,7.5,Mensual,Asesor comercial,15,Vencida,,
POL-006048,CLI-04041,Hogar  ,2023/04/14,13/04/2024,213000000,1004000,,2.6,Mensual,Corredor,5,vencida,,
POL-002675,CLI-03655,Auto,2025-01-18,2026-01-18,86000000,3204000,3054000,4.9,Semestral,  Asesor comercial,5,Activa,,
POL-005447,CLI-03442,Vida,2023-05-28,2024-05-27,130000000,535000,532000,0.5,Mensual,Agencia,10,Renovada,,
POL-003120,CLI-04875,Hogar,30/05/2025,2026-05-30,348000000,1556000,1457000,6.8,Mensual,Asesor comercial,0,Activa,,
POL-004473,CLI-03800,Salud,08/11/2024,2025-11-08,122000000,2941000,2844000,3.4,Anual,Agencia,10,Cancelada,12/03/2025,Precio
POL-006802,CLI-02544,  Auto,07/01/2025,2026-01-07,56000000,1967000,1502000,31.0,Anual,Asesor comercial,5,Activa,,
POL-002325,CLI-01573,Salud,08/06/2024,08/06/2025,83000000,1323000,1231000,7.5,Anual,ASESOR COMERCIAL,5,Vencida,,
POL-005581,CLI-03426,AUTO,2025-06-08,08/06/2026,49000000,2015000,1915000,5.2,MENSUAL,Bancaseguros,5,Activa,,
POL-003059,CLI-00903,Hogar  ,2025-05-04,2026/05/04,259000000,1141000,1053000,8.4,Mensual,Corredor,5,Activa  ,,
POL-006903,CLI-03208,Auto,2022-10-05,2023/10/05,101000000,3404000,3414000,-0.3,ANUAL,Asesor comercial,15,Vencida,,
POL-008168,CLI-01139,Salud,17/08/2022,2023-08-17,132000000,3141000,3058000,,Mensual,Bancaseguros,0,Vencida,,
POL-002867,CLI-01351,Auto,2021-05-18,2022/05/18,45000000,1841000,1755000,4.9,MENSUAL,Corredor,5,Renovada,,
POL-001300,CLI-03844,Hogar,2023/11/08,2024-11-07,434000000,1817000,1647000,10.3,Mensual,Asesor comercial,10,Vencida,,
POL-007217,CLI-01411,Auto,2021/05/20,20/05/2022,70000000,2709000,2651000,2.2,Mensual,Asesor comercial,0,Vencida,,
POL-001057,CLI-02265,Salud,2024-09-11,2025-09-11,263000000,5628000,5464000,3.0,Mensual,Asesor comercial,10,Renovada,,
POL-003187,CLI-02410,Salud,2023-07-13,2024/07/12,201000000,4630000,3453000,34.1,Mensual,asesor comercial,0,Renovada,,
POL-000851,CLI-01439,Seguro Auto,2025-01-23,23/01/2026,96000000,5681000,5241000,8.4,Mensual,Agencia,0,Activa,,
POL-002402,CLI-00734,Auto,2025-02-16,16/02/2026,51000000,1277000,1219000,4.8,Mensual,Web,5,Activa,,
POL-003270,CLI-02672,Vida,2023-01-31,2024-01-31,197000000,627000,648000,-3.2,Mensual,agencia,10,RENOVADA,,
POL-000545,CLI-01301,Salud,13/09/2024,2025/09/13,80000000,2087000,2054000,1.6,Trimestral,Asesor comercial,5,Renovada,,
POL-002873,CLI-05082,Vida,2024-10-12,2025-10-12,429000000,1392000,1382000,0.7,MENSUAL,Bancaseguros,15,Cancelada,2025-03-23,Cambio de aseguradora
POL-000492,CLI-01290,AUTO,2025-02-04,04/02/2026,,,655000,1.8,anual,Web,5,Activa,,
POL-004066,CLI-04110,Hogar,2024-10-26,18/02/2024,391000000,1457000,1447000,0.7,ANUAL,Web,5,Renovada,,
POL-000215,CLI-01390,Vida,2021-01-08,2022-01-08,233000000,,1102000,3.4,Anual,Agencia,5,Vencida,,
POL-008311,CLI-03175,Auto,2025-04-16,2026-04-16,50000000,1853000,1379000,34.4,Mensual,Asesor comercial,5,Cancelada,09/11/2025,precio
POL-001092,CLI-01311,Auto,20/12/2021,2022-12-20,55000000,2685000,2528000,6.2,Anual,Web,5,Renovada,,
POL-005312,CLI-03707,Auto,2023-10-14,2024-10-13,79000000,4600000,4528000,1.6,Mensual,Agencia,10,Renovada,,
POL-003413,CLI-02814,Salud,05/11/2023,2024-11-04,198000000,4095000,3945000,3.8,Anual,Web,5,Renovada,,
POL-006790,CLI-01666,Salud,2025-03-01,01/03/2026,123000000,2688000,2439000,10.2,Mensual,Agencia,0,Cancelada,2025-04-04,Cambio de aseguradora
POL-006300,CLI-03279,Salud,2022-08-07,2023/08/07,105000000,1732000,1700000,1.9, Anual ,Agencia,15,Renovada,,
POL-006856,CLI-02506,Hogar,21/03/2021,2022-03-21,719000000,2657000,2613000,1.7,Mensual,WEB,15,Renovada,,
POL-003317,CLI-01590,Auto,2025-01-22,22/01/2026,72000000,2139000,1531000,39.7,Mensual,ASESOR COMERCIAL,5,CANCELADA,28/03/2025,Falta de pago
POL-007352,CLI-01668,Hogar,2023-07-06,2024/07/05,352000000,1664000,1288000,29.2,ANUAL,ASESOR COMERCIAL,10,Renovada,,
POL-007169,CLI-00241, Auto ,2021-05-30,30/05/2022,35000000,906000,864000,4.9,Anual, Bancaseguros ,10,Renovada,,
POL-002459,CLI-00367,Vida,2023-03-29,2024-03-28,338000000,1012000,930000,8.8,Anual,Asesor comercial,0,Renovada,,
POL-000953,CLI-00402,Hogar,2024-06-18,18/06/2025,272000000,1079000,795000,35.7,Semestral,Corredor,5,CANCELADA,07/03/2025,Precio
POL-003578,CLI-00257,AUTO,27/06/2022,2023-06-27,113000000,3201000,2972000,7.7,Semestral,Corredor,5,Cancelada,2023-06-01,Precio
POL-006939,CLI-01175,Auto,2022/05/23,2023-05-23,35000000,1118000,1101000,1.5,Semestral,Asesor comercial,10,Renovada  ,,
POL-003676,CLI-04364,Auto,2022/07/21,2023-07-21,30000000,1153000,831000,38.8,Anual,Agencia,0,Vencida,,
POL-002318,CLI-03233,auto,2024/11/13,13/11/2025,81000000,3300000,3167000,4.2,Anual,Asesor comercial,15,Vencida,,
POL-004025,CLI-02105,Salud,2021-03-03,2022-03-03,137000000,3263000,3081000,5.9,Trimestral,Bancaseguros,15,Renovada,,
POL-007144, CLI-01583 ,SEGURO AUTO,25/03/2025,2026-03-25,53000000,2126000,1978000,7.5, Semestral ,Asesor comercial,15,Cancelada,21/11/2025,Otro
POL-005452,CLI-03772,Salud,2024-03-01,2025-03-01,276000000,6204000,5943000,4.4,Anual,Agencia  ,5,Vencida,,
POL-005148,CLI-01628,Hogar,2023-04-14,13/04/2024,158000000,646000,600000,7.6,Anual,Corredor,10,Renovado,,
POL-004244,CLI-03700,Hogar,2024-11-13,2025/11/13,206000000,918000,896000,2.4,  Anual,Agencia,5,Renovada,,
POL-000723,CLI-01656,AUTO,2023-12-24,2024/12/23,58000000,2227000,2207000,0.9,Anual,Bancaseguros  ,5,Renovada,,
POL-006088,CLI-02163, Hogar ,09/09/2021,09/09/2022,155000000,640000,603000,6.2,Mensual,Asesor comercial,10,Vencida,,
POL-004441,CLI-01481,Vida,2023-09-12,11/09/2024,379000000,1064000,1050000,1.3,Semestral,Web,10,VENCIDA,,
POL-001392,CLI-04336,Hogar,17/05/2025,2026-05-17,110000000,495000,467000,6.0,Trimestral,Asesor comercial,15,Activa,,
POL-007575,CLI-00829,Hogar,2022-09-23,2023/09/23,224000000,93300000,922000,1.2,Trimestral,Corredor,0,Cancelada,2023-07-31,Precio
POL-005794,CLI-04127,AUTO,2024-10-20,2025/10/20,58000000,2055000,1963000,4.7, Anual ,Agencia,0,Vencida,,
POL-000954,CLI-01073,Salud,2022-05-29,2023-05-29,78000000,1869000,1763000,6.0,Mensual,Web,10,Renovada,,
POL-006934,CLI-02170,Auto,2025/05/21,2026-05-21,47000000,2496000,2423000,3.0,MENSUAL,Asesor comercial,0,Activa,,
POL-007784,CLI-04020,Auto,2023/12/24,2024-12-23,41000000,1712000,1695000,1.0,Anual,Asesor comercial,0,Vencida,,
POL-002906,CLI-01170,Auto,2024/06/06,06/06/2025,124000000,5473000,5523000,-0.9,Anual,  Agencia,10,Vencida,,
POL-006020,CLI-02321,Salud,,22/02/2025,93000000,2210000,2137000,3.4,Semestral,Agencia,10,Cancelada,2025/01/14,Falta de pago
POL-007540,CLI-05013,Salud,2022/09/25,2023-09-25,81000000,2120000,2068000,2.5,Mensual,  Asesor comercial,15,Renovada,,
POL-007312,CLI-03468,Salud,2024-10-15,2025/10/15,422000000,11067000,11045000,0.2,  Anual,Web,0,Expirada  ,,
POL-000380,CLI-04655,Hogar,2025/04/11,2026/04/11,144000000,529000,510000,3.7,Anual,Asesor comercial,15,Activa,,
POL-007131,CLI-02150,  Salud,2024/08/31,31/08/2025,125000000,1968000,1433000,37.3,ANUAL,Agencia,10,Vencida,,
POL-000593,CLI-02635,Auto,2024-10-14,2025-10-14,76000000,1730000,1597000,8.3,Trimestral,BANCASEGUROS,5,Vencida,,
POL-007042,CLI-03040,Salud,2023-01-08,08/01/2024,250000000,5712000,5073000,12.6,Mensual,Web,5,Cancelada,2023/10/26,Reclamo rechazado / insatisfacción
POL-004127,CLI-02120,  Salud,2025/06/04,2026/06/04,175000000,2996000,2694000,11.2,Semestral,Agencia,0,Activa,,
POL-006584,CLI-00653,Salud,2023-04-19,18/04/2024,88000000,1937000,1815000,6.7,Anual,Bancaseguros,15,Vencida,,
POL-004056,CLI-02478,SALUD,07/06/2025,2026/06/07,156000000,4842000,3719000,30.2,Mensual,Corredor,10,ACTIVO,,
POL-001702,CLI-01291,Auto  ,2023-04-20,19/04/2024,66000000,3090000,3006000,2.8,Anual,Bancaseguros,5,Renovada,,
POL-000751,CLI-03754,Auto,15/02/2021,2022-02-15,90000000,3803000,3671000,3.6,Mensual,Agencia,10,Cancelada,2022-02-15,CAMBIO DE ASEGURADORA
POL-000730,CLI-03422,  Vida,,2024-10-01,191000000,732000,683000,7.2,Mensual,Web,15,Renovada,,
POL-002756,CLI-03371,Auto,2021/06/04,2022-06-04,47000000,1624000,1606000,1.1,Mensual,Asesor comercial,5,Renovada,,
POL-008013,CLI-02986,Salud,2023/08/23,2024-08-22,70000000,2373000,1736000,36.7,Anual,Agencia,0,Vencida,,
POL-006176,CLI-03955,Vida,07/05/2025,07/05/2026,706000000,3265000,2824000,15.6,Mensual,Asesor comercial,0,Cancelada,2025-10-07,  Precio
POL-006989,CLI-00459,Hogar,04/12/2023,2024/12/03,314000000,864000,808000,6.9,Anual,Bancaseguros,10,Cancelada,2024-11-06,Falta de pago
POL-000030,CLI-00051,Auto,2022/10/31,2023-10-31,59000000,1850000,1655000,11.8,Trimestral,Asesor comercial,5,Renovada,,
POL-007375,CLI-03193,Auto,2025-05-29,2026-05-29,74000000,2442000,2423000,0.8,Mensual,Asesor comercial,5,Activa,,
POL-005910,CLI-03730,Vida,2024-07-16,2025-07-16,201000000,458000,456000,0.5,Mensual,Bancaseguros,0,Renovada,,
POL-000570,CLI-01219,Salud,24/06/2023,23/06/2024,157000000,2317000,2182000,6.2,Anual,Web,10,Renovada,,
POL-004153,CLI-01149,AUTO,03/05/2021,2022-05-03,79000000,3080000,2868000,7.4,anual,Web,15,Cancelado,2021-11-24,Cambio de aseguradora
POL-007455,CLI-01420,AUTO,2025-03-19,19/03/2026,47000000,2370000,2288000,3.6,Anual,Agencia,10,Activa,,
POL-005840,CLI-04253,Vida,2022-07-21,2023-07-21,541000000,1777000,1740000,2.1,Anual,Agencia,5,Renovada,,
POL-001694,CLI-01835,Hogar,2023/09/10,2024-09-09,317000000,1348000,1387000,-2.8,Mensual, Asesor comercial ,5,Cancelada,2024-01-11,Cambio de aseguradora
POL-007472,CLI-01670,Salud,2022-07-12,12/07/2023,78000000,1586000,,25.0,Anual,corredor,0,Vencida,,
POL-002559,CLI-02154,Auto,2024/04/17,17/04/2025,117000000,6303000,5929000,6.3,Anual,  Corredor,15,Vencida,,
POL-004781,CLI-02326,Auto,2021-12-14,14/12/2022,58000000,2445000,2199000,11.2,Semestral,Asesor comercial  ,10,Renovada,,
POL-008227,CLI-02774,Auto,2024-05-13,2025/05/13,135000000,4703000,4670000,0.7,  Anual,Agencia,0, Renovada ,,
POL-008054,CLI-02429,Vida,21/09/2024,2025/09/21,973000000,3506000,3264000,7.4,  Mensual,Asesor comercial,0,Renovada,,
POL-008035,CLI-00580,  Salud,2021-03-15,15/03/2022,107000000,1474000,1357000,8.6,Trimestral,ASESOR COMERCIAL,0,Renovada,,
POL-007728,CLI-02290,Hogar,02/07/2021,02/07/2022,310000000,1256000,944000,33.1,Trimestral,Bancaseguros,10,Renovada,,
POL-003375,CLI-00568,VIDA,2023/11/23,2024/11/22,407000000,1519000,1436000,5.8,Mensual,Agencia,10,RENOVADA,,
POL-000428,CLI-03068,AUTO,2023-06-03,2024-06-02,86000000,4349000,4366000,-0.4, Anual ,Agencia,0,Renovado,,
POL-000702,CLI-02707, Auto ,26/10/2021,26/10/2022,80000000,2958000,2812000,5.2,Mensual,Agencia,15,Vencida,,
POL-003417,CLI-03772,Salud,2021/12/26,2022-12-26,131000000,3034000,2915000,4.1,Mensual,Bancaseguros,5,Vencida,,
POL-007403,CLI-02125,Salud,03/02/2022,2023/02/03,74000000,1800000,1709000,5.3,Mensual,Bancaseguros,10,Renovada,,
POL-003447,cli-02394,Salud,2021-05-13,13/05/2022,198000000,5895000,5707000,3.3,Anual,Agencia,0,Renovada,,
POL-006733,CLI-01356,Seguro de Vida,2022-06-12,12/06/2023,426000000,1481000,1451000,2.1,Anual,Asesor comercial,5,Vencida,,
POL-000371,CLI-03193,Auto,2025-02-10,2026-02-10,45000000,1608000,1533000,4.9, Anual ,Asesor comercial,5,  Activa,,
POL-004894,CLI-00426,AUTO,10/03/2025,2026-03-10,38000000,1358000,1387000,-2.1,Anual,Corredor,5,Activa,,
POL-008189,CLI-02841,Hogar,2024-04-22,22/04/2025,213000000,918000,845000,,Anual,WEB,0,Vencida,,
POL-000667,CLI-04317,Hogar,11/08/2023,2024/08/10,165000000,,654000,5.2, Anual ,ASESOR COMERCIAL,0,Vencida,,
POL-000910,CLI-03310,Salud,2023-07-04,2022/12/20,150000000,3824000,3847000,-0.6,ANUAL,AGENCIA,0,Renovada,,
POL-006481,CLI-02900,Auto,2022-08-14,2023-08-14,32000000,954000,915000,4.3,Trimestral,Agencia,5,Vencida,,
POL-000613,CLI-02246,AUTO,2024-10-10,2025-10-10,45000000,1531000,1171000,30.7,Trimestral,Corredor,10,CANCELADA,2025-09-06,Falta de pago
POL-001622,CLI-03028,Auto,2022-10-19,2023/10/19,24000000,991000,936000,5.9,anual,Asesor comercial,15,Cancelada,2023-07-08,Falta de pago
POL-007686,CLI-04382,Auto,2025-01-25,2026-01-25,33000000,1521000,1094000,39.0,ANUAL,Asesor comercial,0,ACTIVA,,
POL-005558,CLI-04181,Auto,2024/10/16,16/10/2025,35000000,1293000,1151000,12.3,Trimestral,Web,15,Renovada,,
POL-005463,CLI-04464,Salud,2024/04/24,24/04/2025,145000000,3490000,3321000,5.1,Mensual,Asesor comercial,15,Renovada,,
POL-006857,CLI-02935,AUTO,2023-04-10,2024/04/09,98000000,4276000,4072000,5.0,SEMESTRAL,Agencia,5,Vencida  ,,
POL-007759,CLI-04661,Salud,2022-11-02,2023-11-02,82000000,1779000,1669000,6.6,Semestral,Asesor comercial,0,Renovada,,
POL-004662,CLI-00140,AUTO,2022-01-19,2023-01-19,65000000,2809000,2840000,-1.1,Mensual,Asesor comercial,10,Vencida,,
POL-007662,CLI-02978,Auto,2022/12/16,2023/12/16,80000000,4061000,3927000,3.4,Mensual,Bancaseguros,15,Renovada,,
POL-001502, CLI-00082 ,Salud,2025/01/21,21/01/2026,64000000,1241000,1114000,11.4, Mensual ,Agencia,10,Activa,,
POL-001770,CLI-04350,Vida,2021/10/13,2022-10-13,330000000,1004000,941000,6.7,Anual,Corredor,15,renovada,,
POL-007094,CLI-02005,SALUD,2022/01/31,31/01/2023,157000000,4306000,4132000,4.2,Trimestral,Bancaseguros,10,Renovada,,
POL-001047,CLI-00640,Vida,2023/08/08,07/08/2024,408000000,1364000,1341000,1.7,Trimestral,  Web,10,Vencida,,
POL-002159,CLI-02508,Salud,2025-06-03,2026/06/03,205000000,6067000,5762000,5.3, Anual ,  Bancaseguros,0,Activa,,
POL-002421,CLI-03294,Hogar,05/04/2025,05/04/2026,201000000,644000,623000,3.4,Trimestral,Bancaseguros,0,Activa,,
POL-007780,CLI-00949, Auto ,2021/04/27,2022-04-27,62000000,2435000,2359000,3.2,Mensual,Bancaseguros,5,Vencida,,
POL-003445,CLI-01025,Salud,2021/06/28,2022-06-28,190000000,3795000,3021000,25.6,Semestral,Agencia  ,0,Renovada,,
POL-000406,CLI-90763,Salud,28/09/2023,27/09/2024,163000000,3044000,2964000,2.7,Trimestral,Corredor,10,Vencida,,
POL-004925,CLI-03964,Auto,2021-06-22,2022-06-22,40000000,1526000,1390000,9.8,Mensual,Agencia,5,Vencida,,
POL-007957,CLI-03429,Auto,23/09/2022,23/09/2023,50000000,2502000,2341000,6.9,Anual,agencia,0,VENCIDA,,
POL-001045,CLI-01129,Auto,2021-12-12,12/12/2022,118000000,-4803000,4531000,6.0,Semestral,Asesor comercial,10,Vencida,,
POL-000921,CLI-03936,Vida,24/01/2023,2024/01/24,297000000,1022000,999000,2.3,MENSUAL,Asesor comercial,5,Renovada,,
POL-000783, CLI-00372 ,Salud,2022-06-11,2023-06-11,284000000,8917000,8476000,5.2,Mensual,Bancaseguros,0,Renovada,,
POL-003534,CLI-00424,AUTO,2024-06-09,2025-06-09,35000000,1363000,1294000,5.3,Mensual,AGENCIA,5,RENOVADA,,
POL-007898,CLI-04224,Auto,2025/04/28,2026/04/28,63000000,3026000,2860000,5.8,Mensual,Web,5,Activa,,
POL-002236,CLI-00147,Seguro Auto,2024-10-18,18/10/2025,75000000,2938000,2708000,8.5,Trimestral,  Asesor comercial,0,Vencida,,
POL-001059,CLI-02835,Hogar,2022-08-19,2023-08-19,156000000,615000,594000,3.5, Mensual ,Web,15,RENOVADA,,
POL-001356,CLI-02736,Salud,2024/12/04,2025-12-04,76000000,1451000,1407000,3.1,Mensual,Agencia,5,Renovada,,
POL-000607,CLI-02126,Salud,14/06/2023,2024-06-13,90000000,2057000,1912000,7.6,Mensual,Asesor comercial,0,Renovada,,
POL-001128,CLI-03368, Salud ,2021-02-03,2022-02-03,417000000,11686000,10911000,7.1,mensual,Web,5,Vencida,,
POL-004360,CLI-03703, Vida ,2023/02/01,2024-02-01,173000000,603000,487000,23.9, Mensual ,Asesor comercial,5,Renovada,,
POL-001318,CLI-01692,  Auto,2022-04-21,2023-04-21,48000000,1646000,1578000,4.3,Anual,AGENCIA,0,Cancelada,2023-04-10,Reclamo rechazado / insatisfacción
POL-004139,CLI-03927,Salud,29/07/2024,29/07/2025,251000000,4068000,3908000,4.1, Trimestral ,Asesor comercial,5,Renovada,,
POL-005039,CLI-04412,Salud,2025-01-07,2026-01-07,183000000,5320000,5140000,3.5,TRIMESTRAL,Agencia,10,Activa,,
POL-002261,CLI-03133,Salud,2021/12/30,,319000000,8685000,8473000,,Anual,Bancaseguros,10,Renovada,,
POL-003283,CLI-00305,Vida,22/08/2023,21/08/2024,381000000,1134000,1058000,7.2,Mensual,Bancaseguros,10,Renovada,,
POL-008090,CLI-03828,Auto,2023-11-10,09/11/2024,77000000,2383000,2194000,8.6, Trimestral ,Agencia,5,Cancelada,02/08/2024,Precio
POL-004371,CLI-00983,Vida,2022-10-29,2023-10-29,643000000,2388000,2279000,4.8,Mensual,Agencia,10,Vencida,,
POL-004427,CLI-00592,Seguro de Vida,2024-05-26,2025-05-26,187000000,663000,624000,6.2,Mensual,Asesor comercial,5,Cancelada  ,2025/05/10,Cambio de aseguradora
POL-005008,CLI-04433,Salud  ,27/03/2022,2023-03-27,111000000,2776000,2261000,22.8,Mensual,Bancaseguros,10,VENCIDA,,
POL-008148,CLI-04258,Auto,2024-07-03,,93000000,2864000,2754000,4.0,Mensual,Asesor comercial,5,Renovada,,
POL-005413,CLI-04694,Salud,18/06/2025,18/06/2026,67000000,1807000,1682000,7.4,Mensual  ,Web,15,Activa,,
POL-008270,CLI-04561,Vida,2022-01-31,2023/01/31,394000000,1477000,1420000,4.0,Semestral,Agencia,5,Expirada,,
POL-007450,CLI-03937,Vida,05/03/2025,2026-03-05,343000000,1519000,1408000,7.9,Mensual,Bancaseguros,15,Activa,,
POL-006661,CLI-04649,Salud,2022/07/05,2023-07-05,77000000,1249000,980000,27.4,Mensual,Corredor,10,Vencida,,
POL-000872,CLI-02354,Auto,2022-11-26,26/11/2023,27000000,1099000,1030000,6.7,Mensual,Web,5,Vencida,,
POL-003781,CLI-03632,Auto,2023-10-17,16/10/2024,96000000,3882000,3555000,9.2,  Anual,Web,5,Renovada,,
POL-003316,CLI-00120,Salud,2023-08-07,2024/08/06,88000000,1766000,1696000,4.1,Semestral,Bancaseguros,5,Renovada,,
POL-006814,CLI-01414,Salud,2023/09/05,2024/09/04,135000000,3370000,3185000,5.8,Mensual,Bancaseguros,0,Cancelada,2024-01-09,Cambio de aseguradora
POL-001754,CLI-02085,Auto,2024-11-23,2025-11-23,37000000,,1208000,7.1,Anual,Agencia,10,Renovada,,
POL-000461,CLI-02354,Seguro Hogar,2023-02-08,2024-02-08,249000000,871000,841000,3.6,Mensual,Web,5,cancelada,2023-12-18,Cambio de aseguradora
POL-004878,CLI-01482,Salud,2022-12-12,2023/12/12,,1647000,1420000,16.0,Anual,Web,0,Cancelada,2023-11-22,Precio
POL-007563,CLI-03593,vida,2024-07-15,2025-07-15,135000000,538000,435000,23.8,Semestral,Web,0,Cancelada,2025/04/10,Otro
POL-004659,CLI-00300,Auto,23/01/2025,2026-01-23,86000000,3349000,3346000,0.1,Mensual,Agencia,5,Activa,,
POL-004650,CLI-00543,Salud,,08/04/2026,63000000,1694000,1635000,3.6,Mensual,Bancaseguros,10,Activa  ,,
POL-003693,CLI-01386,Hogar,2025-02-09,2026-02-09,366000000,1503000,,3.5,Semestral, Asesor comercial ,15,Cancelada,07/08/2025,Precio
POL-004545,CLI-03998,Vida,2023/12/17,2024/12/16,240000000,766000,609000,25.7,Semestral,ASESOR COMERCIAL,5,Renovada,,
POL-003668,CLI-03471,Automóvil,2024/04/17,2025-04-17,73000000,2171000,2021000,7.4,Semestral,Corredor,15,Renovado,,
POL-000014,CLI-01525,Salud,2021-11-09,2022-11-09,54000000,1281000,1263000,1.4,Semestral,Web,10,Renovada,,
POL-001919,CLI-04253,Hogar,04/12/2024,2025-12-04,389000000,1582000,1140000,38.8,Mensual,Asesor comercial,5,Vencida,,
POL-002481,CLI-01212,Salud,2022/10/25,,136000000,3125000,2310000,35.3,Anual,Asesor comercial,5,Renovada,,
POL-006585,CLI-03496,Auto,2023/07/09,2024-07-08,69000000,2972000,2951000,0.7,Anual,ASESOR COMERCIAL,5,Vencida,,
POL-001930,CLI-01471,Vida,25/03/2023,2024-03-24,164000000,828000,638000,29.8,Mensual,Bancaseguros,5,Cancelada,2023-06-19,Cambio  de  aseguradora
POL-007240,CLI-02009,auto,2024/07/14,2025-07-14,70000000,2702000,2523000,7.1,Trimestral,Agencia,5,Renovada,,
POL-003153,CLI-01751,Auto,2025-04-06,2026-04-06,92000000,4278000,4227000,1.2,Mensual,Agencia,15,Activo,,
POL-000927,CLI-02016,Salud,30/11/2022,2023-11-30,110000000,3258000,2747000,18.6,Mensual,Asesor comercial,5,Renovada,,
POL-004928,CLI-03902,Salud,26/04/2025,2026-04-26,89000000,1591000,1498000,6.2,Mensual,Asesor comercial,0,Activa,,
POL-006130,CLI-04717,Hogar,2023-04-05,04/04/2024,365000000,1361000,1290000,5.5,Anual,Bancaseguros,10,Cancelado,22/06/2023,Falta de pago
POL-006224,CLI-04188,Salud,2022-05-18,18/05/2023,49000000,1322000,1367000,-3.3,Anual,Bancaseguros,5,Renovada,,
POL-002579,CLI-01364,SEGURO DE VIDA,2023-12-11,10/12/2024,210000000,711000,681000,4.4,anual,Agencia,10,Renovada,,
POL-006293,CLI-01269,Salud,2024/12/25,2025-12-25,145000000,3522000,2882000,22.2,TRIMESTRAL,Agencia,10,Expirada,,
POL-008023,CLI-00644,Hogar,2023-07-16,2024-07-15,299000000,1180000,1057000,11.6,Mensual,Web,5,Renovada,,
POL-005676,CLI-05029,Auto,2023-07-28,2024/07/27,31000000,1413000,1202000,17.6,Mensual,Corredor,10,Vencida,,
POL-000367,CLI-01643,Hogar,2023/06/29,2024-06-28,142000000,533000,436000,22.3,Mensual,Corredor,0,Renovado,,
POL-001659,CLI-03683,  Hogar,2025-03-27,2026-03-27,252000000,1261000,1217000,3.6,MENSUAL,Web,10,Activa,,
POL-004165,CLI-02453,auto,2021/02/20,20/02/2022,29000000,1025000,979000,4.7,Mensual,Agencia,10,Vencida,,
POL-000252,CLI-02511,Salud,2022/11/04,2023-11-04,118000000,2025000,1882000,7.6,Mensual,Agencia,15,Vencida,,
POL-002238,CLI-03309,Hogar  ,2024-08-07,07/08/2025,131000000,579000,565000,2.4, Trimestral ,Agencia,0,Renovada,,
POL-003196,CLI-01143,Vida,18/08/2022,2023-08-18,103000000,365000,353000,3.4,Anual  ,Agencia,5,Renovada,,
POL-006774,CLI-03638,Salud,2025-05-12,12/05/2026,162000000,3569000,3591000,-0.6,Anual,asesor comercial,0,Activa,,
POL-005774,CLI-00948,Hogar,08/08/2024,08/08/2025,173000000,799000,746000,7.1,Anual,Asesor comercial  ,15,Renovada,,
POL-004994,CLI-00886,Hogar,20/09/2024,20/09/2025,618000000,2595000,2498000,3.9,Mensual,Corredor,10,Renovada,,
POL-007591,CLI-00001,Hogar,28/02/2024,,310000000,1160000,1082000,7.2,Trimestral,Asesor comercial,5,Renovada,,
POL-004893,CLI-03266,Salud,2021/01/15,15/01/2022,125000000,2418000,2260000,7.0,Mensual  ,Web,15,Renovada,,
POL-001033,CLI-00482,Salud,23/02/2023,2024-02-23,105000000,2468000,2227000,10.8,Anual,Web,5,Renovada,,
POL-002751,CLI-04587,VIDA,2023-03-16,15/03/2024,311000000,1133000,1083000,4.6, Trimestral ,Bancaseguros,0,Vencida,,
POL-007708,CLI-00718,  Hogar,2025-01-10,2026-01-10,286000000,1128000,1050000,7.4,Mensual,Corredor,5,Activa,,
POL-002199,CLI-04008,Auto,12/09/2023,2024/09/11,56000000,2205000,1953000,12.9,Anual,Asesor comercial,5,Renovada,,
POL-005468,CLI-01946,Auto,18/01/2024,2025/01/17,61000000,2086000,1950000,7.0,Anual,Agencia,5,Renovada,,
POL-008310,CLI-00926,Vida,2024-06-16,2025/06/16,739000000,0,2461000,8.1,Mensual,Bancaseguros,5, Vencida ,,
POL-003427,CLI-00411,AUTO,2021-07-14,2022-07-14,27000000,1218000,872000,39.6,ANUAL,Bancaseguros,5,  Cancelada,2022-07-11,Precio
POL-000023,CLI-01321,Vida,2023-09-05,2024-09-04,578000000,1730000,1646000,5.1,Mensual,Agencia,5,cancelada,2023/12/27,  Otro
POL-000778,CLI-02509,Vida,2025/04/18,18/04/2026,111000000,324000,293000,10.5,Anual,Agencia,0,Activa,,
POL-007797,CLI-00468,Seguro Auto,2025-06-29,29/06/2026,,4507000,3909000,15.3,Semestral,Bancaseguros,15,activa,,
POL-002517,CLI-04746,Auto,2024-10-24,2025/10/24,38000000,1828000,1705000,7.2,Semestral,Agencia,5,Renovada,,
POL-005351,CLI-01322,Vida,23/04/2024,23/04/2025,287000000,862000,846000,1.9,Anual,Web,0,Vencida,,
POL-002709,CLI-04989,Vida,2023-03-14,,350000000,1358000,1298000,4.6,Anual,AGENCIA,5,Vencida,,
POL-000924,CLI-04583,Salud,2021/01/27,2022-01-27,102000000,2637000,1990000,32.5,Trimestral,Corredor,5,CANCELADA,2022-01-04,PRECIO
POL-002786,CLI-04947, Salud ,08/10/2023,07/10/2024,88000000,1826000,1822000,0.2,Mensual,Web,10,Vencida,,
POL-000308,CLI-01061,Salud,13/05/2023,2024-05-12,69000000,1234000,1159000,6.5,ANUAL,Bancaseguros,5,RENOVADA,,
POL-006033,CLI-03179,Salud,2023-12-11,2024-12-10,162000000,3917000,3594000,9.0,Mensual,Web,10,Vencida,,
POL-000641,CLI-01292,Auto,19/10/2022,2023-10-19,67000000,259400000,2438000,6.4,Mensual,Asesor comercial,5,Renovada,,
POL-003402,CLI-01282,Auto,2025-02-11,11/02/2026,39000000,1367000,1290000,6.0,Semestral,Bancaseguros,10,Activa,,
POL-003808,CLI-02479,Hogar,2023-12-25,24/12/2024,285000000,,979000,13.7,Mensual,Corredor,5,Vencida,,
POL-005671,CLI-01674,hogar,2022-08-05,2023/08/05,309000000,1543000,1445000,6.8,MENSUAL,Agencia,10,Renovado,,
POL-007901,CLI-01053,AUTO,20/07/2021,2022-07-20,53000000,2206000,2176000,1.4,Mensual,Agencia,0,vencida,,
POL-006621,CLI-04524,Hogar,2025-06-14,14/06/2026,155000000,627000,590000,6.3,Mensual,Bancaseguros,0,Activa,,
POL-004155,CLI-00464,Vida,2025-01-09,2026-01-09,97000000,,308000,7.4,Anual,Asesor comercial,0,Activa,,
POL-006181,CLI-03142,Salud  ,2023-05-15,14/05/2024,135000000,3005000,2331000,28.9,Anual,Web,10,Renovada,,
POL-002669,CLI-02310,Salud,2022/07/18,2023/07/18,74000000,1964000,1892000,3.8,Trimestral,Web,15,Renovada,,
POL-007625,CLI-02704,  Hogar,2022/08/12,2023/08/12,520000000,1814000,1708000,6.2,Trimestral,Asesor comercial,5,Vencida,,
POL-002963,CLI-01309,Hogar,2021/09/05,2022-09-05,285000000,1255000,1178000,6.5,Trimestral,Agencia,10,RENOVADA,,
POL-004932,CLI-04216,Auto,24/05/2025,2026-05-24,36000000,2269000,2205000,2.9,Anual,Asesor comercial  ,10,Cancelada,2025-12-30,Venta/pérdida del bien
POL-001283,CLI-02066,Vida,2021/01/11,11/01/2022,123000000,405000,392000,3.3,Mensual,Agencia,10,Vencida,,
POL-007687,CLI-01943,Auto,2023/01/30,30/01/2024,61000000,2153000,1995000,7.9,  Anual,Agencia,5,Vencida,,
POL-003690,CLI-02913,Vida,2022-06-02,02/06/2023,291000000,913000,682000,33.9,Mensual,Web,5,Cancelada,15/04/2023,Precio
POL-004776,CLI-04082,Auto,08/01/2025,2026-01-08,34000000,1427000,1327000,7.5,Mensual,Asesor comercial,0,ACTIVA,,
POL-002524,CLI-01486,Auto,2023-05-24,23/05/2024,55000000,1721000,1631000,5.5, Anual ,Agencia,15,Vencida,,
POL-007485,CLI-03719,Auto,2025/04/06,2026-04-06,47000000,1500000,1077000,39.3,Trimestral,Web,10,Cancelada,2025-08-04,Precio
POL-005655,CLI-02659,  Auto,2023-01-31,2024-01-31,59000000,2411000,2257000,6.8,Mensual,Asesor comercial,5,RENOVADA,,
POL-002158,CLI-00357,Salud,13/06/2024,2025/06/13,108000000,2485000,2408000,3.2,Mensual,Web,5,Renovada,,
POL-000074,CLI-03960,Auto,06/01/2025,2026-01-06,25000000,1268000,1224000,3.6,Mensual, Agencia ,5,Activa,,
POL-006978,CLI-03680,Auto,11/09/2022,2023/09/11,71000000,2749000,2738000,0.4,Anual,Asesor comercial,5,Vencida,,
POL-007432,CLI-03169,Hogar,2021-10-14,14/10/2022,267000000,862000,822000,4.9,Anual,Bancaseguros,10,Vencida,,
POL-007853,CLI-05070,Hogar,2025-01-24,24/01/2026,224000000,890000,857000,3.8,Mensual,Asesor comercial,5,Activa,,
POL-001511,CLI-00425,Auto,2022-01-30,30/01/2023,74000000,3251000,2501000,30.0,Anual,Bancaseguros,10,Vencida,,
POL-005569,CLI-00652,Vida,20/05/2025,2026-05-20,430000000,2213000,2066000,7.1,Trimestral,Asesor comercial,5,ACTIVA,,
POL-002513,CLI-02598,Auto,23/09/2023,2024-09-22,111000000,4234000,4056000,4.4,Trimestral,Asesor comercial,5,Renovada,,
POL-007865,CLI-01615,  Automóvil,,2023-03-14,43000000,2023000,1985000,1.9,Semestral,Corredor,10,Vencida,,
POL-005994,CLI-00655,Auto,2023-09-03,02/09/2024,52000000,2234000,2158000,3.5,Anual,ASESOR COMERCIAL,5,Renovada,,
POL-005409,CLI-03735,Salud,2023/10/07,2024/10/06,149000000,4073000,3148000,29.4,Mensual,Bancaseguros,5,Renovada,,
POL-002398,CLI-04928,Hogar,2023-02-10,,269000000,1025000,745000,37.5,Anual,Asesor comercial,5,Vencida,,
POL-004489,CLI-02224,Salud,2021/04/11,11/04/2022,123000000,2357000,2009000,17.3,Anual,Web,0,Vencida,,
POL-007544,CLI-00523,Hogar,2023-12-21,2024-12-20,,899000,871000,3.2,Trimestral,Agencia,5,Vencida,INVALID_DATE,
POL-002426,CLI-00784,Auto,2025/05/28,2026-05-28,49000000,1247000,1181000,5.6,Trimestral, Web ,5,Activa,,
POL-001058,CLI-04225,Hogar,21/01/2025,21/01/2026,305000000,1349000,1284000,5.1,Mensual,Bancaseguros,0,Activa,,
POL-004778,CLI-00599,Auto,2024-04-02,2025-04-02,35000000,1401000,1323000,5.9,Anual,Agencia,15,Vencida,,
POL-000685,cli-04436,Salud,01/01/2025,01/01/2026,124000000,3935000,3688000,6.7,Mensual, Asesor comercial ,5,Cancelada,2025/12/16,Cambio de aseguradora
POL-006290,CLI-03648,Auto  ,2025/03/06,06/03/2026,60000000,2168000,2117000,2.4,Mensual  ,Web,0,Cancelada,,Otro
POL-000989,CLI-04945,Salud,2025-03-09,2026-03-09,68000000,1640000,1594000,2.9,Trimestral,Corredor,5,ACTIVA,,
POL-001931,CLI-04659,Hogar,2024/12/09,09/12/2025,237000000,905000,840000,7.8,Mensual,Asesor comercial,15,Renovada,,
POL-005400,CLI-00640,Salud,2022-09-28,2023-09-28,117000000,2505000,2354000,6.4,Semestral,Bancaseguros,15,Renovada,,
POL-001807,CLI-04623,Hogar,2025-01-15,2026-01-15,562000000,1736000,1368000,26.9,Anual,Agencia,0,Activa,,
POL-006368,CLI-02687,Hogar,2025/01/11,2026/01/11,575000000,2191000,2113000,3.7,Anual,Asesor comercial,10,Activa,,
POL-002022,CLI-03689,Auto,07/10/2021,2022-10-07,49000000,2292000,2116000,8.3,Mensual,Bancaseguros,5,Renovada,,
POL-004956,CLI-05089,AUTO,30/04/2025,2026/04/30,50000000,2136000,1561000,36.8,MENSUAL,Asesor comercial,15,Activa,,
POL-000182,CLI-01305,Auto,04/05/2023,03/05/2024,94000000,3916000,3680000,6.4,Mensual,Corredor,10,Cancelada,22/03/2024,Otro
POL-005597,CLI-00005,Salud  ,2023-10-12,2024-10-11,157000000,3027000,2858000,5.9,Trimestral,Web,5,Cancelada,2024-05-15,Precio
POL-002871,CLI-00003,Auto,04/09/2024,04/09/2025,24000000,960000,914000,5.0,Semestral,Bancaseguros,5,Vencida,,
POL-002283,CLI-05077,Auto,2024-02-10,09/02/2025,38000000,1105000,1036000,6.7,Anual,Asesor comercial,5,Vencida,,
POL-002554,CLI-00742,AUTO,2024-06-28,2025/06/28,49000000,1656000,1546000,7.1,Anual,Agencia,0,Renovada,,
POL-001157,CLI-02085,Auto,19/02/2024,2025-02-18,53000000,2203000,2019000,9.1, Mensual ,Agencia,0,Vencida,,
POL-007671,CLI-00639,Salud,2022-08-10,2023-08-10,66000000,1268000,1168000,8.6,Mensual,Asesor comercial,5,Vencida,,
POL-008144,CLI-02617,Auto,2022-05-10,10/05/2023,80000000,2705000,2705000,0.0, Trimestral ,Web,0,Vencida,,
POL-000287,CLI-03139,Salud,2022-02-16,2023-02-16,51000000,1290000,1248000,3.4,Anual,ASESOR COMERCIAL,15,  Renovada,,
POL-004174,CLI-02743,Salud  ,2025-03-14,2026-03-14,134000000,3269000,3116000,4.9,MENSUAL,Asesor comercial,15,Activa,,
POL-007817,CLI-03037,Auto,2022-09-08,08/09/2023,69000000,2947000,2965000,,Mensual,Asesor comercial,5,Renovada,,
POL-008085,CLI-01872,Salud,2023-06-27,INVALID_DATE,82000000,2700000,2123000,27.2,Anual,Asesor comercial,10,CANCELADA,08/04/2024,Precio
POL-002752,CLI-00833,Seguro Hogar,2022-12-01,2023/12/01,532000000,1740000,1675000,3.9,Anual,Bancaseguros,0,Renovado,,
POL-003634,CLI-00998,Hogar,21/12/2024,2025-12-21,131000000,460000,479000,-4.0,  Anual,Asesor comercial,10,Renovada  ,,
POL-002560,CLI-02691,hogar,05/01/2025,2026-01-05,89000000,337000,308000,9.5,Mensual,Bancaseguros,5,Cancelada,2025-06-18,Cambio de aseguradora
POL-003774,CLI-01086,Hogar,04/02/2022,2023-02-04,224000000,916000,895000,2.3, Mensual ,Web,15,Vencida,,
POL-006796,CLI-00989,hogar,2025-03-28,28/03/2026,207000000,768000,708000,8.5,Semestral,Agencia,0,Activa,,
POL-003919,CLI-04825,SALUD,03/02/2023,2024-02-03,92000000,2229000,1811000,23.1,Anual,Corredor,5,Renovada,,
POL-002872,CLI-04027,Salud,08/08/2024,2025-08-08,70000000,1330000,1267000,5.0,Mensual,Corredor,5,Renovada,,
POL-005874,CLI-00659,Vida,29/09/2024,2025/09/29,597000000,1386000,1200000,15.5,Semestral,Asesor comercial,10,Renovada,,
POL-002879,CLI-02820, Auto ,2022-01-08,2023-01-08,49000000,2838000,2724000,4.2,Anual,Web,5,Vencida,,
POL-005895,CLI-04121,Salud,2024-11-06,2025-11-06,,,2008000,31.8,Mensual,Agencia,10,Cancelada,,Precio
POL-001597,CLI-00578,Hogar,19/04/2025,2026-04-19,307000000,1392000,1326000,5.0,TRIMESTRAL,Bancaseguros,10,Cancelada,21/07/2025,CAMBIO DE ASEGURADORA
POL-002336,CLI-93227,AUTO,2025-04-12,2026/04/12,20000000,,946000,3.7,Mensual,Asesor comercial,0,Activa,,
POL-000240,CLI-01833,Salud,2023-12-28,27/12/2024,178000000,5622000,4851000,15.9,  Semestral,Asesor comercial,10,Cancelada,2024/08/02,Precio
POL-007790,CLI-01028,Auto,2022-06-24,2023-06-24,77000000,2916000,2683000,8.7,Mensual,CORREDOR,0,Cancelada,2023/04/12,Precio
POL-002984,CLI-01222,Auto,2023/11/14,13/11/2024,80000000,3467000,2963000,17.0,Mensual,Bancaseguros,10,Renovada,,
POL-000856,CLI-04117,Auto,2021/12/25,2022-12-25,46000000,1695000,1633000,3.8,MENSUAL,Web,0,Renovada,,
POL-002376,CLI-00042,Vida,2025-06-29,2026-06-29,590000000,1903000,1420000,34.0,Mensual,Bancaseguros,10,Activa,,
POL-006188,CLI-00177,Salud,2024/04/20,20/04/2025,138000000,3689000,3582000,3.0,  Trimestral,Agencia,5,Renovada,,
POL-005784,CLI-00520,Hogar,2021-05-04,2022/05/04,415000000,1273000,1177000,8.2,Trimestral,  Bancaseguros,10,Cancelada,2021-08-28,Venta/pérdida del bien
POL-002932,CLI-01191,Vida,2025-04-03,03/04/2026,144000000,609000,599000,1.7,Mensual,CORREDOR,5,ACTIVA,,
POL-002247,CLI-00328,Hogar,2023-09-24,2024-09-23,401000000,1689000,1754000,-3.7,mensual,Agencia,5,Renovada,,
POL-005946,CLI-03024,Salud,29/11/2021,2022/11/29,97000000,2372000,1792000,32.4,Trimestral,Bancaseguros,0,renovada,,
POL-006554,CLI-00372,Hogar,21/06/2022,21/06/2023,516000000,2066000,1938000,6.6,Mensual,Agencia,0,Cancelada  ,2023/04/19,Falta de pago
POL-006956,CLI-01055,Auto,2021/07/12,2022/07/12,29000000,1213000,1143000,6.1,Mensual,Asesor comercial,0,Renovada,,
POL-004521,CLI-02372,Vida,2023/08/21,2024/08/20,304000000,1337000,1313000,1.8,Mensual,CORREDOR,15,Renovada,,
POL-002219,CLI-02889,Hogar,,2025-11-22,274000000,990000,966000,2.5,Mensual,Agencia,5,Expirada  ,,
POL-007823,CLI-01699,Vida,2022-10-02,29/04/2022,281000000,1316000,1186000,11.0,Semestral,Web,5,VENCIDA,,
POL-005336,CLI-00209,Auto,2021-03-23,2022-03-23,53000000,1840000,1864000,-1.3,Mensual,Bancaseguros,0,renovada,,
POL-008268,CLI-02276,Salud,2021-05-28,2022/05/28,136000000,2648000,2503000,5.8,  Mensual,Agencia,5,Renovada,,
POL-001724,CLI-02068,Vida,11/02/2022,2023-02-11,155000000,535000,,7.5,Anual,AGENCIA,5,Vencida,,
POL-000457,CLI-05009, Auto ,25/03/2021,25/03/2022,98000000,5030000,3688000,36.4,Trimestral,Agencia,10,Renovada,,
POL-002014,CLI-00039,Hogar,24/05/2025,2026-05-24,275000000,1018000,957000,6.4,Anual,AGENCIA,5,Activa,,
POL-000734,CLI-03262,Auto,2024-11-10,2025-11-10,59000000,3852000,2767000,39.2,Anual,Corredor,10,VENCIDA,,
POL-006030,CLI-03416,Auto,2021-03-30,2022/03/30,56000000,1978000,1856000,6.6,Anual,Asesor comercial,15,Cancelada,2021/09/20,CAMBIO DE ASEGURADORA
POL-006706,CLI-04568,Vida,2022-11-03,2023-11-03,172000000,605000,442000,36.9,Anual,Agencia,10,Cancelada,2022-12-22,Precio
POL-006639,CLI-02861,Auto,10/04/2023,2024/04/09,84000000,3128000,2948000,6.1,MENSUAL,Agencia  ,0,Renovada,,
POL-003444,CLI-02439,Hogar,07/09/2024,2025-09-07,119000000,652000,604000,7.9,Mensual,Asesor comercial,5,Vencida,,
POL-007907,CLI-03284,Salud,2022-08-10,10/08/2023,119000000,1936000,1813000,6.8,mensual,Corredor,10, Cancelada ,2023/08/10,Falta de pago
POL-002139,CLI-04700,Salud,11/08/2021,2022-08-11,285000000,4737000,3736000,26.8,mensual,Web,5,Vencida,,
POL-005782,CLI-00037,Hogar,2025/05/25,2026-05-25,434000000,1630000,1622000,0.5,Mensual,Asesor comercial,0,Cancelada,2025-10-14,Reclamo rechazado / insatisfacción
POL-002961,CLI-01720,Auto,2024/07/19,2025-07-19,51000000,1841000,1412000,30.4,Mensual,Agencia,15,  Anulada,2024/09/15,Precio
POL-002695,CLI-01351,Hogar,2022-07-26,26/07/2023,256000000,989000,835000,18.4,  Anual,Corredor,5,RENOVADA,,
POL-007984,CLI-03660,Hogar,07/10/2024,2025-10-07,467000000,1745000,1638000,6.5,Anual,Web,5,Cancelada,2025-04-24,Cambio de aseguradora
POL-005609,CLI-02192,Hogar,2021-09-02,2022-09-02,131000000,464000,463000,0.2,Mensual,Bancaseguros,10,Renovada,,
POL-001338,CLI-02839,Hogar,22/04/2023,2024-04-21,324000000,1276000,1157000,10.3,Trimestral,Agencia,0,Cancelada,2023/10/24,Venta/pérdida del bien
POL-000780,CLI-01404,Vida,2022-09-06,2023-09-06,213000000,628000,590000,6.4,Mensual,Corredor  ,10,Renovada,,
POL-006714,CLI-00510,Salud,2021/02/15,2022-02-15,58000000,1315000,1269000,3.6,Anual,AGENCIA,15,Vencida,,
POL-002512,CLI-01320,Salud,2022/12/13,13/12/2023,111000000,2802000,2763000,1.4,Anual  ,Agencia,0,Cancelada,2023-09-23,Otro
POL-005913,CLI-04839,Salud,2022-06-07,07/06/2023,103000000,2035000,1918000,6.1,mensual,Bancaseguros,5,Renovada,,
POL-005883,CLI-04979,Auto,2023-02-03,03/02/2024,45000000,1626000,1533000,6.1,Mensual,Web,5, Renovada ,,
POL-005075,CLI-04278,Auto,2021-12-27,27/12/2022,38000000,1631000,1587000,2.8,Semestral,Web,10,Renovada,,
POL-002584,CLI-04571,Auto,2022-06-30,30/06/2023,30000000,1127000,1104000,2.1,Mensual,  Corredor,0,renovada,,
POL-000218,CLI-02979,SALUD,14/10/2022,14/10/2023,50000000,1088000,1066000,2.1,Mensual,Bancaseguros,10,RENOVADA,,
POL-004513,CLI-02501,Vida,2025/04/21,2026/04/21,1119000000,4585000,3939000,16.4,Mensual,Asesor comercial,10,Activa,INVALID_DATE,
POL-002971,CLI-04475,Auto,2021-03-20,20/03/2022,68000000,2358000,2171000,8.6,  Semestral,Agencia,10,Vencida,,
POL-004762,CLI-04341,Vida,2023-07-01,30/06/2024,226000000,960000,690000,39.2,Anual,Bancaseguros,0,renovada,,
POL-004534,CLI-01409,Auto,2022-06-01,2023/06/01,132000000,4368000,4372000,-0.1,Trimestral,Web,0,Vencida,,
POL-001260,CLI-02106, Hogar ,2024/01/03,2025-01-02,243000000,974000,921000,5.7,Semestral,Agencia,10,Renovada,,
POL-001723,CLI-03681,Vida,2022-12-26,2023-12-26,132000000,468000,451000,3.8,Anual,Asesor comercial,0,Renovada,,
POL-004247,CLI-00864,Hogar,2023-11-20,19/11/2024,238000000,961000,930000,3.3,Mensual,Asesor comercial,0,Renovada,,
POL-000471,CLI-01802,Hogar,2024/07/17,2025-07-17,144000000,521000,487000,6.9,Trimestral,Bancaseguros,10,Vencida,,
POL-003376,CLI-00649,Seguro Hogar,2023-03-28,27/03/2024,438000000,1567000,1194000,31.2,MENSUAL,Agencia,0,Vencida,,
POL-006466,CLI-01638,Hogar,2024-11-22,2025-11-22,418000000,1977000,1950000,1.4,MENSUAL,Bancaseguros,15,Vencida,,
POL-003670,CLI-03030,Auto,2022-11-24,2023-11-24,75000000,2903000,,9.9,Anual,  Bancaseguros,5,Vencida,,
POL-007113,CLI-02297,Auto,2025-02-19,,57000000,2232000,2051000,8.8,Mensual,Asesor comercial,5,Activa,,
POL-001697,CLI-05193,Vida,30/04/2024,2025-04-30,568000000,2580000,2387000,8.1,Mensual,Asesor comercial  ,5,Renovada,,
POL-003849,CLI-02128,Hogar,2021-03-14,2022-03-14,182000000,680000,651000,4.4,trimestral,Bancaseguros,5,RENOVADA,,
POL-003252,CLI-04471,Auto  ,2022-08-02,2023-08-02,23000000,0,1197000,2.4,Mensual,Asesor comercial,0,Cancelada,2023/08/02,Precio
POL-001164,CLI-02828, Automóvil ,2024-09-20,2025-09-20,29000000,1352000,1367000,-1.1,Anual,Agencia,10,Renovada,,
POL-007254,CLI-03520,Seguro Hogar,2022-03-02,02/03/2023,241000000,1041000,1016000,2.5,Trimestral,AGENCIA,10,Renovada,,
POL-002285,CLI-00905,Salud,2023-12-13,2024-12-12,89000000,2311000,2199000,5.1,Mensual,  Corredor,10,Cancelada,2024/11/12,Reclamo rechazado / insatisfacción
POL-006475,CLI-00824,Hogar,25/06/2025,2026-06-25,156000000,629000,623000,1.0,Mensual,Corredor,5,Activa,,
POL-008330,CLI-03197,Auto,2024-01-04,03/01/2025,57000000,2259000,2219000,1.8,Anual,Web,10,Vencida,,
POL-000526,CLI-02772,Vida,2025/01/25,2026-01-25,91000000,287000,277000,3.7,Mensual,Web,15,Cancelada,15/07/2025,Otro
POL-006904,CLI-01043,Hogar,12/12/2023,11/12/2024,269000000,1065000,1048000,1.6,Anual,Bancaseguros,0,Renovado,,
POL-005492,CLI-00204,Vida,2022/09/26,26/09/2023,158000000,467000,441000,5.8,Trimestral,Asesor comercial,5,Renovada,,
POL-004722,CLI-04686,Vida,2025-04-27,2026/04/27,351000000,991000,947000,4.7,Anual,Asesor comercial,5,Activa,,
POL-007587,CLI-01096,Hogar,16/09/2024,2025-09-16,97000000,393000,377000,4.3,Mensual,Asesor comercial,5,Vencida,,
POL-002852,CLI-02196,Auto,2022-05-29,2023/05/29,60000000,3377000,3031000,11.4,Mensual,asesor comercial,0,Renovada,,
POL-004800,CLI-04300,Hogar,2023/04/04,2024-04-03,203000000,758000,740000,,Semestral,Asesor comercial,10,Renovada,,
POL-002682,CLI-03839,Hogar,2025-06-22,2026-06-22,270000000,1193000,1243000,-4.0,Anual  ,Asesor comercial,15,Activa,,
POL-008392,CLI-03036,Auto,15/03/2025,2026-03-15,68000000,2932000,2388000,22.8,Mensual,ASESOR COMERCIAL,5,Activa,,
POL-002923,CLI-03913,Auto,19/05/2025,2026-05-19,61000000,2365000,2227000,6.2,Semestral,Corredor,10,Activo,,
POL-001864,CLI-02973,Hogar,01/02/2024,2025-01-31,391000000,1557000,1139000,36.7,Anual,Agencia,15,  Vencida,,
POL-002981,CLI-01315,HOGAR,2022-11-16,16/11/2023,118000000,468000,443000,5.6,Mensual,Bancaseguros,0,Renovada,,
POL-007555,CLI-02038,Salud,2023-12-04,2024-12-03,128000000,2250000,2049000,9.8,Anual,Bancaseguros,0,Vencida,,
POL-002295,CLI-04982,Vivienda,27/05/2025,2026/05/27,73000000,324000,300000,8.0,Mensual,Bancaseguros,5,Activa,,
POL-003011,CLI-04401,Salud,2022/11/13,2023/11/13,497000000,10595000,9747000,8.7,Trimestral,Agencia,0, Vencida ,,
POL-000424,CLI-02053,  Vida,25/04/2023,2024/04/24,340000000,1044000,960000,8.8,Mensual,Web,5,Cancelada,26/01/2024,Falta de pago
POL-001275,CLI-03591,Auto,INVALID_DATE,17/04/2024,85000000,2882000,2182000,32.1,Mensual,Agencia,5,Vencida,,
POL-001357,CLI-02328,Seguro de Salud,2025/03/25,25/03/2026,113000000,3897000,3851000,1.2,Semestral,Corredor,5,Cancelada,04/05/2025,Falta de pago
POL-000951,CLI-04066,AUTO,2021-05-23,23/05/2022,112000000,5057000,4757000,6.3,Anual,ASESOR COMERCIAL,15,Vencida,,
POL-003836,CLI-03426,Vida,16/10/2024,2025-10-16,286000000,826000,783000,5.5,Anual,Bancaseguros,5,Renovada,,
POL-006000,CLI-05188,Salud,2024/06/02,02/06/2025,178000000,3578000,3095000,15.6,Mensual,Bancaseguros,15,Renovada,,
POL-005591,CLI-03228, Auto ,2024-06-01,2025-06-01,30000000,1296000,1249000,3.8,mensual,Bancaseguros,0,Renovada,,
POL-004076,CLI-00074, Hogar ,2025-05-23,23/05/2026,264000000,1084000,995000,8.9,  Mensual,Corredor,10,Activa,,
POL-002541,CLI-05193, Auto ,2023-11-21,INVALID_DATE,22000000,849000,822000,,Trimestral,Asesor comercial,5,Vencida,,
POL-007682,CLI-02654,  Salud,16/02/2024,2025-02-15,96000000,2469000,2310000,6.9,Semestral,Agencia,10,Renovada,,
POL-003464,CLI-00383,Hogar,2025/01/04,04/01/2026,172000000,626000,622000,0.6,Mensual,Asesor comercial,10,Activa,,
POL-002808,CLI-01280,Auto,2024/05/22,22/05/2025,77000000,3050000,3008000,1.4,Mensual,Bancaseguros,5, Renovado ,,
POL-002053,CLI-03769,Auto,04/02/2024,03/02/2025,65000000,2266000,1723000,31.5,mensual,Asesor comercial,5,Cancelada,08/01/2025,Precio
POL-004128,CLI-01874,Vida,2022-01-23,23/01/2023,113000000,470000,476000,-1.2,Mensual,AGENCIA,5,Renovada,,
POL-002366,CLI-00290,Salud,2024-12-05,2025/12/05,179000000,3649000,3413000,6.9,Trimestral,Asesor comercial,5,Renovada,,
POL-002703,CLI-02096, Salud ,2022-06-06,2023-06-06,87000000,1998000,1942000,2.9,Mensual,Bancaseguros,15,Renovada,,
POL-000980,CLI-04157,Vida,2024-05-14,2025-05-14,156000000,402000,338000,19.0,  Mensual,Bancaseguros,5,Cancelada,2024-07-04,Precio
POL-003203,CLI-00245, Auto ,10/01/2024,09/01/2025,18000000,864000,823000,5.0,Mensual,AGENCIA,0,Vencida,,
POL-000294,CLI-04069,Auto,19/12/2023,2024-12-18,58000000,2290000,,32.3,Mensual,Web,10,VENCIDA,,
POL-000909,CLI-02316,Auto,25/05/2025,2026-05-25,77000000,3122000,2901000,7.6,Anual,Asesor comercial,5,Activa,,
POL-005707,CLI-04163,Vida  ,2024-03-28,2025/03/28,243000000,749000,692000,8.2,Semestral,Bancaseguros,10,Renovada,,
POL-005556,CLI-00804,Hogar,03/02/2023,2024/02/03,245000000,953000,904000,5.4,Semestral,Corredor,0,RENOVADA,,
POL-006043,CLI-01340,Hogar  ,2021/09/05,2022-09-05,267000000,,961000,3.8,Anual,Corredor,5,Renovada,,
POL-005817,CLI-03548,Hogar,2022-11-11,,230000000,995000,895000,11.2,  Mensual,agencia,5,Cancelada,2023-05-02,Otro
POL-001021,CLI-00084,AUTO,06/09/2024,2025/09/06,45000000,2030000,2042000,-0.6,Trimestral,Asesor comercial,10,Renovada,,
POL-000580,CLI-01458,Salud,2024/09/15,2025-09-15,94000000,1429000,1404000,1.8,Anual,Agencia  ,0,Vencida,,
POL-005974,CLI-01495,Auto,2025-02-12,2026-02-12,53000000,1903000,1380000,37.9,Anual,Agencia,10,Activa,,
POL-004519,CLI-00472,Salud,2022-12-13,2023/12/13,41000000,1012000,973000,4.0,Anual,Asesor comercial,5,Renovada,,
POL-007788,CLI-00233,hogar,24/10/2023,23/10/2024,95000000,323000,233000,38.8,Semestral,  Corredor,10,Renovada,,
POL-005787,CLI-00184,Hogar,20/09/2024,20/09/2025,300000000,1248000,1132000,10.2,mensual,Asesor comercial,5,Renovada,,
POL-000491,CLI-00483,Hogar,27/06/2021,27/06/2022,169000000,591000,581000,1.7,Mensual,Asesor comercial,0,Renovada,,
POL-001289,CLI-04574,hogar,2022/02/19,INVALID_DATE,208000000,772000,715000,7.9,Anual,Web,15,Cancelada,2023-01-13,Precio
POL-004180,CLI-00456,Salud,2022/10/08,2023/10/08,259000000,4722000,4476000,5.5,Semestral,Corredor,5,Vencida,,
POL-008391,CLI-01758,Auto,2022/12/27,2023-12-27,49000000,2445000,2104000,16.2,Anual,Asesor comercial,5,Renovada,,
POL-002306,CLI-04677, Vida ,2024/07/16,16/07/2025,156000000,633000,586000,8.1,Mensual,Corredor,10,Renovada,,
POL-000136,CLI-03754,Auto,2024-07-11,11/07/2025,54000000,3049000,2767000,10.2,Mensual,Asesor comercial,15,Vencida,,
POL-005670,CLI-00101,vida,,2025/05/07,350000000,1233000,1153000,6.9,Anual,Asesor comercial,10,Cancelada,16/03/2025,Otro
POL-005628,CLI-04906,Auto,2023/07/02,2024-07-01,114000000,4574000,3671000,24.6,Mensual,Agencia,10,Renovada,,
POL-007836,CLI-03356,Hogar,31/12/2021,31/12/2022,92000000,324000,291000,11.5,Semestral,Agencia,5,  Renovada,,
POL-006908,CLI-00279,Salud,12/05/2022,2023-05-12,86000000,2019000,,3.9,Trimestral,Bancaseguros,0,Vencida,,
POL-003891,CLI-05099,Auto,2024-07-27,2025/07/27,72000000,3402000,3107000,9.5,Mensual,Asesor comercial,5,Cancelada,2024-09-08,Cambio de aseguradora
POL-004546,CLI-02091,  Salud,2025-03-10,2026-03-10,118000000,2732000,2597000,5.2,Anual,Asesor comercial,5,Activa,,
POL-002843,CLI-00418,Salud,2022/12/12,2023/12/12,115000000,3172000,3012000,5.3,Trimestral,Bancaseguros,5,Renovada,,
POL-007156,CLI-00068,Auto,16/05/2022,16/05/2023,55000000,2770000,2402000,15.3,Anual,Agencia,10,Vencida,,
POL-002822,CLI-03582,Hogar,2024-12-24,24/12/2025,89000000,357000,323000,10.6,Anual,Asesor  comercial,0,Vencida,,
POL-002901,CLI-03747,Salud  ,2024-12-13,2025/12/13,223000000,4356000,,8.1,MENSUAL,  Agencia,10,Renovada,,
POL-000524,CLI-00368,Vida,16/11/2022,2023/11/16,332000000,1414000,1315000,7.5,Mensual,Web,0,Cancelada,2023-06-04,Cambio de aseguradora
POL-003209,CLI-03691,Auto,2024/12/24,2025-12-24,53000000,2129000,2012000,5.8,Mensual,WEB,10,Renovada,,
POL-001706,CLI-01485,Vida,2024/12/03,2025-12-03,350000000,661000,646000,2.3,TRIMESTRAL,Bancaseguros,5,Renovada,,
POL-005357,CLI-00087,Salud,03/06/2023,2024-06-02,51000000,1099000,993000,10.7,Mensual,Bancaseguros,5,Vencida,,
POL-001679,CLI-00393,Vida,2021-08-05,2022-08-05,383000000,1449000,1387000,4.5,Trimestral,Asesor comercial,5,Renovada,,
POL-004238, CLI-01606 , Auto ,2025-01-19,2026-01-19,93000000,4863000,3903000,24.6,Mensual,Agencia,5,Activa,,
POL-004825,CLI-01312,Auto,2022-05-02,2023-05-02,31000000,1372000,1331000,3.1,  Trimestral,Asesor comercial,0,RENOVADA,,
POL-003556,CLI-04047,Vida,2025-03-01,01/03/2026,193000000,750000,673000,11.5,Mensual,Agencia,0,Activa,,
POL-004259,CLI-00379,Vida,13/04/2024,2025-04-13,864000000,3830000,3395000,12.8,Mensual,Bancaseguros,5,Vencida,,
POL-003000,CLI-03906,Salud,2024-01-19,2025/01/18,157000000,2671000,2291000,16.6,Anual,Asesor comercial,5,Vencida,,
POL-003601,CLI-00662,Vida,06/06/2023,05/06/2024,314000000,960000,936000,2.6,Mensual,Asesor comercial,15,Renovada,,
POL-000265,CLI-01813,Hogar,12/11/2024,2025/11/12,183000000,669000,636000,5.2,Trimestral,Web,10,Vencida,,
POL-006959,CLI-01313,Hogar,2021-10-03,2022-10-03,186000000,730000,737000,-1.0,Anual,Bancaseguros,5,Vencida,,
POL-008386,CLI-04863,Salud,17/01/2021,2022-01-17,97000000,1451000,1409000,3.0,Mensual,agencia,10,Vencida,,
POL-002168,CLI-04166,Vida,26/02/2023,26/02/2024,369000000,777000,743000,4.6,Mensual,Bancaseguros,10,Vencida,,
POL-005017,CLI-03141,Auto,2024-12-10,2024/07/10,84000000,4507000,4309000,4.6,Mensual,Agencia,10,Cancelada,16/03/2025,Cambio de aseguradora
POL-008399,CLI-05178,Vida,2025-01-16,2026-01-16,169000000,599000,549000,9.2,Anual,Agencia,10,Cancelada,2025-07-05,Venta/pérdida del bien
POL-000666,CLI-03268,Vida,16/11/2024,2025/11/16,139000000,368000,350000,5.0,Anual,Corredor  ,0,  Vencida,,
POL-006202,CLI-00618,Salud,05/07/2022,05/07/2023,197000000,5033000,5084000,-1.0,Mensual,Corredor,15,Renovada,,
POL-000707,CLI-02679,Auto,2025-03-11,2026-03-11,223000000,12226000,11448000,6.8,Anual,Bancaseguros,5,Activa,,
POL-004237,CLI-01957,Vida,2024/06/29,2025-06-29,235000000,735000,679000,8.3,Anual, Web ,10,Vencida,,
POL-005152,CLI-00899,Salud,2023/08/21,20/08/2024,86000000,1738000,1665000,4.4,Trimestral,Corredor,0,Renovada  ,,
POL-001609,CLI-01868,Hogar,2023/02/17,17/02/2024,277000000,1027000,747000,37.4, Mensual ,Web,5,Cancelada,2023/08/01,Cambio de aseguradora
POL-001371,CLI-01729,Auto,2023-09-01,2024/08/31,61000000,2116000,1595000,32.7,Anual,Asesor comercial,0,Renovada,,
POL-006345,CLI-00047,Auto,20/03/2022,20/03/2023,51000000,1996000,1912000,4.4,Anual,Web,10,Renovada,,
POL-003183,CLI-01157, Auto ,11/01/2025,11/01/2026,88000000,2704000,2537000,6.6,Mensual,Asesor comercial,5,Activa,INVALID_DATE,
POL-000847,CLI-03098,Vida,03/01/2023,2024-01-03,256000000,815000,807000,1.0,Semestral,bancaseguros,5,renovado,,
POL-000833,CLI-04969,Auto,2023-11-23,2024-11-22,78000000,3781000,3608000,4.8,Anual,Corredor,5,Renovada,,
POL-000843,CLI-00159, Vida ,2022-12-05,2023/12/05,84000000,277000,212000,30.4,MENSUAL,  Asesor comercial,5,Vencida,,
POL-001780,CLI-02931,Auto,27/05/2023,26/05/2024,86000000,4113000,3780000,8.8,Semestral,Asesor comercial,15,Renovada,,
POL-004397,CLI-01547,Auto,2025/04/25,25/04/2026,47000000,1880000,1785000,5.3,Mensual,Web,5,Activa,,
POL-006112,CLI-02328,AUTO,2025-04-28,2026-04-28,61000000,2181000,2101000,3.8,Mensual,Bancaseguros,10,Activa  ,,
POL-002122,CLI-04142,Hogar,2024-10-11,2025-10-11,178000000,630000,557000,13.1,Mensual,Agencia,0,Vencida,,
POL-000991,CLI-00555,vida,2025/05/11,2026/05/11,526000000,2395000,,1.2,  Semestral,AGENCIA,5,Activa,,
POL-004560,CLI-03788,Hogar,10/12/2024,2025-12-10,228000000,1167000,1111000,5.0,Mensual,Bancaseguros,10,Renovada,,
POL-003300,CLI-04257,auto,2021-09-06,06/09/2022,107000000,3220000,3230000,-0.3,Mensual,Asesor comercial,0,Renovada,,
POL-002847,CLI-01910,Vida,24/05/2025,2026/05/24,228000000,774000,734000,5.5,Mensual,Agencia,10,Activa,,
POL-005353,CLI-02792,Salud,2022-08-16,2023-08-16,88000000,2721000,2629000,3.5,Semestral,Bancaseguros,0,Renovada,,
POL-006699,CLI-01103,SALUD,2022-12-22,2023-12-22,50000000,905000,863000,4.9,Mensual,Corredor  ,0,Cancelada,2023-10-21,cambio de aseguradora
POL-006695,CLI-04224,Vida,03/09/2022,03/09/2023,499000000,1618000,1398000,15.7,Anual,Agencia,0,Renovada,,
POL-003784,CLI-04761,Hogar,2022-11-26,26/11/2023,112000000,551000,529000,4.2,Mensual,Bancaseguros,5,renovada,,
POL-007642,CLI-01351,Salud,2022-04-04,2023-04-04,121000000,1917000,1755000,9.2,Mensual,Bancaseguros,10,Renovada,,
POL-002861,CLI-01883,Salud,03/02/2023,2024-02-03,163000000,4120000,3801000,8.4,Mensual,Asesor comercial,0,Cancelada,2023-11-02,Falta de pago
POL-006180,CLI-04633,Auto,10/06/2023,09/06/2024,45000000,2069000,1881000,10.0, Trimestral ,Bancaseguros,0, Renovada ,,
POL-001911,CLI-00080,Auto,03/07/2022,2023/07/03,59000000,2523000,2483000,1.6,Semestral,Asesor comercial,0,Renovada,,
POL-006173,CLI-01335,Salud  ,2024-03-15,2025/03/15,47000000,849000,841000,0.9,Mensual,Web,10,Cancelada  ,27/01/2025,Venta/pérdida del bien
POL-006377,CLI-02921,Vida,2023-12-17,16/12/2024,139000000,388000,378000,2.7,Trimestral,Bancaseguros,15,Renovada,,
POL-006125,CLI-04971,Auto,10/02/2022,2023/02/10,110000000,5434000,5069000,7.2,Mensual,Bancaseguros,0,Renovada,,
POL-002973,CLI-02752,Auto  ,2025-03-12,2026-03-12,36000000,1264000,973000,29.9,Anual,Web,5,Cancelada,2025/06/06,VENTA/PÉRDIDA DEL BIEN
POL-001041,CLI-01213,Vida,2022-10-27,27/10/2023,133000000,418000,396000,5.5,Mensual,Corredor,10,renovada,,
POL-000863,CLI-04652,Salud,2022/09/01,2023-09-01,55000000,1090000,1048000,4.0,Mensual,corredor,5,Renovada,,
POL-002189,CLI-04861,AUTO,06/06/2025,2026-06-06,47000000,1860000,1768000,5.2,Mensual,Asesor comercial,10,  Activa,,
POL-006288,CLI-03958,AUTO,16/08/2023,2024/08/15,100000000,3997000,3829000,4.4,Trimestral,Corredor,0,Renovada,,
POL-002339,CLI-02885,Salud,14/12/2022,2023/12/14,182000000,3083000,3059000,0.8,Mensual,Agencia,10,Renovada,,
POL-004456,CLI-00401, Hogar ,2023-01-16,16/01/2024,91000000,330000,318000,,Anual,Bancaseguros,0,renovada,,
POL-005836,CLI-03172,Auto,20/07/2024,2025-07-20,52000000,1809000,1765000,2.5,Mensual,Asesor comercial,5,Vencida,,
POL-007469,CLI-03779,Hogar,2024-12-30,2025-12-30,214000000,893000,891000,0.2,Anual,WEB,10,Cancelada,2025-08-08,Precio
POL-000331,CLI-03069,Salud,2025-02-17,17/02/2026,136000000,2838000,2652000,7.0,Trimestral,Web,0,Activa,,
POL-003370,CLI-90685,Salud,2024-05-30,2025-05-30,106000000,2121000,2184000,-2.9,Trimestral,Web,5,Renovada,,
POL-008155,CLI-03564,  Vida,2023/08/06,2024/08/05,173000000,724000,754000,-4.0,Anual,Bancaseguros,0,Renovada,,
POL-004765,CLI-04496,SALUD,2024-03-30,2025-03-30,130000000,2787000,2543000,9.6,Mensual,Bancaseguros,5,Vencida  ,,
POL-003386,CLI-04813, Vida ,2024-10-01,2025-10-01,110000000,363000,340000,6.9,TRIMESTRAL,Web,5,Vencida,,
POL-005301,CLI-04517,Auto,2024-02-25,2025-02-24,44000000,1670000,1229000,35.9,Anual,Asesor comercial,0,Vencida,,
POL-001008,CLI-02724,Salud,20/11/2021,2022/11/20,184000000,4961000,4893000,1.4, Mensual ,Agencia  ,5,Renovada,,
POL-003274,CLI-01109,Salud,2022/06/01,01/06/2023,137000000,2592000,2507000,3.4,Trimestral,Asesor comercial,10,Expirada,,
POL-006911,CLI-02532,Vida,2023-06-02,01/06/2024,267000000,1440000,1379000,4.4,Mensual,AGENCIA,10,renovada,,
POL-002190,CLI-03609, Salud ,2023/12/27,26/12/2024,87000000,1840000,1733000,6.2,Mensual,Asesor  comercial,5,VENCIDA,,
POL-006794,CLI-00600,Auto,15/03/2025,15/03/2026,48000000,2559000,2487000,2.9,Mensual,agencia,0,Vigente,,
POL-005820,CLI-04776,Auto,2022-07-31,2023-07-31,84000000,3878000,3693000,5.0,Trimestral,Asesor comercial,0,Cancelada,2023/02/25,cambio de aseguradora
POL-007201,CLI-04884,Vida,29/04/2025,29/04/2026,326000000,1324000,956000,38.5,Anual,Agencia,15,  Cancelada,2025/07/06,Precio
POL-001986,CLI-00952,Hogar  ,2024-11-28,2025-11-28,231000000,1144000,1088000,5.1,anual,Web,0,Renovada,,
POL-007417,CLI-00521,Vida,2025-03-24,24/03/2026,935000000,3162000,3082000,2.6,Trimestral,  Agencia,15,Activa,,
POL-000327,CLI-01531,  Hogar,2024-10-07,2025/10/07,316000000,1323000,1137000,16.4,Mensual,Agencia,10,Cancelada,29/08/2025,  Cambio de aseguradora
POL-007012,CLI-00911,Hogar,01/02/2022,2023-02-01,186000000,659000,627000,5.1,  Semestral,Bancaseguros,0,Renovada,,
POL-003367,CLI-00943,Salud,2025-01-13,2026/01/13,144000000,2741000,2097000,30.7,Mensual,Bancaseguros,15,CANCELADA,31/08/2025, Precio 
POL-007597,CLI-00899,Auto,2023-04-13,2024-04-12,24000000,1108000,1061000,4.4,Trimestral,Bancaseguros,5,Renovada,,
POL-003373,CLI-01576,Vida,2021-07-12,2022/07/12,157000000,422000,303000,39.5,Mensual,Corredor,0,Vencida,,
POL-004393,CLI-04786,Salud,2023/10/18,17/10/2024,62000000,1096000,1020000,7.5,Mensual,Agencia,10,Cancelada,2024/09/26,Falta de pago
POL-001209,CLI-00516,Auto,2024-04-13,2025-04-13,73000000,2561000,2380000,7.6,Mensual, Corredor ,0,Vencida,,
POL-000525,CLI-02129,Auto,2024-05-10,2025/05/10,30000000,1341000,1235000,8.6,Anual,Asesor comercial,0,Cancelada,2025-01-01,Venta/pérdida del bien
POL-000531,CLI-04720, Vida ,2021-10-22,22/10/2022,319000000,1264000,1166000,8.4,Mensual,Web,0,Renovada,,
POL-005260,CLI-01112,Salud,2023-06-18,2024-06-17,108000000,3133000,3001000,4.4,Anual,Bancaseguros,5,Renovado,,
POL-002463,CLI-04016,Seguro de Salud,2025/01/27,2026-01-27,109000000,2847000,2643000,,Mensual,Bancaseguros,10,Activa,,
POL-003282,CLI-00324,Vida,2023-04-24,2024/04/23,250000000,927000,736000,26.0,Trimestral,  Web,5,RENOVADA,,
POL-008337,CLI-02236,Salud,2023-06-11,10/06/2024,126000000,2973000,3027000,-1.8,Trimestral,Agencia,5,Renovada,,
POL-006441,CLI-03859,Hogar,20/05/2025,2026/05/20,187000000,773000,730000,5.9,Trimestral,Web,10,ACTIVA,,
POL-003951,CLI-04508,Auto,26/06/2025,2026/06/26,61000000,2271000,2093000,8.5,Mensual,Corredor,0,Activa,,
POL-003162,CLI-02123,Salud  ,2022-01-30,2023-01-30,103000000,2345000,2244000,,Mensual,Corredor,5,CANCELADA,09/11/2022,Cambio de aseguradora
POL-008221,CLI-04979,Auto,2024-01-29,2025/01/28,65000000,2430000,2364000,2.8,Mensual,Asesor comercial,10,Renovada  ,,
POL-000726,CLI-02753,Salud,07/02/2024,2025-02-06,18000000,356000,346000,2.9,Anual,Agencia,5,Renovada,,
POL-000752,CLI-03344,Salud,14/07/2023,2024/07/13,181000000,4036000,3758000,7.4,Mensual,Bancaseguros,0,Renovada,,
POL-004433,CLI-03849,hogar,2025-06-10,INVALID_DATE,201000000,910000,926000,-1.7,Anual,Bancaseguros,5,Activa  ,,
POL-000473,CLI-02924,Vida  ,2025-05-03,03/05/2026,256000000,880000,719000,22.4,Anual,Asesor comercial,10,Cancelada,2025/12/13,  Precio
POL-003301,CLI-02982,Auto  ,INVALID_DATE,2023/09/15,42000000,1666000,1543000,8.0,Mensual,  Corredor,10,Renovada,,
POL-007762,CLI-01250,Vida,2022-11-01,2023-11-01,355000000,1362000,1334000,2.1,Trimestral,Asesor comercial,10,Cancelada,19/09/2023,falta de pago
POL-005948,CLI-01866,Auto,2025-05-20,20/05/2026,72000000,2486000,2461000,1.0,Trimestral,Agencia,15,Activa,,
POL-008331,CLI-00583,VIDA,13/09/2024,2025-09-13,884000000,4144000,4140000,0.1,Mensual,Corredor,15,Vencida,,
POL-006847,CLI-02965,Auto,2025-04-15,2026-04-15,31000000,1335000,1225000,9.0,Trimestral,Corredor,15,Activa,,
POL-007294,CLI-02007,Auto,2024-11-01,2025-11-01,80000000,2824000,2726000,3.6,Mensual,Web,0,Renovada,,
POL-006179,CLI-03232,  Salud,14/11/2022,2023-11-14,108000000,1944000,1913000,1.6,Trimestral,Agencia,0,Vencida,,
POL-004027,CLI-04714,Auto,2021-12-25,2022-12-25,59000000,2109000,1823000,15.7,Mensual,Bancaseguros,0,Renovada,,
POL-005384,CLI-02437,SALUD,2022/05/09,2023-05-09,128000000,3025000,2846000,,Trimestral,Agencia,5,Renovada,,
POL-005179,CLI-02375,Auto,09/09/2022,2023/09/09,72000000,3321000,2984000,11.3,Mensual,Agencia  ,10,Renovada,,
POL-000411,CLI-03288,Auto,14/12/2021,14/12/2022,59000000,1945000,1914000,1.6,Mensual,Agencia,5,Vencida,,
POL-006609,CLI-02565,Auto,19/03/2021,2022-03-19,58000000,1844000,1780000,3.6,Mensual,Web,5,Cancelada,16/10/2021,Cambio de aseguradora
POL-004692,CLI-01343,Seguro de Salud,01/08/2023,31/07/2024,71000000,1743000,1617000,7.8,Anual,Agencia,5,Vencida,,
POL-002947,CLI-04394,Vida,2025-04-01,2026-04-01,389000000,1466000,1251000,17.2,Anual,Bancaseguros,0,Activa,,
POL-002439,CLI-05052,Hogar,2025/06/17,2026-06-17,218000000,767000,689000,11.3,Anual,Corredor,5,Cancelada,2025/08/18,Falta de pago
POL-005680,CLI-02596,Hogar,18/08/2024,18/08/2025,184000000,866000,802000,8.0,Semestral,Asesor comercial,5,Renovada,,
POL-007192,CLI-00351,Vida,2024/11/29,2025/11/29,257000000,786000,746000,,Anual,Agencia,5,Renovada,,
POL-002759,CLI-02755,Vida,2024-03-27,27/03/2025,189000000,901000,852000,5.8,Anual,Agencia,15,Renovada,,
POL-000472,CLI-01287,Auto,2021-08-29,29/08/2022,51000000,1826000,1335000,36.8,Semestral,Bancaseguros,5,Cancelada,2022/02/25,Reclamo rechazado / insatisfacción
POL-006768,CLI-02071,Hogar,2023-10-23,22/10/2024,346000000,1195000,1095000,9.1,Mensual,Asesor comercial,0,Renovada,,
POL-003809,CLI-01301,AUTO,08/05/2025,08/05/2026,37000000,1286000,1226000,4.9,Mensual,Corredor,0,Activa,,
POL-000813,CLI-05083,Vida,2022/08/12,2023-08-12,187000000,704000,673000,4.6,Trimestral,Agencia,10,Expirada,,
POL-006846,CLI-04548,VIDA,13/05/2021,2022-05-13,256000000,101600000,939000,8.2,Anual,Agencia,15,Renovada,,
POL-001447,CLI-02950,Auto,2024-01-18,17/01/2025,73000000,2760000,2763000,-0.1,Mensual,Asesor comercial,5,VENCIDA,,
POL-006225,CLI-00008,AUTO,21/12/2023,2024-12-20,25000000,918000,742000,23.8,Anual,corredor,5,Cancelada  ,13/02/2024,Precio
POL-002097,CLI-03387,Auto,2025/01/23,2026-01-23,130000000,5714000,,23.7,Semestral,Web,10,Cancelada,2025-11-10,Otro
POL-007950, CLI-02843 ,Hogar,2021-07-01,2022/07/01,156000000,705000,697000,1.1,Mensual,Agencia,5,RENOVADA,,
POL-000682,CLI-02261,Hogar,2024-08-27,2025-08-27,232000000,1165000,1129000,3.2,Anual,Asesor comercial,10,Vencida,,
POL-006772,CLI-00985,Vida,2025/03/20,20/03/2026,559000000,1562000,1445000,8.1,MENSUAL,Bancaseguros,15,ACTIVA,,
POL-006522,CLI-03194,Auto,2025-04-28,2026/04/28,35000000,1284000,1208000,6.3,Semestral,Web,0,Activa,,
POL-007250,CLI-04223,Salud,2023-07-30,29/07/2024,162000000,4038000,3963000,1.9,Mensual, Agencia ,15,Renovada,,
POL-001297,CLI-01989,Salud,2023-07-14,2024/07/13,221000000,5299000,5262000,0.7,Semestral,Bancaseguros,15,Renovada,,
POL-000163,CLI-02612,Hogar,2025-02-11,11/02/2026,105000000,326000,301000,8.4,Mensual,Web,15,Activa,,
POL-004742,CLI-02435,Hogar,18/04/2021,2022/04/18,266000000,1249000,944000,32.3,Mensual,Agencia,10,Renovada  ,,
POL-008348,CLI-04498,Auto,2024-09-20,2025-09-20,105000000,2917000,2729000,6.9,Mensual,Agencia,15,Renovada,,
POL-006589,CLI-04346,auto,2022-04-14,2023-04-14,46000000,1783000,,10.7,Semestral,Agencia,5,Renovada,,
POL-000677,CLI-04210,Auto,12/01/2024,2025-01-11,40000000,1653000,1611000,2.6,Anual,asesor comercial,5,Renovada,,
POL-002395,CLI-01848,Salud,09/01/2021,09/01/2022,202000000,,5817000,4.1, Anual ,Asesor comercial,0,Vencida,,
POL-002077,CLI-03290,Vida,2023/10/15,2024-10-14,251000000,717000,530000,35.2,Mensual,Corredor,5,cancelada,2024-03-26,Precio
POL-008231,CLI-00799,Hogar,2025-02-15,2026/02/15,450000000,1666000,1678000,-0.7,Mensual,Web,15, Activa ,,
POL-003044,CLI-01032,SALUD,2025-03-13,2026-03-13,59000000,1255000,1110000,13.1,Anual,Corredor,5,Activa,,
POL-005994,CLI-00655,Auto,2023-09-03,02/09/2024,52000000,2234000,2158000,3.5,Anual,ASESOR COMERCIAL,5,Renovada,,
POL-002439,CLI-05052,Hogar,2025/06/17,2026-06-17,218000000,767000,689000,11.3,Anual,Corredor,5,Cancelada,2025/08/18,Falta de pago
POL-003737,CLI-01447,Salud,03/04/2023,2024-04-02,129000000,3098000,3011000,2.9,Anual,Agencia,5,Renovada,,
POL-000711,CLI-02278,Automóvil,29/09/2022,29/09/2023,85000000,2988000,2879000,3.8,Mensual,Web,0,Renovada,,
POL-006681,CLI-04494,salud,2023/06/15,2024-06-14,126000000,3306000,3167000,4.4,Anual,Agencia,0,Renovada,,
POL-005380,CLI-02893,  Vida,2022-07-09,2023-07-09,324000000,1440000,1371000,5.0,Anual,Bancaseguros,5,Renovada,,
POL-006826,CLI-03787,Seguro Hogar,2023/10/27,2024-10-26,269000000,1129000,1089000,3.7,Anual,Bancaseguros,0,Vencida,,
POL-000719,CLI-03129,Auto,2023/01/27,27/01/2024,48000000,2301000,2119000,8.6,Mensual,Bancaseguros,5,Renovada,,
POL-004553,CLI-04910,Salud,2024-06-26,26/06/2025,113000000,2882000,2268000,27.1,Anual,Asesor comercial,5,  Cancelada,2025-06-15,Precio
POL-001525,CLI-02123,Salud,31/08/2022,2023-08-31,85000000,1734000,1695000,2.3,Mensual,Asesor comercial,0,Cancelada,2023/06/06,Precio
POL-003452,CLI-02008,Auto,2021/10/05,2022/10/05,187000000,5612000,5319000,5.5,Mensual,Bancaseguros,5,Vencida,,
POL-000119,CLI-02201,Auto,24/03/2022,2023-03-24,68000000,3254000,2854000,14.0,Mensual,Asesor comercial,5,Renovada,,
POL-000600,CLI-01236,Auto,2023/07/26,25/07/2024,52000000,2262000,2126000,6.4,  Semestral,Bancaseguros,10,Renovada,,
POL-002010,CLI-01222,Salud,2024-01-28,27/01/2025,127000000,3448000,3370000,2.3,Mensual, Asesor comercial ,5,Renovada,,
POL-004822,CLI-00221,Hogar,2022-11-19,19/11/2023,477000000,1691000,1683000,0.5,SEMESTRAL,Agencia,5,Renovada,,
POL-006975,CLI-04352,Salud,2024-11-17,17/11/2025,80000000,1236000,984000,25.6,ANUAL,Asesor comercial,0,Renovada,,
POL-008037,CLI-04171,Salud,2024-09-02,2024-07-09,141000000,3373000,2722000,23.9,Trimestral,Agencia,10,Renovada,,
POL-004532,CLI-00409,Auto,2023-12-20,2024-12-19,58000000,2180000,2034000,7.2,Trimestral,Corredor,0,Renovada,,
POL-000622,CLI-00686,Salud,18/10/2024,2025-10-18,142000000,2768000,2572000,7.6,Trimestral,Web,5,Cancelada,18/10/2025,Venta/pérdida del bien
POL-002885,CLI-02678,Salud,2023-09-12,2024-09-11,115000000,2492000,2467000,1.0,Mensual,Corredor,10,Renovada,,
POL-008068,CLI-04644,salud,11/08/2023,10/08/2024,107000000,3355000,3061000,9.6,Mensual,Agencia,10,Renovado,,
POL-005222,CLI-03432,  Salud,27/09/2021,2022/09/27,89000000,2523000,2302000,9.6,Anual,Asesor comercial,0,Renovado,,
POL-006951,CLI-00562,Auto,2023-03-22,21/03/2024,111000000,5138000,4974000,3.3,Anual,Asesor comercial,10,Renovada,,
POL-000788,CLI-05173,Salud,2021/08/11,2020-11-25,114000000,3028000,2854000,6.1,Mensual,bancaseguros,0,Renovada,,
POL-005006,CLI-00511,Auto,2025-06-26,26/06/2026,46000000,1567000,1446000,8.4,Mensual,bancaseguros,10,Cancelada,2025-07-30,Precio
POL-003278,CLI-92482,hogar,2022-06-16,2023-06-16,162000000,540000,528000,2.2,Mensual,Web,10,Renovada,,
POL-007047,CLI-01430,  Seguro Auto,2023-09-16,2024/09/15,143000000,7010000,6527000,7.4,Mensual,Corredor,10, Vencida ,,
POL-007787,CLI-02884,Vida  ,2025-03-06,2026-03-06,212000000,442000,337000,31.0,Trimestral,Asesor comercial,10,Cancelada,2025-09-04,Precio
POL-004307,CLI-00230,Hogar,2023/02/27,2023-01-27,,530000,492000,7.8,Mensual,Bancaseguros,5,Vencida,,
POL-008388,CLI-00313,  Auto,2025/04/16,2026-04-16,65000000,2716000,2541000,6.9,Anual,Asesor comercial,0,Activa,,
POL-007423,CLI-03306,Auto,2025-01-21,2026/01/21,63000000,1756000,1658000,5.9,Anual,Agencia,5,Cancelada,2025/11/05,Precio
POL-006342,CLI-03094,Hogar,2021-05-27,27/05/2022,385000000,1559000,1378000,13.1,Anual,Corredor,10,Renovada,,
POL-005376,CLI-01035,Auto,2021-06-22,2022-06-22,57000000,2395000,1886000,27.0,Trimestral,Bancaseguros,5,Vencida,,
POL-005859,CLI-01393,Hogar,11/08/2022,2023/08/11,294000000,1458000,1360000,7.2,Mensual,Bancaseguros,10,Renovada,,
POL-001399,CLI-02530,salud,2024-08-17,17/08/2025,84000000,2216000,2002000,10.7,Anual,Asesor comercial,10,Renovada  ,,
POL-005536,CLI-04267,Seguro Hogar,2024/10/09,2025-10-09,514000000,2008000,1933000,3.9,Anual,Asesor comercial,10,Vencida,,
POL-001599,CLI-01207,Hogar  ,2023-11-29,,117000000,0,384000,19.2,Mensual,Bancaseguros,15,Vencida,,
POL-001485,CLI-02360,Auto,2023-09-29,2024-09-28,70000000,2509000,2110000,18.9,Mensual,Agencia,5,Cancelada  ,19/02/2024,Precio
POL-000830,CLI-03531,Seguro de Salud,08/03/2024,2025-03-08,236000000,4214000,4087000,3.1,Mensual,Corredor,15,Renovada,,
POL-001056,CLI-04356,auto,2024-01-07,2025-01-06,70000000,,2520000,10.1,Semestral,  Agencia,0,Expirada  ,,
POL-003492,CLI-01258,Auto  ,12/08/2021,12/08/2022,73000000,2781000,2439000,14.0,Mensual,Corredor,10,Cancelada,15/02/2022,Falta de pago
POL-003717,CLI-04905,Auto,2024/07/22,2025-07-22,92000000,2698000,1952000,38.2,Anual,CORREDOR,10,Vencida,,
POL-002772,CLI-03265,Hogar,2022-03-06,06/03/2023,316000000,1547000,1125000,37.5,Mensual,Web,0,Cancelada,2022-05-22,precio
POL-003368,CLI-04476,Auto,2024-09-11,2025-09-11,45000000,1452000,1452000,,Mensual,Corredor,15,Renovada,,
POL-005584,CLI-05082,vida,2021-06-09,09/06/2022,680000000,1856000,1573000,18.0,  Anual,Bancaseguros,0,CANCELADA,2021-12-09,Falta de pago
POL-007361,CLI-03536,Auto,2023/02/11,2024-02-11,67000000,2302000,2192000,5.0,Mensual,Corredor,0,Renovada  ,,
POL-000724,CLI-02836,Auto  ,2024/02/09,2025/02/08,107000000,4698000,4794000,-2.0,Anual,Asesor comercial,15,Vencida,,
POL-001973,CLI-05137,Salud,2024/04/02,02/04/2025,76000000,1893000,,11.7,Anual,Bancaseguros,10,Cancelada,2024/05/31,Precio
POL-002505,CLI-01829,Hogar,,01/04/2023,371000000,1504000,1504000,-0.0,Mensual,Asesor comercial,15,Renovada,,
POL-000994,CLI-02171,Auto,2024/09/22,2025-09-22,53000000,,1624000,4.0,Mensual,Corredor,5,Renovada,,
POL-000591,CLI-00281,Auto,2023/07/31,30/07/2024,57000000,2522000,2077000,21.4,Anual,Agencia,15,Renovada,,
POL-006371,CLI-03073,  Auto,02/04/2024,02/04/2025,43000000,1383000,1340000,3.2,Mensual,Bancaseguros,0,Vencida,,
POL-003792,CLI-02261,Salud,15/10/2022,2023-10-15,92000000,1717000,1584000,8.4,Trimestral,Web,5,Renovada,,
POL-001530,CLI-02208, Auto ,2024-12-25,2025-12-25,54000000,2222000,2005000,,Anual,Web,0,Renovada,,
POL-003147,CLI-00937,Hogar,18/11/2021,2022/11/18,113000000,444000,446000,-0.5,Mensual,Asesor comercial,5,Renovada,,
POL-002828,CLI-00682,Auto,2023-02-26,2024/02/26,50000000,2192000,2205000,-0.6,MENSUAL,bancaseguros,0,Vencida,,
POL-001097,CLI-00006,Salud,2023/06/19,18/06/2024,62000000,1700000,1663000,2.2,Semestral  ,Agencia,5,Vencida,,
POL-006504,CLI-02848,Hogar,2021-12-10,2022-12-10,117000000,436000,421000,3.6,Trimestral,Asesor comercial,5,Vencida,,
POL-000779,CLI-04074,Salud,22/05/2025,2026-05-22,102000000,2014000,2002000,0.6,Mensual  ,Agencia,0,Activa,,
POL-005083,CLI-02049,Vida,2025-03-13,2026-03-13,308000000,1245000,1209000,3.0,Mensual,Asesor comercial,10,Activa,,
POL-005009,CLI-01015,Seguro Auto,2023-02-28,28/02/2024,48000000,2613000,2470000,5.8,Trimestral,  Asesor comercial,10,Renovada,,
POL-006533,CLI-02678,Auto,01/10/2024,2025-10-01,38000000,,1051000,9.6,Anual,Corredor,5,Renovada,,
POL-005531,CLI-02187,Salud,17/03/2022,2023/03/17,100000000,1985000,2030000,-2.2,Semestral,Agencia,0,Renovada,,
POL-005970,CLI-04361,Auto,2025-04-09,2026-04-09,94000000,3690000,3395000,8.7,Mensual,Bancaseguros,5,ACTIVA,,
POL-001705,CLI-04172,Auto,2021-01-11,2022-01-11,23000000,706000,691000,2.1,Mensual,Agencia,0,Renovada,,
POL-003354,CLI-01656,Vida,2022-08-18,2023-08-18,333000000,1063000,874000,21.6,Anual,Bancaseguros,5,Renovada,,
POL-004931,CLI-01530,Vida,2024/08/25,2025/08/25,361000000,1418000,1308000,8.4,Anual,Asesor comercial  ,10,Renovada,,
POL-003089,CLI-02179,SALUD,2022-03-03,2023-03-03,74000000,1505000,1422000,5.8,Mensual,AGENCIA,0,Cancelada,07/07/2022,Precio
POL-001049,CLI-03296,Auto,26/06/2022,26/06/2023,52000000,2185000,2203000,,anual,Agencia,15,Cancelado,2022-11-14,Venta/perdida del bien
POL-000865,CLI-03810,Salud,2022-10-13,13/10/2023,105000000,2659000,2471000,7.6,Mensual,Asesor comercial  ,0,RENOVADA,,
POL-005387,CLI-00277,Vida,2024-10-29,2025/10/29,224000000,836000,794000,5.3,Anual,Agencia,5,Renovada,,
POL-007699,CLI-02017,Vida,27/04/2025,2026-04-27,497000000,1742000,1455000,19.7,Anual,Corredor,10,Activa  ,,
POL-006401,CLI-04145,Auto,25/05/2025,2026/05/25,88000000,3666000,3703000,-1.0,Trimestral,Asesor comercial,10,Activa,,
POL-006590,CLI-00213,Automóvil,10/04/2023,09/04/2024,55000000,1657000,1331000,24.5,Anual,Asesor comercial,5,Cancelada,04/02/2024,Falta de pago
POL-004213,CLI-02352,  Auto,2025-02-18,2026-02-18,64000000,2741000,2682000,2.2,Mensual,Agencia,15,Activa,,
POL-004145,CLI-03546,Hogar,2024-08-05,2025-08-05,318000000,1297000,1240000,4.6,Anual  ,Agencia,15,Renovada,,
POL-002337,CLI-02702,Salud,2023-03-25,2024-03-24,69000000,1654000,1572000,5.2,Anual,Web,0,Cancelada,12/01/2024,Cambio de aseguradora
POL-007263,CLI-03942,Hogar,2021-01-18,18/01/2022,364000000,1696000,1605000,5.7,Trimestral,bancaseguros,5,Vencida,,
POL-001381,CLI-03085,HOGAR,2024-06-01,01/06/2025,248000000,935000,915000,2.2,mensual,Asesor comercial,5,Vencida,,
POL-001066,CLI-04722,Vida,2021-05-29,2022-05-29,129000000,551000,548000,0.6,Trimestral,Asesor comercial,5,Renovada,,
POL-000012,CLI-00563,Vida,2023-10-12,2024-10-11,368000000,1295000,1172000,10.5,Mensual,Bancaseguros,5,Cancelada,2024-09-17,Precio
POL-002523,CLI-02869,Vida,14/06/2025,2026/06/14,177000000,567000,549000,3.2,Anual,Bancaseguros,5, Vigente ,,
POL-007919,CLI-01617,Hogar,2024/04/24,24/04/2025,296000000,981000,952000,3.1,Semestral,Asesor comercial,10,Renovada,,
POL-004085,CLI-02286,HOGAR,,2026-04-30,349000000,1222000,965000,26.6,Mensual,Asesor comercial,10,Activa,,
POL-000825,CLI-03823,Hogar,2024-06-29,2025-06-29,277000000,1308000,1188000,10.1,Semestral,Corredor,15,Renovada,,
POL-006209,CLI-00835,vida,2025-04-30,2026/04/30,204000000,,640000,6.8,Anual,Agencia,5,Activa,INVALID_DATE,
POL-008257,CLI-02836,Auto,2024-10-23,2025/10/23,56000000,2385000,2274000,4.9,Mensual,Agencia,15,Renovada,,
POL-002392,CLI-04634,vida,03/10/2022,2023-10-03,236000000,654000,519000,25.9,Semestral,Corredor,15,CANCELADA,2022/12/10,Cambio de aseguradora
POL-007649,CLI-03527,Salud,09/11/2022,09/11/2023,95000000,2440000,2167000,12.6,Mensual,Agencia,15,Vencida,,
POL-005805,CLI-02864,Hogar,01/02/2025,2026-02-01,124000000,473000,347000,36.4,Trimestral,Asesor comercial,15,Cancelada,2025-10-12,Precio
POL-003314,CLI-04937,Salud,2024-01-31,2025/01/30,121000000,3145000,2934000,7.2,Trimestral,Agencia,5,Renovada,,
POL-001350,CLI-04720,Automóvil,29/04/2023,2024-04-28,58000000,1815000,1808000,0.4,Anual,Web,0,Vencida,,
POL-007979,CLI-02245,Auto,07/01/2023,2024-01-07,48000000,1810000,1732000,4.5,Mensual,Web,10, Renovada ,,
POL-004977,CLI-01663,SALUD,2022/02/12,2023-02-12,220000000,3520000,3368000,4.5,Mensual,Agencia,0,Vencida,,
POL-001046,CLI-00981,Hogar,2023-07-03,2024/07/02,615000000,2157000,2056000,4.9,Anual,Corredor,10,Expirada,,
POL-007922,CLI-01382,Salud,2024-06-19,2025-06-19,172000000,3371000,3136000,7.5,Mensual,Bancaseguros,10,Vencida,,
POL-000867,CLI-01597,Auto,30/05/2025,2026/05/30,64000000,2926000,,6.4,Anual, Corredor ,5,Activa,,
POL-005987,CLI-02810,Salud,29/07/2023,2024/07/28,133000000,2300000,2289000,0.5,Mensual,Web,10,Renovada,,
POL-004004,CLI-02423,Auto,02/04/2024,02/04/2025,80000000,0,4052000,3.0,Mensual,Bancaseguros,0,Renovada,,
POL-004095,CLI-03213,Vida,2023-12-10,2024-12-09,80000000,270000,253000,6.6,Anual,Corredor,0,Renovada,,
POL-005917,CLI-05039,Salud,2025-03-04,2026-03-04,183000000,3627000,3441000,5.4,  Anual,Asesor comercial,5,Activa,,
POL-005449,CLI-02900,SALUD,03/07/2021,2022-07-03,199000000,5233000,4736000,10.5,Semestral,Web,10,Renovada,,
POL-007293,CLI-03269,Auto,2021-05-22,2022/05/22,106000000,3212000,3177000,1.1,Anual,Web,5,CANCELADA,2022-01-08,Falta de pago
POL-007234,CLI-03342,Auto,2024-08-14,2025-08-14,29000000,1022000,992000,3.0,Mensual,AGENCIA,10,Renovada,,
POL-003255,CLI-01330,Auto,2024-11-04,2025-11-04,43000000,1588000,1265000,25.5,mensual,Web,0,Cancelado,08/09/2025,Precio
POL-004886,CLI-04338,Salud,2023-04-04,03/04/2024,162000000,4576000,3836000,19.3,Anual,ASESOR COMERCIAL,0,Vencida,,
POL-006488,CLI-04240,Salud,2021-06-24,24/06/2022,51000000,854000,752000,13.5,Mensual,Web,10,Vencida,,
POL-002302,CLI-00256,Auto,21/10/2024,21/10/2025,71000000,2488000,2254000,10.4,ANUAL,Asesor comercial,5,Renovado,,
POL-005959,CLI-00641,Hogar,2025-04-06,06/04/2026,245000000,1036000,770000,34.6,Mensual,Web,10,Cancelada  ,2025-06-15,Precio
POL-007330,CLI-01233,Auto,12/05/2025,12/05/2026,77000000,3419000,3288000,4.0,Trimestral,Web,5,Vigente,,
POL-004608,CLI-04215,Salud,2022-06-02,2023-06-02,151000000,3489000,3016000,15.7,ANUAL,Corredor,5,Renovada,,
POL-007256,CLI-01869,Hogar  ,04/01/2025,04/01/2026,504000000,2550000,2329000,9.5,Anual,BANCASEGUROS,5,Activa,,
POL-003649,CLI-00764,Hogar,2024-10-14,2025-10-14,192000000,708000,664000,6.6,Anual,Bancaseguros,10,Renovada,,
POL-007629,CLI-02814,Salud,INVALID_DATE,28/07/2024,103000000,2333000,2209000,5.6,Trimestral,agencia,5,Renovada,,
POL-007480,CLI-03990,Hogar,25/02/2021,2022-02-25,350000000,1368000,1327000,3.1,MENSUAL,Corredor,10,Vencida,,
POL-002690,CLI-00154,Hogar,2024/10/30,30/10/2025,358000000,1422000,1318000,7.9,Trimestral,Web,15,  Vencida,,
POL-007351,CLI-03730,Vida,04/03/2025,2026-03-04,489000000,1425000,1316000,8.3,Mensual,BANCASEGUROS,10,Activa,,
POL-007086,CLI-04573,Vida,2025/05/28,2026/05/28,257000000,1013000,981000,3.3,Mensual,Bancaseguros,0,Activa,,
POL-008387,CLI-04277,Vida,2025-05-15,2026-05-15,117000000,373000,349000,6.8,Trimestral,  Web,0,Activa,,
POL-003419,CLI-04915,Automóvil,2023-11-23,22/11/2024,24000000,1148000,905000,26.8,Mensual,Web,0,RENOVADA,INVALID_DATE,
POL-001320,CLI-01234,Hogar,2024-12-14,2025-12-14,158000000,622000,529000,,Trimestral,Web,5,Renovada,,
POL-001859,CLI-02991,  Auto,2025/01/06,2026-01-06,26000000,1310000,1102000,,Anual,WEB,0,CANCELADA,2025-11-22,Falta de pago
POL-006129,CLI-01592,Auto,2025-01-12,12/01/2026,48000000,2135000,2093000,2.0,  Semestral,WEB,10,Cancelada,2025-12-23, Falta de pago 
POL-001337,CLI-04148,Vida,2022-12-17,2023-12-17,161000000,610000,587000,3.9,Anual,CORREDOR,10,Renovada,,
POL-008026,CLI-00230,Hogar,2022-12-08,2023-12-08,141000000,517000,495000,4.5,Anual,  Agencia,10,renovada,,
POL-005167,CLI-00831,Auto,2025-03-15,2026-03-15,31000000,1458000,1364000,6.9,MENSUAL,Bancaseguros,0,Activa,,
POL-003104,CLI-03426,Salud,2022-06-30,30/06/2023,236000000,4253000,4174000,,Anual,Agencia,5,RENOVADA,,
POL-003972,CLI-01481,Hogar,08/09/2024,2025/09/08,227000000,,948000,4.4,Anual,Web,0,Renovada,,
POL-001568,CLI-04436,Salud,2025-06-03,03/06/2026,94000000,3051000,3063000,-0.4,MENSUAL,Asesor comercial,0,activa,,
POL-003733,CLI-01681,Auto,2023-11-04,2024-11-03,56000000,2462000,2261000,8.9,Semestral,Agencia,10,Vencida,,
POL-006417,CLI-03888,Hogar,02/07/2021,02/07/2022,171000000,646000,630000,2.6,Anual,Agencia,15,Vencida,,
POL-000034,CLI-01307,Hogar,23/07/2022,2023-07-23,514000000,2523000,1971000,28.0,Anual,Asesor comercial,5,Expirada,,
POL-000401,CLI-01233,Hogar,20/09/2024,20/09/2025,98000000,332000,319000,4.1,Trimestral,Asesor comercial,0,Renovada,,
POL-006776,CLI-02382,Salud,03/05/2025,2026/05/03,108000000,2173000,2056000,5.7,Mensual, Corredor ,5,Cancelada,2025-10-28,Cambio de aseguradora
POL-003942,CLI-03561,Vida,2025-03-29,29/03/2026,94000000,324000,297000,9.1,Anual,Asesor comercial,0,ACTIVA,,
POL-001107,CLI-04989, Hogar ,22/03/2025,22/03/2026,120000000,473000,456000,3.8,  Mensual,Asesor comercial,0,Cancelada,2025-11-07,Cambio de aseguradora
POL-004047,CLI-01081,Auto,2023-05-12,2024-05-11,31000000,1225000,1200000,2.1,Anual,Asesor comercial,0,Vencida,,
POL-008273,CLI-01310,Auto,2023-02-25,2024-02-25,52000000,1506000,1404000,7.3,Mensual,Web,5,Renovada,,
POL-004136,CLI-03512,Salud,2023-12-27,2024-12-26,259000000,7390000,7052000,4.8,Anual,Bancaseguros,5,Renovada,,
POL-002935,CLI-01540,Vida,19/05/2023,2024/05/18,380000000,1371000,1339000,2.4,TRIMESTRAL,Bancaseguros,5,Renovada,,
POL-002381,CLI-02479,Salud,2023-08-12,2024-08-11,80000000,1913000,1602000,19.4,Mensual,Asesor comercial,5,Renovada,,
POL-005759,CLI-00818,Auto,04/06/2023,03/06/2024,30000000,1235000,949000,30.2,MENSUAL,Asesor comercial,5,Renovada,,
POL-002819,CLI-00813,Auto,09/07/2023,08/07/2024,61000000,2190000,2090000,4.8,Trimestral,Agencia,5,CANCELADA,2024-02-02,Cambio de aseguradora
POL-003932,CLI-01214,Salud,2024-11-20,2025-11-20,53000000,1051000,784000,34.0,Trimestral,Web,15,Cancelada,17/07/2025,Precio
POL-004270,CLI-03088, Vida ,01/10/2023,2024-09-30,379000000,1948000,1763000,10.5,Anual,Corredor,5,Vencida,,
POL-001712,CLI-03866,Auto,2024-06-29,29/06/2025,45000000,1465000,1513000,-3.2,Trimestral,Asesor comercial,5,Renovada,,
POL-006207,CLI-03843,Hogar,09/09/2024,2025-09-09,116000000,515000,511000,0.7,Semestral,Bancaseguros,10,Renovada,,
POL-000514,CLI-01379,VIDA,2021-01-23,23/01/2022,157000000,628000,591000,6.2,Mensual,Web,0,Vencida,,
POL-007214,CLI-00378,Auto,26/02/2022,2023/02/26,98000000,4411000,4193000,5.2,Anual,Agencia,15,Renovada,,
POL-002711,CLI-03539,Hogar,2024/07/25,25/07/2025,169000000,588000,569000,3.4,  Anual,Agencia,5,Vencida,,
POL-006558,CLI-00346,Salud,29/06/2024,2025/06/29,33000000,676000,646000,4.6,Mensual,Agencia,15,Renovada,,
POL-007197,CLI-05066,Auto,2024/10/09,2025-10-09,44000000,1731000,1343000,28.9,Mensual,Asesor comercial,5,Cancelada,2025-07-01,Precio
POL-007580,CLI-04511,Auto,2023-06-05,2024-06-04,53000000,2198000,1957000,12.3, Trimestral ,Bancaseguros,0,Renovada,,
POL-004735,CLI-02689,Hogar,INVALID_DATE,02/04/2025,108000000,358000,348000,3.0,Mensual,Agencia,10,Renovada  ,,
POL-004645,cli-01239, Auto ,27/07/2022,2023-07-27,59000000,2203000,2086000,5.6,Mensual,Corredor,5,Renovada,,
POL-006144,CLI-01961,Auto,2021-05-14,2022-05-14,58000000,2544000,2362000,7.7,Mensual,Bancaseguros,5,Renovada,,
POL-003410,CLI-00880,Hogar,2024-04-25,2025-04-25,238000000,977000,742000,31.7,Trimestral,Web,10,  Vencida,,
POL-005712,CLI-05179,Hogar,24/01/2023,2024-01-24,444000000,2140000,2048000,4.5,Mensual,Bancaseguros,10,Renovada,,
POL-005026,CLI-04676,Auto,2025-03-02,2026-03-02,68000000,2367000,1769000,33.8,Anual,Asesor comercial,5,CANCELADA,30/08/2025,Precio
POL-007547,CLI-02399,Hogar,08/12/2023,07/12/2024,215000000,934000,934000,0.0,Anual,Asesor comercial,10,Renovada,,
POL-000587,CLI-04355,Auto,08/09/2022,2023/09/08,61000000,2662000,2595000,2.6,Anual,CORREDOR,10,Renovado,,
POL-000738,CLI-03170, Salud ,09/06/2022,2023-06-09,115000000,2389000,2133000,12.0,Semestral,Web,10,Renovada,,
POL-005985,CLI-01102,AUTO,2024/09/13,13/09/2025,108000000,5960000,5293000,12.6,Trimestral,Asesor comercial,5,Vencida,,
POL-006044,CLI-02413,Hogar,2024-06-15,2023-07-20,273000000,1067000,1004000,6.3,Mensual,Asesor comercial,10,Cancelada,2025-03-02,Falta de pago
POL-006635,CLI-00369,Auto,2023-05-13,12/05/2024,45000000,2100000,2057000,2.1,Anual,Web,0,VENCIDA,,
POL-000673,CLI-04886,Vida,30/03/2021,2022-03-30,265000000,1074000,1052000,2.1,Anual,AGENCIA,5,Vencida,,
POL-006560,CLI-01541,Auto  ,2024-12-09,09/12/2025,64000000,2500000,1950000,28.2,Anual,Web,10,Renovada,,
POL-003016,CLI-03533,AUTO,25/06/2023,2024-06-24,54000000,2600000,2510000,3.6,Semestral,Web,5,Renovada,,
POL-000300,CLI-03025,Hogar,2025-05-07,2026-05-07,109000000,416000,416000,0.1,Semestral,Agencia,5,Activa,,
POL-007005,CLI-01497,Auto,2024-01-23,2025-01-22,58000000,2380000,2196000,8.4,ANUAL,Agencia,5,Vencida,,
POL-003356,CLI-01693,Seguro de Vida,2024/11/15,15/11/2025,140000000,342000,317000,7.9,Anual,Web,15,Renovada,,
POL-001871,CLI-01551,Hogar,2023-10-17,16/10/2024,256000000,1090000,1083000,0.6,Mensual,Web,5,VENCIDA,,
POL-002321,CLI-04192,Salud,26/03/2022,2023-03-26,100000000,1868000,1817000,2.8,Mensual,Corredor,5,Cancelada,16/03/2023,Precio
POL-002064,CLI-01852,Vida,2025-06-04,2026-06-04,154000000,532000,507000,5.0,Mensual,Web,0,Activa,,
POL-006991,CLI-03776,Auto,2025-05-16,2026/05/16,72000000,3543000,2821000,25.6,Trimestral,Agencia,10,Activa,,
POL-000692,CLI-02705,Salud,2022-09-14,2023/09/14,151000000,3338000,3348000,-0.3,Anual,Web,10,Renovada,,
POL-001247,CLI-00418,Auto,2022-08-14,14/08/2023,95000000,3161000,3008000,5.1,Mensual,Corredor,15,  Renovado,,
POL-004901,CLI-01690,  Vida,30/08/2023,2024/08/29,194000000,995000,1005000,-1.0,Semestral,Web,15,Renovado,,
POL-006329,CLI-00489,Salud,2025-02-23,2026-02-23,93000000,1956000,1899000,3.0,Anual,  Bancaseguros,5,Activa,,
POL-004470,CLI-03310,Hogar,2024/03/31,2025-03-31,156000000,669000,653000,2.5,Semestral,Corredor,10,Renovada,,
POL-006233,CLI-00933,Hogar,2023-01-17,2024/01/17,391000000,1349000,1047000,28.9,Anual,Corredor,5,Cancelada,18/12/2023,Precio
POL-003935,CLI-01825,Vida,2022/01/25,2023-01-25,359000000,1714000,1584000,8.2,Trimestral,Agencia,5,Vencida,,
POL-006894,CLI-03710,Auto,2021-06-07,07/06/2022,80000000,2554000,2463000,3.7,Mensual,Bancaseguros,0,Cancelada,30/01/2022,Precio
POL-004287,CLI-01596, Hogar ,22/03/2022,2023-03-22,160000000,610000,580000,5.2,Anual,Web,0,Renovado,,
POL-000786,CLI-04847,Auto,02/04/2024,02/04/2025,43000000,1520000,1502000,1.2,Semestral,Web,0,Vencida,,
POL-000229,CLI-00587,Auto,2024-11-27,2025-11-27,89000000,3781000,3437000,10.0,Mensual,Web,0,Vencida,,
POL-005283,CLI-02734,Salud,2022/01/19,2023-01-19,57000000,1636000,1539000,6.3,Anual,Agencia,0,Vencida,,
POL-007103,CLI-01999, Vida ,2022-02-13,2023-02-13,205000000,588000,581000,1.2,Anual,Asesor comercial,5,Renovada,,
POL-001364,CLI-04359,Vida,2024-02-21,20/02/2025,380000000,1008000,921000,9.5,Semestral,Asesor comercial,10,Vencida,INVALID_DATE,
POL-001068,CLI-01548,Hogar,2023-12-22,21/12/2024,301000000,1249000,962000,29.8,Mensual,  Agencia,15,Cancelada,02/02/2024,PRECIO
POL-000955,CLI-04717,Vivienda,2025-04-18,18/04/2026,112000000,403000,385000,4.6,Mensual,Corredor,0,Activa,,
POL-007248,CLI-00980, Vida ,2021/09/18,2022-09-18,83000000,258000,246000,4.8,Trimestral,Bancaseguros,10,  Renovada,,
POL-000986,CLI-02231,Auto,30/03/2024,2025-03-30,75000000,3819000,3830000,-0.3,Anual,Agencia,0,vencida,,
POL-006029,CLI-03922,Hogar,2021-12-04,2022-12-04,360000000,1608000,1501000,7.1,Anual,Web,0,Renovada,,
POL-000449,CLI-04949,Auto,01/09/2024,2025-09-01,61000000,2644000,2478000,6.7,Anual,Web,10,Cancelada,17/07/2025,Otro
POL-000604,CLI-02264,Hogar,13/01/2025,2026-01-13,245000000,1097000,1031000,6.4,Mensual,Web  ,5,Cancelada,21/07/2025,  Falta de pago
POL-002948,CLI-04166,Auto,17/04/2025,17/04/2026,98000000,4405000,4244000,3.8,Trimestral,Bancaseguros,5,Activa,,
POL-008382,CLI-01245,Auto,2024-06-06,2025-06-06,61000000,2471000,2259000,9.4,Mensual,Web,5,Anulada,2025/03/15,Venta/pérdida del bien
POL-004674,CLI-01461,Salud,26/10/2022,26/10/2023,101000000,2095000,1913000,9.5,Mensual,Bancaseguros,5,Renovada,,
POL-004421,CLI-00540,Auto,2023-10-17,16/10/2024,73000000,2796000,2309000,21.1,Mensual,  Asesor comercial,5,Cancelada,2024-06-17,cambio de aseguradora
POL-003663,CLI-00965,Auto,06/05/2025,2026-05-06,41000000,1813000,1635000,10.9,Mensual,Asesor comercial,0,activa,,
POL-003303,CLI-02556,Auto,17/10/2024,17/10/2025,65000000,2490000,2327000,7.0,Mensual,Bancaseguros,5, Renovada ,,
POL-008014,CLI-02741,vida,18/12/2022,18/12/2023,173000000,488000,461000,5.8,Trimestral,Bancaseguros,5,Renovada,,
POL-004525,CLI-02625,Vida,2024-09-05,2025-09-05,266000000,993000,984000,0.9,Trimestral,Bancaseguros,15,RENOVADA,,
POL-003297,CLI-01461,Auto,2023/10/19,18/10/2024,91000000,4268000,4124000,3.5,Semestral  ,Bancaseguros,0, Renovado ,,
POL-001858,CLI-04904,Auto,2024-10-16,2025-10-16,71000000,3274000,,35.2,Anual,Bancaseguros,10,RENOVADA,,
POL-002854,CLI-00430,Vehículo,2024-12-01,2025-12-01,135000000,5087000,3808000,33.6,Anual,AGENCIA,5,Cancelada,22/07/2025,Cambio de aseguradora
POL-000453,CLI-02211,Auto,2024/06/04,04/06/2025,40000000,1154000,1102000,4.7,Mensual,Web,15,Renovada,,
POL-007827,CLI-04579,VIVIENDA,25/09/2024,2025-09-25,70000000,324000,306000,6.0,Anual,Web,15,Renovada,,
POL-000391,CLI-04990,Salud,09/10/2024,09/10/2025,98000000,1818000,1299000,39.9,Mensual,Agencia,5,Cancelada,2025/08/16,Precio
POL-003355,CLI-00034,salud,26/10/2022,2023-10-26,155000000,3114000,2361000,31.9,Anual,Asesor comercial,15, Cancelada ,2022-11-30,precio
POL-001473,CLI-01671,Hogar,2024-01-27,26/01/2025,152000000,591000,577000,2.4,Trimestral,Agencia,0,Cancelada,2025-01-25,Cambio de aseguradora
POL-006063,CLI-03566,Auto,2024-04-02,2025-04-02,25000000,1103000,864000,27.7,Trimestral,Agencia,10,Renovada,,
POL-002074,CLI-00506,Salud,16/04/2025,2026/04/16,317000000,9340000,9294000,0.5,Trimestral,  Corredor,0,Activa,,
POL-007809,CLI-02846,Hogar,15/06/2023,14/06/2024,233000000,984000,927000,6.2,Mensual,Web,10,Vencida,,
POL-001920,CLI-02788,SALUD,2025-05-28,28/05/2026,177000000,2301000,2181000,5.5,Trimestral,Web,5,Activa,,
POL-002021,CLI-00394,Hogar,2022-05-31,2023-05-31,304000000,1439000,1374000,4.7,Anual,Agencia,0,  Renovada,,
POL-005922,CLI-04173,AUTO,2023-12-10,2024-12-09,99000000,2475000,2480000,-0.2,Mensual,Corredor,0,Renovada,,
POL-002710,CLI-04747,  Vida,2021-02-07,2022/02/07,216000000,715000,613000,16.7,Mensual,Agencia,10,Vencida,,
POL-006936,CLI-04213,Auto,2022/01/27,2023-01-27,30000000,1206000,883000,36.6,Mensual,Agencia,0,Cancelada,2022-03-18,Venta/pérdida del bien
POL-005431,CLI-02533,Auto,2024-04-06,2025-04-06,66000000,2260000,2150000,5.1,Mensual,Agencia,10,Vencida,,
POL-002487,CLI-03605,Auto,16/04/2021,16/04/2022,53000000,1657000,1191000,39.1,Mensual,Agencia,10,Renovada,,
POL-003885,CLI-01963,Hogar,2023/11/25,2024-11-24,293000000,1134000,1012000,12.0,Anual,Agencia,10,Renovada,,
POL-001971,CLI-01843,Auto,2023-01-06,06/01/2024,63000000,2934000,2854000,2.8,Mensual,Asesor comercial,0,Vencida,,
POL-005268,CLI-01995,Hogar,20/05/2025,2026/05/20,198000000,914000,871000,4.9,Anual,Agencia,0,Activa,,
POL-002781,CLI-01683,Salud,2024/05/27,2025/05/27,80000000,2848000,2159000,31.9,Semestral,Asesor comercial,0,Vencida,,
POL-006096,CLI-04022,Auto,2022-12-10,10/12/2023,41000000,2183000,2006000,8.8,Mensual,Web,15,Vencida,,
POL-008343,CLI-01928,Hogar,2024-07-09,2025-07-09,269000000,,887000,3.7,Mensual,Bancaseguros,15,VENCIDA,,
POL-002335,CLI-04302,Vida,2022-05-08,2023-05-08,146000000,0,753000,5.8,Mensual,Asesor comercial,10,Renovada,,
POL-007196,CLI-01851,Auto,2025-04-08,2026/04/08,51000000,1905000,1513000,25.9,Mensual,Corredor,15,Activa,,
POL-005474,CLI-01719,salud,28/03/2024,,147000000,4158000,3987000,4.3,Mensual,Corredor,5,Vencida,,
POL-001487,CLI-01018,Auto,2022-12-26,2023-12-26,35000000,1435000,1325000,8.3,Mensual,Agencia,0,  Renovada,,
POL-007252,CLI-95663,Salud,2022/07/21,21/07/2023,72000000,,1312000,0.9,Mensual,Agencia,5,Renovada,,
POL-005042,CLI-01996,Salud,30/12/2022,30/12/2023,162000000,3689000,3649000,1.1,Mensual,Corredor,5,Renovada,,
POL-003312,CLI-03336, Salud ,2025/01/03,03/01/2026,51000000,1064000,1058000,0.6,Mensual,Web,0,Activa,,
POL-002608,CLI-01255,Seguro de Salud,2023-06-30,29/06/2024,112000000,2629000,2501000,5.1,Mensual,Web,15,CANCELADA,27/04/2024,Cambio de aseguradora
POL-005661,CLI-04410,Seguro Hogar,2023-10-24,2024-10-23,120000000,502000,473000,6.2,Mensual,Corredor,15,Renovada,,
POL-007878,CLI-04416,Auto,2022-04-02,2023-04-02,62000000,2795000,2680000,4.3,Mensual,Agencia,5,Renovada,,
POL-002094,CLI-02739, Hogar ,2025/01/08,2026-01-08,173000000,969000,900000,7.7,Mensual,Agencia,0,Activa  ,,
POL-003793,CLI-00054,Salud,2025-05-28,2026/05/28,235000000,3960000,,6.6,Anual,corredor,0,CANCELADA,2025-08-11,Cambio de aseguradora
POL-002738,CLI-04428,Hogar,2024-07-10,10/07/2025,166000000,843000,819000,2.9,Mensual,Asesor comercial,0,VENCIDA,,
POL-001124,CLI-02887,Salud,21/12/2021,2022-12-21,276000000,5112000,4906000,4.2,Anual,Web,5,Vencida,,
POL-002689,CLI-02558,Vida,08/01/2025,2026-01-08,304000000,984000,898000,9.6,Mensual,Bancaseguros,5,Activa,,
POL-006918,CLI-02871,Auto,19/08/2022,2023/08/19,44000000,2212000,1889000,17.1,Mensual,ASESOR COMERCIAL,0,Renovada,,
POL-007076,CLI-00852,Vivienda,13/08/2023,2024-08-12,356000000,1596000,1612000,-1.0,Anual,Asesor comercial,0,Renovada,,
POL-000481,CLI-03652,Vida,,29/05/2026,380000000,1607000,,7.2,Mensual,Asesor comercial,15,Cancelada,02/10/2025,Precio
POL-000960,CLI-03775,  Auto,2024-11-28,2025-11-28,101000000,3667000,3456000,6.1,Trimestral,Asesor comercial,10,Renovada,,
POL-001917,CLI-02170,Hogar,2024-12-01,2025/12/01,355000000,1667000,1641000,1.6,Mensual,Agencia,5,Vencida,,
POL-006219,CLI-01982,Auto,20/01/2025,2026/01/20,34000000,1381000,1384000,-0.2,Trimestral,Bancaseguros,0,Activa,,
POL-000819,CLI-00849,Hogar,2022-05-25,2023-05-25,180000000,690000,650000,6.1,Mensual,Bancaseguros,5,Vencida,,
POL-007211,CLI-03003,Auto,19/12/2023,18/12/2024,71000000,2123000,1670000,27.1,Anual,Bancaseguros,15,Cancelada,2024-07-23,Precio
POL-001267,CLI-04189,Auto,2024-12-04,04/12/2025,23000000,1084000,1010000,7.3, Anual ,Agencia,5,Renovada,,
POL-004007,CLI-03879, Hogar ,2022/10/15,15/10/2023,333000000,1428000,1373000,4.0,  Semestral,Web,5,Vencida,,
POL-001208,CLI-04101,VIDA,2021/07/31,2022-07-31,456000000,1872000,,30.5,Mensual,Asesor comercial,5,Anulada,2022/03/12,Precio
POL-007215,CLI-04670,Vida,2024-09-21,21/09/2025,639000000,1418000,1124000,26.2,Anual,Web,0,Cancelada,26/04/2025,Precio
POL-002817,CLI-00500,Hogar,2022-08-07,2023-08-07,169000000,622000,594000,4.8,Mensual,Bancaseguros,5,Cancelado,2023-06-25,Precio
POL-005615,CLI-00669,Auto  ,2023-02-09,2024/02/09,23000000,713000,684000,4.3,TRIMESTRAL,Asesor comercial,0,Renovada,,
POL-001704,CLI-00424,Auto,2023-09-30,29/09/2024,59000000,1977000,1814000,9.0,Anual,Asesor comercial,15,Cancelada,06/09/2024,Falta de pago
POL-001857,CLI-04135,SALUD,2024-05-22,22/05/2025,87000000,1776000,1519000,16.9,Mensual,Bancaseguros,0,Renovada,,
POL-006120,CLI-05053,Auto,2023-03-26,2024-03-25,40000000,1170000,1123000,4.2,Mensual,Asesor comercial,0,Renovada,,
POL-001758,CLI-02393,Auto,2024-03-27,2025-03-27,43000000,1432000,1355000,5.7,Semestral,  Web,10,Renovada,,
POL-005896,CLI-02116,VIDA,2024-12-23,2025-12-23,254000000,971000,706000,37.5,Mensual,Bancaseguros,15,Cancelada,2025-03-31,Precio
POL-000313,CLI-02643,Salud,2025/01/10,10/01/2026,71000000,1107000,1062000,4.2,  Trimestral,Asesor comercial,5,Activa,,
POL-003596,CLI-03692,Salud,2023-06-11,10/06/2024,56000000,996000,953000,4.5,  Anual,Bancaseguros,5,Vencida,,
POL-002444,CLI-04465,SALUD,21/06/2025,,87000000,1910000,1778000,7.4,Anual,Bancaseguros,15,Cancelada,2025-12-01,Cambio de aseguradora
POL-006208,CLI-03724,Hogar,2025-01-31,2026-01-31,223000000,851000,826000,3.0,MENSUAL,Corredor,10,ACTIVA,,
POL-000017,CLI-04608,Vida,2023-10-29,28/10/2024,298000000,838000,711000,17.8,Anual,Web,0,Renovada,,
POL-007222,CLI-00589,Salud,2023-02-17,2024-02-17,272000000,6938000,6484000,7.0,Semestral,Agencia  ,5,Vencida,,
POL-001880,CLI-03764, Salud ,2023-05-23,22/05/2024,53000000,883000,821000,7.6,Anual, Web ,10,Renovada,,
POL-008131,CLI-02962,AUTO,2022/09/09,2023-09-09,60000000,2464000,2182000,12.9,Anual,AGENCIA,0,Vencida  ,,
POL-008139,CLI-03095,Auto,19/09/2023,2024-09-18,59000000,3097000,2900000,6.8,Mensual,Corredor,5,Renovada,,
POL-008206,CLI-02340,Salud,2023/07/25,2024-07-24,104000000,2632000,2430000,8.3,trimestral,Agencia,5,RENOVADA,,
POL-007715,CLI-02600,Vida,2024-04-01,01/04/2025,270000000,1040000,1006000,3.4, Mensual ,Corredor,0,Cancelada,01/03/2025,Otro
POL-001752,CLI-04841,Vida,06/07/2022,06/07/2023,158000000,606000,583000,4.0,Semestral,Asesor comercial,0,Renovado,,
POL-006259,CLI-00542,Hogar,21/06/2021,2022-06-21,160000000,653000,543000,20.3,Anual,Asesor comercial,10,VENCIDA,,
POL-000465,CLI-01049,Salud,2024-01-25,2025-01-24,93000000,1610000,1211000,32.9,Semestral,Corredor,10,Cancelada,2025-01-13,Falta de pago
POL-006174,CLI-04643,Hogar,26/12/2024,2025/12/26,533000000,1957000,1893000,3.4,Anual,Agencia,15,Renovada,,
POL-003740,CLI-03026, Hogar ,18/04/2025,2026-04-18,249000000,1169000,1171000,-0.2,Anual,  Agencia,0,Activa,,
POL-007243, CLI-01885 ,SALUD,13/07/2022,2023-07-13,74000000,,2060000,2.0,Semestral, Bancaseguros ,0,Renovada,,
POL-006967,CLI-00953,Hogar,2021/11/12,12/11/2022,315000000,1155000,1128000,2.4,Mensual,Corredor,0,Vencida,,
POL-003758,CLI-00416,Salud,22/04/2023,2024-04-21,180000000,3547000,3471000,2.2,Mensual,Agencia,15,Renovada,,
POL-003344,CLI-01915,Salud,22/11/2021,22/11/2022,77000000,1402000,1441000,-2.7,Trimestral,Web,15,Renovada,,
POL-002805,CLI-04667,Hogar  ,05/02/2025,2026-02-05,209000000,732000,697000,5.0,Mensual,bancaseguros,5,Activa,,
POL-008303,CLI-02832,  Salud,2022/06/18,2023-06-18,112000000,2008000,2000000,0.4, Anual ,Asesor  comercial,5,Renovada,,
POL-005966,CLI-02692,Hogar,2022-08-15,15/08/2023,121000000,505000,469000,7.6,Anual,Web,5,Renovada  ,,
POL-003406,CLI-02677,Salud,2023-10-27,,145000000,3841000,3811000,0.8,Anual,bancaseguros,5,Vencida,,
POL-004126,CLI-00960,Hogar,08/05/2025,2026-05-08,147000000,564000,556000,1.5,Mensual,Asesor comercial,5,Cancelada,2025-07-28,Falta de pago
POL-000615,CLI-04611,Auto,2023-05-25,2024-05-24,107000000,5964000,4300000,38.7,Anual,Asesor comercial,5,RENOVADA,,
POL-005004,CLI-01613,Auto,22/11/2023,2024-11-21,54000000,1693000,1675000,1.1,Mensual,Web,0,Renovada,,
POL-004988,CLI-04538,Auto,2023-08-11,2024/08/10,183000000,5932000,5427000,9.3,Mensual,Agencia,10,Renovada,,
POL-006988,CLI-01862,Hogar,01/09/2023,2024/08/31,275000000,1278000,1189000,7.5,Mensual,Asesor comercial,10,  Cancelada,2024/07/04,Otro
POL-006189,CLI-00696,Vida,2024-11-28,2025/11/28,68000000,300000,288000,4.1,Mensual,Web,10,Renovada,,
POL-001965,CLI-03763,Salud,22/04/2023,2024/04/21,319000000,6495000,6281000,3.4,Mensual,Asesor comercial,5,RENOVADA,,
POL-001616,CLI-05137,AUTO,27/02/2022,2023-02-27,78000000,2803000,2708000,3.5,Anual,Bancaseguros,0,Vencida,,
POL-007503,CLI-03521,Salud,2024-12-23,23/12/2025,107000000,2757000,2661000,3.6,Mensual,Asesor  comercial,5,RENOVADA,,
POL-001382,CLI-01381, Salud ,2025-06-06,2026-06-06,140000000,3297000,3087000,6.8,Anual  ,  Corredor,0,Activa,,
POL-005949,CLI-01939,Auto,2025-04-01,01/04/2026,50000000,1717000,1357000,26.5,Trimestral,ASESOR COMERCIAL,10,Cancelada,2025-09-05,Precio
POL-002838,CLI-02363,Hogar  ,2025-01-13,2026-01-13,525000000,2331000,2352000,-0.9,Mensual,corredor,10,Activa,,
POL-001555,CLI-05086,Auto,05/07/2023,2024-07-04,105000000,4233000,4319000,-2.0,Semestral,Bancaseguros,10,Renovada,,
POL-000983,CLI-03657,Auto,2025-04-01,2026-04-01,64000000,2778000,2611000,6.4,Mensual,Corredor,0,ACTIVA,,
POL-002771,CLI-02626, Salud ,2024-07-11,2025/07/11,92000000,1615000,1483000,8.9,Mensual,Web,5,Renovada,,
POL-001036,CLI-02257,  Salud,07/05/2021,07/05/2022,107000000,3784000,3642000,3.9,Mensual  ,Corredor,5,Cancelada,2021/07/18,cambio de aseguradora
POL-007385,CLI-04069,Salud,18/11/2024,18/11/2025,62000000,1724000,1694000,1.8,Mensual,Agencia  ,5, Vencida ,,
POL-000402,CLI-03716,Vida,2024-06-07,2025-06-07,105000000,398000,390000,2.0,Anual,Agencia,5,Vencida,,
POL-004163,CLI-01439,Salud,2024-06-03,03/06/2025,115000000,2006000,1889000,6.2,semestral,Corredor,10,Renovada,,
POL-008112,CLI-02035,Auto,23/04/2025,23/04/2026,33000000,1516000,1417000,7.0,Mensual,Bancaseguros,5,Cancelada,2025/08/15,Otro
POL-006674,CLI-02089,Hogar,2025/06/23,2026-06-23,568000000,2140000,1797000,19.1,Mensual,Asesor comercial,0,  Activa,,
POL-007931,CLI-03607,Auto,21/04/2025,2026-04-21,68000000,3169000,2457000,29.0,  Trimestral,Web,0,Cancelada  ,2025/12/19,Cambio de aseguradora
POL-001812,CLI-00339,Salud,2021/08/16,16/08/2022,108000000,1733000,1493000,16.1,Anual, Bancaseguros ,0,Renovada,,
POL-005069,CLI-04344, Auto ,2025-03-25,25/03/2026,21000000,966000,911000,6.0,TRIMESTRAL, Web ,0,Activa,,
POL-001492,CLI-04183,auto,2024-10-10,2025/10/10,49000000,2100000,2106000,-0.3,Anual,AGENCIA,10,Renovada,,
POL-000394,CLI-03087,HOGAR,24/07/2024,24/07/2025,149000000,463000,416000,11.4,Anual,Asesor comercial,0,Vencida,,
POL-003546,CLI-04223,  Auto,2024-10-23,2025-10-23,30000000,1017000,972000,4.6,Semestral,Corredor,5,Renovada,,
POL-006306,CLI-04288, Auto ,2022-12-27,27/12/2023,145000000,8361000,8709000,-4.0,Mensual,Bancaseguros,0,CANCELADA,2023-05-21,Falta de pago
POL-007569,CLI-04643,Auto,2024-05-04,2025/05/04,,1129000,1085000,4.1,Semestral,Agencia,5,Renovada,,
POL-001325,CLI-03135,Salud,2022-02-12,2023-02-12,79000000,1638000,1550000,5.7,Mensual,Asesor comercial,5,Renovada,,
POL-003134,CLI-04663,Hogar  ,14/04/2025,2026-04-14,243000000,1115000,1056000,,Mensual,  Asesor comercial,5,Activa,,
POL-000496,CLI-02943,Hogar,2024/02/11,2025-02-10,147000000,676000,642000,5.3,Anual,Agencia,15, Renovada ,,
POL-001241,CLI-02614,Hogar,2024/01/28,2025-01-27,728000000,2530000,2416000,4.7,Trimestral,Asesor comercial,10,Vencida,,
POL-001885,CLI-04411,Auto,2024-10-05,2025/10/05,79000000,3969000,3820000,3.9,Semestral,Agencia,15,Renovado,,
POL-004491,CLI-03113,Salud,2024-02-11,2025/02/10,137000000,3295000,3174000,3.8,Mensual,ASESOR COMERCIAL,0,Vencida,,
POL-001744,CLI-02003,Salud,2024/04/30,2025/04/30,112000000,3181000,2703000,17.7,anual,Asesor comercial,10,Renovada,,
POL-007348,CLI-01032,Salud,24/12/2021,24/12/2022,97000000,2663000,2183000,22.0,Mensual,Corredor,10,Renovada,,
POL-003810,CLI-01200,Auto,08/01/2025,2026-01-08,54000000,2075000,1986000,4.5,Trimestral,Corredor,10,Activa,,
POL-004770,CLI-04849,Auto,2023-09-01,2024-08-31,55000000,2400000,2202000,9.0,Mensual,Bancaseguros,5,Vencida  ,,
POL-003155,CLI-01945,Salud,2024-03-04,04/03/2025,135000000,3607000,3334000,8.2,Mensual,Agencia,10,Cancelada,2024/06/30,Cambio de aseguradora
POL-002035,CLI-00735,Vida,26/08/2023,2024/08/25,88000000,283000,271000,4.4,Anual,Agencia,10,Vencida,,
POL-003977,CLI-02337,Salud,2022-07-20,2023-07-20,230000000,4738000,4556000,4.0,Semestral,Web,10,Cancelada,2022/09/14,Falta de pago
POL-008081,CLI-03831,Seguro de Salud,2025-02-15,2026-02-15,,2361000,2249000,5.0,Mensual,Web,5,ACTIVA,,
POL-003902,CLI-04626,Salud,15/11/2024,2025-11-15,95000000,2789000,2288000,21.9,Anual, Asesor comercial ,5,Renovada,,
POL-006483,CLI-04357,Salud,08/04/2025,2026-04-08,68000000,1483000,1371000,8.2,MENSUAL,Web,0,Activa,,
POL-001222,CLI-03866,Salud,07/12/2023,2024-12-06,132000000,3853000,3487000,10.5,Mensual,Asesor comercial,10,Renovada,,
POL-005697,CLI-02674,Auto,2021-05-09,2022-05-09,28000000,1218000,1137000,7.1,Anual,Bancaseguros,5,renovado,,
POL-007951,CLI-00402,Auto,20/10/2024,2025-10-20,60000000,1833000,1820000,0.7,Trimestral,Agencia,5,Vencida,,
POL-006564,CLI-03547,salud,14/07/2024,2025-07-14,189000000,4839000,4749000,1.9,Mensual,Bancaseguros,5,VENCIDA,,
POL-000904,CLI-02267,Auto,22/01/2025,2026-01-22,40000000,1812000,1678000,8.0,Trimestral,Agencia,0,Activa  ,,
POL-000542,CLI-04842,Hogar,01/02/2024,2025/01/31,135000000,594000,592000,0.4,Mensual,Corredor,5,Renovada,,
POL-002797,CLI-02890,Salud,2025-05-23,2026-05-23,297000000,6292000,5864000,7.3,Semestral,Asesor comercial,0,ACTIVA,,
POL-003800,CLI-00868,Auto,2025-03-30,2026-03-30,41000000,1442000,1397000,3.2,Mensual,Bancaseguros,10,Activa,,
POL-005855,CLI-04150,Seguro Hogar,01/03/2025,,891000000,4026000,4163000,-3.3,Semestral,Agencia,15,Activa,,
POL-001402,CLI-00830,Salud,2022/01/22,22/01/2023,257000000,4752000,4475000,6.2,Anual,Agencia,5,Renovada  ,,
POL-001542,CLI-04696,Hogar,2024-06-01,INVALID_DATE,281000000,1219000,1197000,1.8,trimestral,Asesor comercial,10,Renovada,,
POL-000038,CLI-04243,Vida,2021/03/28,2022-03-28,304000000,737000,729000,1.1,Anual, Corredor ,0,Expirada,,
POL-004937,CLI-02813,Seguro de Vida,2022-11-01,2023-11-01,869000000,2972000,2767000,7.4,Mensual,Agencia,0, Renovada ,,
POL-001844,CLI-02736,Auto,30/08/2024,2025-08-30,80000000,2942000,2913000,1.0,Anual,Asesor comercial,10,Cancelada,27/11/2024,Venta/pérdida del bien
POL-001426,CLI-04665,Auto  ,2024-11-09,2025-11-09,98000000,2493000,2287000,9.0,Trimestral,Asesor comercial,10,Renovada,,
POL-003576,CLI-04304, Auto ,2022/08/21,2023-08-21,56000000,1665000,1484000,12.2,Mensual,Asesor comercial,15,Vencida,,
POL-006617,CLI-04960,Salud,2021-06-01,01/06/2022,220000000,4031000,3665000,10.0,Mensual, Asesor comercial ,0,Expirada,,
POL-002536,CLI-02464,Salud,2021-02-27,27/02/2022,75000000,1297000,1204000,7.7,Mensual,Web,15,Cancelada,2021-11-07,Cambio de aseguradora
POL-000332,CLI-02133,Auto,2025-01-14,2026-01-14,54000000,2256000,2263000,-0.3,Semestral,Asesor comercial,0,Activa,,
POL-000091,CLI-00731,Auto,2025-03-28,28/03/2026,74000000,2965000,2995000,-1.0,Mensual,Asesor comercial,5,ACTIVA,,
POL-004339,CLI-01333,HOGAR,2024-05-10,10/05/2025,362000000,1409000,1153000,22.2,Anual,Bancaseguros,15,Renovada,,
POL-006977,CLI-01015,Auto,2024-01-15,2025/01/14,45000000,1946000,1787000,8.9,Trimestral,Web,5,Renovada,,
POL-003560,CLI-01019,Vida,13/06/2023,2024-06-12,233000000,898000,846000,6.1,ANUAL,Agencia,10,Renovada,,
POL-005168,CLI-02422,salud,2024/03/07,2025-03-07,119000000,2254000,1654000,36.3, Anual ,Bancaseguros,0,Vencida,,
POL-004607,CLI-01261,Auto,2021-04-30,2022-04-30,42000000,1977000,1860000,6.3,Anual,Agencia,5,Renovada,,
POL-000620,CLI-02412,Auto,2025-04-08,08/04/2026,31000000,1210000,1013000,19.4,Anual,Web,0,  Activa,,
POL-003893,CLI-04048,Auto,2024/08/23,2025-08-23,45000000,1936000,1835000,5.5,Mensual,Bancaseguros,0,Renovada,,
POL-000011,CLI-02135,  Vida,2024/12/12,2025-12-12,227000000,562000,548000,2.5,Mensual,Asesor comercial,10,Vencida,,
POL-008196,CLI-02495,AUTO,21/05/2021,21/05/2022,46000000,1721000,1661000,3.6,Semestral,Asesor comercial,0,  Renovada,,
POL-006926,CLI-01915,Auto,2023-10-12,2024-10-11,153000000,5975000,,0.1,trimestral,Corredor  ,10,Vencida,,
POL-001457,CLI-00967,Vida,2023-06-14,2024-06-13,219000000,602000,462000,30.3,Mensual,Web,5,Renovada,,
POL-008276,CLI-02033,Vida,2024-12-29,2025-12-29,266000000,1111000,1088000,2.1,Mensual,Asesor comercial,5,renovada,,
POL-003345,CLI-01492,Auto,2024/12/11,2025-12-11,27000000,972000,911000,6.7,Anual,CORREDOR,10,  Cancelada,2025-03-11,Venta/pérdida del bien
POL-005302,CLI-02079,Hogar,2024-01-06,2025/01/05,436000000,1767000,1746000,1.2,Mensual,WEB,15,CANCELADA,24/02/2024,Precio
POL-003366,CLI-00190,Vida,2023-11-05,04/11/2024,670000000,1496000,1430000,4.6,Mensual,Bancaseguros,5,Cancelada,18/12/2023,Precio
POL-002627,CLI-99582,Salud,10/11/2022,2023-11-10,123000000,2667000,2550000,4.6,Mensual,Web,0,Cancelada,2023-05-27,Reclamo rechazado / insatisfacción
POL-000361,CLI-01696,Vida,2024-11-24,2025/11/24,378000000,1270000,925000,37.3,Semestral,Agencia,10,Renovada,,
POL-003364,CLI-01460,AUTO,2024-02-28,2025-02-27,42000000,1645000,1603000,2.6,Trimestral,Agencia,10,Renovada,,
POL-004461,CLI-03555,salud,2023-02-11,2024-02-11,143000000,4620000,4383000,5.4,Mensual,Asesor comercial,0,Vencida,,
POL-006851,CLI-01634,Salud,2023-08-25,2024/08/24,198000000,5065000,4385000,15.5,Mensual,Asesor comercial,15,RENOVADA,,
POL-006396,CLI-02734,Auto,2021-05-03,2022-05-03,36000000,1449000,1456000,-0.5,Mensual,Bancaseguros,15,Renovada,,
POL-002986,CLI-00628,Auto,2024/09/06,06/09/2025,104000000,4360000,4121000,5.8,Mensual,Agencia,5,Cancelada,2025/05/21,Precio
POL-000463,CLI-04824,Auto,2024-08-31,01/12/2023,98000000,4581000,4469000,2.5,Anual,Bancaseguros,10,Cancelada,2025-03-10,Falta de pago
POL-001985,CLI-00703,AUTO,11/02/2023,11/02/2024,60000000,2842000,2268000,25.3,Anual,Asesor comercial,10,  Renovado,,
POL-003673,CLI-04826,Salud  ,2021/01/01,2022-01-01,154000000,4380000,3331000,31.5,Mensual  ,Web,10,Cancelada,2021-10-26,Precio
POL-002016,CLI-02149,Auto,2022/09/10,2023-09-10,53000000,2279000,2219000,2.7,Anual,Web,5,Renovada,,
POL-002884,CLI-01041,AUTO,26/04/2024,26/04/2025,46000000,2205000,2045000,7.8,Mensual,Asesor comercial,5,Renovada,,
POL-002065,CLI-01515,Vida,2025-02-10,10/02/2026,330000000,1416000,1342000,5.5,Mensual,Bancaseguros,10,Vigente,,
POL-000114,CLI-03283,Salud,2023-08-12,11/08/2024,243000000,,5226000,5.5,Mensual,Bancaseguros,5,Renovada,,
POL-005087,CLI-00533,Auto,2022-07-12,2023/07/12,55000000,2650000,2585000,,Mensual,Web,0,Vencida,,
POL-000922,CLI-04625,Auto,20/04/2025,2026-04-20,62000000,1781000,1330000,33.9,Trimestral,Agencia,0,Activa,,
POL-007173,CLI-05019,  Hogar,08/01/2024,07/01/2025,327000000,1248000,1162000,7.4,Anual,Web,0,Cancelada,2024-09-06,PRECIO
POL-005433,CLI-03835,Auto,04/04/2025,2026-04-04,44000000,1989000,1866000,6.6,Mensual,Asesor comercial,10,Activa,,
POL-004023,CLI-02822,Auto,2024/09/02,2025-09-02,84000000,3318000,3259000,1.8,Mensual,Bancaseguros,0,Renovada,,
POL-002714,CLI-02952,Auto,2021/05/27,27/05/2022,82000000,3199000,2622000,22.0,Mensual,Web,15,Cancelada,2022/01/30,Falta de pago
POL-006725,CLI-00330,salud,2022-05-19,2023-05-19,116000000,1812000,1729000,4.8,Trimestral,Agencia,0,Renovado,,
POL-001692,CLI-00300,Salud,2021-03-08,08/03/2022,200000000,3549000,3283000,8.1,Mensual,Corredor,5,Cancelada,07/08/2021,Otro
POL-000906,CLI-04466,Auto,2025/06/01,2026-06-01,45000000,1777000,1285000,38.3,Anual,Agencia,15,Cancelada,16/12/2025,PRECIO
POL-008126,CLI-00940,Auto,,2026-05-22,43000000,1456000,1429000,1.9,Anual,Agencia,5,Activa,,
POL-004201,CLI-03845,Auto,2025-06-26,2026-06-26,60000000,2001000,2001000,0.0,Trimestral,Agencia,0,Cancelada  ,02/11/2025,Precio
POL-002418,CLI-02919,Vida,14/05/2025,2026/05/14,608000000,2234000,2192000,1.9,Trimestral, Bancaseguros ,15,Activa,,
POL-005580,CLI-00891,Hogar,2024-11-26,2025-11-26,202000000,954000,896000,6.5,Mensual,  Agencia,10,  Vencida,,
POL-004629,CLI-01328,Auto,2023-07-28,27/07/2024,53000000,0,2439000,7.4,Anual,Asesor comercial,5,Cancelada,09/01/2024,Cambio de aseguradora
POL-004832,CLI-03321,Vida,29/08/2024,29/08/2025,438000000,1604000,1590000,0.9,Trimestral,BANCASEGUROS,5,Renovada,,
POL-000448,CLI-00608,Auto,2024-07-02,2025-07-02,35000000,1616000,,3.0,Mensual,Asesor comercial,5,Vencida,,
POL-000111,CLI-00624,SEGURO AUTO,24/05/2025,2026-05-24,61000000,2661000,2464000,8.0,Mensual,Asesor comercial,10,Activa,,
POL-002235,CLI-02619,Vida,2025-03-23,2026/03/23,169000000,537000,424000,26.7,Semestral,Bancaseguros,10,Activa,,
POL-003249,CLI-00233,Salud,05/03/2025,2026-03-05,93000000,2464000,2381000,3.5,Mensual,bancaseguros,0,Activa,,
POL-006561,CLI-00876,Salud,2022-07-08,08/07/2023,124000000,2156000,1573000,37.1,Mensual,Asesor comercial,15,Renovada,,
POL-007125,CLI-01693,Salud,2024-05-15,,79000000,1424000,1367000,4.2,Anual,Agencia,5,  Cancelada,06/10/2024,  Falta de pago
POL-006360,cli-04189, Salud ,2024-12-14,2025-12-14,68000000,1123000,1080000,4.0,Mensual,Web,10,Renovada,,
POL-000798,CLI-03477,Salud,2025-03-10,10/03/2026,157000000,3993000,3647000,9.5,Anual  ,Agencia,0,Activa,,
POL-003539,CLI-03912,Auto,2025-06-29,29/06/2026,68000000,3789000,3668000,3.3,  Trimestral,Asesor comercial,15,Activa,,
POL-008027,CLI-01914,SEGURO HOGAR,2024-11-17,2025-11-17,575000000,2406000,2443000,-1.5,Anual,Agencia  ,5,Vencida,,
POL-006945,CLI-02665,Salud,21/08/2022,2023-08-21,159000000,3553000,3287000,8.1,Anual,Corredor,10,RENOVADA,,
POL-001505,CLI-02243,Hogar,09/07/2023,2024-07-08,404000000,1688000,1518000,11.2,Semestral,web,5, Vencida ,,
POL-001460,CLI-02551,Vida,2023-11-13,2024/11/12,120000000,343000,357000,-4.0,Mensual,Bancaseguros,10,Renovada,,
POL-007659,CLI-00908,Salud,2024-09-27,2025-09-27,46000000,,579000,36.0,Anual,Bancaseguros,0,Cancelada,2024/12/18,Falta  de  pago
POL-003910,CLI-05108,Auto,2025-01-13,2026-01-13,49000000,2015000,2042000,-1.3,Anual,Web,15,Activa,,
POL-007903,CLI-00246,Automóvil,04/08/2023,03/08/2024,54000000,1998000,1606000,24.4,Mensual,Corredor,5,Renovada,,
POL-001799,CLI-01670,Vida,2022-05-01,01/05/2023,520000000,1737000,1662000,4.5,Mensual,Bancaseguros,10,Renovada,,
POL-003869,CLI-03529,Salud,25/09/2024,25/09/2025,169000000,3581000,2707000,32.3,MENSUAL,Asesor comercial,5,Renovada,,
POL-002178,CLI-02788,Auto,2024-10-22,2025-10-22,58000000,2433000,2240000,8.6,Anual,Bancaseguros,0,Cancelada,02/01/2025,Falta de pago
POL-002208,CLI-01728,Auto,03/01/2025,2026-01-03,41000000,1804000,1765000,2.2,Mensual,Agencia,15,Activa,,
POL-006580,CLI-00027,Vehículo,14/12/2024,2025-12-14,87000000,4096000,4047000,1.2,Mensual,Agencia,5,Vencida,,
POL-006016,CLI-00002, Vida ,2024-06-19,2025-06-19,248000000,891000,876000,1.7,Anual,Agencia,15,Cancelada,2025-02-20, Cambio de aseguradora 
POL-007196,CLI-01851,Auto,2025-04-08,2026/04/08,51000000,1905000,1513000,25.9,Mensual,Corredor,15,Activa,,
POL-001510,CLI-01231,Auto,22/07/2022,22/07/2023,38000000,1582000,1388000,14.0,Mensual,Corredor,5,Cancelada,2023-03-10,Precio
POL-000396,CLI-03138, Seguro Hogar ,2024-02-15,2025-02-14,320000000,1448000,1375000,5.3,Mensual,Corredor,10,Renovada,,
POL-004035,CLI-00733,Vida,2025/03/17,,221000000,759000,776000,-2.2,Anual,Bancaseguros,10,Activa,,
POL-007731,CLI-01909,vida,07/05/2023,06/05/2024,371000000,1340000,1138000,17.7,Mensual,Asesor comercial,5,Cancelada  ,04/11/2023,FALTA DE PAGO
POL-004710,CLI-00786,Vida,2024-04-11,2025-04-11,156000000,441000,373000,18.2,Semestral,Asesor comercial,15,Cancelada,14/09/2024,Otro  
POL-000660,CLI-01841,Vida,2025-02-20,20/02/2026,369000000,984000,908000,8.4,Mensual,Bancaseguros,5,Activa,,
POL-005936,CLI-04451,Auto,04/05/2024,2025-05-04,61000000,2586000,2433000,6.3,Semestral,Corredor,10,Cancelada,2024/12/30,Cambio de aseguradora
POL-005275,CLI-04890,Hogar,21/02/2022,2023/02/21,459000000,1951000,1907000,2.3,ANUAL,Agencia,5,Vencida,,
POL-006410,CLI-02409,AUTO,2025-01-17,2026-01-17,55000000,2097000,1924000,9.0,Mensual,Bancaseguros,0,Activa,,
POL-007261,CLI-05046,Auto,11/11/2024,2025/11/11,30000000,1194000,1150000,3.8,Semestral,Agencia,0,Renovada,,
POL-003240,CLI-02487,auto,2025-06-19,2026-06-19,30000000,1292000,1192000,8.4,Mensual,  Asesor comercial,0,Activa,,
POL-001365,CLI-00634,Salud,2022-02-13,13/02/2023,178000000,4863000,4676000,4.0,Anual,Asesor comercial,10,Renovada,,
POL-004375,CLI-02181,Salud,2024-11-27,2025-11-27,92000000,2095000,,12.8,Trimestral  ,bancaseguros,10,Renovada,,
POL-005933,CLI-00743,Hogar,2021-08-25,25/08/2022,136000000,579000,541000,7.1, Mensual ,Bancaseguros,15,Renovada,INVALID_DATE,
POL-005956,CLI-01439,Salud,INVALID_DATE,25/09/2025,193000000,3195000,3014000,6.0,Mensual,CORREDOR,0,Vencida,,
POL-000437, CLI-02169 ,Auto,10/02/2024,09/02/2025,49000000,,1692000,-1.4,Anual,Asesor comercial  ,5,Renovada,,
POL-004303,CLI-00970,Vida,30/04/2025,2026/04/30,210000000,939000,,10.3,Mensual,Corredor,0,Activa,,
POL-007038,CLI-01797,VEHICULO,2022/09/19,19/09/2023,50000000,1694000,1569000,8.0,Anual,Agencia,5,  Vencida,,
POL-005271,CLI-00790,Auto,2023-05-17,2024-05-16,55000000,2210000,1703000,29.8,Semestral,Agencia,10, Cancelada ,2024-02-21, Otro 
POL-000255,CLI-00010,Vida,2022-04-17,INVALID_DATE,442000000,1394000,1047000,33.1,Mensual,Agencia,10,Renovada,,
POL-000288,CLI-04031,Salud,13/12/2022,2023-12-13,74000000,1142000,1082000,5.5,Trimestral,Corredor,10,Renovada,,
POL-004586,CLI-04487,Hogar,2023/06/29,2024-06-28,245000000,1100000,,8.0,Anual,Asesor comercial,0,Renovada,,
POL-002812,CLI-01903,HOGAR,2024-10-17,2025/10/17,321000000,1229000,1254000,,Anual,Asesor comercial,0,Vencida,,
POL-007399,CLI-02164,Auto  ,2025-05-13,13/05/2026,51000000,1731000,1731000,-0.0,Mensual,Asesor comercial,5,Cancelada,2025/06/29,Reclamo rechazado / insatisfacción
POL-006025,CLI-00447,Salud,26/09/2022,2023/09/26,102000000,2540000,2438000,4.2,Anual,Web,10,RENOVADO,,
POL-002433,CLI-00698,Salud,2023-03-16,2024/03/15,144000000,5324000,5066000,5.1,Mensual,Bancaseguros,5,Vencida,,
POL-002063,CLI-03155,Auto,2024/05/30,2025-05-30,44000000,1646000,1551000,6.1, Mensual ,Asesor comercial,5,Vencida,,
POL-004754,CLI-02176,Vida  ,2021-12-19,19/12/2022,300000000,856000,635000,34.8,Mensual,Corredor,5,Renovada  ,,
POL-005900,CLI-04593,Auto,2023-02-03,03/02/2024,92000000,2181000,2052000,6.3,Mensual,Bancaseguros,5,Vencida,,
POL-005145,CLI-03028,Vida,2024-02-01,31/01/2025,343000000,1173000,1120000,4.7,Mensual, Bancaseguros ,0,Renovada,,
POL-005916,CLI-01441,Vida,2025-05-12,12/05/2026,319000000,1001000,893000,12.1,Anual,Bancaseguros,5,Activa,,
POL-002988,CLI-02780,Auto,05/03/2025,05/03/2026,101000000,3832000,3706000,3.4,Mensual,Corredor,5,CANCELADA,19/08/2025,Reclamo rechazado / insatisfacción
POL-003625,CLI-05008,Vida,2022/01/20,2023/01/20,230000000,690000,630000,9.6,Trimestral,Asesor comercial  ,10,Renovada,,
POL-000201,CLI-00396,Salud,06/03/2025,2026-03-06,55000000,1380000,1118000,23.4,Mensual,Web,10,Cancelada,2025-11-08,Precio
POL-003094,CLI-04236,Hogar,2024/12/07,07/12/2025,117000000,490000,498000,-1.7,Semestral,Bancaseguros,0,Vencida,,
POL-002962,CLI-01939,Hogar,2024-08-19,19/08/2025,197000000,799000,810000,-1.3,MENSUAL,Agencia,5,  Cancelada,2025-07-25,Cambio de aseguradora
POL-007960,CLI-00812,Vivienda,2022-10-20,20/10/2023,103000000,438000,,7.0,Anual,Asesor comercial,10,  Vencida,,
POL-002850,CLI-04842,Hogar,2024-05-13,13/05/2025,150000000,455000,426000,6.9,Mensual,Agencia,10,Renovada,,
POL-001739,CLI-02987,salud,2021/09/17,INVALID_DATE,131000000,3903000,2959000,31.9,Mensual,Bancaseguros,0,CANCELADA,22/03/2022,Precio
POL-003971,CLI-00852,Salud,2024-02-11,10/02/2025,147000000,4098000,4131000,-0.8,Trimestral,Asesor comercial,0,Renovada,,
POL-006785,CLI-04640,Hogar,2024/06/19,2025/06/19,167000000,628000,598000,5.1,Mensual,Web,0,Renovada,,
POL-004440,CLI-02921,Hogar,2023-12-21,20/12/2024,208000000,0,701000,20.9,ANUAL,asesor comercial,0,Cancelada,2024-09-23,Precio
POL-000256,CLI-03449,Auto,12/02/2021,2022/02/12,49000000,1939000,1899000,2.1,Mensual,Asesor comercial,0,  Renovada,,
POL-006672,CLI-00365,Vida,2024-02-16,2025/02/15,683000000,1759000,1644000,7.0,Mensual,  Bancaseguros,0,Vencida,,
POL-004803,CLI-00367,Vida,2022-05-06,2023-05-06,316000000,1230000,1045000,17.7,Anual,Asesor comercial,10,Vencida,,
POL-002253,CLI-05114,SALUD,2025-02-16,16/02/2026,89000000,1973000,1863000,5.9,Anual,Web,0,Activo,,
POL-003049,CLI-05117,Salud,2021-11-16,2022-11-16,122000000,3566000,3367000,,mensual,Bancaseguros,5,Vencida,,
POL-002127,CLI-04100, Automóvil ,2024-12-18,2025/12/18,40000000,1427000,1052000,35.6,Anual,Agencia,0,CANCELADA,17/10/2025,Precio
POL-000855,CLI-02637,Salud,2023-09-09,08/09/2024,156000000,3124000,2835000,10.2,Mensual,ASESOR COMERCIAL,15,Renovada,,
POL-000688,CLI-03643,Hogar,2025/03/13,2026/03/13,174000000,645000,597000,8.1,Mensual,Web,10,Activa,,
POL-000683,CLI-04487, Vehículo ,12/04/2023,11/04/2024,54000000,2089000,1969000,6.1,Anual,Asesor comercial,10,Renovada,,
POL-000794,CLI-01932,Auto,2022-02-25,2023-02-25,68000000,3036000,2945000,3.1,Semestral,Asesor comercial,0,Renovada,,
POL-003989,CLI-01324,Auto,2022-08-26,2023-08-26,48000000,1747000,1333000,31.1,Mensual,Web,0,Renovada,,
POL-002374,CLI-02724,Hogar,2022/02/23,2023/02/23,576000000,2462000,2435000,1.1,Mensual,Asesor comercial,5,Renovada,,
POL-003986,CLI-04200,SALUD,2021-05-20,2022-05-20,141000000,3064000,2864000,7.0,Trimestral,Asesor comercial,5,Vencida,,
POL-004653,CLI-01991,Auto,2022-08-13,13/08/2023,74000000,3837000,3682000,4.2,Mensual,Corredor,0,renovada,,
POL-001386,CLI-03067,Salud,08/04/2023,2024-04-07,115000000,2643000,2443000,8.2,Mensual,Agencia,10,Renovada,,
POL-002115,CLI-00129,Auto,22/04/2023,2024-04-21,31000000,1260000,1246000,1.1,Mensual,Web,0,  Renovada,,
POL-002063,CLI-03155,Auto,2024/05/30,2025-05-30,44000000,1646000,1551000,6.1, Mensual ,Asesor comercial,5,Vencida,,
POL-000941,CLI-02805,Auto,2022-03-20,20/03/2023,48000000,1504000,1129000,33.2,Trimestral,Corredor,0,Cancelada,2023-01-14,Precio
POL-003680,CLI-04366,Auto,2021-09-05,2022-09-05,133000000,6928000,6630000,4.5,Mensual,Asesor comercial,10,Renovada,,
POL-006573,CLI-02728,Auto,07/03/2023,2024-03-06,74000000,3479000,3298000,5.5,Anual,Agencia,0,Vencida,,
POL-001121,CLI-03814,Vida,,2024/11/11,314000000,1102000,1040000,6.0,Semestral,Web,15,Renovada,,
POL-004225,CLI-00102,Hogar,2023/07/19,18/07/2024,197000000,722000,570000,26.6,Trimestral,Agencia,10,Cancelada,2024/06/23,Precio
POL-001064,CLI-04850,Hogar,2025-03-24,2026-03-24,249000000,881000,836000,5.4,Mensual,Asesor comercial,10,Activa,INVALID_DATE,
POL-003482,CLI-00514, Auto ,2022/03/05,2023/03/05,59000000,2569000,1949000,31.8,Mensual,Agencia,15,cancelada,2023-02-27,Precio
POL-003789,CLI-03762,Hogar,2025-01-18,2026-01-18,346000000,1230000,1180000,,Anual,Corredor,10,cancelada,2025-12-09,Cambio de aseguradora
POL-003718,CLI-03111,SALUD,2025-06-04,04/06/2026,73000000,1240000,1195000,3.8,Mensual,Corredor,0,Activa,,
POL-003170,CLI-03795,Seguro  de  Vida,04/05/2021,04/05/2022,247000000,932000,924000,0.9,Trimestral,Corredor,5,VENCIDA,,
POL-006084,CLI-02330,Vida,25/04/2021,2022/04/25,227000000,549000,519000,5.8,Mensual,Corredor,15,RENOVADA,,
POL-006151,CLI-04144,Salud,2023/12/22,2024-12-21,152000000,3061000,2981000,2.7,Mensual,Bancaseguros,10,Renovada,,
POL-006132,CLI-04306,Vida,17/11/2021,2022-11-17,139000000,604000,584000,3.4,Mensual,Web,15,Renovada,,
POL-007735,CLI-92865,Auto,04/05/2025,2026-05-04,81000000,2743000,2547000,7.7,Anual,Web,0,Activa,,
POL-004316,CLI-00795,Salud,2023-10-02,01/10/2024,152000000,4933000,4649000,6.1,MENSUAL,Agencia,10,Renovada,,
POL-004829,CLI-01206,Salud  ,2022-02-20,2023-02-20,,3213000,3138000,2.4,Mensual,Corredor,5,RENOVADA,,
POL-002845,CLI-03325,Vida,2023-08-21,2024-08-20,528000000,2254000,2085000,8.1,Mensual,Web,0,Vencida,,
POL-000628,CLI-02768,Hogar,24/10/2023,23/10/2024,227000000,892000,862000,3.5,Anual,Bancaseguros,0,Renovada,,
POL-004154,CLI-01399,Hogar,20/01/2025,20/01/2026,193000000,866000,815000,6.3,TRIMESTRAL,Agencia,5,Activa,,
POL-006339,CLI-02486,Vida,2024-05-31,2025-05-31,312000000,1030000,944000,9.1,Mensual, Asesor comercial ,5,Vencida  ,,
POL-001591,CLI-02339,Vida,2024-11-25,25/11/2025,533000000,1413000,,31.0,Mensual,Corredor,5, Renovada ,,
POL-006823,CLI-03233,Auto,2025/01/15,2026-01-15,96000000,,2439000,37.6,Mensual,Web,0,Anulada,2025-04-08,Precio
POL-006964,CLI-03609,Hogar,2024-05-31,2025-05-31,67000000,275000,254000,8.3,Trimestral  ,  Bancaseguros,0,Vencida,,
POL-002791,CLI-01324,Salud,2024-06-01,01/06/2025,231000000,5821000,5696000,2.2,Mensual, Corredor ,5,Renovada,,
POL-001458,CLI-00961,vida,2023-09-27,2024/09/26,303000000,1109000,1053000,5.3,Semestral,web,5,Cancelada,2024-04-17,Otro
POL-002267,CLI-02538,Vida,2023/06/25,2024-06-24,481000000,1403000,1217000,15.3, Mensual ,Web,10,Renovada,,
POL-006450,CLI-02641,Seguro Auto,2025-02-20,2026-02-20,78000000,2178000,2098000,3.8,Trimestral,ASESOR COMERCIAL,5,Activa,,
POL-004597,CLI-04560,Auto,2025/01/01,01/01/2026,34000000,1691000,1658000,2.0,Mensual,Bancaseguros,15, Activa ,,
POL-003913,CLI-03449,Auto,2024-03-10,2025-03-10,52000000,2032000,1726000,17.7,Mensual,Corredor,5,Cancelada,2024/08/11,Precio
POL-007518,CLI-00196,Salud,29/08/2023,2024-08-28,102000000,,1630000,32.8,Anual,Agencia,0,Cancelada,2024-05-23,Cambio de aseguradora
POL-003453,CLI-01565,Auto,2025/03/29,2026-03-29,123000000,5083000,4119000,23.4,Mensual,Bancaseguros,10,Cancelada,21/12/2025,Precio
POL-002721,CLI-01879,AUTO,15/12/2023,14/12/2024,60000000,2416000,2175000,11.1,Mensual,Agencia,0,CANCELADA,,Otro
POL-004233,CLI-01570,Hogar,2023/11/17,2024/11/16,121000000,472000,389000,21.3,anual,Bancaseguros,15,Cancelada,2024/09/09,Precio
POL-008041,CLI-03001,Vida,17/06/2025,2026-06-17,337000000,1367000,1016000,,Mensual,Bancaseguros,5,Cancelada,2025-11-12,Falta de pago
POL-002729,CLI-03832,Hogar,2025-06-29,2026/06/29,173000000,688000,641000,7.4,Semestral,Asesor comercial,10,Cancelado,2025/11/18,Precio
POL-001627,CLI-00303,Auto,28/12/2023,2024-12-27,59000000,2010000,1468000,36.9,Mensual,Asesor comercial,5,Vencida,,
POL-007910,CLI-00949,Auto,2023/04/24,2024-04-23,56000000,2005000,1838000,9.1,Mensual,Corredor,10,Renovada,,
POL-007652,cli-02725,Hogar,2024-01-08,07/01/2025,170000000,743000,563000,31.9,Mensual,Bancaseguros,0,Cancelada,2024-06-27,Precio
POL-007504,CLI-00039,Hogar,05/03/2024,05/03/2025,392000000,1490000,1342000,11.0,Trimestral,Asesor comercial,15,Renovada,,
POL-002033,CLI-02161,Hogar,2021-04-24,2022-04-24,370000000,1996000,1813000,10.1,  Anual,Corredor,5,  Renovada,INVALID_DATE,
POL-000154,CLI-04567,Auto,2022-05-16,2023/05/16,16000000,557000,524000,6.3,Mensual,Agencia,10,Renovada,,
POL-008357,CLI-01004,Hogar,2023-12-18,2024-12-17,374000000,1339000,1317000,1.7, Mensual ,Asesor comercial,5,  Renovada,,
POL-003350,CLI-04348,Auto,2024-12-24,2025-12-24,27000000,1199000,1158000,3.5,Anual,Asesor comercial,0,Renovada,,
POL-001347,CLI-04077,Auto,2022-09-28,2023/09/28,26000000,841000,775000,8.5,Mensual,Agencia,5,Renovada,,
POL-007097,CLI-04499,auto,2022/06/14,2023-06-14,74000000,2799000,,,Mensual,Corredor,0,Renovada,,
POL-001653,CLI-04659,Auto,2025/04/19,2026-04-19,37000000,1300000,1255000,3.6,Anual,Agencia,15,Activa,,
POL-005941,CLI-01837,Vida,2024/04/01,2025/04/01,459000000,2009000,1902000,5.6,Mensual,Agencia,10,Renovada,,
POL-008282,CLI-04306,Hogar,2021/08/23,23/08/2022,262000000,1004000,953000,5.4,  Trimestral,Agencia,5,Renovada,,
POL-001793,CLI-02890,Hogar,2025/01/06,06/01/2026,182000000,609000,581000,4.8,Semestral,Corredor,0,Activa,,
POL-006235,CLI-04073,Salud,2025/06/14,2026-06-14,262000000,5602000,5236000,7.0,Mensual,Asesor comercial,5,Cancelada,2025-11-28,Venta/pérdida del bien
POL-002268,CLI-05146,AUTO,09/05/2022,2023-05-09,48000000,1838000,1834000,0.2,Mensual,Asesor comercial,0,Vencida,,
POL-006182,CLI-00091,Seguro  Auto,28/05/2025,2026-05-28,62000000,2479000,2044000,21.3,Mensual,Bancaseguros,0,Activa,,
POL-000148,CLI-02768,Vida,2023-10-23,22/10/2024,242000000,1037000,969000,7.0,Trimestral,Bancaseguros,5,Renovada,,
POL-000151,CLI-03265,Salud,2022/03/12,2023-03-12,111000000,2974000,2927000,1.6,Mensual,Corredor,15,Cancelada,20/10/2022,Precio
POL-001093,CLI-04165,Auto,2024-04-22,2025-04-22,84000000,2723000,2581000,5.5,MENSUAL,agencia,5,Expirada,,
POL-000971,CLI-04453,Hogar,24/09/2024,2025-09-24,560000000,1831000,1774000,3.2,Mensual,Asesor comercial,5,Renovada,,
POL-004927,CLI-03903,Vida,24/05/2025,2026/05/24,315000000,958000,900000,6.5,Anual,Asesor comercial,5,Activa,,
POL-003577,CLI-03875,Vida,2022-08-19,19/08/2023,212000000,930000,924000,0.6,Mensual,Agencia,10,Vencida,,
POL-006045,CLI-02034,Automóvil,06/01/2023,06/01/2024,38000000,1593000,1407000,13.2,Mensual,Asesor comercial,10,Renovada,,
POL-000239,CLI-02825,Auto,05/04/2025,2026-04-05,22000000,772000,634000,21.7,Trimestral,Agencia,15,Activa,,
POL-001142,CLI-05192,Salud,2025-01-28,INVALID_DATE,195000000,3818000,,1.0,Mensual,Corredor,10,Activa,,
POL-002660,CLI-01230,auto,19/07/2024,2025-07-19,54000000,2500000,2451000,2.0,  Trimestral,  Web,10,Vencida,,
POL-004571,CLI-04782,AUTO,2024-05-04,2025-05-04,65000000,2993000,2789000,7.3,Trimestral,Asesor comercial,15,Renovada,INVALID_DATE,
POL-007516,CLI-00341,Auto,2024-11-18,2025-11-18,111000000,4752000,4487000,5.9,  Mensual, Asesor comercial ,0,Renovada,,
POL-005548,CLI-01732,Auto  ,2023-04-17,2024-04-16,41000000,1548000,1454000,6.5,Anual,Asesor comercial,15,Cancelada,2023-07-20,Falta de pago
POL-005457,CLI-04732,Auto,2022/12/24,2023/12/24,94000000,3744000,3535000,5.9,Semestral,Agencia,5,Renovada,,
POL-008133,CLI-01503,Salud,18/12/2024,18/12/2025,67000000,1766000,1736000,,Anual,Bancaseguros,10,Renovada,,
POL-000246,CLI-01914,Auto,20/08/2024,20/08/2025,95000000,4784000,3836000,24.7,Anual,Web,10,Renovada  ,,
POL-008083,CLI-03860, Auto ,2024-12-18,2025-12-18,34000000,1690000,1574000,7.4,Mensual,Asesor comercial,0,RENOVADA,,
POL-000140,CLI-01150,Auto,2021-07-10,2022-07-10,28000000,968000,892000,8.5,Mensual,Agencia,10,Cancelada,2022-04-09,Otro
POL-003175,CLI-01421,Hogar,16/10/2024,16/10/2025,339000000,1156000,1134000,1.9,Trimestral,Asesor comercial,10,VENCIDA,,
POL-001894,CLI-02660,Seguro de Salud,14/10/2021,14/10/2022,101000000,2885000,2748000,5.0,Mensual, Corredor ,10,Renovada,,
POL-000480,CLI-00542,Hogar,28/02/2021,28/02/2022,262000000,1112000,1015000,9.6,Trimestral,Agencia,0,Expirada,,
POL-006149,CLI-04233,Salud,2024/03/26,2025/03/26,62000000,1034000,986000,4.9,Mensual,Corredor,10,Vencida,,
POL-008258,CLI-04953,SEGURO DE SALUD,2025-02-16,2026-02-16,141000000,3776000,3208000,17.7,Anual,Asesor comercial,5,Activa,,
POL-001567,CLI-01227,Salud,2024-09-23,23/09/2025,85000000,1258000,1242000,1.3,Mensual,Asesor comercial,5,Cancelada,2025-05-29,Otro
POL-007585,CLI-03723,AUTO,,16/07/2025,56000000,2105000,1937000,8.7,Mensual, Agencia ,15,Renovada  ,,
POL-000864,cli-00848,Auto,2022/02/28,2023-02-28,48000000,1911000,1744000,9.6,Mensual,Asesor comercial,0,Renovada,,
POL-003968,CLI-03175,auto,09/02/2025,2026-02-09,170000000,6747000,6531000,3.3,Anual,Bancaseguros,0,Activa,,
POL-002905,CLI-00048,Auto,2023-04-15,14/04/2024,51000000,2416000,1762000,37.1,Mensual  ,asesor comercial,5,CANCELADO,2023/12/27,Venta/pérdida del bien
POL-004747,CLI-03773,Hogar,2025/02/13,2026/02/13,264000000,1158000,1073000,7.9,Semestral,Asesor comercial,10,Activa,,
POL-001907,CLI-01622,  Vida,2023-08-09,2024-08-08,280000000,813000,781000,4.1,Mensual,Agencia,10,Renovada,,
POL-003996,CLI-03267, Auto ,24/04/2023,2024-04-23,,2706000,2553000,6.0,Trimestral,Asesor comercial,5, Renovada ,,
POL-006740,CLI-02615,hogar,2022-01-02,2023/01/02,300000000,1035000,1043000,-0.8,Anual,Web,5, Renovada ,,
POL-006251,CLI-02745,Hogar,2022-05-18,18/05/2023,84000000,294000,273000,7.5,Anual,Agencia,0,Vencida,,
POL-006272,CLI-00242,Hogar,2022/12/17,17/12/2023,218000000,976000,959000,1.8,Mensual,Asesor comercial,15,Vencida,,
POL-007524,CLI-03186,Salud,INVALID_DATE,2024-08-24,86000000,1943000,1979000,-1.8,Mensual,Agencia,10,Renovada,,
POL-004611,CLI-02627,Salud  ,02/02/2025,2026/02/02,55000000,1219000,,7.3,Mensual,Web,10,activa,,
POL-000784,cli-01298,  Auto,01/03/2023,2024-02-29,67000000,3127000,2936000,6.5,Mensual,Web,10,Cancelada,2024-02-29,Precio
POL-003570,CLI-03568,Salud,2024-05-14,14/05/2025,122000000,,2271000,2.9,Trimestral,Agencia,5,Renovada,,
POL-005229,CLI-02613,Hogar,2025-02-05,05/02/2026,139000000,678000,605000,12.0,Mensual,Corredor,10, Activa ,,
POL-004278,CLI-03177,Auto,17/09/2022,17/09/2023,31000000,716000,737000,-2.8, Anual ,Asesor comercial,0,Vencida,,
POL-005110,CLI-02194,Seguro de Vida,2023-04-18,2024/04/17,459000000,1690000,1594000,6.0,Mensual,Asesor comercial,10,Renovada,,
POL-006657,CLI-02760,Salud,2022-06-01,2023-06-01,96000000,1506000,1475000,2.1,Trimestral,Agencia,5,vencida,,
POL-003822,CLI-00003,Auto,2022-08-11,2023-08-11,27000000,1197000,1013000,18.2,  Anual,Web,10, Renovada ,,
POL-005629,CLI-02989,Hogar,2025/02/21,2026-02-21,461000000,1855000,1671000,11.0,Anual,  Corredor,10,Activa,,
POL-002464,CLI-03955,Vida,2023/11/27,2024-11-26,363000000,1591000,,10.6,Anual,Agencia,5,Renovada,,
POL-000781,CLI-04183,Vida,28/01/2025,2026/01/28,259000000,922000,867000,6.4,MENSUAL,Corredor,15,Activa  ,,
POL-008120,CLI-01195,Auto,,05/11/2025,66000000,2901000,2910000,-0.3,Mensual  ,Asesor comercial,5,Vencida,,
POL-007040,CLI-04081,auto,20/07/2024,20/07/2025,61000000,1933000,1495000,29.3,Mensual,Asesor comercial,15,Vencida,,
POL-001336,CLI-04828,  Hogar,2021-04-03,03/04/2022,150000000,633000,645000,-1.8,Mensual,Asesor comercial,15,Vencida,,
POL-003772,CLI-02415,Auto,2024-11-07,2025/11/07,64000000,2746000,2554000,7.5,Anual,Corredor,5,Cancelada,2025/10/04,Precio
POL-005847, CLI-01892 ,Salud,2024-09-02,2025-09-02,81000000,2578000,2530000,1.9,Mensual,CORREDOR,15,Vencida,,
POL-002875,CLI-04622,Salud,2023-10-09,08/10/2024,102000000,2354000,2312000,1.8,Mensual,Asesor comercial,0, Vencida ,,
POL-002904,CLI-00830,SALUD,2022/12/28,2023/12/28,138000000,2929000,2239000,30.8,Trimestral,Asesor comercial,10,Cancelada,01/08/2023,Venta/pérdida del bien
POL-006922,CLI-01756,Hogar,2024-03-28,2025-03-28,269000000,1406000,1302000,8.0,Mensual,Asesor comercial,10,Renovada,,
POL-004960,CLI-04506,Salud,23/02/2024,2025-02-22,58000000,1399000,1341000,4.3,SEMESTRAL,Web,5,RENOVADA,,
POL-001135,CLI-02418,Auto,2024-03-12,2025/03/12,73000000,,3241000,4.2,Mensual,asesor comercial,10,Renovada,,
POL-005989,CLI-05118,Salud,2021-09-09,,149000000,2706000,2674000,1.2,Trimestral  ,web,10,Renovada,,
POL-002003,CLI-01463,Salud,2024-02-13,2025/02/12,52000000,1155000,1105000,4.5,Mensual,Agencia,0,Renovada,,
POL-004786,CLI-03172, Hogar ,27/07/2024,2025-07-27,320000000,1517000,1389000,9.2,Mensual,Web,10,Renovada,,
POL-006551,CLI-03631,Salud  ,2022-04-10,2023/04/10,303000000,5720000,5619000,1.8,Anual,Asesor comercial,10,Expirada  ,,
POL-007824,CLI-02756,Auto,2022-09-20,INVALID_DATE,51000000,2367000,2156000,9.8,Trimestral,Bancaseguros,0,RENOVADA,,
POL-007187,CLI-00844,Salud,2021/09/17,2022-09-17,170000000,4580000,3370000,35.9,MENSUAL,Asesor comercial,10,Vencida,,
POL-000661,CLI-02887,Salud  ,26/01/2025,2026-01-26,59000000,1090000,1009000,8.0,Anual,Bancaseguros,15,Activa,,
POL-000958,CLI-01831,Hogar,2024-06-17,2025/06/17,537000000,2302000,2153000,6.9,Mensual,Bancaseguros,0,RENOVADA,,
POL-005126,CLI-00303,Auto,2022-05-29,2023-05-29,54000000,1870000,1728000,8.2,Semestral,Agencia,0,Renovada,,
POL-005485,CLI-04346,Salud,2024-01-15,14/01/2025,67000000,1691000,1642000,3.0,  Mensual,Bancaseguros,5,Cancelada,2024-11-30,Falta de pago
POL-006233,CLI-00933,Hogar,2023-01-17,2024/01/17,391000000,1349000,1047000,28.9,Anual,Corredor,5,Cancelada,18/12/2023,Precio
POL-007422,CLI-00703,Salud,2022-04-05,,123000000,2228000,2244000,-0.7,MENSUAL,Web,5,Renovada,,
POL-002825,CLI-05036,Auto,2024/05/11,11/05/2025,54000000,2125000,1821000,16.7,Trimestral,Agencia,10,Renovada,,
POL-004293,CLI-02378,Hogar,2024-03-09,2025-03-09,147000000,582000,480000,21.2,Semestral,Agencia,0,Renovado,,
POL-006403,CLI-04982,Auto,27/02/2025,2026-02-27,60000000,2705000,2108000,28.3,Mensual,Bancaseguros,15,CANCELADA,2025-12-08,Venta/pérdida del bien
POL-003628,CLI-04323,Hogar,2022-05-18,2023/05/18,453000000,1595000,1478000,7.9,Mensual,Asesor comercial,5,Cancelada,05/08/2022,Otro
POL-006268,CLI-01576,Vida,04/03/2024,2025-03-04,157000000,490000,451000,8.7,Anual,  Bancaseguros,5,Cancelada,2025/02/12,Cambio de aseguradora
POL-005756,CLI-00108,Hogar,2023-02-18,2024-02-18,,990000,933000,6.1, Anual ,Asesor comercial,15,Renovada,,
POL-003455,CLI-01627,Vida,14/05/2025,2026/05/14,433000000,1899000,1753000,8.3,Mensual,Corredor,5,Activa,,
POL-004030,CLI-03275,Auto  ,2022/09/05,2023-09-05,26000000,0,1015000,4.2,Anual,Web,0,Vencida,,
POL-008322,CLI-01011,Salud,19/03/2025,2026-03-19,169000000,4176000,4031000,3.6,Mensual,Asesor  comercial,0,Activa,,
POL-001048,CLI-02453,auto,2024-10-16,2025-10-16,64000000,2313000,2148000,7.7,Anual,Agencia,5,Vencida,,
POL-003827,CLI-02310,Salud,02/01/2024,01/01/2025,185000000,4875000,4665000,4.5,Trimestral,Asesor comercial,0,vencida,,
POL-004039,CLI-03027,Auto,14/01/2025,2026-01-14,135000000,4651000,3569000,30.3,Trimestral,Agencia,10,Activa,,
POL-003006,CLI-02116,Auto,2023/01/30,2024-01-30,57000000,2281000,2183000,4.5,Anual,Corredor,15,Renovada,,
POL-004275,CLI-00508,Salud,2024/05/13,13/05/2025,76000000,1559000,1125000,38.6,Anual,Agencia,5,Vencida,,
POL-005418,CLI-00572,Vida,2021-11-24,2022-11-24,120000000,314000,311000,0.9,Mensual,Asesor comercial,5,Renovada,,
POL-002415,CLI-03883,Hogar,2024-04-27,2025-04-27,100000000,457000,407000,12.3,Anual,Bancaseguros,5,vencida,,
POL-003024,CLI-03200,  Auto,2023-11-29,2024-11-28,59000000,2385000,2274000,4.9,Mensual,Web,0,RENOVADA,,
POL-004313,CLI-01612,Salud,2023-10-04,2024/10/03,124000000,3037000,2849000,6.6,Mensual,Bancaseguros,5,Renovada,,
POL-003820,CLI-02004,Vehículo,2021/06/14,14/06/2022,22000000,587000,548000,7.1,Mensual,Asesor comercial,10,Renovada,,
POL-005096,CLI-02595,Auto,2024-07-19,19/07/2025,52000000,1773000,1702000,4.2,Mensual,Agencia,10,CANCELADA,2025/04/24,Reclamo rechazado / insatisfacción
POL-006810,CLI-03391,Seguro de Vida,05/07/2022,2023-07-05,131000000,382000,359000,6.3,Semestral,Web,5,Vencida,,
POL-002427,CLI-04403,Auto,16/09/2023,15/09/2024,24000000,813000,799000,1.8,Trimestral,Bancaseguros,15,Renovada,,
POL-006924,CLI-01796,Auto,2021-04-24,2022-04-24,19000000,745000,716000,4.0,Trimestral,ASESOR COMERCIAL,5,Vencida,,
POL-006061,CLI-00619,Vida,2022-01-24,2023-01-24,237000000,1109000,947000,17.1,Mensual,Web,0,Renovada,,
POL-001252,CLI-02900,Salud,INVALID_DATE,26/04/2024,44000000,1052000,807000,30.3,  Anual,Asesor comercial,5,Cancelada,17/01/2024,PRECIO
POL-000687,CLI-02502,Hogar,2024/07/27,2025-07-27,278000000,936000,931000,0.5,Mensual,Asesor comercial,0,Renovada,,
POL-003387,CLI-00930,  Hogar,28/08/2024,2025-08-28,141000000,520000,461000,12.8,Anual,Agencia,5,Vencida,,
POL-004513,CLI-02501,Vida,2025/04/21,2026/04/21,1119000000,4585000,3939000,16.4,Mensual,Asesor comercial,10,Activa,INVALID_DATE,
POL-004699,CLI-03605,Auto,2024-04-25,2025-04-25,37000000,1287000,1287000,-0.0,ANUAL,Bancaseguros,15,VENCIDA,INVALID_DATE,
POL-005971,CLI-04035,Hogar,INVALID_DATE,2022-06-01,335000000,1565000,1469000,6.5,Mensual,Bancaseguros,5,Renovada,,
POL-000033,CLI-03517,Vida,15/12/2022,15/12/2023,290000000,965000,918000,5.1,Trimestral,Asesor comercial,5,CANCELADA,08/12/2023,Falta de pago
POL-002890,CLI-01679,Hogar,2023-12-17,2024/12/16,214000000,856000,838000,2.2,Mensual,Corredor,10,Renovada,,
POL-003635,CLI-04929,VIDA,21/07/2023,2024-07-20,97000000,475000,447000,6.3,Trimestral,Web,0,Vencida,,
POL-008216,CLI-00113,Auto,2022-06-21,21/06/2023,70000000,3985000,2871000,38.8,Semestral,Bancaseguros,0,Cancelada,16/05/2023,Cambio de aseguradora
POL-000085,CLI-02287,HOGAR,2023/06/05,,290000000,1196000,1078000,10.9,Mensual,Corredor,5,Vencida,,
POL-002093,CLI-01364,  Salud,2024/05/14,2025/05/14,107000000,2615000,2539000,3.0,  Semestral,ASESOR COMERCIAL,10,Vencida,,
POL-001543,CLI-02203,hogar,2024-10-05,2025/10/05,86000000,392000,384000,2.2,Mensual,Bancaseguros,5,Vencida,,
POL-001553,CLI-03703,Hogar,2023-11-17,2024-11-16,160000000,540000,528000,2.2,Mensual,Bancaseguros,15,Vencida,,
POL-004704,CLI-04979,Seguro de Salud,2025-04-15,2026-04-15,62000000,1478000,1398000,5.7,Semestral,Bancaseguros,0,Activo,,
POL-000992,CLI-00626,Salud,12/12/2023,2024-12-11,87000000,1790000,,3.5,Anual,Bancaseguros,5,Vencida,,
POL-006777,CLI-03571,  Vida,19/02/2025,2026-02-19,73000000,339000,320000,6.0,Mensual,Bancaseguros,10,Activa,,
POL-002528,CLI-04244,  Salud,18/02/2025,2026/02/18,41000000,1009000,1005000,0.4,Semestral,Web,15,Activa,,
POL-008058,CLI-01736,Hogar,09/03/2024,2025/03/09,353000000,1374000,1124000,22.2,Semestral,Bancaseguros,5,Renovada,,
POL-008015,CLI-00823,Salud,16/04/2025,2026-04-16,103000000,2253000,2154000,4.6,Anual,Agencia,0,Activa,,
POL-000583,CLI-00576, Auto ,2025-04-21,2026-04-21,152000000,5300000,4200000,26.2,Anual,WEB,0,Activa,,
POL-003659,CLI-02149,Hogar,2022-08-04,04/08/2023,299000000,1009000,915000,10.3,Mensual,Bancaseguros,10,VENCIDA,,
POL-003454,CLI-04322,HOGAR,10/10/2024,2025-10-10,374000000,1633000,1542000,5.9,Anual,Web,5,Vencida,,
POL-001270,CLI-01011,Hogar,2024-12-12,2025-12-12,295000000,1116000,1091000,2.3,Mensual,Agencia,5,Renovada,,
POL-003242,CLI-04495,Auto,2023-01-06,06/01/2024,51000000,2402000,1875000,28.1,Anual,Agencia,5,Vencida,,
POL-003697,CLI-03862,Vida,27/08/2021,2022-08-27,206000000,,627000,9.3,Anual,Asesor comercial,5,Cancelada,2021-12-08,Cambio de aseguradora
POL-008314,CLI-04157,Salud,2021-10-04,2022-10-04,137000000,,1778000,6.1,ANUAL,Web,10,Cancelada,2022/07/07,Venta/pérdida del bien  
POL-004569,CLI-02094,Auto,05/03/2025,2026-03-05,64000000,2517000,2475000,1.7, Mensual ,Asesor comercial  ,15,Activa,,
POL-001831,CLI-03138,Salud,05/11/2024,2025-11-05,123000000,2418000,2198000,10.0,Anual,Web,10,Renovada,,
POL-003281,CLI-02896,Seguro de Salud,2024-10-13,13/10/2025,67000000,1477000,1213000,21.8,Anual,Bancaseguros,0,Vencida,,
POL-000355,CLI-02734,hogar,21/07/2024,2025-07-21,172000000,618000,568000,8.8,Mensual,Web,15,Renovada,,
POL-003411,CLI-02493,Auto,2023-04-03,2024-04-02,56000000,2176000,,16.2,Mensual,Web,0,Vencida,,
POL-004094,CLI-02374,Salud,17/03/2023,2024-03-16,100000000,1553000,1514000,2.6,Mensual,ASESOR COMERCIAL,5,Renovada,,
POL-006653,CLI-05018,Vida,2024-10-01,2025/10/01,610000000,2689000,2641000,1.8,MENSUAL,Corredor,15,Vencida,,
POL-001757,CLI-03726,Auto,2024/07/23,23/07/2025,105000000,4225000,3803000,11.1,Mensual,Web,5,Vencida,,
POL-006501,CLI-01189,Salud  ,2025/06/20,2026-06-20,243000000,4575000,4420000,3.5,Mensual,Bancaseguros,0,Activa,,
POL-006743,CLI-02303,Auto,2024/12/19,19/12/2025,70000000,2148000,2063000,4.1,Mensual,Corredor,5,VENCIDA,,
POL-007071,CLI-03670,Hogar,2025-02-06,2026-02-06,185000000,632000,595000,6.3,Mensual,Bancaseguros,15,Activa,,
POL-004088,CLI-02895,  Salud,2023-07-03,02/07/2024,50000000,1039000,970000,7.1,Anual,Web,5,Renovado,,
POL-006613,cli-02510,Vida,31/12/2024,2025-12-31,258000000,1053000,974000,8.1,Trimestral,asesor comercial,10,Renovada,,
POL-002598,CLI-00408,Auto,26/05/2025,26/05/2026,48000000,1895000,1861000,1.8,Mensual,Agencia,5,Activa,,
POL-007235,CLI-04766,Auto,2025-06-06,2026-06-06,58000000,2707000,2137000,26.7,Anual,Agencia,5,Activa,,
POL-003048,CLI-03887,Auto,2024-11-02,02/11/2025,77000000,3433000,3110000,10.4,Anual,Web,0,Cancelada,2024-12-18,Falta de pago
POL-000370,CLI-02742,Vida,2021-12-17,2022-12-17,304000000,1187000,1137000,4.4,Anual,Agencia,0,Renovado,,
POL-005521,CLI-01925,SALUD,2021-05-02,02/05/2022,72000000,1136000,1014000,12.0,Anual,Asesor comercial,10,Renovada,,
POL-003144,CLI-05008,Auto,09/05/2021,2022-05-09,61000000,2466000,2488000,-0.9,Semestral,Web,5,Renovada  ,,
POL-007921,CLI-01647, Salud ,2023-06-03,02/06/2024,84000000,1190000,1212000,-1.8,Semestral,ASESOR COMERCIAL,0,Vencida,,
POL-001013,CLI-01918,Auto,2021-09-13,2022-09-13,72000000,2671000,2619000,2.0,Anual,Agencia,5,Vencida,,
POL-001146,CLI-01860,Hogar,2023-06-04,2024/06/03,122000000,490000,461000,6.2,Mensual,Asesor comercial,10,Renovada,,
POL-005079,CLI-01048,AUTO,2025-06-11,11/06/2026,64000000,2792000,2629000,6.2,Semestral,AGENCIA,5,Activa,,
POL-002303,CLI-01078,Auto,2022-11-03,2023-11-03,58000000,1769000,1443000,,Anual,Corredor,5,Renovado,,
POL-000104,CLI-03489,auto,2025-03-11,2026-03-11,42000000,2230000,2148000,3.8,Mensual,Asesor comercial,0,Activa,,
POL-005308,CLI-02605,Auto,2025-02-28,2026-02-28,66000000,2228000,2018000,10.4,Trimestral,Web,0, Cancelada ,2025-05-15,  Cambio de aseguradora
POL-000141,CLI-00714,Hogar,2024-03-06,2025/03/06,336000000,1082000,,1.7,Anual,Asesor comercial,0,Vencida,,
POL-006361,CLI-00354,Salud  ,08/01/2024,2025-01-07,431000000,8017000,7578000,5.8,  Trimestral,Web,5,Renovada,,
POL-002539,CLI-01227,VIDA,2025-02-04,2026-02-04,157000000,492000,472000,4.2,Anual,Agencia,5,Activa,,
POL-001815,CLI-04808,VIDA,07/02/2021,2022-02-07,170000000,670000,639000,4.9,Mensual,ASESOR COMERCIAL,0,Vencida,,
POL-004781,CLI-02326,Auto,2021-12-14,14/12/2022,58000000,2445000,2199000,11.2,Semestral,Asesor comercial  ,10,Renovada,,
POL-007673,CLI-02996,Salud,2023-11-16,2024-11-15,125000000,2555000,2283000,11.9,semestral,  Agencia,15,  Vencida,,
POL-005388,CLI-03175,Salud,2025-01-12,12/01/2026,82000000,1607000,1217000,32.1,Anual,Asesor comercial,0,Cancelada,10/12/2025,Precio
POL-005758,CLI-00702,HOGAR,11/01/2021,2022-01-11,363000000,1439000,1251000,15.0,Mensual,Web,5,Renovada,,
POL-004577,CLI-04634,Auto,10/09/2023,2024-09-09,80000000,3459000,3245000,6.6,Semestral,Bancaseguros,10,RENOVADA,,
POL-000952,CLI-04096,Auto,2024/12/05,2025-12-05,77000000,2743000,2760000,-0.6,Anual,Asesor comercial,5,Cancelada,12/11/2025,Venta/pérdida del bien
POL-001778,CLI-03910,auto,06/09/2024,2025/09/06,57000000,2797000,2842000,-1.6,mensual,WEB,0,Renovada,,
POL-001496,CLI-03615,SALUD,2023-09-09,2024-09-08,103000000,2678000,2526000,6.0,MENSUAL,Corredor,10,Renovada,,
POL-000654,CLI-01454,Auto,2024/05/31,31/05/2025,38000000,1536000,1463000,5.0,Semestral,Corredor,5,Renovada,,
POL-000887,CLI-02167,Seguro Auto,2024/05/11,11/05/2025,33000000,2014000,1893000,6.4,Mensual,Corredor,10,Vencida,,
POL-007749,CLI-01270,Hogar,2023-06-30,29/06/2024,228000000,985000,907000,8.6,  Trimestral,Corredor,5,  Renovada,,
POL-005534,CLI-00283,Salud,2025-02-27,27/02/2026,131000000,2774000,2171000,27.8,Anual,Web,5,Activa,,
POL-003633,CLI-00774,Vida,19/04/2024,2025-04-19,201000000,648000,615000,5.4,Anual,Asesor comercial,0,Renovado,,
POL-006938,CLI-00152,Auto,2024/09/16,2025-09-16,60000000,2369000,2148000,10.3,Anual,Web,10,Vencida,,
POL-000676,CLI-02415,Auto,,2024-09-28,84000000,3461000,3208000,7.9,Anual,Asesor comercial,5,Cancelada,2024-08-21,Precio
POL-004101,CLI-03698,Auto,2024/12/02,02/12/2025,26000000,1284000,1180000,8.8,Mensual,Corredor,5,Renovada,,
POL-005493,CLI-04990,Vida,27/06/2025,2026-06-27,183000000,538000,523000,2.9,MENSUAL,ASESOR COMERCIAL,0,Activa,,
POL-002369,CLI-04376,Auto,12/03/2025,12/03/2026,78000000,2218000,2308000,-3.9,TRIMESTRAL,Asesor comercial,5,Activa,,
POL-007672,CLI-00123,Auto,2021-11-10,10/11/2022,49000000,1764000,1649000,7.0,Anual,Web,10,VENCIDA,,
POL-001581,CLI-02270,Auto,05/05/2024,2025/05/05,74000000,2441000,2281000,7.0,Semestral,Asesor comercial,0,Renovada,,
POL-003092,CLI-01821,Salud,2023-09-17,2024/09/16,256000000,4624000,4162000,11.1,Mensual,Web,5,Renovada,,
POL-000917,CLI-00407,VIDA,2022/05/19,2023-05-19,236000000,1069000,1028000,4.0,Anual,Agencia,10,Renovada  ,,
POL-006548,CLI-03287,Auto,2025-02-17,2026-02-17,48000000,1805000,1685000,7.1,Mensual,Bancaseguros,0,Activa,,
POL-007776,CLI-01038,Auto,2024-04-28,2025/04/28,59000000,,2036000,9.8,Mensual,Corredor,15,  Renovada,,
POL-005637,CLI-04052,Vida,2021-10-24,2022-10-24,512000000,2516000,2321000,8.4,Mensual,Asesor comercial,5,Renovada,,
POL-005345,CLI-02178,Hogar,2021-06-03,2022/06/03,163000000,540000,505000,6.9,Trimestral,Agencia,5,Vencida,,
POL-004515,CLI-04541,Auto,02/02/2024,,39000000,1398000,1361000,2.7,Trimestral,Corredor,15,Vencida,,
POL-008063,CLI-02438,Vida,2024-10-21,2025-10-21,133000000,635000,597000,6.3,Mensual,Asesor comercial,0,Vencida,,
POL-000133,CLI-02447,Hogar,2023-06-23,2024-06-22,95000000,438000,422000,3.9,Mensual,Web,5,Vencida,,
POL-001834,CLI-03464,Vida,19/03/2025,19/03/2026,931000000,3673000,3552000,3.4,Anual,Corredor,0,Suspendida,,
POL-002754,CLI-00956,Salud,2024-01-04,03/01/2025,178000000,4449000,4431000,0.4,Mensual,Web,5,  Renovada,,
POL-005984,CLI-04655,Auto,2023-11-24,2024/11/23,61000000,2681000,2534000,5.8,Trimestral,Bancaseguros,10,Vencida,,
POL-001617,CLI-05063,Salud,13/03/2025,2026/03/13,112000000,2827000,2737000,3.3,Anual,Asesor comercial,5,Cancelada,2025/07/04,Falta de pago
POL-001248,CLI-04092,Auto,2025-04-15,15/04/2026,16000000,557000,547000,1.8,Trimestral  ,Agencia,5,  Cancelada,2025/05/22,Otro
POL-001785,CLI-02318, Auto ,26/07/2021,2022-07-26,132000000,6167000,5885000,4.8,Mensual,Asesor comercial,15,Renovada,,
POL-005128,CLI-02561,salud,01/01/2024,2024/12/31,181000000,3615000,3466000,4.3,Semestral,Corredor,5,Renovada,,
POL-000216,CLI-02451,Hogar,20/01/2024,2025/01/19,290000000,1086000,995000,9.2,Anual,Bancaseguros,5,Vencida,,
POL-003210,CLI-00347,Salud,2025-05-12,2026-05-12,83000000,0,1546000,24.5,Anual,Web,0,Activa,,
POL-003803,CLI-04933,Auto,2025-01-13,2026-01-13,105000000,4465000,4456000,0.2,Mensual,Web,5,Activa,,
POL-000275,CLI-02304,Salud,2025-03-16,2026-03-16,171000000,3484000,3446000,1.1,Anual,Asesor comercial,15,Activa,,
POL-006313,CLI-00133,Salud,2024-11-20,2025/11/20,120000000,1824000,1739000,4.9,Mensual,Agencia,15,Vencida,,
POL-000644,CLI-04690,Salud,25/02/2024,2025-02-24,166000000,4037000,3724000,8.4,Anual,Asesor comercial,10,Cancelada,INVALID_DATE,Reclamo rechazado / insatisfacción
POL-003846,CLI-00936,auto,2024-08-17,17/08/2025,88000000,2741000,2638000,3.9,Semestral,Bancaseguros,5,Vencida,,
POL-006722,CLI-01010,Auto,10/03/2025,2026-03-10,70000000,3225000,3086000,4.5,Trimestral,Asesor comercial,10,Activa,,
POL-004026,CLI-03577,Auto,06/08/2022,06/08/2023,46000000,2010000,2018000,-0.4,Mensual,Agencia,15,Vencida,,
POL-002384,CLI-01226,Vida,2022-12-06,2023-12-06,173000000,563000,531000,6.0,Anual,Agencia,15,Renovada,,
POL-001699,CLI-04998,seguro de vida,03/04/2023,2024-04-02,193000000,645000,598000,7.8,Anual,Web,15, Renovada ,,
POL-005731,CLI-00865,HOGAR,10/02/2024,2025-02-09,406000000,1369000,1290000,6.1,MENSUAL,Bancaseguros,5,Vencida,,
POL-005673,CLI-02670,Hogar,2024/06/07,2025-06-07,400000000,1816000,1704000,6.6,Mensual,Web,0,  Renovada,,
POL-003088,CLI-00584,Salud,2021-07-11,2022-07-11,86000000,1825000,1641000,11.2,Mensual,Asesor comercial,15,Cancelada,2022/06/15,Otro
POL-002774,CLI-01653,Auto,07/01/2024,2025/01/06,27000000,1273000,1190000,7.0,Mensual,Agencia,10,Renovada,,
POL-004958,CLI-03905,Auto,2025-04-13,2026-04-13,78000000,2527000,2407000,5.0,Semestral,Corredor,10,Cancelada,2025-12-20,Falta de pago
POL-003119,CLI-00900,Salud,2024-01-02,2025-01-01,94000000,1829000,1695000,7.9,Semestral,Bancaseguros,0,Renovada,,
POL-005117,CLI-04194,Auto,15/04/2025,2026/04/15,39000000,1486000,1405000,5.8,Trimestral,Agencia,10,Activa,,
POL-007959,CLI-02935,Salud,2024-08-17,2025-08-17,224000000,4145000,3933000,5.4,Semestral, Corredor ,5,Renovada,,
POL-005175,CLI-02106,Salud,2024-02-06,2025/02/05,140000000,2932000,2800000,4.7,Mensual,Web,10,Cancelada,2024/09/02,Falta de pago
POL-007369,CLI-01088,Salud,15/12/2023,2024-12-14,143000000,4788000,4450000,7.6, Mensual ,Agencia,5,RENOVADA,,
POL-003227,CLI-01400,Vida,2024-06-16,16/06/2025,224000000,798000,753000,6.0,Mensual,Asesor comercial,0,Renovada,,
POL-007052,CLI-04579,Auto,2024-02-24,2025-02-23,73000000,3514000,3174000,10.7,Mensual,  Web,5,Cancelada,2024-08-25,Otro
POL-005571,CLI-03424,Auto,2025-01-10,2026-01-10,61000000,3588000,3450000,4.0,Mensual,WEB,10,Activa,,
POL-000128,CLI-01487,Auto,,27/04/2025,43000000,1648000,1613000,2.2,Mensual,Web,5,Renovada  ,,
POL-003890,CLI-03420,Auto,10/04/2025,10/04/2026,31000000,961000,942000,2.0,MENSUAL, Asesor comercial ,15,Activa,,
POL-006301,CLI-00048,Auto,2023-04-06,2024/04/05,73000000,3177000,3115000,2.0,Anual,Agencia,5,Renovada,,
POL-005656,CLI-04280,Vehículo,2024/06/12,2025/06/12,68000000,0,2962000,0.2,Mensual,Asesor comercial,5,Renovada  ,,
POL-001185,CLI-00258,Auto  ,2024-04-28,2025-04-28,36000000,968000,943000,2.6,Anual,Agencia,15,Renovada,,
POL-001750,CLI-04601,Vehículo,04/06/2025,2026-06-04,34000000,1253000,908000,38.0,Anual,Agencia,10,Cancelada,2025-11-10,Venta/pérdida del bien
POL-004537,CLI-02809,VEHICULO,2024-07-26,26/07/2025,44000000,2115000,2028000,4.3,Mensual,Asesor comercial,0,Renovada,,
POL-001608,CLI-01202,Vivienda,22/06/2025,2026-06-22,254000000,1125000,1084000,3.8,Mensual,Corredor,10,Activa,,
POL-003683,CLI-02747,Hogar,19/02/2023,2024-02-19,163000000,539000,506000,6.5,Semestral,Corredor,0,Renovada,,
POL-003384,CLI-01724,Auto,2024/12/30,30/12/2025,106000000,4382000,3969000,10.4,Mensual,Corredor,0,Cancelada,2025-07-24,Falta de pago
POL-001684,CLI-01703,Hogar,2024-05-26,INVALID_DATE,222000000,840000,748000,12.3,Mensual,Web,5,Renovada,,
POL-006736,CLI-00855,Vida,25/07/2022,25/07/2023,526000000,1894000,,37.8,Trimestral,Web,15,Cancelada,21/11/2022,Cambio de aseguradora
POL-002522,CLI-02146,Hogar,13/07/2024,2025-07-13,200000000,850000,633000,34.3,Mensual,AGENCIA,15,Cancelada,2025-06-14,Precio
POL-000802,CLI-00507,Auto,18/02/2023,18/02/2024,77000000,3602000,2803000,28.5,Anual  ,Corredor,5,Renovada,,
POL-000431,CLI-03602,  Hogar,2025/01/01,2026-01-01,179000000,975000,941000,3.6,MENSUAL,Asesor comercial,0,Activa,,
POL-001841,CLI-01968,Auto,2024-08-29,2025/08/29,57000000,2338000,1876000,24.6,Mensual,Bancaseguros,10,renovada,,
POL-000512,CLI-01484,Salud,2022-04-27,2023-04-27,289000000,6741000,6494000,3.8,Mensual,Asesor comercial,0,Renovada,,
POL-004808,CLI-02881, Salud ,2022-03-23,2023-03-23,,2381000,2395000,-0.6,Semestral,Asesor comercial,5,renovada,,
POL-000025,CLI-03438,Hogar,25/10/2021,25/10/2022,250000000,860000,821000,4.8,Mensual,Agencia,10,Expirada,,
POL-007761,CLI-02840,Auto,07/03/2025,2026-03-07,71000000,3767000,3608000,4.4,Anual, Asesor comercial ,0,Cancelada,03/07/2025,Falta de pago
POL-006860,CLI-00730,Salud  ,2024-08-26,26/08/2025,117000000,2328000,,9.9,Anual,Asesor comercial,5,Renovada,,
POL-007865,CLI-01615,  Automóvil,,2023-03-14,43000000,2023000,1985000,1.9,Semestral,Corredor,10,Vencida,,
POL-001091,CLI-02263,Hogar,,2022/01/28,146000000,727000,,6.9,Mensual  ,Asesor comercial,15,Vencida,,
POL-002060,CLI-00845,Hogar  ,28/04/2025,2026-04-28,188000000,659000,497000,32.7,Semestral,Agencia,0,Activo,,
POL-005761,CLI-02880,Auto,15/10/2024,2025/10/15,64000000,2758000,2456000,12.3,Semestral,Asesor comercial,5,Vencida,,
POL-003029,CLI-00654,Auto,27/07/2024,27/07/2025,71000000,4289000,4124000,4.0,Anual  ,Agencia,5,Vencida,,
POL-002138,CLI-04004,Hogar,2024/03/17,2025-03-17,551000000,2104000,1939000,8.5,Anual,Agencia,15,Renovada,,
POL-005367,CLI-01203,SALUD,2022-05-24,2023-05-24,94000000,1256000,1149000,9.3,Mensual,Web,5,Renovada,,
POL-007229,CLI-01713,hogar,23/12/2023,2024-12-22,69000000,274000,267000,2.8,Anual,Corredor,0,VENCIDA,INVALID_DATE,
POL-005890,CLI-03784,Salud,2023/02/26,2024/02/26,214000000,4865000,4611000,5.5,Anual,Asesor comercial,5,Renovada,,
POL-000037,CLI-01361,Salud,26/08/2023,25/08/2024,122000000,3157000,2548000,23.9,Mensual,Web,5,Cancelada,09/03/2024, Precio 
POL-007737,CLI-02796,Auto,2025-06-29,2026-06-29,29000000,1090000,1041000,4.7,  Anual,Asesor comercial,0,Activa,,
POL-006322,CLI-92474,Seguro Auto,2023-04-25,2024/04/24,46000000,1857000,1775000,4.6,Anual,Agencia,5,Renovada,,
POL-008171,CLI-04564,Salud  ,2022-10-18,2023/10/18,131000000,3572000,3461000,,Anual,Web,10,Vencida,,
POL-005954,CLI-01955,Vida,20/09/2022,2023-09-20,734000000,2753000,1985000,38.7,Trimestral,Asesor  comercial,10,Renovada,,
POL-005102,CLI-01555,Auto,2024/03/14,2025-03-14,37000000,1537000,1445000,6.4,Mensual,Corredor,5,Renovada,,
POL-004596,CLI-00273,vida,,11/03/2026,592000000,2257000,2154000,4.8,Mensual,asesor comercial,10, Activa ,,
POL-006540,CLI-01220,Salud  ,05/12/2023,2024-12-04,97000000,1804000,1707000,5.7,Mensual,Asesor comercial,5,Renovada,,
POL-004693,CLI-05191,Hogar,25/07/2024,25/07/2025,,704000,697000,1.0,Anual,Corredor,5,Renovada,,
POL-007210,CLI-00669,  Auto,2025/02/24,2026-02-24,61000000,2077000,1629000,27.5,Mensual,Asesor comercial,5,Vigente,,
POL-003362,CLI-02857,Hogar,2021-07-01,2022/07/01,564000000,2365000,2186000,8.2,Mensual,Asesor comercial,15,Cancelada,2021-08-11,Otro
POL-005146,CLI-02294,Auto,15/07/2024,15/07/2025,53000000,2036000,2002000,1.7,TRIMESTRAL,Web,5, Renovada ,,
POL-005182,CLI-01258,Hogar,2021-12-31,2022-12-31,228000000,853000,793000,7.6,Mensual,Asesor comercial,0,Vencida,,
POL-007415,CLI-05167,Salud,INVALID_DATE,09/04/2022,95000000,1552000,1502000,3.3,Mensual,Asesor comercial,5,  Renovada,,
POL-006258,CLI-02800,Vida,2025-02-13,2026/02/13,435000000,,1546000,6.2,Mensual,Asesor comercial,15,Activa,,
POL-007757,CLI-00243,Salud,2025-02-10,2026-02-10,251000000,,5283000,3.1,Anual,Web,5,Vigente,,
POL-004343,CLI-02756,Salud,2021-09-13,13/09/2022,162000000,3272000,3152000,3.8,Mensual,Asesor comercial,10,Renovada,,
POL-003284,CLI-04345,Auto,2024-07-08,2025-07-08,99000000,3753000,3581000,4.8, Mensual ,Bancaseguros,15,Renovada,,
POL-005330,CLI-03954,Hogar,2021-09-15,2022-09-15,75000000,280000,266000,5.1,Anual,ASESOR COMERCIAL,0,  Cancelada,24/10/2021,Cambio de aseguradora
POL-005487,CLI-04740,Vida,2023-08-26,2024-08-25,484000000,2011000,1869000,,Trimestral,Bancaseguros,0,Vencida,,
POL-001177,CLI-02057,Salud,2022/08/28,28/08/2023,213000000,4115000,3968000,3.7,Mensual,Bancaseguros,0,Vencida,,
POL-000206, CLI-04310 ,HOGAR,01/09/2021,INVALID_DATE,354000000,1383000,1311000,5.5,Anual,Asesor comercial,5,Cancelada,2022-07-10,Precio
POL-007558,CLI-00337,Auto,2025-06-16,16/06/2026,71000000,2766000,2545000,8.7,Anual  , Agencia ,5,Activa,,
POL-006734,CLI-05030,Auto,2023-02-17,17/02/2024,47000000,1637000,1524000,7.4,  Mensual,CORREDOR,5,Vencida,,
POL-005997,CLI-02863,AUTO,2024-08-16,16/08/2025,47000000,1803000,1722000,4.7,Anual,Bancaseguros,5,Vencida,,
POL-001696,CLI-04338,Auto,2023/01/21,2024-01-21,140000000,4754000,3697000,28.6,Mensual,Bancaseguros,5,Renovada,,
POL-001391,CLI-03417,Auto,27/01/2021,2022-01-27,114000000,3306000,3087000,7.1,Mensual,Bancaseguros  ,5,Cancelada,2021-04-13,Cambio de aseguradora
POL-002615,CLI-00954,Auto,2024-08-22,2025/08/22,71000000,3404000,3331000,,Mensual,CORREDOR,10,Renovada,,
POL-006170,CLI-04387,Salud,2023/02/20,20/02/2024,95000000,2709000,2546000,6.4,Anual,Bancaseguros,0,Expirada,,
POL-006305,CLI-02457,Auto,2025-05-04,2026-05-04,47000000,1254000,1123000,11.7,Mensual,Agencia,5,Activa,,
POL-005118,CLI-04386,Salud,2024-06-01,01/06/2025,123000000,2711000,2575000,5.3,Mensual,Bancaseguros,0,Vencida,,
POL-003080,CLI-01875,Auto,26/04/2025,2026-04-26,40000000,1185000,1076000,10.1,Trimestral,BANCASEGUROS,15,Cancelada,2025/09/18,Falta de pago
POL-002616, CLI-04935 ,salud,2023-10-01,2024/09/30,133000000,2707000,,8.8,Mensual,Asesor comercial,5,Renovada,,
POL-007301,CLI-03403,Salud,2025-04-12,12/04/2026,70000000,1621000,1689000,-4.0,Anual,Agencia,5,Activa,,
POL-002968,CLI-03892,VIDA,2021-11-23,2022-11-23,154000000,539000,505000,6.7,Mensual,Web,5,Renovada  ,,
POL-006065,CLI-01486,Auto,2024-05-27,2025/05/27,48000000,1652000,1538000,7.4,Anual,Agencia,5,Vencida,,
POL-006456,CLI-03278,Salud,2025-01-19,2026-01-19,44000000,965000,887000,8.8,Anual  ,Web,15, Cancelada ,15/05/2025,cambio de aseguradora
POL-003908,CLI-04106,Salud,2023-11-20,2024/11/19,125000000,3116000,2469000,26.2,Anual,Bancaseguros,15,Renovada,,
POL-006769,CLI-03291,Vehículo,2022-09-26,2023-09-26,94000000,3503000,3179000,10.2,Semestral,Web,0,Renovada,,
POL-003644,CLI-02434,Auto,,2024-07-05,56000000,1574000,1533000,2.7,Mensual,  Bancaseguros,5,Cancelada,2024/01/20,Cambio de aseguradora
POL-003512,CLI-04708, Salud ,2023-12-01,2024/11/30,259000000,8130000,7994000,1.7,Mensual,  Asesor comercial,10,Renovada,,
POL-006545,CLI-04656,Auto,19/02/2022,19/02/2023,42000000,2011000,1853000,8.5,Anual,Web,10,Vencida,,
POL-002896,CLI-01822,Salud,22/11/2021,2022-11-22,164000000,3469000,3332000,4.1, Mensual ,Corredor,0,Renovado,,
POL-005714,CLI-03102,Salud,22/09/2022,2023/09/22,142000000,2944000,2739000,7.5,Mensual,Corredor,0,Vencida,,
POL-004429,CLI-01689,Vida,2021-11-06,2022-11-06,263000000,781000,596000,31.1,Anual,Asesor comercial,5,Cancelada,2022-09-28,Precio
POL-008205,CLI-01080,Auto,2024-08-25,2025-08-25,67000000,3089000,2900000,,Mensual,Agencia,0,Renovada,,
POL-004916,CLI-00056,Auto,,2026/05/13,32000000,1263000,997000,26.7,Anual,Asesor comercial,0,Cancelada,05/12/2025,PRECIO
POL-005695,CLI-02661,Salud,09/04/2022,2023-04-09,227000000,5122000,4864000,5.3,Anual,Asesor comercial,0,Renovada,,
POL-001531,CLI-04645,Hogar,2021/12/02,2022-12-02,180000000,748000,689000,8.6,Mensual,Bancaseguros,0,Cancelada,23/11/2022,Reclamo rechazado / insatisfacción
POL-006310,CLI-00487,Vida,13/02/2025,2026/02/13,190000000,590000,553000,6.6,Anual,Corredor,5, Activa ,,
POL-000335,CLI-00345,Hogar,2021/11/14,2022/11/14,221000000,949000,876000,8.3,Anual,Agencia,15,Renovada,,
POL-003981,CLI-03044,Auto,2024-08-13,13/08/2025,44000000,1844000,1771000,4.1,Mensual,Web,0,Renovada,,
POL-008002,CLI-05088,Hogar,2023-11-26,2024-11-25,203000000,763000,694000,9.9,Mensual,Asesor comercial,5,Vencida,,
POL-008097,CLI-03927,Auto,2022-11-12,2023-11-12,79000000,3301000,2833000,16.5,Anual,Agencia,10,Renovada,,
POL-003646,CLI-04043,SALUD,2023/01/14,14/01/2024,97000000,2200000,2035000,8.1,Mensual,Agencia,0,Cancelada,2023-10-17,Falta de pago
POL-004214,CLI-05079,Salud,2022/08/02,2023-08-02,118000000,3282000,3237000,1.4,Semestral,Agencia,5,Cancelada,03/07/2023,Reclamo rechazado / insatisfacción
POL-004638,CLI-02586,Hogar  ,2023-04-09,08/04/2024,250000000,1085000,808000,34.3,TRIMESTRAL,Asesor comercial,15,Cancelada,2023-06-15,Otro
POL-004562,CLI-03223,Salud,10/07/2021,2022/07/10,102000000,2117000,1957000,8.2,Mensual,Agencia,0,VENCIDA,,
POL-007716,CLI-01591,Salud,20/01/2025,2026-01-20,186000000,5534000,5096000,8.6, Mensual ,Bancaseguros,15,Activa,,
POL-001316,CLI-04391,Auto,2022/11/21,2023-11-21,58000000,2477000,2400000,3.2,Mensual,Web,0,Renovada,,
POL-004387,CLI-01797,Hogar,2024-12-01,01/12/2025,196000000,807000,632000,27.7,Mensual,Agencia,0,Renovada,,
POL-002061,CLI-05120,Salud,2021-06-17,2022-06-17,133000000,3663000,3404000,7.6,Mensual,asesor comercial,0,Renovada,,
POL-000118,CLI-00665,Auto,18/06/2022,,100000000,4301000,4292000,0.2,Mensual,Agencia,15,Renovada,,
POL-002265,CLI-03307,Vida,13/09/2024,2025/09/13,372000000,1029000,865000,19.0,Anual,Bancaseguros,10,Cancelada,21/04/2025,Falta de pago
POL-003914,CLI-04218,Salud,2024/09/11,2025-09-11,172000000,3455000,3445000,0.3,Mensual,Bancaseguros,5,Renovada,,
POL-002076,CLI-00832,Hogar,,02/11/2025,218000000,815000,806000,1.1,Anual,Corredor,0,Renovada,,
POL-004964,CLI-03642,Vida,2024-11-25,25/11/2025,260000000,931000,908000,2.5,Anual,Asesor comercial,0,Renovado,,
POL-001005,CLI-00529,Hogar,22/09/2021,22/09/2022,75000000,311000,298000,4.4,Mensual,Agencia,10,Expirada,,
POL-007722,CLI-04271,salud,2021-11-29,29/11/2022,145000000,3882000,2925000,32.7,Anual,Corredor,10,Renovada  ,,
POL-006127,CLI-03945,Auto,08/07/2024,2025-07-08,71000000,2846000,2630000,8.2,Anual, Corredor ,15,Cancelada,04/10/2024,Otro
POL-007752,CLI-03762,Hogar,26/03/2021,26/03/2022,77000000,347000,351000,-1.0,Mensual,Bancaseguros,5,Vencida,,
POL-006267,CLI-02472, Salud ,2023/11/30,2024-11-29,188000000,4680000,4708000,-0.6,Mensual,Web,0,Vencida,,
POL-004974,CLI-05009,AUTO,2023-11-29,2024/11/28,53000000,2968000,2837000,4.6,Mensual,CORREDOR,5,Renovada,,
POL-001405,cli-02463,Salud,2024-04-28,2025-04-28,110000000,2437000,2474000,-1.5,Mensual,Bancaseguros,10,  Vencida,,
POL-008296,CLI-02391,Hogar,29/03/2022,2023-03-29,112000000,417000,421000,-1.0,Anual,Asesor comercial,5,Vencida,,
POL-002939,CLI-04701,Auto,2025/01/03,03/01/2026,81000000,2727000,2612000,4.4,Trimestral,Asesor comercial,5,Activa,,
POL-001809,CLI-03257,Salud  ,19/03/2023,18/03/2024,152000000,4426000,4168000,6.2,Mensual,Corredor,10,cancelada,30/12/2023,Venta/pérdida del bien
POL-004116,CLI-02103,AUTO,2025/02/13,INVALID_DATE,102000000,3686000,3568000,3.3,Trimestral,Corredor,15,Activa,,
POL-001520,CLI-04042,Salud,10/12/2023,2024-12-09,106000000,2373000,2302000,3.1,Semestral,Asesor comercial,10,Renovada  ,,
POL-007024,CLI-01891,Vida,,2026-06-01,175000000,427000,390000,9.5,Trimestral,Asesor comercial,5,Activa,,
POL-007009,CLI-00187,AUTO,2022-05-19,19/05/2023,106000000,,3861000,5.4,Anual,Bancaseguros,10,Renovada,,
POL-003727,CLI-02424,Auto,2022-09-25,2023-09-25,26000000,874000,882000,-0.9,Mensual,Asesor comercial,0,Cancelada,2023/02/12,Cambio de aseguradora
POL-002809,CLI-04075,auto,18/12/2024,18/12/2025,96000000,4050000,3025000,33.9,Mensual,Asesor comercial,5,Renovada,,
POL-004935,CLI-00346, Salud ,2025-03-29,,242000000,4768000,4272000,11.6,Anual,Agencia,10,Activa,,
POL-000125,CLI-03076,Auto,2024-09-29,2025/09/29,51000000,2246000,2083000,7.8,Mensual,Agencia,15,Renovada,,
POL-000189,CLI-03091,Auto,2024-02-13,2025/02/12,23000000,1053000,1036000,1.6,Anual,Asesor comercial,0,Renovada,,
POL-006969,CLI-04004,Hogar,2023-01-25,2024-01-25,289000000,1121000,883000,27.0,Mensual,Agencia,15,  Renovada,,
POL-005434,CLI-00620,Vida,19/04/2024,19/04/2025,184000000,708000,672000,5.3,Anual,ASESOR COMERCIAL,5,  Vencida,,
POL-002180,CLI-00530,Auto,2023-03-22,21/03/2024,96000000,3378000,2689000,25.6,Anual,Asesor comercial,5,Vencida,,
POL-008197,CLI-01064,Hogar,2024-01-10,09/01/2025,101000000,430000,418000,2.9,Mensual,Web,10,Vencida,,
POL-003285,CLI-04844,  Hogar,2021-07-26,2022-07-26,60000000,229000,204000,12.0,Mensual,Asesor comercial,15,Renovada,,
POL-003833,CLI-04943,Auto,22/03/2023,21/03/2024,30000000,1147000,1088000,5.4,Trimestral,Asesor comercial,10,Renovada,,
POL-000735,CLI-03569,Auto,2021-05-23,2022-05-23,73000000,2961000,2775000,,Anual,Bancaseguros,0,renovada,,
POL-006878,CLI-03183,Vida,2024-09-13,2025/09/13,90000000,418000,402000,4.1,Anual,Agencia,5,Vencida,,
POL-007691,CLI-01226,Salud,2023-12-27,26/12/2024,89000000,1775000,1789000,-0.8,Mensual,Corredor,0,Cancelada,2024-11-09,Reclamo rechazado / insatisfacción
POL-004099,CLI-04361,Auto,2021-11-13,2022-11-13,44000000,1995000,1732000,15.2,Trimestral,Asesor comercial,5,renovada,,
POL-005423,CLI-04128,Auto,2025-03-02,2026/03/02,72000000,3376000,2749000,22.8,Mensual,Agencia,5,Activa,,
POL-004240,CLI-01375,Auto,25/04/2022,2023-04-25,70000000,2794000,2651000,5.4,  Mensual,Corredor,5,Vencida,,
POL-003273,CLI-02416,Salud,2023-01-11,2024-01-11,211000000,4145000,4080000,1.6,Mensual,  Bancaseguros,5,Vencida,,
POL-006022,CLI-02060,Auto,28/06/2025,2026-06-28,90000000,4433000,3766000,17.7,Mensual,Bancaseguros,15,Activa,,
POL-003098,CLI-03975,Salud,2022-09-09,09/09/2023,82000000,,1827000,-4.0,Mensual,Asesor comercial,10,Renovada,,
POL-000623,CLI-04503,Auto,2025/01/06,2026-01-06,56000000,1659000,1583000,4.8,Anual,Agencia,5,ACTIVA,,
POL-008073,CLI-01639,Vida,2025-01-21,21/01/2026,372000000,1031000,948000,8.7,  Semestral,Corredor,0,Activa,,
POL-000021,CLI-03147,Auto,2024/12/18,2025/12/18,107000000,3307000,3102000,6.6,Mensual,Asesor comercial,10,Renovada  ,,
POL-000412,CLI-02234,  Auto,2023-04-08,07/04/2024,83000000,4031000,3340000,20.7,Mensual,Asesor comercial,5,Renovada,,
POL-003037,CLI-01785,Vida,2023-06-01,2024-05-31,271000000,887000,870000,1.9,Trimestral,Web,5,Renovada,,
POL-002181,CLI-04529,Auto,2024/06/20,2025-06-20,71000000,2542000,2451000,,Mensual,Asesor  comercial,10,Vencida,,
POL-001673,CLI-03873,Salud  ,2024/11/04,2025/11/04,,1951000,1936000,0.8,Mensual,Agencia,0,Vencida,,
POL-003117,CLI-04731,Hogar,29/09/2021,29/09/2022,305000000,1060000,1023000,3.6,Anual,Corredor,10,Cancelado,2022-08-22,Falta de pago
POL-000187,CLI-03211,Hogar,2025-01-07,07/01/2026,531000000,2468000,2260000,9.2,Mensual,Asesor comercial,15,ACTIVA,,
POL-001084,CLI-02086,SALUD,2021-07-21,2022-07-21,73000000,1491000,1386000,7.6,Anual,Bancaseguros,10,Vencida,,
POL-006659,CLI-00207,Automóvil,24/12/2021,2022-12-24,27000000,941000,844000,11.5,Semestral,Bancaseguros,5,Renovada,,
POL-007157,CLI-02967,Salud  ,07/12/2024,2025-12-07,106000000,1933000,1522000,,Trimestral,Asesor comercial,10,Renovada,,
POL-003569,CLI-05156,salud,09/09/2023,2024-09-08,110000000,2469000,2334000,5.8,Semestral,Web,15,Renovado,,
POL-004110,CLI-00191,Auto,2024-01-17,16/01/2025,93000000,4708000,4463000,5.5,Anual,Bancaseguros,15,CANCELADA,2025/01/04,Precio
POL-002681,CLI-01114,Auto,2025-03-16,2026-03-16,,718000,676000,6.2,Anual,Web,5,Activa,,
POL-004081,CLI-00133,Auto,2024-08-07,07/08/2025,45000000,1703000,1478000,15.2,Anual,Bancaseguros,10,Renovada,,
POL-000460,CLI-00688,Hogar,2024-10-14,2025-10-14,171000000,786000,697000,12.8,Mensual,Asesor comercial,0,Renovada,,
POL-002183,CLI-00317,Hogar  ,03/05/2021,2022-05-03,283000000,1080000,979000,10.3,Anual, Web ,0,Cancelada,07/10/2021,Otro
POL-004435,CLI-00303,Auto,29/04/2023,2024-04-28,107000000,3295000,3193000,3.2,Mensual,  Asesor comercial,0,Renovada,,
POL-007812,CLI-04446,Salud,2023/02/05,05/02/2024,99000000,2328000,1919000,21.3,Mensual,Agencia,5,VENCIDA,,
POL-002576,CLI-03917,SALUD,05/06/2023,2024-06-04,138000000,4449000,4181000,6.4,Anual,Agencia,10,Vencida,,
POL-000560,CLI-04921,Vida,03/02/2023,2024-02-03,326000000,1018000,988000,3.0,Mensual,Web,10,Renovada,,
POL-007283,CLI-00685,Hogar,2022-05-19,19/05/2023,,641000,655000,-2.2,Mensual,Bancaseguros,10,RENOVADA,,
POL-002758,CLI-01391,Salud,17/03/2023,16/03/2024,178000000,3840000,3640000,5.5,Anual,Asesor comercial,15,Anulada,13/12/2023,Precio
POL-001126,CLI-00718,Salud,2023/03/12,2024-03-11,118000000,2018000,1700000,18.7,Trimestral,Web,10,Renovada,,
POL-006384,CLI-02965,Vida,2023-10-15,2024/10/14,237000000,848000,815000,4.1,Anual,Bancaseguros,15,Vencida,,
POL-002148,CLI-00746,Auto,24/01/2024,2025-01-23,26000000,1157000,1042000,11.0,Mensual,  Bancaseguros,5,Vencida,,
POL-004379,CLI-02480,Vida,2024-03-29,2025-03-29,326000000,963000,933000,3.2,Mensual,Agencia,0,Renovada,,
POL-001618,CLI-00760,Salud,23/05/2021,2022/05/23,76000000,2053000,1937000,6.0,Anual,Asesor comercial  ,0,RENOVADA,,
POL-002169,CLI-00932,Salud,2025-06-05,05/06/2026,73000000,1887000,1530000,23.3,  Mensual,Web  ,5,Activa,,
POL-002514,CLI-02923,Salud,22/08/2024,2025-08-22,116000000,2880000,2751000,4.7,Trimestral,Web,0,Vencida,,
POL-002482,CLI-02155,Auto,16/01/2023,2024-01-16,49000000,1732000,1688000,2.6,Semestral,Agencia,0,RENOVADA,,
POL-003008,CLI-05195,Auto,2025-01-19,2026-01-19,41000000,2016000,1937000,4.1,Anual,Asesor comercial,0,Activa,,
POL-001650,CLI-00072,Salud,2025-04-08,08/04/2026,68000000,1538000,1444000,6.5,Mensual,Agencia,5,Activa,,
POL-005491,CLI-00606, Salud ,2021-10-08,2022-10-08,140000000,2680000,2505000,7.0,Mensual,Agencia,0,  Renovada,,
POL-005725,CLI-00990,Auto,2023-05-08,2024-05-07,68000000,2712000,2737000,-0.9,Anual,asesor comercial,0,Vencida,,
POL-007669,CLI-04303,Salud,2025-05-12,12/05/2026,190000000,4839000,4531000,6.8,Trimestral,Bancaseguros,0,Cancelada,27/08/2025,Cambio de aseguradora
POL-005745,CLI-00865,Hogar,06/02/2021,06/02/2022,385000000,1630000,1536000,6.1,Semestral,Asesor comercial,10,Cancelada,2021-08-30,Falta de pago
POL-000836,CLI-02851,vida,06/04/2025,06/04/2026,317000000,1046000,751000,39.2,Mensual,Agencia,15,Cancelada  ,,Precio
POL-000797,CLI-00108,Auto,26/01/2025,2026/01/26,52000000,1936000,1876000,3.2,Mensual,corredor,10,Activa,,
POL-000912,CLI-02408,Hogar,21/02/2022,2023/02/21,437000000,1880000,1403000,34.0,Trimestral  ,  Web,0,Cancelada,2023-01-04,Precio
POL-004118,CLI-01141,Hogar,2024-07-26,2025-07-26,194000000,800000,746000,7.2,ANUAL,Asesor comercial,5,Vencida,,
POL-004356,CLI-04132, Vida ,2025-01-04,2026-01-04,500000000,1302000,1232000,5.7,Anual,Agencia,15,Activa,,
POL-007452,CLI-02308,Vida,2023-12-09,08/12/2024,156000000,786000,575000,36.8,Anual,Asesor comercial,5,cancelada,INVALID_DATE,Otro
POL-002244,CLI-02516,Auto,2023-11-13,12/11/2024,34000000,1511000,1445000,4.6,Trimestral,Agencia,0,Cancelada,2024-08-02,Falta de pago
POL-008175,cli-03942,Hogar,2025-03-02,,202000000,819000,760000,7.8,Mensual,asesor comercial,5,Activa,,
POL-005669,CLI-02273,Hogar,2024-11-10,2025-11-10,432000000,1821000,1703000,6.9,Mensual,Asesor comercial,5,Renovada,,
POL-007180,CLI-05148,Salud,2025-02-11,2026-02-11,147000000,2688000,2069000,29.9,mensual,Bancaseguros,5,Activa,,
POL-004185,CLI-04248,Auto,22/08/2021,22/08/2022,24000000,672000,644000,4.4,Mensual,Web,10,Renovada,,
POL-004292,CLI-00207,Salud,14/07/2021,2022-07-14,70000000,1685000,1663000,1.3,Mensual,Bancaseguros,0,Vencida,,
POL-007259,CLI-02622,Auto,01/08/2024,01/08/2025,86000000,3329000,2611000,27.5,Trimestral,Asesor comercial,5,Cancelada,2024-12-30,Cambio de aseguradora
POL-005999,CLI-01739,Vida,04/07/2021,2022-07-04,455000000,1506000,1447000,4.1,  Trimestral,Bancaseguros,5,Renovada,,
POL-006097,CLI-03783,auto,2024-04-20,20/04/2025,96000000,5369000,5243000,2.4,Semestral,Web,5,Renovada,,
POL-005207,CLI-03391,Auto,2021-03-17,17/03/2022,92000000,4274000,3486000,22.6,Mensual,Web,10,RENOVADA,,
POL-005726,CLI-04855,hogar,08/06/2025,08/06/2026,131000000,569000,534000,6.5,Mensual,Agencia,0,Activa,,
POL-004317,CLI-00192,Auto,2024/05/05,2025-05-05,39000000,1331000,1253000,6.2,Anual,Bancaseguros,0,Vencida,,
POL-006933,CLI-02436,Hogar,2023/07/23,2024-07-22,219000000,906000,896000,1.1,Mensual,Asesor comercial,5, Vencida ,,
POL-007647,CLI-04994,Salud,2025/04/13,2026-04-13,129000000,3281000,2635000,24.5,Mensual,Asesor comercial,5,Cancelada,INVALID_DATE,PRECIO
POL-006349,CLI-01996,Auto,2023-01-13,2024-01-13,104000000,3830000,3559000,7.6,Anual,BANCASEGUROS,0,Renovada,,
POL-006256,CLI-05149,SALUD,2022/12/30,2023/12/30,177000000,3974000,3704000,7.3,  Anual,Web,10,Renovada,,
POL-004936,CLI-01331,Hogar,26/04/2024,2025-04-26,111000000,406000,365000,11.3,Anual,Bancaseguros,0,Renovada,,
POL-000181,CLI-01337,Automóvil,2022-12-14,2023/12/14,69000000,2883000,2697000,6.9,Mensual,ASESOR COMERCIAL,0,Renovada,,
POL-000538,CLI-02609,Auto  ,2024/05/24,24/05/2025,37000000,1701000,1224000,39.0,Anual,Bancaseguros,5,Cancelada,2025-04-03,Falta de pago  
POL-002959,CLI-00596,Auto,2021-11-20,20/11/2022,47000000,2169000,2082000,4.2,Mensual,Bancaseguros,0,Renovada  ,,
POL-001822,CLI-02325,Auto,04/07/2021,2022/07/04,54000000,2092000,,3.6,Anual,Corredor,0,Cancelada,2021/10/13,Otro
POL-002595,cli-01488,Hogar  ,16/07/2021,2022/07/16,292000000,1295000,1281000,1.1,Mensual,Agencia,15, Cancelada ,2021-11-04,Falta de pago
POL-007148,CLI-02145,Hogar,27/12/2024,2025-12-27,533000000,2140000,1926000,11.1,  Anual,Corredor,0,Cancelada,2025/06/19,Precio
POL-008360,CLI-02503,Auto,2021-03-21,2022-03-21,83000000,2652000,2476000,7.1,MENSUAL, Bancaseguros ,5,RENOVADA,,
POL-000260,CLI-03069,salud,04/02/2022,2023/02/04,107000000,2220000,2147000,3.4,Mensual,Agencia,10,Renovada,,
POL-005138,CLI-03494, Seguro de Salud ,,2025/05/08,184000000,4081000,4049000,0.8,Anual,Agencia  ,10,Renovada,,
POL-003598,CLI-03575,Auto,2022-10-04,2023-10-04,42000000,1225000,1250000,-2.0,  Anual,Asesor comercial,0,Renovada,,
POL-001429,CLI-00317,Hogar,2024-04-07,2025/04/07,289000000,1206000,1109000,8.7,Anual,Web  ,5,Vencida,,
POL-007542,CLI-03371,Auto,2025-05-17,2026-05-17,50000000,1641000,1557000,5.4,Anual,CORREDOR,10,Activa  ,,
POL-003212,CLI-02270,Auto,,2026/06/25,33000000,1191000,853000,39.7,Trimestral,BANCASEGUROS,15,Cancelada,2025/11/02,Cambio de aseguradora
POL-001839,CLI-01465,Auto,2021/07/21,2022-07-21,66000000,2168000,1960000,10.6,Anual,Corredor,5,Cancelada,2021-12-29,Falta de pago
POL-007451,CLI-00746,Auto,INVALID_DATE,2026-05-31,145000000,5347000,4861000,10.0,Mensual,Web,10,Cancelada,2025-12-16,Cambio de aseguradora
POL-007164,CLI-01973,Auto,2021-11-09,2022-11-09,66000000,1971000,1884000,4.6,Trimestral,Asesor comercial,5,Vencida,,
POL-004286,CLI-01478,Salud,11/12/2024,2025/12/11,69000000,1416000,1145000,23.7,Mensual,Bancaseguros,0,Renovada,,
POL-000253,CLI-04946,Salud,2024/05/03,03/05/2025,168000000,3712000,3552000,4.5,Mensual,Corredor,0,Renovado,,
POL-005333,CLI-03092,Auto,2024/07/06,2025-07-06,45000000,2669000,2440000,9.4,Mensual,Agencia,10,Renovada,,
POL-002256,CLI-03089,Seguro  Auto,,2025-11-16,29000000,1057000,1032000,2.4,Semestral  ,Web,5,  Cancelada,2024-12-28,Falta de pago
POL-008151,CLI-00887,Salud,2025-05-12,2026-05-12,124000000,2825000,2585000,9.3,Anual,Asesor comercial,0,  Vigente,,
POL-000827,CLI-00644,Salud,2024/03/11,2025/03/11,74000000,1823000,1721000,5.9,Anual,Asesor comercial,15,Renovado,,
POL-004854,CLI-02790,Salud,10/09/2024,2025-09-10,232000000,4652000,4464000,4.2,Mensual,Corredor,0,Renovada,,
POL-008170,CLI-00128,Hogar,2023-10-09,2024-10-08,192000000,648000,604000,7.2,Mensual,Web,5,Cancelada,2024-05-14,Falta de pago
POL-003956,CLI-01512,Hogar,19/10/2022,2023/10/19,106000000,411000,397000,3.5,Mensual,Corredor  ,5, Renovada ,,
POL-004006,CLI-02016,  Seguro de Vida,18/03/2021,18/03/2022,226000000,995000,795000,25.1,Mensual,Agencia,5,Renovada,,
POL-007646,CLI-05152,Hogar,2021/11/09,2022/11/09,177000000,587000,467000,25.6,Trimestral,Web,0,Renovada,,
POL-003537,CLI-05171,AUTO,02/11/2023,2024-11-01,91000000,4550000,4313000,5.5,Mensual,Bancaseguros,5,Vencida,,
POL-001098,CLI-01644,Auto,2023-09-17,2024/09/16,29000000,827000,788000,5.0,Trimestral,Corredor,10,Renovada,,
POL-006893,CLI-03264,Auto,27/03/2024,2025/03/27,88000000,3383000,2921000,15.8,Anual,Web,5,Cancelada,2024/05/27,PRECIO
POL-007654,CLI-04356,Salud,2025/03/08,2026-03-08,67000000,1456000,1320000,10.3,Mensual,Corredor,5,Activa,,
POL-004407,CLI-05189,HOGAR,2023-07-19,2024/07/18,783000000,3305000,3115000,6.1,Anual,Web,15,Cancelada,2023-08-31,Otro
POL-003133,CLI-04305,AUTO,2021/12/30,30/12/2022,150000000,5117000,4997000,2.4,Anual,Agencia,0,Renovada,,
POL-001607,CLI-04622,Salud,12/12/2023,2024-12-11,312000000,6379000,6087000,4.8,Trimestral,Web  ,10,Renovada,,
POL-003542,CLI-00863,Auto,14/11/2022,2023-11-14,46000000,1799000,1681000,7.0,Mensual,Corredor,15,Renovada,,
POL-005928,CLI-02104,Auto,2023-12-21,2024/12/20,61000000,2551000,2131000,19.7,Semestral,Agencia,15,Vencida  ,,
POL-001745,CLI-00880,Seguro de Salud,2023-12-13,12/12/2024,46000000,944000,788000,19.8,Anual  ,Web,10,Cancelada,29/08/2024,Precio
POL-003572,CLI-04316,Auto,25/10/2023,2024-10-24,62000000,2990000,2815000,6.2,Mensual,Bancaseguros,5,Renovada,,
POL-004891,CLI-02555,Hogar,2024-10-25,2025/10/25,286000000,1065000,1058000,0.7,Trimestral,Asesor comercial,15,Renovada,,
POL-005005,CLI-02414,Auto,07/04/2024,2025-04-07,51000000,2318000,2268000,2.2,Anual,Asesor comercial,15,  Renovada,,
POL-005046,CLI-04369,Auto,05/01/2024,2025-01-04,81000000,3207000,2355000,36.2,Mensual,Web,15,Vencida,,
POL-003055,CLI-01652,Hogar,05/05/2023,2024/05/04,809000000,3261000,2532000,28.8,Mensual,Agencia,10,CANCELADA,15/11/2023,Precio
POL-003441,CLI-02672,Hogar,09/06/2022,2023-06-09,92000000,402000,375000,7.3,Mensual,Bancaseguros,5,Expirada,,
POL-005509,CLI-00687,Vida,19/05/2025,19/05/2026,196000000,868000,,5.1,Trimestral,Bancaseguros,15,Activa,,
POL-004373,CLI-01576,Seguro Hogar,03/12/2021,2022-12-03,382000000,1581000,1440000,9.8,  Anual,Bancaseguros,5,Renovada,,
POL-005634,CLI-04292,Salud,28/06/2023,2024-06-27,95000000,2168000,1934000,12.1,Anual,Bancaseguros,5,Renovada,,
POL-005027,CLI-01344,Salud,2021-09-16,2022/09/16,86000000,1925000,1758000,9.5,Anual,Web,5, Renovada ,,
POL-000618,CLI-00972,Automóvil,28/11/2024,2025-11-28,60000000,2065000,1948000,6.0,Anual,Agencia,0,Renovado,,
POL-002815,CLI-00417,SALUD,2023-08-19,07/11/2022,162000000,2837000,2741000,3.5,Anual,Corredor,15,Renovada,,
POL-000640,CLI-03983,salud,21/11/2022,2023/11/21,181000000,4101000,3997000,2.6,Mensual,Agencia,10,VENCIDA,,
POL-006454,CLI-02653,Salud,2023-07-23,2024-07-22,232000000,4232000,4117000,2.8,Semestral,Asesor comercial,5,Renovada,,
POL-007958,CLI-03125,Auto,2024/06/09,2025-06-09,61000000,2747000,2380000,15.4,Mensual,Corredor,0,Cancelada,2025/04/08,Precio
POL-002952,CLI-04967,Salud,04/08/2023,2024-08-03,37000000,1012000,1011000,0.1,Anual,Corredor,10,Vencida,,
POL-003920,cli-00651,Hogar,2024-11-17,2025/11/17,230000000,683000,500000,36.7,Mensual,Asesor comercial,0,vencida,,
POL-006440,CLI-00870,Salud,2022-12-03,2023-12-03,121000000,2528000,2255000,12.1,Mensual,Asesor comercial,15,Vencida,,
POL-007980,CLI-05155,Salud,2023/01/08,08/01/2024,136000000,2361000,2238000,5.5,Mensual,Asesor comercial,0,Renovado,,
POL-001521,CLI-04784,Auto,18/12/2024,2025-12-18,47000000,1969000,1879000,4.8,Mensual,Bancaseguros,0,Renovada,,
POL-001824,CLI-00578,Auto,28/04/2024,2025-04-28,31000000,1128000,1043000,8.1,Semestral,Bancaseguros,5,Renovada,,
POL-005741,CLI-01849,Auto,2021-09-07,07/09/2022,63000000,3262000,3057000,6.7,Mensual,Bancaseguros,5,Vencida,,
POL-005040,CLI-01236,salud,15/01/2025,15/01/2026,81000000,1819000,1713000,6.2,Anual,Agencia,5,Cancelada,INVALID_DATE,Cambio de aseguradora
POL-002217,CLI-00287,Seguro Auto,2024-10-29,29/10/2025,55000000,2296000,2178000,5.4,Anual, Bancaseguros ,5,RENOVADA,,
POL-000150,CLI-01572,Salud,2025-01-24,24/01/2026,313000000,5731000,4971000,,SEMESTRAL,Agencia,0,Activa,,
POL-002537,CLI-04301,Salud,,14/03/2026,121000000,,2271000,4.1,Mensual,Asesor comercial,15,Activa,,
POL-007045,CLI-04926,Vida,2024-07-21,21/07/2025,606000000,1544000,1466000,5.3,Anual,AGENCIA,0,vencida,,
POL-005279,CLI-02013,Salud,2024-06-29,2025-06-29,176000000,4282000,4078000,5.0,MENSUAL,Agencia,10,Renovada,,
POL-007808,CLI-03107,Salud,2021/07/31,2022-07-31,131000000,,2523000,25.4,ANUAL,Web,15,Vencida,,
POL-001868,CLI-00683,Vivienda,22/08/2023,21/08/2024,307000000,1418000,1377000,3.0,Mensual,Agencia,15,Vencida,,
POL-003141,CLI-02492,Auto,2023/12/09,2024-12-08,73000000,,1731000,23.2,Trimestral,Web,5,Cancelada,2024-09-17,Precio
POL-000792,CLI-04058,salud,2024-10-02,02/10/2025,73000000,1377000,1305000,5.5,Semestral,Asesor comercial,10,Renovada,,
POL-003912,CLI-02701,Hogar,26/12/2024,26/12/2025,137000000,499000,457000,9.2,Anual  ,asesor comercial,10,Renovada,,
POL-007290,CLI-01384,Auto,,2025-08-26,30000000,953000,993000,-4.0,Anual  ,Asesor comercial,5,Renovada,,
POL-004134,CLI-03543,VIVIENDA,06/01/2025,06/01/2026,192000000,792000,743000,6.6,Anual,Asesor comercial,15,ACTIVA,,
POL-002655,CLI-04014,Vida,25/10/2022,25/10/2023,607000000,2031000,1704000,19.2,Anual,Web,0,Renovada,,
POL-007890,CLI-02090,Salud,2022-09-15,2023/09/15,153000000,3966000,3927000,1.0,Trimestral,Asesor comercial,5,  Renovada,,
POL-006420,CLI-04359,Auto,14/05/2021,2022-05-14,39000000,1529000,1448000,5.6,mensual,Corredor,5,Renovada,,
POL-002102,CLI-00594,Auto,2024-12-09,2025-12-09,32000000,1249000,1143000,9.3,MENSUAL,Bancaseguros,10,VENCIDA,,
POL-001240,CLI-04791,Salud,,,141000000,5026000,5129000,-2.0,Anual,Bancaseguros,15,Renovada,,
POL-003506,CLI-04372,Auto,09/07/2024,2025-07-09,54000000,2075000,2054000,1.0,Semestral,Web,15,Cancelada,2025-03-08,Cambio de aseguradora
POL-002792,CLI-01235,Auto,INVALID_DATE,2025-03-30,66000000,1753000,1616000,8.5,Mensual,Agencia,0,Renovada,,
POL-001170,CLI-03405,Salud,2024/12/17,INVALID_DATE,76000000,1743000,1652000,5.5,Mensual  ,Corredor,10,Vencida,,
POL-002247,CLI-00328,Hogar,2023-09-24,2024-09-23,401000000,1689000,1754000,-3.7,mensual,Agencia,5,Renovada,,
POL-006578,CLI-01812,Auto,10/10/2024,2025/10/10,47000000,1723000,1698000,1.5,Mensual,Agencia,10,RENOVADO,,
POL-000053,CLI-01102,Auto,2025-02-17,2026-02-17,49000000,2402000,2081000,15.4,Trimestral, Web ,5,Activa,,
POL-006228,CLI-02679,Auto,2023/02/06,2024/02/06,72000000,2848000,2700000,5.5,Anual,ASESOR COMERCIAL,10,Renovada,,
POL-003637,CLI-03294,Auto  ,24/07/2024,24/07/2025,61000000,2090000,1981000,5.5,Anual,Web,5,Renovada,,
POL-004388,CLI-03459,Auto  ,2022-12-09,2023/12/09,44000000,2029000,2081000,-2.5,Mensual,Bancaseguros,15,Vencida,,
POL-006465,CLI-00164,Salud,2022-10-31,31/10/2023,107000000,3204000,3147000,1.8,Mensual,WEB,0,Renovada,,
POL-004590,CLI-02631,Auto,2024/01/17,2025/01/16,103000000,4523000,4049000,11.7,Anual,Agencia,10,Renovada,,
POL-006683,CLI-00805,AUTO,11/06/2024,2025/06/11,38000000,1334000,1327000,0.5,Mensual,Asesor  comercial,10,Cancelada,2025-04-21,Reclamo rechazado / insatisfacción
POL-006270,CLI-03438,Salud,18/10/2022,2023-10-18,106000000,2744000,2572000,,MENSUAL,Bancaseguros,5,Renovado,,
POL-002532,CLI-01131,Salud,11/08/2022,11/08/2023,173000000,3103000,2224000,39.5,Anual,Asesor comercial,10,Cancelada,2023-05-20,Precio
POL-005812,CLI-05037,Auto,2025/04/13,2026/04/13,64000000,2617000,1969000,32.9,Trimestral,Web,5,Activa,,
POL-000710,CLI-01190,Auto,2022-04-26,26/04/2023,75000000,2390000,2240000,6.7,Anual  ,Web,10,Cancelada,2023/04/04,Venta/pérdida del bien
POL-004248,CLI-01219,Auto,2022/07/28,2023/07/28,38000000,2006000,1824000,10.0,Mensual,Web,10,Vencida,,
POL-002810,CLI-00512,Auto,2022-03-18,18/03/2023,72000000,3419000,3157000,8.3,Anual,  Corredor,5,Renovada,,
POL-000382,CLI-01406,AUTO,,2022-01-08,17000000,662000,659000,0.4,Mensual,Asesor comercial,5,Vencida,,
POL-002606,CLI-01736,Hogar,05/09/2023,2024/09/04,245000000,1010000,924000,9.3,Anual,Agencia,15,RENOVADA,,
POL-004112,CLI-00416,Auto,2024/12/02,02/12/2025,73000000,2532000,2565000,-1.3,Mensual,ASESOR COMERCIAL,5,RENOVADA,,
POL-008138,CLI-03541,Auto,03/06/2025,2026/06/03,55000000,2104000,2063000,2.0,Mensual,Agencia,15,Activa,,
POL-007362,CLI-02435,VIDA,2021-08-25,2022-08-25,801000000,2304000,2218000,3.9,Mensual,Bancaseguros,5, Renovada ,,
POL-007611,CLI-04470,Salud,2024/07/14,2025-07-14,306000000,10668000,9646000,10.6,Mensual,Bancaseguros,5,Renovada,,
POL-004119,CLI-03787,Hogar,2022-05-05,05/05/2023,87000000,339000,257000,31.8,Mensual,Bancaseguros,5,Renovada,,
POL-004104,CLI-02946,HOGAR,2024-09-01,01/09/2025,76000000,251000,238000,5.5,ANUAL,Web,5,Renovada,,
POL-006868,CLI-05197,AUTO,14/06/2024,2025-06-14,83000000,2311000,1911000,20.9,Anual,Corredor,5,Cancelada,2025-02-09,Precio
POL-000949,CLI-03902,Vida,07/03/2025,2026-03-07,355000000,870000,774000,12.4,Trimestral,Web,10,ACTIVA,,
POL-001731,CLI-02790,Salud,01/05/2024,01/05/2025,214000000,5211000,5001000,4.2,trimestral,Corredor,5,Renovada  ,,
POL-007357,CLI-04203,Auto,2024-08-20,2025/08/20,24000000,953000,720000,32.3,Semestral,Bancaseguros,10,Cancelado,30/06/2025,Precio
POL-002530,CLI-00942,Auto,2024/05/24,2025-05-24,82000000,2421000,1983000,22.1,Semestral,Corredor  ,10,Renovada,,
POL-003699,CLI-00925,Salud,2022/11/09,2023-11-09,137000000,2788000,2558000,9.0,Mensual,Bancaseguros,5,Vencida,,
POL-007317,CLI-02599,Vida,18/05/2022,18/05/2023,312000000,928000,842000,10.2,Mensual,Web,5,Cancelada,17/09/2022,Precio
POL-007456,CLI-03016,Auto,2023-01-16,16/01/2024,35000000,1213000,1185000,2.4,Trimestral,Web,0,Renovada,,
POL-007681,CLI-01782,Seguro de Salud,30/05/2021,2022-05-30,90000000,2747000,2772000,-0.9,Anual,agencia,10,Vencida,,
POL-002745,CLI-04161,Hogar,2024-11-16,2025-11-16,438000000,,,0.8,Anual,Corredor,5,Vencida,,
POL-004494,CLI-00753,Salud,2024/10/06,06/10/2025,43000000,799000,744000,7.4,Mensual  ,Web,10,Renovada,,
POL-006928,CLI-04673,Seguro de Vida,2024-12-23,23/12/2025,167000000,688000,657000,4.7,Anual,WEB,10,Renovada,,
POL-002175,CLI-01902,SALUD,21/05/2025,21/05/2026,122000000,3836000,3633000,5.6,Anual,Agencia,10,Cancelada,12/08/2025,Venta/pérdida del bien
POL-002019,CLI-01446,Auto,31/08/2024,2025-08-31,69000000,1941000,1804000,7.6,Mensual,Asesor comercial,10,Vencida,,
POL-005103,CLI-03189,Salud,10/05/2021,2022-05-10,97000000,2090000,1764000,18.5,Anual,Bancaseguros,5,Vencida,,
POL-000652,CLI-02662,Auto,19/05/2021,2022/05/19,55000000,2276000,2161000,5.3,Mensual,Bancaseguros,0,Vencida  ,,
POL-006579,CLI-01730,Auto,2025-01-29,29/01/2026,58000000,2097000,1976000,6.1,Anual,Bancaseguros,0,Activa,,
POL-007273,CLI-00150,VEHICULO,2024/10/03,03/10/2025,39000000,1365000,1156000,18.1,Anual,Web,0,Cancelada,2025-09-03,Venta/pérdida del bien
POL-003256,CLI-02830,Auto,2022-03-01,2023-03-01,96000000,3456000,2694000,28.3,  Trimestral,Asesor comercial,5, Cancelada ,14/05/2022,Precio
POL-004255,CLI-05051,Vida,2024-10-14,2025-10-14,411000000,1680000,1558000,7.8,Mensual,Asesor comercial,5,CANCELADA,2025/08/18,Precio
POL-007975,CLI-01903,Auto,2025/05/09,09/05/2026,81000000,4226000,3835000,10.2,Mensual  ,Asesor comercial,10,Activa,,
POL-006641,CLI-04158,salud,2025/06/04,2026/06/04,151000000,3658000,3524000,3.8,Mensual,Web,15,activa,,
POL-005934,CLI-02598,Vida,2023-09-05,04/09/2024,122000000,423000,398000,6.4,Mensual,Agencia,10,Cancelada,2024/03/08,Cambio de aseguradora
POL-006663,CLI-03722,Auto,2025-01-27,INVALID_DATE,38000000,1457000,1302000,11.9,Anual,Asesor comercial,10,Activa,,
POL-003369,CLI-01233,Vehículo,2024/06/24,2025-06-24,26000000,1440000,1322000,8.9,Anual,Asesor comercial,10,Vencida,,
POL-000835,CLI-03881,Vehículo  ,01/03/2024,01/03/2025,60000000,1918000,1786000,7.4,Trimestral,Corredor  ,0,Renovada,,
POL-005585,CLI-04367,Auto,2023-09-27,2024-09-26,51000000,2442000,2341000,,Mensual,Asesor comercial,15,Cancelada,2024/07/20,Reclamo rechazado / insatisfacción
POL-005025,CLI-02226,Auto,2024/04/16,2025/04/16,61000000,2190000,1931000,13.4,Mensual,Agencia,0,Renovada,,
POL-007146,CLI-02614,Hogar,2023-04-10,2024-04-09,262000000,1201000,875000,37.2,  Mensual, Corredor ,5,Cancelada,29/07/2023,Precio
POL-007465,CLI-00943,Seguro de Salud,2025-01-24,2026-01-24,412000000,12008000,11580000,3.7,Mensual,Asesor comercial,15,Activa,,
POL-006608,CLI-04966,Auto,2025/03/13,2026-03-13,62000000,2249000,2114000,6.4,Mensual,Agencia,15,Activa,,
POL-001585,CLI-00621,Auto,18/06/2025,2026-06-18,168000000,6941000,7018000,-1.1,Anual,Corredor,5,Activo,,
POL-004708,CLI-01504,Vida,INVALID_DATE,2024-03-28,193000000,534000,507000,5.3,Mensual,Web,10,Cancelada,2024/01/09,Cambio de aseguradora
POL-006131,CLI-05088,Salud,2021/09/18,2022-09-18,122000000,2914000,2706000,7.7,Trimestral,Asesor comercial,15,Renovada,,
POL-000728,CLI-00281,Salud,2021-09-02,2022/09/02,116000000,2716000,2577000,5.4,Mensual,Asesor comercial,0,Cancelada,2022-06-09,Falta  de  pago
POL-007072,CLI-01371,Hogar,01/01/2023,2024-01-01,806000000,3012000,2789000,8.0,Mensual,Corredor,10,Renovada,,
POL-007548,CLI-03861,Auto,13/09/2024,2025/09/13,70000000,1759000,1576000,11.6,Trimestral,Agencia,10,Renovada,,
POL-008000,CLI-04305,Salud,2022-04-12,2023-04-12,82000000,1705000,1625000,,Semestral,Web,5,Cancelada,02/07/2022,Falta de pago
POL-000452,CLI-01586, Salud ,2024/10/09,2025-10-09,69000000,913000,875000,4.4,Mensual,AGENCIA,5,Renovada,,
POL-002742,CLI-02576,SALUD,25/07/2021,2022-07-25,42000000,987000,888000,11.2,Mensual,Asesor comercial,15,Renovada,,
POL-006218,CLI-01181,Salud,2023-06-04,2024/06/03,144000000,2771000,1998000,38.7,Anual,Corredor,5,Renovada,INVALID_DATE,
POL-006166,CLI-01107,Vida,2024/03/19,2025-03-19,138000000,507000,471000,7.6,Semestral,Corredor  ,15,Renovada,,
POL-005424,CLI-04380,Hogar,2025-02-05,2026-02-05,84000000,318000,298000,6.7,Mensual,Web,10,Activa,,
POL-007439,CLI-04292,Auto,2024-06-05,2025/06/05,43000000,2306000,2346000,-1.7,Anual,Corredor,0,Renovada  ,,
POL-001194,CLI-04309,Vida  ,2024/03/30,30/03/2025,633000000,2297000,2169000,5.9,Mensual,Agencia,5,Vencida,,
POL-006873,CLI-01605,Hogar,2024-11-16,16/11/2025,371000000,1370000,1104000,24.1,Trimestral,Asesor comercial,10,Vencida,,
POL-000369,CLI-01860,Hogar,16/12/2021,2022-12-16,179000000,611000,551000,10.8,Anual,Bancaseguros,0,VENCIDA,,
POL-003840,CLI-04319,Vehículo,2023-06-06,2024/06/05,57000000,2014000,1748000,15.2,Mensual,ASESOR COMERCIAL,5,Renovada,,
POL-004843,CLI-01673,Salud,2024-01-13,2025-01-12,113000000,2011000,1759000,14.3,Anual,Corredor,0,Vencida,,
POL-003667,CLI-03640,Auto,16/03/2023,15/03/2024,52000000,2299000,2252000,2.1,Trimestral,Web,0, Renovada ,,
POL-002708,CLI-01421,salud,2022-07-16,2023-07-16,193000000,5038000,5058000,-0.4,Anual, Web ,0,RENOVADA,,
POL-000629,CLI-00712,Auto,2023-08-26,2024-08-25,90000000,3320000,3138000,5.8,Trimestral,Asesor comercial,5,Renovada,,
POL-001114,CLI-04477,Auto,28/11/2024,2025-11-28,92000000,4593000,4584000,0.2,Semestral,Corredor,5,Renovada,,
POL-001346,CLI-01838,Vida,2021-04-05,2022-04-05,333000000,,893000,23.2,Mensual  ,Bancaseguros,10,Vencida,,
POL-001658,CLI-02107,Salud,2021/04/11,2022-04-11,73000000,1400000,1273000,10.0, Mensual ,Bancaseguros,5,vencida,,
POL-000715,CLI-04275,  Hogar,2022-05-09,09/05/2023,268000000,1105000,834000,32.5,Semestral,Agencia,0,Vencida,,
POL-007227,CLI-03042,VIDA,2023-04-01,31/03/2024,347000000,612000,561000,9.0,MENSUAL,Bancaseguros,0,Renovado,,
POL-004755,CLI-01384,Auto,2024/03/27,2025/03/27,44000000,1461000,1263000,15.7,Anual,Corredor,5,Vencida,,
POL-005793,CLI-00258,Salud,16/09/2023,2024-09-15,198000000,4270000,3830000,11.5,Mensual,ASESOR COMERCIAL,10,Renovada,,
POL-005265,CLI-00170,Vivienda  ,10/01/2022,2023-01-10,526000000,1616000,1465000,10.3,Anual,Corredor,10,Cancelado,01/05/2022,Otro  
POL-005352,CLI-01506,Auto,2024-09-20,2025-09-20,80000000,3042000,2925000,4.0,Mensual,Web,15,Renovada  ,INVALID_DATE,
POL-001718,CLI-04002,Vida,2024/09/24,2025-09-24,115000000,345000,329000,4.8,Anual,Asesor comercial,15,VENCIDA,,
POL-003432,CLI-02587,Hogar,2024/08/17,2025-08-17,343000000,1166000,1151000,1.3,Anual,Asesor comercial,0,Renovada,,
POL-001379,CLI-04961,Seguro de Salud,2024-11-05,2025-11-05,38000000,734000,683000,7.5,Anual,Asesor comercial,5,RENOVADA,,
POL-007925,CLI-03033, Hogar ,2024-07-18,18/07/2025,168000000,626000,598000,4.7,Semestral,Corredor,10,Vencida,,
POL-006026,CLI-03093,Salud,2024/07/20,2025/07/20,320000000,7860000,7653000,2.7,Mensual,Bancaseguros,5,Renovada,,
POL-007825,CLI-03534,Hogar,2022-07-29,2023-07-29,299000000,1410000,1317000,7.1,Trimestral,Bancaseguros,10,Vencida,,
POL-006891,CLI-01179,AUTO,19/11/2022,2023/11/19,53000000,2037000,1972000,3.3,Anual,Corredor,5,RENOVADA,,
POL-003528,CLI-01323,  Vida,2025-03-21,2026/03/21,455000000,1993000,1812000,10.0,Mensual,Corredor,5,Cancelada,2025-07-05,Otro
POL-007327,CLI-04798,Auto,2023-03-07,2024-03-06,49000000,1538000,1505000,2.2,Anual,Asesor comercial,0, Vencida ,,
POL-002031,CLI-00190,Hogar,2021-05-30,2022/05/30,201000000,695000,668000,4.1,Semestral,ASESOR COMERCIAL,5, Renovado ,,
POL-007212,CLI-03363,Vida,17/02/2021,2022/02/17,976000000,3230000,2586000,24.9,Anual,Asesor comercial,15,Cancelada,2021-09-10,Precio
POL-007300,CLI-00931,Salud,2023-05-16,15/05/2024,105000000,,1778000,4.9,Trimestral,Bancaseguros  ,15,Vencida,,
POL-007618,CLI-01519,SALUD,2021-07-18,2022-07-18,209000000,4376000,3989000,9.7,Anual,Asesor comercial,15,Cancelada  ,20/03/2022,Precio
POL-001828,CLI-04518,Auto,02/04/2024,02/04/2025,54000000,1889000,1744000,8.3,Anual,Agencia,15,Cancelada,2024-10-17, Cambio de aseguradora 
POL-003816,CLI-03766,Salud,21/08/2021,2022/08/21,147000000,2787000,2652000,5.1,Mensual,Corredor,15,Renovada,,
POL-005407,CLI-04176,SALUD,2025/04/01,,136000000,3810000,3695000,3.1,Anual,Asesor  comercial,0,Activa,,
POL-006556,CLI-04778,Hogar,2025-01-06,2026-01-06,270000000,1367000,1336000,2.3,TRIMESTRAL,Asesor comercial,0,Activa,,
POL-001947,CLI-02970,  Hogar,2022/10/28,2023-10-28,223000000,793000,796000,-0.4,Anual,Agencia,15,Renovada,,
POL-002696,CLI-04292,Automóvil,16/11/2022,2023-11-16,71000000,3304000,2490000,32.7,Anual,Web,5,Cancelada,02/01/2023,Precio
POL-006730,CLI-04992,auto,2022-04-04,04/04/2023,91000000,3410000,3072000,11.0,Trimestral,Bancaseguros,5,Renovada,,
POL-007010,CLI-04274,Hogar,2024-06-03,2025/06/03,248000000,1015000,917000,10.7,Anual,Asesor comercial,5,Vencida,,
POL-002802,CLI-03237,salud,2021-07-06,2022/07/06,97000000,1632000,1622000,0.6, Mensual ,Asesor comercial,5,Renovada,,
POL-004763,CLI-00316,Salud,2022/09/11,11/09/2023,171000000,3009000,2804000,7.3,Mensual,Bancaseguros,10,Renovada,,
POL-007007,CLI-01432,Auto,2023-08-27,26/08/2024,84000000,3406000,3241000,5.1,Semestral,Asesor comercial,5,Renovada,,
POL-006726,CLI-04835,Hogar,2024-10-12,2025/10/12,308000000,1111000,1064000,4.4,Mensual,Agencia,5,Renovada,,
POL-002646,CLI-00625,Vida,2023-04-01,2024-03-31,129000000,460000,387000,18.8,Semestral,Asesor comercial,5,Renovada,,
POL-006085,CLI-01609,Auto,27/12/2022,2023/12/27,44000000,2244000,1709000,31.3,Mensual,Bancaseguros  ,0,Renovada,,
POL-004009,CLI-04854,Auto,12/11/2021,2022-11-12,28000000,1124000,975000,15.3,Mensual,Bancaseguros,10,  Vencida,,
POL-005764,CLI-03924,Auto,2024/07/13,13/07/2025,38000000,1279000,1164000,9.9,Semestral,Bancaseguros  ,0,VENCIDA,,
POL-005850,CLI-02293,Salud,2023-03-21,2024-03-20,103000000,2807000,2587000,8.5,Mensual,Agencia,15,Cancelada,2023/11/17,Falta de pago
POL-007860,CLI-01514,Auto,,2024-08-28,133000000,4792000,4352000,10.1,Anual,  Bancaseguros,10,Cancelada,2024/03/31,Precio
POL-001589,CLI-04630,Auto,27/05/2022,2023-05-27,63000000,2552000,2352000,8.5,Anual,Web,5,Vencida,,
POL-003450,CLI-03595,Auto,08/12/2021,08/12/2022,71000000,3456000,2713000,27.4,Anual,Asesor comercial,0,Vencida,,
POL-000268,CLI-93856,Hogar,2023/04/24,23/04/2024,129000000,451000,,31.0,  Mensual,BANCASEGUROS,10,Vencida,,
POL-007505,CLI-03137,AUTO,2023-02-12,2024/02/12,54000000,2433000,2274000,7.0,Semestral,Corredor,5,Vencida,,
POL-007976,CLI-00629,Salud  ,2025-05-12,12/05/2026,140000000,3709000,3680000,0.8,Mensual,Corredor,5,Activa,,
POL-000791,CLI-05057,Auto,2024/10/28,2025-10-28,30000000,1401000,1072000,30.7, Mensual ,Web,0, Cancelada ,06/05/2025,Precio
POL-004719,CLI-01452,Hogar,2021-09-08,2022-09-08,636000000,2256000,2053000,9.9,Mensual,Asesor comercial,10,Renovado,,
POL-000066,CLI-03443,Seguro de Salud,13/10/2023,12/10/2024,70000000,1398000,1303000,7.3,  Anual,Web,5,Renovada,,
POL-006899,CLI-00004,Salud,2025-01-16,2026-01-16,51000000,725000,678000,7.0,Mensual,Corredor,10,Activa,,
POL-007953,CLI-03766,Vida,2024-02-20,09/12/2023,159000000,533000,555000,-4.0,Mensual,Asesor comercial,5,Renovada,,
POL-007826,CLI-01623,Vida,2023-12-22,2024/12/21,231000000,862000,851000,1.3,MENSUAL,Agencia,10,Vencida,,
POL-004405,CLI-03992,Salud,08/10/2021,2022-10-08,166000000,2481000,2025000,22.5,Mensual,Agencia,0,Renovada,,
POL-003987,CLI-00385,Salud,2025-02-02,2026-02-02,138000000,2978000,2981000,-0.1,Anual,Bancaseguros,5,Cancelada,2025-12-22,Cambio de aseguradora
POL-005981,CLI-01373,Vida,2023-04-14,2024-04-13,337000000,1441000,1379000,4.5,Mensual, Bancaseguros ,10,Renovada,,
POL-005209,CLI-01821,Vida,2023-09-01,31/08/2024,331000000,904000,720000,25.5,Trimestral,asesor comercial,0,  Renovada,,
POL-000516,CLI-04391,Salud,2021-04-07,2022-04-07,106000000,2074000,1682000,23.3, Anual ,Bancaseguros,0,Cancelada,10/01/2022,Precio
POL-003206,CLI-03613,Automóvil,16/08/2023,2024/08/15,25000000,700000,654000,7.0,Mensual,Bancaseguros,10,Renovada,,
POL-005185,CLI-02052,Salud  ,04/10/2024,2025-10-04,89000000,2023000,1979000,2.2,Semestral,Web,5,VENCIDA,,
POL-007677,CLI-01544,Seguro de Salud,2022-07-31,2023/07/31,87000000,1845000,1750000,5.4,Mensual,Corredor,10,Vencida,INVALID_DATE,
POL-006887,CLI-00871,Salud,2023/11/17,2024/11/16,202000000,3479000,3472000,0.2,Anual,Asesor comercial,5,Renovada,,
POL-002237,CLI-00338,Seguro de Salud,02/06/2023,2024-06-01,,1620000,1449000,11.8,MENSUAL,Bancaseguros,15,Renovada,,
POL-007578,CLI-03625,Salud  ,2025/04/13,2026/04/13,118000000,2044000,2008000,1.8,Mensual,Bancaseguros,15, Activa ,,
POL-005475,CLI-01563,Salud,2024-11-10,2025-11-10,,3775000,,29.1,MENSUAL,Web,0,Renovada,,
POL-002051,CLI-00579,salud,2025-04-30,30/04/2026,94000000,,1675000,10.1,ANUAL,Bancaseguros,0,ACTIVA,,
POL-004021,CLI-04599,Salud,11/11/2024,2025-11-11,111000000,2350000,2255000,4.2,Mensual,Web,10,Renovada,,
POL-000617,CLI-03578,Vida,2024-04-08,2025-04-08,340000000,1000000,864000,15.8,Trimestral  ,Asesor comercial,0,Renovada,,
POL-002227,CLI-00158,  Hogar,28/02/2024,2025/02/27,147000000,566000,531000,6.6,Mensual,Agencia,15,Cancelada,2024/04/07,Cambio de aseguradora
POL-007839,CLI-05122,Auto,2021-11-12,2022-11-12,30000000,1205000,1221000,-1.3,Mensual,bancaseguros,0, Renovada ,,
POL-000365,CLI-03289,Hogar,2022/12/08,2023/12/08,281000000,973000,882000,10.3,Trimestral,Asesor comercial,0,Renovada,,
POL-000225,CLI-00200,  Auto,2023/09/06,05/09/2024,52000000,1597000,1290000,23.8,Semestral,BANCASEGUROS,5,Renovada,,
POL-001159,CLI-00526,Salud,28/10/2023,27/10/2024,238000000,7078000,6872000,3.0,Mensual,  Agencia,5,Cancelada,2024-06-03,Cambio de aseguradora
POL-005342,CLI-03352,Auto,19/06/2022,2023-06-19,43000000,1128000,979000,15.2,Trimestral,Web,15,Renovada,,
POL-003502,CLI-02868,Auto,21/04/2022,2023-04-21,48000000,1741000,1669000,4.3,Anual,Corredor  ,5,Vencida  ,,
POL-007572,CLI-05136, Auto ,2023/12/22,2024-12-21,55000000,1745000,1375000,26.9,Semestral,Asesor comercial,5,Renovada,,
POL-004744,CLI-01782,hogar,2022-12-05,05/12/2023,181000000,740000,699000,5.9,Anual,Web,5,Renovada,,
POL-000920,CLI-04289,Auto,2025-04-03,03/04/2026,68000000,3610000,3451000,4.6,Trimestral,Corredor,5,Activa,,
POL-003478,CLI-03010,Hogar,2024/08/29,29/08/2025,158000000,562000,577000,-2.6,trimestral,Corredor,0,Vencida,,
POL-007346,CLI-00365,Seguro Auto,12/03/2025,,47000000,1794000,1732000,3.6,Mensual,Agencia,5,Activa,,
POL-004054,CLI-01318,Hogar  ,2021/09/29,2022-09-29,157000000,657000,608000,8.1,Mensual,Bancaseguros,5,RENOVADA,,
POL-008266,CLI-04343,Seguro Hogar,2023-12-12,2024/12/11,100000000,365000,350000,4.4,  Mensual,Asesor comercial,5,Cancelada,2024-04-26,Cambio de aseguradora
POL-003336,CLI-03114,Salud,2024-11-09,2025-11-09,121000000,2874000,2766000,3.9,Anual,Bancaseguros,5,RENOVADA,,
POL-001738,CLI-04950,Salud  ,2022-04-12,12/04/2023,259000000,,4862000,7.6,Mensual,Asesor comercial,0,Vencida,,
POL-000043,CLI-01233,Hogar,2024-11-07,2025-11-07,126000000,427000,441000,-3.1,Mensual,Agencia,10,Vencida,,
POL-004788,CLI-04691,Auto,2024-09-24,2025-09-24,61000000,3201000,2850000,12.3,Mensual,Asesor comercial,5,Renovada,,
POL-003645,CLI-04196,Auto,15/01/2024,2025-01-14,41000000,1729000,1625000,6.4,Mensual,Bancaseguros,0,  Renovada,,
POL-000281,CLI-05194,Auto,08/08/2023,2024-08-07,51000000,2366000,1780000,32.9,Semestral,Web,5,Cancelada,2024-03-04,Precio
POL-006331,CLI-03683,Auto,27/09/2024,27/09/2025,31000000,1426000,1442000,-1.1,mensual,Corredor,0,Vencida  ,,
POL-005760,CLI-00563,  Salud,2022/10/28,28/10/2023,131000000,3321000,3203000,3.7,ANUAL,Asesor comercial,5,cancelada,2023-04-03,Cambio de aseguradora
POL-003204,CLI-00011,Auto,24/07/2024,2025-07-24,56000000,2532000,2458000,3.0,ANUAL,Corredor,0,Vencida,,
POL-002143,CLI-00156,hogar,2025-01-24,24/01/2026,251000000,964000,940000,2.6,Mensual,Agencia,0,Activa,,
POL-003315,CLI-02284,Hogar,,05/05/2024,257000000,759000,729000,4.1,Mensual, Web ,0,Renovada,,
POL-005539,CLI-02409,Auto,03/03/2025,2026/03/03,29000000,,987000,6.0,Mensual,Agencia,5,Activa,,
POL-004675,CLI-03978,Auto,17/06/2024,2025-06-17,29000000,931000,866000,7.5,Anual,Corredor,0,Renovada,,
POL-001769,CLI-05092,SALUD,2022-03-17,2023-03-17,197000000,3674000,3523000,,MENSUAL,Agencia,5,Renovada,,
POL-004310,CLI-04321,Salud,INVALID_DATE,2023/12/10,75000000,1464000,,10.2,Semestral,Bancaseguros,15,Vencida,,
POL-004991,CLI-04547,auto,2024-12-21,2025-12-21,68000000,2452000,2371000,3.4,Mensual,Agencia,0,Renovada,,
POL-007792,CLI-01599,auto,2025-01-11,2026-01-11,33000000,1700000,1685000,0.9,Anual,Agencia,15,Activa,,
POL-001776,CLI-04286,Auto,2024-07-19,19/07/2025,39000000,1093000,1001000,9.2,Trimestral,Bancaseguros,5,Vencida,,
POL-002718,CLI-01063,Hogar,2024-08-16,2025-08-16,105000000,381000,365000,4.4,Mensual,Agencia,5,RENOVADA,,
POL-008255,CLI-04357,Salud,18/04/2025,2026-04-18,146000000,2675000,2441000,9.6,Anual,Bancaseguros,15,Cancelada,2025/08/09,Otro
POL-006885,CLI-02169,Salud,2024-02-22,2025-02-21,78000000,1851000,1855000,-0.2,Trimestral,Corredor,5,Renovada,,
POL-002387,CLI-02261,Hogar,2023-05-07,2024-05-06,216000000,808000,768000,5.2,Mensual,Asesor comercial,0,Vencida,,
POL-006742,CLI-04550,AUTO,2025-02-03,2026/02/03,47000000,2516000,1821000,38.2,ANUAL,Web,0,Cancelada,22/06/2025,Falta de pago
POL-007021,CLI-03135,Salud,2025/05/23,,79000000,1498000,1125000,33.2,Anual,Bancaseguros,15,  Vigente,,
POL-002320,CLI-01859,Auto,11/04/2023,2024-04-10,102000000,2956000,2783000,6.2,Anual,Agencia,5,Renovada,,
POL-004981,CLI-01792,Salud,2024-10-30,2025-10-30,170000000,3288000,3073000,7.0,Mensual,corredor,0,Renovada,,
POL-000178,CLI-02772,Auto,2024-06-11,2025/06/11,53000000,2605000,2139000,21.8,Trimestral,Asesor comercial,0,CANCELADA,24/07/2024,Cambio de aseguradora
POL-001950,CLI-03765,Auto,2024-08-28,2025-08-28,46000000,1696000,1626000,4.3,Anual,Web,10,Renovada,,
POL-002796,CLI-04692,Auto,07/04/2024,2025-04-07,93000000,3102000,2980000,4.1,Mensual,ASESOR COMERCIAL,10,Renovada,,
POL-005682,CLI-01092,Hogar,2024/01/04,2025/01/03,297000000,1173000,1100000,6.6,Anual,Asesor comercial,15,Renovada,,
POL-004229,CLI-01974,Auto,2021/12/09,2022/12/09,55000000,1823000,1691000,7.8,Anual,Bancaseguros,5,Cancelada,2022-08-15,falta de pago
POL-007802,CLI-00267,Auto,21/02/2025,2026/02/21,73000000,3641000,3708000,-1.8,Trimestral,ASESOR COMERCIAL,10,Activa,,
POL-007721,CLI-04929,Auto,2025-05-17,2026-05-17,79000000,3278000,3066000,6.9,Anual,Web,15,Activa,,
POL-008098,CLI-03893,Hogar,31/01/2023,2024/01/31,,479000,444000,7.8,Mensual,agencia,0,Renovada,,
POL-007711,CLI-00522, Auto ,2021-10-21,2022-10-21,57000000,1826000,1341000,36.2,Mensual, Asesor comercial ,0,  Vencida,,
POL-004749,CLI-02357,Auto,2025-06-09,09/06/2026,70000000,3142000,2967000,,Trimestral,Bancaseguros,0,Activa,,
POL-000047,CLI-03922,Salud  ,14/10/2024,2025/10/14,156000000,3991000,4072000,-2.0,Mensual,Bancaseguros,10,Vencida,,
POL-006739,CLI-04128,Vida,2025-03-20,2026-03-20,522000000,1771000,1729000,2.4,  Trimestral,Corredor,5,Activa,,
POL-001974,CLI-03185,Hogar,2025-04-11,2026-04-11,148000000,587000,563000,4.2,Trimestral,Agencia,5,ACTIVA,,
POL-000796,CLI-02289,Salud,2025/02/16,2026-02-16,131000000,2592000,2502000,3.6,Semestral,Bancaseguros,15,Activa,,
POL-004853,CLI-03276,Vida,18/11/2024,2025-11-18,543000000,2077000,,4.1,Anual,  Asesor comercial,5,Renovada,,
POL-001335,CLI-01899,hogar,2024/12/28,28/12/2025,248000000,927000,883000,5.0,Mensual,Asesor comercial,10,Renovada,,
POL-008262,CLI-04632,SALUD,2024/07/28,28/07/2025,61000000,1032000,944000,9.3,Anual,Corredor,5,Vencida,,
POL-003725,CLI-04236,Vida,2025-01-11,11/01/2026,400000000,1176000,1143000,2.9,Mensual,Agencia,0,Activa,,
POL-007842,CLI-04269,Salud,2024-09-10,2025/09/10,74000000,1741000,1647000,5.7,Trimestral,Asesor comercial,10,Renovada,,
POL-002340,CLI-00473,Auto,2023/06/11,2024-06-10,99000000,4793000,4931000,-2.8,Mensual,Asesor comercial,0,Vencida,,
POL-006968,CLI-03306,  Auto,12/04/2023,11/04/2024,63000000,2370000,2333000,1.6,Anual,BANCASEGUROS,0,Renovada,,
POL-007592,CLI-01814,Auto,2022/02/13,2023-02-13,51000000,2219000,1992000,11.4,Mensual,Asesor comercial,0,Renovada,,
POL-007521,CLI-00724,Salud,2023-10-29,2023-03-15,136000000,2663000,2443000,9.0,Mensual,Bancaseguros,10,Renovada,,
POL-003107,CLI-03410,Hogar,2024-02-08,2025-02-07,82000000,317000,296000,7.1,Anual,Web,10,Renovada,,
POL-002954,CLI-04570,vida,2024/02/15,2025/02/14,166000000,497000,482000,3.2,Semestral,Asesor comercial,5,Cancelada,2024-10-16,Falta de pago  
POL-005031,CLI-01629,Vida,2023-06-04,2024-06-03,,1680000,1546000,8.7,Anual,Asesor comercial,0,Renovada,,
POL-001276,CLI-04152,Salud,2021-01-23,2022-01-23,284000000,5512000,5409000,1.9,Semestral  ,Web,10,Renovada,,
POL-003066,CLI-02806,Salud,2021-06-01,01/06/2022,95000000,1993000,1842000,8.2,Mensual,Web,10,Renovada,,
POL-003415,CLI-04393,Salud,03/05/2022,2023-05-03,99000000,1534000,1104000,39.0,Semestral,Corredor,0,Vencida,,
POL-002965,CLI-04120,Auto,,2023-03-08,60000000,2468000,1792000,37.7,Mensual,Agencia,0,Vencida,,
POL-000046,CLI-01960,Auto,2021-09-22,2022/09/22,34000000,1092000,1046000,4.4,MENSUAL, Corredor ,10,Renovada,,
POL-004585,CLI-02700,Salud,13/01/2021,2022-01-13,160000000,4765000,4538000,5.0,Anual,WEB,0,Vencida,INVALID_DATE,
POL-005309,CLI-02306,Salud,2023-03-10,2024-03-09,56000000,1232000,1234000,-0.2,Mensual  ,Corredor,0,Vencida,,
POL-006083,CLI-00594,Salud,2024-10-06,2025-10-06,187000000,3791000,3699000,2.5,Anual,Asesor comercial,5,Expirada,,
POL-001192,CLI-02138,auto,24/10/2023,23/10/2024,57000000,2326000,2247000,3.5,Mensual,Asesor comercial,10,Cancelada,2024-10-17,Reclamo rechazado / insatisfaccion
POL-007517,CLI-02044,Vida,2021-10-08,08/10/2022,180000000,716000,675000,6.0,Anual,Corredor,0,Renovada  ,,
POL-001504,CLI-04716, Salud ,24/09/2022,2023-09-24,115000000,2167000,2050000,5.7,Anual,ASESOR COMERCIAL,15,  Renovada,,
POL-006892,CLI-02453,Auto,11/08/2022,2023-08-11,26000000,1059000,1019000,3.9,Trimestral,BANCASEGUROS,5,Cancelada,2023/08/11,Precio
POL-005967, CLI-02855 ,Vida,2022-04-28,28/04/2023,210000000,551000,408000,35.0,Anual,  Web,5,Anulada,2023-03-07,Precio
POL-006616,CLI-02229,Salud,2025-02-18,2026-02-18,130000000,2560000,2520000,1.6,Anual,Bancaseguros,5,Activa,,
POL-003052,CLI-02231,Vida,10/02/2025,10/02/2026,299000000,723000,720000,0.4,Mensual,Web,5,Activa,,
POL-002990,CLI-03555,Auto,2023-03-21,20/03/2024,68000000,2485000,1788000,39.0,Anual,Web,10,Cancelado,03/03/2024,Precio
POL-000591,CLI-00281,Auto,2023/07/31,30/07/2024,57000000,2522000,2077000,21.4,Anual,Agencia,15,Renovada,,
POL-007657,CLI-01423,Auto,2024-05-11,2025/05/11,40000000,1129000,835000,35.2,Mensual,Bancaseguros,10,Renovada,,
POL-006159,CLI-04246,Auto,2023/07/25,2024-07-24,65000000,3073000,2851000,7.8,Mensual,Bancaseguros,10,Renovada,,
POL-001172,CLI-01379,auto,2022-08-12,2023-08-12,36000000,1768000,1702000,3.9,Anual,Asesor comercial,15,Cancelada,2023-08-12,Cambio de aseguradora
POL-008010,CLI-03691,Salud,2025-01-07,07/01/2026,67000000,1444000,1121000,28.8,Anual,Asesor comercial,10,Cancelada,2025-07-25,Falta de pago
POL-003102,CLI-00781,Auto,24/04/2024,24/04/2025,40000000,1712000,1250000,,Mensual,Asesor comercial,5,Cancelada,2024-07-19,Precio
POL-005792,CLI-01661,Salud,2021-07-13,2022-07-13,145000000,4202000,4040000,4.0,ANUAL,Agencia,5,Renovada,,
POL-000286,CLI-03165,Auto,2024-12-12,12/12/2025,75000000,3433000,3093000,11.0,Semestral,Bancaseguros,0,Renovada,,
POL-004349,CLI-01910,Auto  ,2021-06-16,2022-06-16,107000000,5075000,4847000,4.7,Trimestral,Bancaseguros,10,Renovada,,
POL-007541,CLI-03177,Auto,2024-08-20,2025-08-20,126000000,4718000,4537000,4.0,Mensual,Agencia,10,Vencida,,
POL-004870,CLI-01091,Auto,2025-01-18,2026-01-18,94000000,4406000,4024000,9.5,Mensual,ASESOR COMERCIAL,10,Activa,,
POL-004907,CLI-00643, Hogar ,02/06/2023,01/06/2024,261000000,1034000,1018000,1.6,Semestral,Bancaseguros,5,Cancelada,2024-04-08,CAMBIO DE ASEGURADORA
POL-004261,CLI-03728,Auto,2022-11-09,2023-11-09,54000000,2084000,1996000,4.4,Mensual,Bancaseguros,5,Renovada,,
POL-007719,CLI-03287,Vida,2023-08-07,06/08/2024,99000000,347000,284000,22.0,Mensual,Asesor comercial,10,Cancelada,2024-06-15,Precio
POL-000065,CLI-00260,Hogar,2024/02/10,2025-02-09,138000000,524000,473000,10.8,Mensual,Agencia,0,Cancelada,2024-03-18,Precio
POL-006250,CLI-02020,Salud  ,2022-08-18,2023-08-18,144000000,2447000,2432000,0.6,Mensual,Corredor,0,Renovada,,
POL-002044,CLI-03000,Salud,2022/06/15,2023-06-15,147000000,4232000,3966000,6.7,  Semestral,Asesor  comercial,0,Renovada,,
POL-000089,CLI-00395,Salud,2025-04-26,26/04/2026,132000000,2673000,2466000,8.4,Anual,Asesor comercial,0,Cancelada,2025-12-10,  Cambio de aseguradora
POL-006786,CLI-02851,Hogar,2024-12-15,2025-12-15,161000000,724000,677000,7.0,Trimestral,Web,0,Vencida,,
POL-006531,CLI-04778,Salud,12/12/2024,2025-12-12,94000000,2347000,2212000,6.1,Anual,Agencia,15,Vencida,,
POL-002857,CLI-00031, Vida ,2022-10-23,23/10/2023,621000000,2764000,2612000,5.8,Anual,Agencia,10,Renovada,,
POL-002473,CLI-02333,Auto,2025-05-14,14/05/2026,54000000,2052000,1900000,8.0,Mensual,Bancaseguros,10,activa,,
POL-005578,CLI-04438,Salud,2021-04-26,2022/04/26,217000000,4614000,4528000,1.9,Mensual,Asesor comercial,15,Renovada,,
POL-007115,CLI-03182,Salud,2025-02-22,22/02/2026,150000000,3888000,3671000,5.9,Semestral,Web,5,Activa,,
POL-001775,CLI-01313,HOGAR,21/09/2023,2024/09/20,130000000,449000,381000,17.9,Mensual,Web,15,Vencida,,
POL-006245,CLI-02927,Salud,2025/01/14,2026-01-14,96000000,1939000,1826000,6.2,Trimestral,Agencia,5,Activa,,
POL-001262,CLI-02638,Vida,27/09/2024,2025/09/27,160000000,562000,530000,6.1,Anual,  Web,5,Vencida,,
POL-007660,CLI-02593,Auto,2024-07-06,2025-07-06,84000000,2501000,2340000,6.9,Mensual,Asesor comercial,0,Vencida,,
POL-001892,CLI-01935,Hogar,18/03/2025,18/03/2026,249000000,1303000,1298000,0.4,Mensual,Bancaseguros,5,Activa,,
POL-003712,cli-04135,Auto,2022-10-14,14/10/2023,58000000,2304000,2353000,-2.1,Anual,Web,0,Cancelada,09/07/2023,Cambio de aseguradora
POL-001523,CLI-03008,SALUD,2023-03-23,22/03/2024,112000000,3010000,2588000,16.3,Mensual,Corredor,15,Vencida,,
POL-007166,CLI-02028,Auto,2024-10-25,2025-10-25,52000000,1857000,1826000,1.7,Semestral,Web,10,Vencida,,
POL-004930, CLI-03499 ,Salud,08/10/2023,2024-10-07,102000000,2365000,2305000,2.6,Anual,Bancaseguros,15,Renovada,,
POL-008315,CLI-01841,vida,2025-06-18,2026/06/18,232000000,881000,841000,4.8,Mensual,  Corredor,5,Activa,,
POL-006438,CLI-04754,Vida  ,2021-08-31,31/08/2022,532000000,1323000,1026000,29.0,Mensual  ,Agencia,15,Vencida,,
POL-008163,CLI-02715,Hogar,2021-01-07,2022/01/07,187000000,787000,727000,,Anual,Corredor,10,Vencida,,
POL-002131,CLI-03745,Salud,2023-06-24,2024/06/23,80000000,,2647000,0.9,Mensual,Web,5,Renovada,,
POL-003143,CLI-01727,Salud,2024-07-07,07/07/2025,70000000,2200000,1998000,,Anual,Bancaseguros,15,vencida,,
POL-005851,CLI-03024,Hogar,2022-06-04,2023-06-04,210000000,812000,788000,3.0,Anual,Web,0,Vencida,,
POL-002358,CLI-00942,Hogar,01/03/2023,2024-02-29,225000000,888000,661000,34.3,Mensual,Corredor,5,Cancelado,28/01/2024,Precio
POL-007512,CLI-01805,Auto,11/05/2022,11/05/2023,64000000,2464000,2190000,12.5,Anual,Corredor,5,Vencida,,
POL-005728,CLI-04114,Salud,12/10/2024,2025-10-12,295000000,6771000,6418000,5.5,mensual,Web,15,Vencida,,
POL-003253,CLI-01289,Auto  ,2024-05-04,INVALID_DATE,45000000,1830000,1418000,29.1,Trimestral,Corredor,10,VENCIDA,,
POL-003142,CLI-00752,Vida,2023-11-07,2024-11-06,112000000,372000,345000,7.7,  Semestral,Agencia,15,Vencida,,
POL-001934,CLI-04667,Salud,24/12/2022,24/12/2023,135000000,2982000,3037000,-1.8,Anual,Asesor comercial,10,Renovada,,
POL-001808,CLI-03406,Auto,2024/11/20,2025-11-20,147000000,5637000,5431000,3.8,Anual,Agencia,5,Renovada,,
POL-003004,CLI-02262,Salud,2022-05-06,2023-05-06,152000000,3380000,3383000,-0.1,Trimestral,Asesor comercial,5,Renovada,,
POL-007932,CLI-05014,VIDA,2025-02-08,08/02/2026,551000000,1773000,1634000,8.5,Mensual  ,Web,15,Vigente,,
POL-005181,CLI-03896,SALUD,2024-01-04,03/01/2025,239000000,5146000,4760000,8.1,Anual,Asesor comercial,10,RENOVADA,,
POL-001213,CLI-01991,Salud  ,2023-09-09,2024-09-08,115000000,1923000,1851000,3.9,Mensual, Bancaseguros ,5,Cancelada,INVALID_DATE,Otro
POL-005446,CLI-01539,Auto,14/02/2023,14/02/2024,71000000,2296000,2301000,-0.2,Mensual, Corredor ,10,Vencida,,
POL-000003,CLI-00020,Auto,2024/05/17,2025-05-17,28000000,1058000,836000,26.6,Trimestral,Agencia,15,Cancelada,2025-05-17,Precio
POL-008204,CLI-00442,Auto,2024-09-04,2025-09-04,52000000,,1160000,33.6,TRIMESTRAL,Corredor,0,Cancelada,2025-04-18,Precio
POL-007829,CLI-05121,Vida,2024-06-29,2025-06-29,256000000,711000,731000,-2.8,Trimestral,Asesor comercial,0,Vencida,,
POL-001259,CLI-02934,Hogar,2025-03-12,2026/03/12,583000000,,2210000,10.5,Semestral,Asesor comercial,5,Activa,,
POL-007785,CLI-00468,Auto,2024/05/27,27/05/2025,162000000,6487000,4990000,30.0,Mensual,Web,5,Expirada,,
POL-005470,CLI-02263,Hogar,2024-02-17,2025-02-16,396000000,1419000,1327000,6.9,Mensual,Bancaseguros,15,Renovada,,
POL-005137,CLI-03001,Auto,2022-06-09,09/06/2023,29000000,820000,763000,7.5,Anual  ,Asesor comercial,5,Cancelada,2023/04/22,otro
POL-005931,CLI-02416,Auto,17/02/2022,2023-02-17,28000000,1085000,1015000,6.9,Mensual,Bancaseguros,5,Renovado,,
POL-003456,CLI-00114,Auto,2023-01-18,18/01/2024,75000000,2889000,2641000,9.4,Anual,  Asesor comercial,5,CANCELADA,2023-06-13,Falta de pago
POL-004594,CLI-01965,Vida,2022/12/10,2023/12/10,738000000,3424000,3261000,5.0,Mensual,Agencia,10,Renovada,,
POL-000347,CLI-04491,Auto,2023-05-02,2024-05-01,49000000,2245000,2216000,1.3,Mensual,Web,0,Cancelada,2023/12/18,Cambio de aseguradora
POL-006076,CLI-04968,Salud,02/11/2022,02/11/2023,93000000,2112000,1998000,5.7,Mensual,BANCASEGUROS,0,Vencida,,
POL-006420,CLI-04359,Auto,14/05/2021,2022-05-14,39000000,1529000,1448000,5.6,mensual,Corredor,5,Renovada,,
POL-007319,CLI-00670,Hogar,2024/06/04,04/06/2025,147000000,569000,541000,5.2,Mensual,Asesor comercial,15,Vencida,,
POL-003017,CLI-01611,Vida,2024-08-09,2025-08-09,152000000,467000,464000,0.6,Anual,Web,5,renovada,,
POL-007955,CLI-05162,Auto,2023-04-03,02/04/2024,57000000,2296000,2014000,14.0,Mensual,Bancaseguros,5,Cancelada,2023-11-17,Falta de pago
POL-000608,CLI-04221,Vida,2025/04/29,2026-04-29,180000000,796000,729000,9.2,Trimestral,Web,5,Activa,,
POL-002507,CLI-01652,Salud,2024-09-01,01/09/2025,101000000,2956000,2980000,-0.8,Semestral,Web,0,Renovada  ,,
POL-003681,CLI-04698,Vida,2024/06/01,2025-06-01,301000000,928000,793000,17.0,Anual,Asesor comercial,15,VENCIDA,,
POL-003157,CLI-04826,Vida,2022/09/01,2023-09-01,154000000,672000,621000,8.2,Mensual  ,Bancaseguros,10,RENOVADA,,
POL-003552,CLI-02180,Hogar,2022-01-22,2023-01-22,154000000,686000,664000,3.3,ANUAL,Bancaseguros,15,Renovada,,
POL-001847,CLI-05130,Salud,17/06/2024,2025-06-17,,1092000,1037000,5.3,Anual,Agencia,10,RENOVADA,,
POL-005443,CLI-05190,Vida  ,2025-06-23,2026-06-23,217000000,872000,821000,6.2,  Mensual,Bancaseguros,10,Activa,,
POL-000970,CLI-02712,Auto,2025-02-13,2026-02-13,47000000,1996000,1906000,4.7,Mensual, Web ,0,Activa,,
POL-002550,CLI-01676,Auto,06/10/2024,2025-10-06,50000000,2382000,1993000,19.5,Mensual,CORREDOR,5,Renovada,,
POL-004884,CLI-00818,Auto,2022-12-26,2023-12-26,47000000,2100000,1517000,38.4,Mensual,Agencia,5,Cancelada,2023-10-06, Precio 
POL-006248,CLI-04933,Vehículo,2025/02/17,2026-02-17,47000000,1601000,1503000,6.5,  Mensual, Agencia ,10,Activa,,
POL-003985,CLI-02130,Auto,15/04/2022,2023-04-15,37000000,1067000,1004000,6.3,Semestral,Asesor comercial,10,Vencida,,
POL-003235,CLI-01886,Hogar,26/06/2021,26/06/2022,57000000,323000,309000,4.6,Mensual,Corredor,10,Vencida,,
POL-003263,CLI-00236,Hogar,2024-07-23,2025-07-23,197000000,675000,682000,-1.0,Semestral,Asesor comercial,0,Vencida  ,,
POL-006395,CLI-02840,Auto  ,2023-12-04,2024-12-03,63000000,2928000,2200000,33.1,MENSUAL,Agencia,10,Cancelada,12/11/2024,Precio
POL-001701,CLI-02039, Hogar ,11/10/2022,2023-10-11,126000000,559000,425000,31.6,Anual,Corredor,5,Cancelada,2023/06/11,PRECIO
POL-000302,CLI-02151,Auto,2022-07-23,2023/07/23,32000000,989000,937000,5.6,Anual,Asesor comercial,5,Renovada,,
POL-005864,CLI-00232,Vida,04/09/2024,04/09/2025,410000000,1702000,1616000,5.3,Anual,Asesor  comercial,10,Renovada  ,,
POL-007911,CLI-04341,Auto,2022-06-24,2023-06-24,58000000,2429000,1942000,25.1,Mensual,Agencia,5,Vencida,,
POL-000966,CLI-01910,Salud,16/05/2023,2024-05-15,60000000,908000,713000,27.4,Anual,Asesor comercial,5,Vencida,,
POL-002580,CLI-03231,Salud,2024-07-31,31/07/2025,199000000,4839000,3934000,23.0,Trimestral,ASESOR COMERCIAL,5,Cancelada,2025/02/06, Precio 
POL-008095,CLI-05011,Vida,2024/01/15,2025/01/14,461000000,1770000,,32.7,Semestral,Agencia,5,Vencida,,
POL-004019,CLI-03557,Salud,2022-11-24,2023-11-24,77000000,2457000,2208000,11.3,Mensual,Bancaseguros,5,Vencida,,
POL-001588,CLI-03711,Salud,23/01/2025,2026/01/23,172000000,4142000,4093000,1.2,Mensual,Bancaseguros,15,Activa,,
POL-000852,CLI-01167,AUTO,2021-05-27,2022-05-27,54000000,1295000,1263000,2.5,mensual,Corredor,0,Vencida,,
POL-004502,CLI-04526,Auto,02/01/2025,2026/01/02,54000000,2038000,2030000,0.4,Semestral,Bancaseguros,15,Activa,,
POL-004516,CLI-04879,Salud,2024/08/29,2025-08-29,109000000,3173000,3205000,-1.0,Mensual,Corredor  ,5,Renovada,,
POL-005919,CLI-04750,Auto,26/09/2024,2025-09-26,174000000,8235000,8162000,0.9,MENSUAL,Web,15,Cancelada,2025-09-07,Otro
POL-003664,CLI-04475,Hogar,2025-03-02,02/03/2026,119000000,572000,526000,8.8,Mensual,Agencia,10,Cancelada,INVALID_DATE,Cambio de aseguradora
POL-001210,CLI-00766,Vida,,2025-12-04,574000000,1711000,1583000,8.1,Mensual,Asesor comercial,0,Cancelada,16/11/2025,Falta de pago
POL-005274,CLI-01532,AUTO,2023/10/11,2024-10-10,113000000,3827000,3641000,5.1,Semestral,Web,15,Cancelada,2024-08-02,Falta de pago
POL-001359,CLI-03750,hogar,2022/08/12,2023-08-12,144000000,577000,530000,8.9,Mensual,Agencia,10,Renovada,,
POL-000805,CLI-04799,Salud,2022/08/16,2023-08-16,193000000,2877000,2388000,20.5,Mensual,Asesor comercial,0,VENCIDA,,
POL-002203,CLI-01262,AUTO,2022-10-26,26/10/2023,72000000,2293000,2235000,2.6,Semestral,Asesor comercial,15,Renovada,,
POL-002239,CLI-03756,Salud,2021-03-21,2022-03-21,210000000,4280000,4280000,-0.0,Mensual,Agencia,0,Vencida,,
POL-001929,CLI-02500,Auto,2024/08/20,2025-08-20,52000000,2137000,1615000,32.3,Semestral,Bancaseguros,10,Cancelada,25/01/2025,Precio
POL-004682,CLI-03633,salud,2025/03/28,28/03/2026,180000000,3424000,3242000,5.6,Semestral,Bancaseguros,15,Activa,,
POL-000537,CLI-04709,  Salud,2024/12/17,17/12/2025,166000000,4986000,3680000,35.5, Mensual ,Web,5,Cancelada,2025-09-15,Precio
POL-005716,CLI-01962,Salud,07/02/2024,06/02/2025,178000000,3831000,3631000,5.5,Mensual,Bancaseguros,5,Renovada,,
POL-002619,CLI-00372,Auto,2023/09/07,06/09/2024,27000000,1055000,996000,5.9,TRIMESTRAL,Agencia,0,Renovada,,
POL-001268,CLI-02806,Auto,2025/02/14,2026-02-14,67000000,2195000,2057000,6.7,Anual,Asesor comercial,10,Activa,,
POL-000236,CLI-03354,Seguro de Salud,2022-04-19,2023-04-19,72000000,1537000,1428000,7.6,Anual,BANCASEGUROS,15,Renovada,,
POL-004298,CLI-03538,Hogar,2024-12-25,2025-12-25,635000000,2466000,2307000,6.9,Anual,Web,5,Vencida,,
POL-001277,CLI-00470,HOGAR,2021-09-29,2022-09-29,414000000,1506000,1101000,36.8,Semestral,  Asesor comercial,5,Renovada,,
POL-007269,CLI-00093,Vida,24/03/2021,2022-03-24,196000000,,867000,-1.1,Mensual  ,Web,5,Vencida,,
POL-006214,CLI-02207,SEGURO AUTO,14/08/2024,2025/08/14,,2341000,1941000,20.6,Mensual,Asesor  comercial,15, Cancelada ,2025-06-24,Precio
POL-001108,CLI-00952,VIDA,13/04/2025,2026-04-13,358000000,1554000,1493000,4.1,Mensual,Web,0,Activa,,
POL-003223,CLI-04908,Hogar,2023/08/30,2024/08/29,,673000,637000,5.6, Mensual ,Bancaseguros,0,Renovada,,
POL-008334,CLI-00947,Vida,26/03/2023,25/03/2024,360000000,1363000,1322000,3.1,Mensual,Bancaseguros,5,Vencida,,
POL-005250,CLI-02202,Vida,2022-10-29,2023-10-29,293000000,801000,632000,26.7,Mensual,Asesor comercial,0,Renovada,,
POL-003520,CLI-02512,Auto,2025/06/05,2026-06-05,130000000,5420000,5366000,1.0,Mensual,Bancaseguros,5,ACTIVA,,
POL-005828,CLI-04036,Auto,05/08/2022,2023-08-05,42000000,1481000,1081000,37.0,Semestral,Asesor comercial,5,  Cancelada,2023-06-15,Falta de pago
POL-002922,CLI-01151,Hogar,2022/06/13,2023-06-13,267000000,1176000,955000,23.2,Anual,Agencia,5,Vencida,,
POL-007297,CLI-04972,Salud,2022/08/01,01/08/2023,137000000,2425000,2245000,8.0,Anual,Asesor comercial,10,Renovada,,
POL-003403,CLI-03624, Seguro de Vida ,INVALID_DATE,2025-08-23,798000000,1983000,1909000,3.9,Semestral,WEB,15,Vencida,,
POL-001115,CLI-00389,Hogar,2025-01-22,22/01/2026,244000000,934000,879000,6.2,Trimestral,Web,15,Activa,,
POL-002656,CLI-04526,Vida,2024-12-01,01/12/2025,279000000,1130000,862000,31.1,Mensual,Asesor comercial,10,Cancelada,2025-11-08,Precio
POL-003573,CLI-03105, Auto ,2022-03-03,2023-03-03,40000000,1836000,1784000,2.9,Mensual,Asesor comercial,0,Vencida,,
POL-004422,CLI-00402,Auto,12/06/2024,2025-06-12,99000000,3585000,3414000,5.0,Anual,  Asesor comercial,0,Renovada,,
POL-005080,CLI-02200,Auto,09/08/2021,2022-08-09,55000000,1394000,1282000,8.7,  Mensual,Asesor comercial,10,Renovada,,
POL-007881,CLI-02377,Hogar,2025/05/03,2026-05-03,143000000,508000,471000,7.9,Trimestral,Asesor comercial,15,Activa,,
POL-002309,CLI-03022,Hogar,2025/02/23,2026-02-23,210000000,698000,632000,10.5,Trimestral,Agencia,15,Activa,,
POL-006321,CLI-05053,Salud,2024-09-02,2025-09-02,119000000,2973000,2703000,10.0,Trimestral,Corredor,0,Renovada,,
POL-005679,CLI-04338,Salud,24/03/2024,2025-03-24,168000000,4316000,4118000,4.8,anual,Agencia,5,Renovada,,
POL-001976,CLI-04629,Hogar,2024-10-11,11/10/2025,270000000,1097000,,4.5,Mensual,Asesor comercial,15,Renovada,,
POL-004332,CLI-00322,Auto,23/10/2024,23/10/2025,39000000,1825000,1851000,-1.4,Semestral,Web,15,vencida,,
POL-001186,CLI-04931,Auto,2024-09-25,25/09/2025,75000000,3494000,3442000,1.5,Anual,Corredor,0,Renovada,,
POL-004681,CLI-02859,Hogar,2025-06-20,2026-06-20,179000000,714000,547000,30.6,Mensual,Web,5, Activa ,,
POL-004940,CLI-03789,Vida,2021-02-18,18/02/2022,65000000,224000,218000,2.9,Trimestral,Asesor comercial,15,Cancelada,16/09/2021,Cambio de aseguradora
POL-006271,CLI-03324,  Auto,2024-09-12,2025-09-12,78000000,3402000,2573000,32.2,  Anual,AGENCIA,0,Cancelada,09/08/2025,Cambio de aseguradora  
POL-006919,CLI-01345,Salud,2023-11-03,2024-11-02,282000000,6480000,6171000,5.0,Anual,Asesor comercial,5,Renovada,,
POL-003108,CLI-03618,Hogar,2024-12-06,2025-12-06,190000000,691000,577000,19.8,Anual,Web,10, Renovada ,,
POL-004346,CLI-01881,Auto,2025-02-25,25/02/2026,44000000,1792000,1741000,2.9,Anual,Bancaseguros,0,Vigente,,
POL-003218,CLI-03497,Hogar,2025-05-23,2026-05-23,395000000,1463000,1407000,4.0,Mensual,Web,0,Activa,,
POL-001339,CLI-02698,Hogar,2023/10/22,2024-10-21,167000000,633000,561000,12.9, Mensual ,Asesor comercial,0,VENCIDA,,
POL-002124,CLI-00260,Vida,2023/05/02,2024-05-01,477000000,2103000,1944000,8.2,Anual  ,Web,5,Vencida,,
POL-005045,CLI-02315,Salud,07/12/2024,INVALID_DATE,124000000,2700000,2495000,8.2,Mensual,Corredor,5,Vencida,,
POL-004531,CLI-01189,Vida,2025-05-01,01/05/2026,307000000,870000,,-0.5,Mensual,Web,5,Activa,,
POL-003547,CLI-00642,Vida,25/09/2021,25/09/2022,262000000,1332000,1041000,28.0,Trimestral,Agencia,5,Renovada,,
POL-006921,CLI-01078,vida,2025-05-01,2026-05-01,426000000,2197000,2197000,-0.0,MENSUAL,Web,10,Activa,,
POL-003089,CLI-02179,SALUD,2022-03-03,2023-03-03,74000000,1505000,1422000,5.8,Mensual,AGENCIA,0,Cancelada,07/07/2022,Precio
POL-008070,CLI-01828,Auto,07/02/2025,2026/02/07,83000000,3754000,3535000,6.2,Anual,Corredor,10,Activa,,
POL-008118,CLI-01626,Salud,2024-10-18,2025-10-18,80000000,1356000,1295000,4.7,Semestral,Agencia,5,VENCIDA,,
POL-006146,CLI-01289,HOGAR,2024-06-30,30/06/2025,376000000,1444000,,10.8,Anual,Web,15,Vencida,INVALID_DATE,
POL-000700,CLI-03272,Salud,18/04/2024,2025-04-18,116000000,2386000,1834000,30.1,Mensual,corredor,5,  Vencida,,
POL-006409,CLI-00291,Seguro de Salud,2024-06-22,22/06/2025,91000000,3045000,2968000,2.6,Semestral,Corredor,15,  Renovada,,
POL-006513,CLI-05116,Seguro Auto,2024/02/12,2025-02-11,96000000,3293000,2763000,19.2,Semestral,Asesor comercial,0,Vencida,,
POL-004481,CLI-03036,Salud  ,25/04/2025,2026-04-25,86000000,1621000,1493000,8.6,MENSUAL,Bancaseguros,5,ACTIVA,,
POL-003881,CLI-01767,Hogar,2022-06-28,2023-06-28,161000000,615000,560000,9.8,Mensual,Corredor,5,Cancelada,06/04/2023,PRECIO
POL-007819,CLI-03694,Vida,2024-06-18,18/06/2025,461000000,1519000,1473000,3.1,Mensual,Asesor comercial,10, Renovada ,,
POL-007852,CLI-01252,Salud,2024/11/24,2025-11-24,77000000,2008000,2053000,-2.2,Semestral,Agencia,15,Vencida,,
POL-007242,CLI-03047,Auto,11/11/2024,11/11/2025,22000000,998000,855000,16.7,Anual,  Asesor comercial,10,Vencida,,
POL-008371,CLI-02915,Hogar  ,2024/06/08,08/06/2025,451000000,1670000,1283000,30.2,Trimestral,Agencia,5,  Renovada,,
POL-003221,CLI-00577,Salud,2022-04-27,2023-04-27,354000000,7935000,7149000,11.0,Anual,Bancaseguros,0,Renovada,,
POL-002764,CLI-02881,Salud,2025-05-29,2026-05-29,161000000,3662000,3442000,6.4,Mensual,Bancaseguros,5,Activa,,
POL-001034,CLI-00046,Hogar,2022-01-16,2023-01-16,480000000,2608000,2508000,4.0,Anual,Web,5,vencida,,
POL-002182,CLI-04432,SALUD,2025-05-25,2026-05-25,62000000,1514000,1401000,8.1,Anual,Asesor comercial,0,Activa,,
POL-004190,CLI-01424,  Salud,2024-12-20,2025-12-20,115000000,2949000,2871000,2.7,Mensual  ,Bancaseguros,10,VENCIDA,,
POL-003945,CLI-01007,Vida,2024-09-30,30/09/2025,174000000,536000,510000,5.2,Mensual,Asesor comercial,0,Renovada,,
POL-004322,CLI-03341,Auto,2024-01-03,2025/01/02,83000000,3130000,2936000,6.6,Semestral,  Bancaseguros,0,Vencida,,
POL-007868,CLI-02456,Seguro de Salud,2021/07/18,18/07/2022,53000000,1075000,988000,8.8,Mensual, Asesor comercial ,0,Cancelada,2022-05-09,Cambio de aseguradora
POL-005451,CLI-00338,Auto,2024/12/28,2025-12-28,20000000,596000,546000,9.1,Mensual,Asesor comercial,0,Renovada,,
POL-008096,CLI-02935,SALUD,2023-04-28,2024-04-27,181000000,2996000,2769000,8.2,Mensual,Bancaseguros,15,Vencida,,
POL-005617,CLI-00907,AUTO,2024/11/07,07/11/2025,63000000,2026000,1849000,9.6,Anual,Web,5,Renovada,,
POL-006929,CLI-01195,Hogar,2024-03-16,2025-03-16,248000000,954000,855000,11.6,Anual,Corredor,5,Vencida,,
POL-003686,CLI-01862,Auto,2023-04-27,2024-04-26,48000000,1859000,1833000,1.4,Anual,Web,10,  Vencida,,
POL-006057,CLI-00252,Hogar  ,2025/01/14,2026/01/14,281000000,1023000,970000,5.5,Mensual  ,Asesor comercial,5,Activa,,
POL-008292,CLI-00391,Salud,2024-10-23,23/10/2025,87000000,1913000,1970000,-2.9,Trimestral,Web,0,Renovada,,
POL-002777,CLI-04943,Salud,2025-04-20,20/04/2026,233000000,5780000,5231000,10.5,Mensual,Asesor comercial,15,Cancelada,2025-10-21,Reclamo rechazado / insatisfacción
POL-003864,CLI-00779,Auto,25/08/2023,2024-08-24,35000000,1330000,1255000,6.0,Anual,Web,5,Renovada,,
POL-007205,CLI-00947,Vida,2021/07/17,17/07/2022,627000000,2311000,1977000,16.9,Anual,Corredor,5,Vencida,,
POL-005733,CLI-01587,Auto,2023-08-01,2024/07/31,47000000,1942000,1817000,6.9,Mensual,Asesor comercial,15,Vencida,,
POL-006817,CLI-03220,Auto,2022/11/06,2023/11/06,48000000,1669000,1624000,2.8,Anual,Asesor comercial  ,5,Renovada,,
POL-001478,CLI-03740, Auto ,2024/03/18,18/03/2025,29000000,1551000,1469000,5.6,Anual,Corredor,15,Vencida,,
POL-006591,CLI-04356,Vida,2024/05/28,2025-05-28,312000000,932000,872000,6.9,Mensual,Asesor comercial,5,Renovada,,
POL-007460,CLI-04466,Hogar,2024-08-12,12/08/2025,161000000,726000,663000,9.5,Anual,Web,5,Vencida,,
POL-000057,CLI-02263,Auto,2022/04/20,2023/04/20,56000000,1775000,1730000,2.6,Mensual,Agencia,10,Vencida,,
POL-000270,CLI-00434,Auto,INVALID_DATE,2025-03-25,32000000,1026000,991000,3.5,Anual,Asesor comercial,10,Vencida,,
POL-007017,CLI-02592,Hogar,2025-06-14,2026/06/14,118000000,386000,343000,12.5,Semestral,Agencia,5,Activa,,
POL-004856,CLI-01659, Auto ,2025-03-25,25/03/2026,84000000,2678000,2568000,4.3,Anual,Bancaseguros,15,Activa,,
POL-001682,CLI-03366,Hogar,17/12/2024,17/12/2025,203000000,708000,736000,-3.8,Trimestral,Corredor,5,Renovada,,
POL-007773,CLI-01167,Hogar,17/10/2021,17/10/2022,125000000,472000,,1.1,ANUAL,Agencia,15,Renovada,,
POL-000747,CLI-04880,Auto  ,22/10/2023,2024/10/21,38000000,1336000,1332000,0.3,Mensual,Bancaseguros,0,Renovada,,
POL-005061,CLI-01961,Salud,02/09/2023,2024-09-01,68000000,1398000,1367000,2.3,Mensual,Asesor comercial,10,Cancelada,2024-08-04,Reclamo rechazado / insatisfacción
POL-006075,CLI-02492,Auto,2024-01-01,2024-12-31,51000000,1607000,1423000,12.9,Anual,Web,15,Renovada,,
POL-002803,CLI-03365,Hogar,2025/05/29,,188000000,704000,669000,5.3,Mensual,Agencia,15,ACTIVA,,
POL-006775,CLI-02821,Salud,2025-05-27,2026-05-27,120000000,3093000,2274000,36.0,Mensual,BANCASEGUROS,10,Cancelada  ,19/08/2025,Cambio de aseguradora
POL-002678,CLI-00154,Hogar,31/12/2021,2022/12/31,130000000,677000,629000,7.6,Anual,Web,5,Vencida,,
POL-004218,CLI-00016,AUTO,2023-06-30,2024-06-29,65000000,3654000,3483000,4.9,Mensual,Asesor comercial,15,Renovada,,
POL-003599,CLI-03472,Auto,2025-02-22,2026-02-22,82000000,3071000,2956000,,Mensual,Corredor,0,Activa,,
POL-004508,CLI-04000,AUTO,2023/10/05,2024/10/04,49000000,2030000,1975000,2.8,Mensual,Bancaseguros,10,Vencida,,
POL-004186,CLI-02974,Vehículo,2024-12-26,26/12/2025,53000000,1989000,1991000,-0.1,Anual,Agencia,0, Renovada ,,
POL-004712,CLI-01877,Auto,12/11/2023,2024/11/11,49000000,1925000,1405000,37.0,Mensual,Corredor,5,Cancelada  ,2024-06-24,Falta de pago
POL-008260,CLI-03033,Vida,17/01/2024,2025-01-16,163000000,460000,430000,6.9,Mensual,Asesor comercial,5,Renovada,,
POL-003975,CLI-02426,Vida,12/05/2025,2026/05/12,291000000,1026000,1019000,0.7,Mensual,Bancaseguros,10,Activa,,
POL-000828,CLI-01416,Auto,27/10/2024,2025-10-27,78000000,3614000,3488000,3.6,Mensual,Agencia,0,Vencida,,
POL-005849,CLI-03629,Vida,2022-03-13,13/03/2023,479000000,1605000,,0.6,Mensual,Bancaseguros,0,Renovada,,
POL-002172,CLI-00589,Hogar,27/11/2024,2025-11-27,294000000,1035000,1004000,3.1,Mensual,Web,5,Renovada,,
POL-005312,CLI-03707,Auto,2023-10-14,2024-10-13,79000000,4600000,4528000,1.6,Mensual,Agencia,10,Renovada,,
POL-002484,CLI-01816,  Salud,2024-11-27,2025-11-27,93000000,1512000,1430000,5.7,Anual,Web,15,Renovada,,
POL-004509,CLI-02666,AUTO,2025/02/03,2026-02-03,29000000,1628000,1596000,2.0,Anual,Asesor comercial,5,Activa,,
POL-006133,CLI-01655,Auto,2025-05-12,2026-05-12,134000000,6262000,5014000,24.9,Mensual,ASESOR COMERCIAL,5,Activa,,
POL-003542,CLI-00863,Auto,14/11/2022,2023-11-14,46000000,1799000,1681000,7.0,Mensual,Corredor,15,Renovada,,
POL-007363,CLI-03651,Hogar,2024-08-09,2025-08-09,213000000,924000,854000,8.2,Mensual,Web,0,Renovada,,
POL-004757,CLI-03942,salud,2025-03-09,2026-03-09,104000000,2494000,2440000,2.2,Anual,Agencia,10,Activa,,
POL-006479,CLI-02597,Auto,2023-07-03,02/07/2024,89000000,3114000,2322000,34.1,Mensual,Web,15,Cancelada,07/04/2024,Reclamo rechazado / insatisfacción
POL-005460,CLI-03996,Salud,02/03/2025,2026-03-02,409000000,9058000,8497000,6.6,Anual,Web,0,Activa,,
POL-003038,CLI-01047,Salud,2021-03-14,14/03/2022,128000000,2875000,2682000,7.2,Anual,Web,15,Renovada,,
POL-000671,CLI-01401,SEGURO DE SALUD,2024-07-11,2025/07/11,127000000,1872000,1475000,26.9,Semestral,Agencia,10,Cancelada,2024-12-02,Cambio de aseguradora
POL-002622,CLI-01607,Auto,2023/12/09,08/12/2024,83000000,3727000,3454000,7.9, Mensual ,Corredor,5,Renovada,,
POL-002229,CLI-01362,Salud,26/05/2025,2026-05-26,133000000,3243000,3115000,4.1,Mensual,Web,0,Cancelada,2025/11/21,Falta de pago
POL-007970,CLI-02827,Seguro de Salud,2024-05-29,29/05/2025,171000000,3897000,3556000,9.6,Mensual,Asesor comercial,10,Cancelada,2025-05-29,Cambio de aseguradora
POL-001464,CLI-01956,Salud,2023-04-27,26/04/2024,83000000,1641000,1557000,5.4,Mensual,Bancaseguros,5,Renovada,,
POL-003559,CLI-04252,Auto,2025/01/24,2026/01/24,33000000,1411000,1329000,6.2,Anual,Web,5,Activa,,
POL-002732,CLI-04554,SALUD,2025/04/25,25/04/2026,241000000,5540000,5023000,10.3,Mensual,Asesor comercial,10,Cancelada,18/07/2025,Falta de pago
POL-002564,CLI-04419,Auto,02/08/2023,2024/08/01,38000000,1271000,1224000,3.8,Mensual,web,5,Vencida,,
POL-004031,CLI-02845,Salud,2024/03/04,2025-03-04,96000000,2591000,2540000,2.0,Mensual,Web,15,Vencida,,
POL-004724,CLI-00824,Hogar,2022-07-14,2023-07-14,198000000,894000,883000,1.2,Semestral, Asesor comercial ,15,Renovada,,
POL-003623,CLI-02397,Hogar,2025/05/09,09/05/2026,354000000,1450000,1433000,1.2,Anual,Bancaseguros,5,Activa,,
POL-000176,CLI-04707,  Vida,2024-04-03,2025-04-03,214000000,592000,563000,5.2, Mensual ,Web,10,Renovada,,
POL-000869,CLI-00967,HOGAR,2024/06/11,11/06/2025,332000000,1556000,1478000,5.3,  Mensual,Agencia,0, Vencida ,,
POL-000942,CLI-04774,Salud,2024-10-28,2025-10-28,52000000,1250000,1235000,1.2,Anual,Asesor comercial,0,Renovado,,
POL-000498,CLI-01118,seguro hogar,2022-01-23,2023/01/23,447000000,1935000,1807000,7.1,Mensual,Web,5,  Cancelada,2022-10-16,Cambio de aseguradora
POL-008286,CLI-02832,salud,2024/08/23,23/08/2025,125000000,2473000,2258000,9.5,Trimestral,Web,5,Vencida,,
POL-005719,CLI-02026,Salud,14/11/2023,13/11/2024,97000000,2862000,2752000,4.0,MENSUAL,Bancaseguros,0,VENCIDA,,
POL-003382,CLI-01264,Auto,2025/04/19,2026/04/19,20000000,788000,749000,5.2, Anual ,Asesor comercial,5,Vigente,,
POL-008256,CLI-04212,Auto,INVALID_DATE,28/01/2023,60000000,1600000,1486000,7.7,Mensual,Asesor comercial,10,Cancelada,2022/11/05,Precio
POL-001281,CLI-04215,Seguro Auto,2023/10/15,2024/10/14,24000000,949000,892000,6.4,Anual,Web,15,Cancelada  ,2024/05/03,Precio
POL-007435,CLI-03083,Vida,2024-12-18,18/12/2025,1137000000,4773000,4383000,8.9,Mensual,Agencia,0,renovado,,
POL-007114,CLI-02992,Salud,2023-08-11,2024-08-10,288000000,8379000,8026000,4.4,Anual,Asesor comercial,10,VENCIDA,,
POL-006066,CLI-05176,Hogar,02/04/2024,2025/04/02,444000000,-1820000,1691000,7.6,Anual  ,Asesor comercial,5,Renovada,,
POL-007182,CLI-00098, Salud ,2021-07-21,21/07/2022,24000000,724000,545000,32.9,Mensual,Asesor comercial,0, Cancelada ,18/05/2022,Falta de pago
POL-004773,CLI-00756,Vida,2023-08-15,2024-08-14,196000000,685000,497000,37.7,Mensual,ASESOR COMERCIAL,5,Renovada,,
POL-003629,CLI-05159,Hogar,2025-02-12,2026-02-12,183000000,,746000,3.2,Trimestral,Bancaseguros,5,Activo,,
POL-006721,CLI-02730,Hogar,21/10/2022,21/10/2023,146000000,598000,594000,0.7,Semestral  ,Agencia,5,Renovada,,
POL-002694,CLI-03573,Salud,2024-10-29,29/10/2025,86000000,0,2071000,3.5,Mensual,Agencia,5,Vencida,,
POL-006327,CLI-05019,  Salud,INVALID_DATE,2026-05-17,76000000,2087000,2169000,-3.8,Mensual,Agencia,10,Activa,,
POL-003677,CLI-01404,Auto,2021-02-24,24/02/2022,79000000,3274000,3034000,7.9,Anual,Bancaseguros,5,Renovada,,
POL-004563,CLI-01573,Hogar,2023-10-29,2024-10-28,303000000,1048000,977000,7.3,Mensual,Asesor comercial,10,Vencida,,
POL-007095,CLI-00397,Seguro Auto,2025/02/18,2026-02-18,21000000,985000,904000,8.9,Anual  ,Web,0,Activa,,
POL-006963,CLI-01641,Auto,2025-05-26,26/05/2026,44000000,1968000,1871000,5.2,Mensual,Asesor comercial,0,Activa,,
POL-005478,CLI-03248,Vida,2021/03/01,01/03/2022,398000000,1529000,1498000,2.1,Anual,Bancaseguros,0,Renovada,,
POL-005456,CLI-01335,AUTO,2025-04-13,2026-04-13,52000000,2213000,1713000,29.2, Anual ,Bancaseguros  ,15,Activa,,
POL-004222,CLI-01874,Auto,2022-09-22,22/09/2023,103000000,3574000,3328000,7.4, Anual ,Corredor,0,Cancelada,,Cambio de aseguradora
POL-003487,CLI-01919,Salud,2024-07-24,2025-07-24,99000000,2395000,1887000,26.9,Semestral,Asesor comercial,10,Vencida,,
POL-002967,CLI-00420,  Salud,2023-02-02,2024-02-02,49000000,1108000,858000,29.1,Trimestral,  Asesor comercial,5,Vencida,,
POL-003216,CLI-00420,Auto,2023-10-23,2024-10-22,34000000,1453000,1119000,29.9,Anual,Agencia,15,Renovada,,
POL-007230,CLI-05187,Auto,2022-03-24,2023-03-24,56000000,2890000,2201000,31.3,Mensual,Corredor  ,15, Cancelada ,2022-10-30,PRECIO
POL-001816,CLI-01856,Auto,23/06/2022,2023/06/23,74000000,2345000,2315000,1.3,Mensual  ,  Agencia,5,Renovada,,
POL-004358,CLI-04502,Hogar,06/02/2021,2022/02/06,397000000,1702000,1311000,29.8, Mensual ,corredor,10,Cancelada,29/07/2021,Precio
POL-001074,CLI-01895,auto,2023-10-25,2024/10/24,59000000,1707000,1606000,6.3,Trimestral,Agencia,10,vencida,,
POL-005467,CLI-02696,Vida,14/12/2021,2022-12-14,155000000,451000,433000,4.2,Anual  ,Web,5,Renovada,,
POL-004217,CLI-03676,hogar,2024/04/27,2025-04-27,148000000,766000,754000,1.6,anual,Web,15,Renovada,,
POL-007354,CLI-04012,Hogar,2024-10-25,25/10/2025,384000000,1682000,1643000,2.4,Anual,Agencia,5, Renovada ,,
POL-004885,CLI-00118,Vida,24/02/2024,2025/02/23,189000000,991000,929000,6.7,Anual,Asesor comercial,5,Cancelada,2024/11/02, Venta/pérdida del bien 
POL-001598,CLI-00975,Hogar,18/04/2025,2026-04-18,268000000,945000,866000,9.1,Trimestral,  Asesor comercial,0,activa,,
POL-007082,CLI-01138,AUTO,2023-09-19,2024/09/18,126000000,4467000,4535000,-1.5,Mensual,Agencia,5,Renovada,,
POL-002902,CLI-02336,  Vida,2024/05/01,2025-05-01,230000000,793000,790000,0.4,Trimestral,Web,0,Renovada,,
POL-001237,CLI-01574,Salud,2022/05/10,2023/05/10,96000000,2432000,2338000,4.0,Mensual,Web,15,renovada,,
POL-004541,CLI-01524,Vida,2024-12-05,2025/12/05,364000000,1398000,1083000,29.1,anual,Agencia,15,Renovada,,
POL-006781,CLI-00265,Hogar,16/07/2022,16/07/2023,280000000,1106000,1067000,,Semestral,Asesor comercial,5,Vencida,,
POL-005490,CLI-01746,Auto,2024-08-13,2025-08-13,39000000,1184000,1111000,6.6,  Anual,Agencia,5,Renovada,,
POL-007794,CLI-05007,  Salud,2023-06-15,2024-06-14,100000000,2457000,2442000,0.6,Mensual, Agencia ,5,Renovado  ,,
POL-002652,CLI-00984,Salud,26/02/2025,26/02/2026,36000000,730000,676000,8.0,Trimestral,AGENCIA,15,Activa,,
POL-004887,CLI-04033,SALUD,2022-06-25,25/06/2023,97000000,1848000,1884000,-1.9,MENSUAL,Asesor comercial,0,Vencida,,
POL-006407,CLI-04927,Auto,2021-04-30,2022/04/30,85000000,3363000,3194000,5.3,Mensual,Bancaseguros,15,Cancelada,20/02/2022,Cambio de aseguradora
POL-005813,CLI-02025,Hogar,2022/12/23,2023-12-23,186000000,886000,860000,3.0,Semestral,Web,0,Cancelada,2023/01/31,Falta de pago  
POL-000632,CLI-00537,Salud,2024-12-05,2025-12-05,50000000,1431000,1319000,8.5,Trimestral,Bancaseguros,10,Renovada,,
POL-003015,CLI-04323,Auto,11/02/2023,2024-02-11,41000000,2018000,1486000,35.8,Mensual,Asesor comercial,0,Renovada,,
POL-007601,CLI-01600,Auto,2024-05-25,25/05/2025,59000000,2629000,2483000,5.9,Mensual  ,Asesor comercial,0,Vencida,,
POL-003259,CLI-00125,Auto,2021-12-14,2022-12-14,69000000,2854000,2734000,4.4, Mensual ,Asesor comercial,10,Renovada,,
POL-006747,CLI-00495,Salud,2025-03-01,01/03/2026,114000000,1976000,1458000,35.5,anual,Asesor comercial,0,Vigente,,
POL-005627,CLI-03753,seguro de salud,2023-11-08,07/11/2024,112000000,2804000,2707000,3.6,Anual  ,Bancaseguros,0,Renovada,,
POL-002282,CLI-04436,Salud  ,2025-04-09,2026-04-09,124000000,2625000,2531000,3.7,Anual,Web,10,Activa,,
POL-006879,CLI-03299,Hogar,2021-04-10,2022-04-10,200000000,761000,654000,16.3,Anual,Asesor comercial,10,renovado,,
POL-006376,CLI-00681, Hogar ,2023-09-30,29/09/2024,143000000,524000,437000,19.9,Anual,Corredor,5,Cancelada,2024-08-20,Precio
POL-008040,CLI-01600, Auto ,27/04/2022,2023/04/27,103000000,4176000,4114000,1.5,Anual,Asesor comercial,5,RENOVADA,,
POL-005663,CLI-03807,hogar,2023/09/24,2024-09-23,381000000,1421000,1349000,5.3,Semestral,Web,5,cancelada,2024-04-22,  Falta de pago
POL-000166,CLI-02567,Hogar,2024-09-11,2025/09/11,209000000,786000,762000,3.2,Anual,Agencia,0,Renovada,,
POL-007579,CLI-00802,Vida,09/04/2023,2024-04-08,310000000,1035000,1019000,1.6,Mensual,Asesor comercial,5,Vencida,,
POL-000846,CLI-03124,VIDA,2024-06-03,03/06/2025,134000000,408000,357000,14.4,Anual,Bancaseguros,5,Renovada,,
POL-000900,CLI-01567,Auto,2024-08-10,2025-08-10,34000000,1983000,1969000,0.7,Mensual,Agencia,5,Cancelada,2025-05-02,Precio
POL-002457,CLI-01256,Salud,2024-04-02,2025-04-02,75000000,1476000,1396000,5.7, Anual ,Web,0,Vencida,,
POL-006618,CLI-04377,Auto,06/06/2022,2023-06-06,161000000,5568000,5293000,5.2,Anual,Bancaseguros,5,Renovado,,
POL-000052,CLI-02470,Seguro de Salud  ,2023-11-08,07/11/2024,126000000,2753000,2642000,4.2,Semestral,Agencia,10,Expirada,,
POL-003275,CLI-01404,Hogar,2024-08-24,2025-08-24,165000000,679000,671000,1.2,Anual,Bancaseguros,5,Vencida,,
POL-005211,CLI-01036,Auto,23/10/2021,23/10/2022,50000000,1658000,1610000,3.0,Anual,Corredor,15,Renovada,,
POL-000094,CLI-03713,Auto,11/11/2022,2023-11-11,42000000,1552000,1470000,5.6,Trimestral,Bancaseguros,5,Renovada,,
POL-005291,CLI-04145,Auto,2024-11-05,2025-11-05,42000000,1994000,1957000,1.9,Mensual,Web,5,Cancelada,13/09/2025,Falta de pago
POL-000972,CLI-00671,  Hogar,29/10/2022,2023-10-29,394000000,1430000,1331000,7.4,Mensual,Bancaseguros,0,Vencida,,
POL-005658,CLI-05131, Auto ,2025-03-27,27/03/2026,19000000,679000,632000,7.5,Anual, Web ,10,Cancelada,03/10/2025,Falta de pago
POL-005412,CLI-00072,Salud,22/08/2023,2024-08-21,94000000,2189000,1700000,28.8,anual,Agencia,0,Renovada,,
POL-000191,CLI-03971,Auto,23/01/2025,2026-01-23,25000000,738000,704000,4.9,Mensual,Agencia,15,Activa,,
POL-001838,CLI-04107,Auto,2022/10/07,07/10/2023,92000000,2308000,1733000,33.2,Semestral,Asesor  comercial,5,cancelada,2023-09-13,Cambio de aseguradora
POL-007929,CLI-02062,Hogar,2022/01/22,2023-01-22,264000000,1249000,1182000,5.7,Anual,Web,5,Cancelada,2022-06-19,Precio
POL-005767,CLI-01752,  Auto,2024/07/24,2025/07/24,36000000,1508000,1435000,5.1,Mensual,Agencia,10,Renovada,,
POL-001677,CLI-03168,Salud,2024-03-24,2025-03-24,106000000,,2115000,31.6,Trimestral,Asesor  comercial,5,Anulada,2025-02-04,Precio
POL-002855,CLI-04989,Auto,02/07/2023,01/07/2024,36000000,1188000,1165000,2.0,Mensual, Corredor ,5,Renovada,,
POL-002429,CLI-03045,Hogar,12/06/2025,2026-06-12,165000000,947000,920000,2.9,Semestral,Web,0,Activa,,
POL-004487,CLI-03659,Auto,2025/05/29,29/05/2026,45000000,2139000,2022000,5.8,Anual,Agencia,10,activa,,
POL-002254,CLI-04940,Hogar  ,25/03/2021,2022/03/25,283000000,1219000,1171000,4.1,Mensual,Web,0,RENOVADA,,
POL-003007,CLI-02678,Hogar,2024/06/19,19/06/2025,413000000,1987000,1948000,2.0,Mensual,WEB,5,CANCELADA,07/08/2024,Falta de pago
POL-001103,CLI-01401,Hogar,2025/01/10,2026/01/10,211000000,748000,721000,3.8,Mensual,Agencia,10,Activa,,
POL-008298,CLI-01633,Salud  ,2023-08-15,2024/08/14,73000000,2148000,2114000,1.6,Mensual,Bancaseguros,5,Renovada,,
POL-003405,CLI-00210,Auto,2022-05-06,06/05/2023,93000000,3002000,2862000,4.9,Anual,Web,5,vencida,,
POL-003903,CLI-00296,Hogar,25/12/2024,25/12/2025,139000000,590000,553000,6.6,Anual,Agencia,10,renovada,,
POL-000706,CLI-03340,Auto,17/04/2025,2026-04-17,46000000,1670000,1597000,4.6,Mensual,Agencia,0,Activa,,
POL-000495,CLI-04079,Auto,2021-12-02,2022-12-02,69000000,2894000,2712000,6.7,Anual,Web,0,Renovada,,
POL-006402,CLI-03645,auto,2021-01-29,,69000000,1935000,1617000,19.7,Anual,Corredor,0,Vencida  ,,
POL-008283,CLI-03249,Salud,21/03/2025,21/03/2026,115000000,3237000,3125000,3.6,Trimestral,Corredor,0,Activa,,
POL-005863,CLI-01198,Hogar,2022-05-11,2023/05/11,203000000,714000,651000,9.7,Mensual,corredor,5,Renovada,,
POL-000929,CLI-02103,Auto,2025-02-13,13/02/2026,90000000,3356000,3224000,4.1, Anual ,Asesor comercial,10,Activa,,
POL-003436,CLI-01246,Hogar,2022-05-23,23/05/2023,143000000,512000,485000,5.5,Mensual,Asesor comercial,5,Vencida,,
POL-005677,CLI-02999, Salud ,2022/03/06,2023-03-06,128000000,2785000,2574000,8.2,Semestral,Corredor,10,cancelada,2022-06-15,Otro
POL-004796,CLI-01271,Salud,INVALID_DATE,2025-11-13,111000000,1933000,1423000,35.8,Mensual,Agencia,5,Renovada,,
POL-002603,CLI-02738,Auto,2022/07/29,29/07/2023,126000000,5886000,5633000,4.5,Anual,Web,0,Renovada,,
POL-000278,CLI-04175,Salud,17/04/2021,2022-04-17,,0,3839000,8.2,Anual,Bancaseguros,5,Renovada,,
POL-003969,CLI-05071,Hogar,05/01/2024,2025-01-04,463000000,1708000,1405000,21.6, Semestral ,ASESOR COMERCIAL,5,Cancelada,2024/02/11,Precio
POL-006445, CLI-00175 ,Auto,19/09/2023,2024-09-18,23000000,732000,673000,8.7,Semestral,Asesor comercial,0,Vencida,,
POL-003009,CLI-02242,Seguro Auto,15/06/2025,2026/06/15,66000000,2146000,2104000,2.0,Anual,Corredor,15,Activa,,
POL-003872,CLI-01221,Seguro Auto,2024-10-25,2025-10-25,32000000,1348000,1238000,8.9,Anual,Web,0,  Cancelada,2024-12-14, Cambio de aseguradora 
POL-002780,CLI-00308,Auto,09/04/2025,2026/04/09,47000000,1491000,1172000,27.2,Semestral, Agencia ,15,Activo,,
POL-002039,CLI-04450,Hogar,2023-03-10,2024/03/09,339000000,1291000,1233000,4.7,Anual,Web,0,cancelada,2023-10-16,Precio
POL-001022,CLI-04950,Auto,2023/09/03,2024-09-02,22000000,874000,860000,1.6,Mensual,Corredor,5, Vencida ,,
POL-007066,CLI-02647,Salud,03/04/2024,2025-04-03,487000000,7377000,7261000,1.6,Anual,Corredor,15,Vencida,,
POL-005583,CLI-00332,Hogar,2024-08-22,INVALID_DATE,170000000,763000,703000,8.5,Anual,Asesor comercial,10,Renovada,,
POL-005115,CLI-01587,Salud,30/12/2023,2024/12/29,109000000,1925000,1799000,7.0,Anual,Bancaseguros,5,Cancelada,2024/12/27,Venta/pérdida del bien
POL-005927,CLI-00817,Salud,2023/08/07,2024-08-06,103000000,2448000,2345000,4.4,trimestral,Agencia,0,Vencida,,
POL-006216,CLI-00087,AUTO,2022-11-14,2023-11-14,44000000,1530000,1109000,37.9,  Trimestral,  Asesor comercial,0,Renovada,,
POL-004083,CLI-04395,Salud,2025-01-14,2026-01-14,246000000,5690000,5482000,3.8,Mensual,Bancaseguros,5,Activa,,
POL-006282,CLI-00593,Hogar,2025-04-29,2026-04-29,267000000,1139000,842000,35.2,Anual,web,10,Cancelada,2025-12-28,Precio
POL-004634,CLI-99799,Vida,21/07/2024,2025-07-21,1267000000,4702000,3941000,19.3,Mensual,Web,15,Cancelada  ,17/10/2024,Otro
POL-003726,CLI-94508,salud,2023-04-26,2024-04-25,133000000,2734000,2587000,5.7,Anual,BANCASEGUROS,10,Renovada,,
POL-005288,CLI-02225,Salud,23/02/2022,23/02/2023,88000000,1735000,1617000,7.3,Trimestral,Agencia,5,Renovado,,
POL-001200,CLI-03308,Hogar,2023-12-27,26/12/2024,195000000,792000,764000,3.7,Semestral,Web,0,Vencida,,
POL-007443,CLI-04034,Vida,07/07/2022,07/07/2023,815000000,3469000,2862000,21.2,  Mensual,Agencia,0,Cancelada,11/02/2023,Precio
POL-000572,CLI-01657,Vida,16/01/2025,16/01/2026,273000000,777000,725000,7.2,  Anual,Asesor  comercial,15,Activa,,
POL-002440,CLI-02586,Seguro de Salud,2025/04/13,2026/04/13,102000000,1686000,1571000,7.3,Mensual,Bancaseguros,5,Activa,,
POL-002151,CLI-04628,HOGAR,21/08/2024,2025-08-21,97000000,458000,406000,12.8,Mensual,Bancaseguros,10,Vencida,,
POL-007176,CLI-00799,Auto,2021-08-19,2022-08-19,48000000,1673000,1661000,0.7,MENSUAL,Bancaseguros,10,Renovada,,
POL-003635,CLI-04929,VIDA,21/07/2023,2024-07-20,97000000,475000,447000,6.3,Trimestral,Web,0,Vencida,,
POL-001610,CLI-04893,HOGAR,2021/09/25,2022/09/25,221000000,1000000,975000,2.6,Anual,Asesor comercial,0,Vencida,,
POL-000095,CLI-04531,Auto,2024/11/01,2025/11/01,71000000,2139000,2014000,6.2,Mensual,Asesor comercial,5,Renovada,,
POL-000911,CLI-01447,Vida,2025-06-06,2026-06-06,1035000000,3793000,3866000,-1.9,Mensual,Agencia,0,Activa,,
POL-005818,CLI-05191,Salud,2024-05-16,16/05/2025,195000000,4630000,4422000,4.7,Mensual,Bancaseguros,5,Cancelada,2025-03-24,Falta de pago  
POL-000221,CLI-01759,Salud,2023-08-25,2024-08-24,122000000,3050000,2803000,8.8,Mensual,Bancaseguros,15,Renovada,,
POL-001840,CLI-00270,AUTO,2023/05/19,2024-05-18,,,3428000,7.3,Mensual,Web,15,Renovada,,
POL-002715,CLI-01512,AUTO,2023-01-21,2024-01-21,37000000,1469000,1390000,5.7,Anual,Agencia,5,Renovada,,
POL-007750,CLI-04857,Auto,INVALID_DATE,22/08/2022,67000000,2621000,2605000,0.6,Anual,Bancaseguros,10,RENOVADA,,
POL-006931,CLI-03161,Auto,2023-11-05,2024-11-04,64000000,2539000,2430000,4.5,Semestral,Bancaseguros,15,Vencida,,
POL-003839,CLI-02053,Vivienda,2025-06-01,2026-06-01,243000000,922000,886000,,Anual,Corredor,10,  Activa,,
POL-008353,CLI-04372,Hogar,,2025-09-15,273000000,1498000,1476000,1.5,Trimestral,Agencia,5,Renovada,,
POL-005340,CLI-02358,Hogar,2024/01/03,02/01/2025,163000000,695000,511000,36.0,Anual,Asesor comercial,0, Renovada ,,
POL-002330,CLI-02116,Auto,2023/01/20,20/01/2024,148000000,5034000,5004000,0.6,Semestral,Web,0,Renovada,,
POL-005199,CLI-01684,Hogar,2023-03-25,2024/03/24,232000000,1201000,1208000,-0.6,Mensual,Corredor,0,Renovada,,
POL-000004,CLI-04908,Auto,2023/10/04,2024/10/03,38000000,1362000,1293000,5.3,Semestral,Web,0,Renovado,,
POL-003995,CLI-01173,Salud,2023/04/06,2024-04-05,206000000,4992000,4635000,7.7,Mensual,Asesor comercial,0,Renovada,,
POL-007963,CLI-01601,Hogar,2024-05-09,2025/05/09,174000000,684000,696000,-1.7,Anual,Bancaseguros,5,Renovada,,
POL-003738,CLI-01757,Auto,2021/12/01,2022-12-01,59000000,2758000,2709000,1.8,Mensual,Web,15,Vencida,,
POL-000055,CLI-04328,Salud,2023-10-28,27/10/2024,101000000,1917000,1892000,1.3,Mensual,Asesor comercial,10,Renovada,,
POL-006565,CLI-04268,Auto,2022/05/24,2023-05-24,65000000,3058000,2932000,4.3,Anual,Agencia,0,Vencida,,
POL-007638,CLI-04851,Hogar,2023-10-26,2024-10-25,97000000,390000,375000,4.0,  Trimestral,Bancaseguros,5,Renovada,,
POL-007376,CLI-03595,Salud,2024-10-12,2025-10-12,67000000,1354000,1264000,7.1,Mensual,Agencia,10,Renovada,,
POL-008213,CLI-01474,Salud  ,25/05/2025,2026-05-25,188000000,4261000,3979000,7.1,Mensual, Corredor ,15,ACTIVA,,
POL-005320,CLI-02605,Salud,2025-02-06,2026/02/06,116000000,2679000,2547000,5.2,Mensual,Bancaseguros,15,Activa,,
POL-008362,CLI-03890,Seguro Hogar,2021/10/11,11/10/2022,135000000,645000,578000,11.6,Mensual,Asesor comercial,5,Vencida,,
POL-004378,CLI-00059,Vida,2021-06-24,24/06/2022,134000000,429000,368000,16.5, Trimestral ,Bancaseguros,5,Renovada,,
POL-007437,CLI-04447, Vida ,2021/08/06,2022-08-06,290000000,1125000,1081000,4.1,Mensual,Web,0,CANCELADA,INVALID_DATE,Falta de pago
POL-005028,CLI-01582,Salud,13/12/2023,12/12/2024,143000000,3195000,3099000,3.1,Semestral,ASESOR COMERCIAL,0,RENOVADA,,
POL-007245,CLI-02003,Vida,2022-07-17,2023-07-17,432000000,1544000,1503000,2.7,Anual, Corredor ,5,  Cancelada,26/04/2023,Cambio de aseguradora
POL-007377,CLI-04192,Auto,31/08/2023,30/08/2024,69000000,2898000,2656000,9.1,Anual,Bancaseguros,0,Anulada,21/06/2024,Reclamo rechazado / insatisfacción
POL-004377,CLI-05079,Salud,2022-04-14,2023-04-14,69000000,1645000,1523000,8.0,MENSUAL,Web,5,Vencida,,
POL-004714,CLI-02696,Seguro  de  Salud,,2023-03-06,192000000,3866000,3661000,5.6,Anual,Asesor comercial,15,Renovada,,
POL-003750,CLI-00266,Hogar,2024-06-12,2025/06/12,185000000,719000,693000,3.8,Mensual,Corredor,0,Renovada,,
POL-003250,CLI-00660,Hogar,05/02/2025,05/02/2026,299000000,1338000,1254000,6.7,Mensual,Corredor,10,VIGENTE,,
POL-004068,CLI-01272,Salud,2023-12-13,12/12/2024,76000000,1598000,1516000,5.4,Anual,Asesor comercial,0,vencida,,
POL-000814,CLI-04316,Vida,19/03/2021,2022-03-19,447000000,1218000,1151000,5.8,Anual,Corredor  ,0,Renovada  ,,
POL-005950,CLI-02043,Auto,2024/06/06,2025-06-06,80000000,4110000,3753000,9.5,Mensual,Bancaseguros,0,Vencida,,
POL-000510,CLI-00081,Auto,22/03/2024,2025-03-22,39000000,1111000,946000,17.4,Mensual,Bancaseguros,0,Renovada,,
POL-007927,CLI-02183,Auto,01/09/2024,01/09/2025,54000000,2448000,2277000,7.5,Trimestral,WEB,5,Renovada,,
POL-008060,CLI-03239,  Auto,2024-07-14,2025-07-14,89000000,3446000,3224000,6.9, Anual ,agencia,15,Renovada,,
POL-004934,CLI-01091,hogar,13/02/2024,2025-02-12,169000000,678000,622000,9.0,Mensual,Web,5,Renovada,INVALID_DATE,
POL-006537,CLI-04338,Vida,25/09/2024,2025-09-25,361000000,1292000,1209000,6.9,Mensual,Agencia,0,  Renovada,,
POL-002864,CLI-00138,Auto,2021-01-18,2022-01-18,56000000,1768000,1273000,38.9,  Anual,ASESOR COMERCIAL,0,Cancelada,2021-10-11,Precio
POL-000506,CLI-01179,Hogar,03/05/2021,03/05/2022,236000000,1106000,1059000,4.4,Mensual,Bancaseguros,0,Vencida,,
POL-005814,CLI-04585,AUTO,2022/01/04,04/01/2023,45000000,1853000,1817000,2.0,Trimestral,Web,0,renovada,,
POL-006106,CLI-00401,Auto,2023-12-14,2024/12/13,20000000,791000,595000,32.9,Mensual,Agencia,15,Renovada,,
POL-004210,CLI-03853,Salud,2024-08-10,2025-08-10,72000000,1650000,1579000,4.5,Semestral,Web,0,Renovada,,
POL-002683,CLI-00726,Hogar,2024/12/19,2025-12-19,291000000,972000,853000,13.9,Mensual,Web,0,Renovada,,
POL-005973,CLI-02318,Auto,2024-04-09,09/04/2025,55000000,2612000,2453000,6.5,Anual,Asesor comercial,5,Renovado,,
POL-006418,CLI-03049,Automóvil,04/07/2024,,20000000,964000,936000,3.0,Anual,AGENCIA,0,Vencida,,
POL-004882,CLI-02777,Hogar,15/02/2025,2026-02-15,131000000,661000,617000,7.1,Mensual,Agencia,0,Suspendida  ,,
POL-003174,CLI-04914,Salud,10/12/2024,2025/12/10,213000000,4876000,4532000,7.6,Anual,Web,5,Vencida,,
POL-007286, CLI-05022 ,SALUD,2021-05-27,27/05/2022,62000000,1969000,1752000,12.4,Trimestral,Web,10,Renovada,,
POL-001508,CLI-04872,Hogar,2024/03/30,30/03/2025,284000000,1267000,1202000,5.4,Anual,Corredor,10,Vencida,,
POL-007552,CLI-01672,Hogar,2024-09-24,2025-09-24,229000000,810000,796000,1.8,Anual,Web,0,Renovada,,
POL-004236,CLI-00941,Hogar,2025-05-02,2026-05-02,293000000,1061000,907000,17.0,Mensual,Agencia,15,Anulada,2025-07-03,Precio  
POL-002133,CLI-02392,auto,2025/05/21,2026/05/21,124000000,4423000,4384000,0.9,Semestral,Asesor comercial,0,Activa,,
POL-002153,CLI-04013,Hogar,2023-10-03,2024-10-02,178000000,681000,672000,1.3,Anual,BANCASEGUROS,5,Renovada,,
POL-004520,CLI-00670,Auto,2024-10-12,2025-10-12,91000000,4032000,3976000,1.4,Semestral,Corredor,15,Expirada  ,,
POL-006457,CLI-00040,AUTO,2025-02-09,2026-02-09,84000000,3149000,2525000,24.7,Mensual,Bancaseguros  ,10,Cancelada,2025-12-01, Precio 
POL-004557,CLI-04612,Vida,2022-07-13,2023-07-13,193000000,607000,564000,7.6,Mensual,Asesor comercial,15,Renovada,,
POL-001936,CLI-02301,Salud,2021-02-26,2022-02-26,76000000,1118000,1098000,1.8,TRIMESTRAL,Asesor comercial  ,5,Vencida,,
POL-004549,CLI-01194,Salud,2024/06/10,2025-06-10,362000000,8576000,6658000,28.8,Semestral,Asesor comercial,5,Renovada,,
POL-004798,CLI-01416,  Salud,2023/03/27,26/03/2024,130000000,2220000,1915000,15.9,Anual,Agencia,5,Cancelada,2023-05-17,Precio
POL-005363,CLI-00159,SALUD,2022-10-17,2023-10-17,186000000,3847000,3713000,3.6,anual,Agencia,10,Renovada,,
POL-006320,CLI-02209,hogar,2025-06-24,2026-06-24,142000000,626000,560000,11.7,Mensual,Asesor comercial,15,Activa,,
POL-005050,CLI-01036,Auto,2022-03-21,2023-03-21,116000000,4323000,4125000,4.8,Anual,Agencia,5,Renovada,,
POL-003266,CLI-02146,Hogar  ,2024/11/22,22/11/2025,197000000,846000,697000,21.4,Anual,Agencia,0,Vencida,,
POL-000395,CLI-02909,Hogar,2021-05-27,2022-05-27,241000000,959000,786000,22.0,Semestral  ,Agencia,15,Vencida,,
POL-000922,CLI-04625,Auto,20/04/2025,2026-04-20,62000000,1781000,1330000,33.9,Trimestral,Agencia,0,Activa,,
POL-005600,CLI-04563,Salud,17/05/2025,17/05/2026,183000000,3805000,3603000,5.6,Anual,ASESOR COMERCIAL,5,Suspendida,,
POL-003473,CLI-00331,  Auto,04/11/2021,2022-11-04,,871000,782000,11.4,Anual,Web,0,Renovada,,
POL-006155,CLI-02925,VIDA,2021-01-09,2022-01-09,406000000,1825000,1802000,1.3,Mensual,Corredor,15,Renovada,,
POL-002543,CLI-00594,Auto,2024/03/26,2025-03-26,69000000,3672000,3083000,19.1,mensual,Asesor comercial,5,Vencida,INVALID_DATE,
POL-002453,CLI-03074,Vivienda,07/06/2022,2023/06/07,430000000,1872000,1713000,9.3,Mensual,Web,15, Cancelada ,2023-03-15,Falta de pago
POL-004074,CLI-01900,Salud,2024-12-27,2025/12/27,292000000,7270000,5401000,34.6,Trimestral,Bancaseguros,15,Renovada,,
POL-001102,CLI-00501,Auto,02/05/2023,2024-05-01,60000000,3055000,3061000,-0.2,Anual,Asesor comercial,5,VENCIDA,,
POL-000725,CLI-04602,Hogar,21/11/2024,2025-11-21,98000000,373000,309000,20.6,Mensual,Corredor,10,Renovada,,
POL-002363,CLI-05015,Hogar,2025-02-19,2026/02/19,162000000,644000,618000,4.2,anual,Asesor comercial,10,Cancelada,2025-12-11,Cambio de aseguradora  
POL-002621,CLI-02704,Auto,22/11/2023,2024-11-21,45000000,1872000,1738000,7.7, Semestral ,Agencia,5,Renovado,,
POL-002299,CLI-03502,Hogar,2021-02-25,2022-02-25,273000000,1160000,1179000,-1.6,Mensual,Bancaseguros,10,Renovada,,
POL-003923,CLI-00954,Salud,11/10/2024,2025-10-11,100000000,2376000,1767000,34.5,Mensual,Corredor,15,Vencida,,
POL-003993,CLI-02732,Hogar,2021-09-05,INVALID_DATE,279000000,1158000,875000,32.4,Anual,Corredor,5,Cancelada,2022-06-06,FALTA DE PAGO
POL-007628,CLI-04539,Automóvil,2023/06/28,2024/06/27,62000000,1588000,1606000,-1.1,Anual,Bancaseguros,10,Vencida,,
POL-004335,CLI-04604,Auto,2025/04/20,2026-04-20,66000000,,2367000,8.4,Mensual,AGENCIA,10,Cancelada,2025/08/14,Cambio de aseguradora
POL-006983,CLI-04600,Auto,2024-12-23,2025-12-23,66000000,2387000,2331000,2.4,Mensual,Agencia,10,Renovada,,
POL-002515,CLI-01357,Hogar,2023-11-25,24/11/2024,137000000,551000,531000,3.8,Trimestral,Web,5,Vencida,,
POL-007325,CLI-01104,Salud,2023-11-14,2024/11/13,110000000,2401000,2309000,4.0,Anual,Corredor,5,Cancelada,20/04/2024,Venta/pérdida  del  bien
POL-005678,CLI-01557,Hogar,25/03/2025,2026/03/25,210000000,767000,553000,38.8,Mensual,Web,0,Anulada,2025-11-16,Cambio de aseguradora
POL-002436,CLI-04653,Auto,2023/12/26,25/12/2024,48000000,1502000,1400000,7.3,Mensual,Web,0,Renovada,,
POL-004583,CLI-02727,Seguro de Vida,2025/01/24,2026-01-24,355000000,923000,696000,32.7,Anual,Bancaseguros,5,Vigente,,
POL-003018,CLI-01164,Salud,2025-02-06,2026-02-06,76000000,1868000,1678000,11.3,Anual,Bancaseguros,5,Activa,,
POL-002117,CLI-02769,Vida,2023/07/02,2024-07-01,293000000,,1126000,11.0,Mensual,Agencia,15,Renovada,,
POL-004044,CLI-03073,Salud,2024-09-19,2025-09-19,148000000,3524000,3441000,2.4,Mensual,Asesor  comercial,5,Renovada,,
POL-006017,CLI-02791,Auto,22/01/2025,2026-01-22,61000000,2438000,1758000,38.7,Anual,Asesor comercial,5,CANCELADA,26/12/2025,Precio
POL-001446,CLI-03458,Auto,13/11/2024,13/11/2025,32000000,1410000,1336000,5.5,Trimestral,Corredor,15, Cancelada ,2025/09/29,Otro
POL-002140,CLI-02588,Salud,2025-05-10,2026/05/10,112000000,2625000,2649000,-0.9,Mensual,Agencia,10,Activo,,
POL-004331,CLI-05035,Salud,2024-03-29,29/03/2025,606000000,10235000,9637000,6.2,Mensual,Corredor,0,Renovada,,
POL-004971,CLI-02253, Auto ,INVALID_DATE,,95000000,3366000,3094000,8.8,Anual,Asesor comercial,5,Renovada,,
POL-000976,CLI-05021,  Hogar,2023-09-30,2024-09-29,310000000,1064000,1005000,5.9,Mensual,  Web,0,Vencida  ,,
POL-002731,CLI-04933,hogar,2025-03-01,01/03/2026,146000000,620000,554000,12.0,Mensual,Asesor comercial,0,Activa,,
POL-005155,CLI-01442,Auto,07/08/2021,2022-08-07,132000000,5210000,5174000,0.7,Semestral,Agencia,15,Cancelada,2022-07-04,Otro
POL-003333,CLI-03975,Salud,2024-12-24,2025/12/24,,4217000,4110000,2.6,Mensual,Corredor,0,Vencida  ,,
POL-004441,CLI-01481,Vida,2023-09-12,11/09/2024,379000000,1064000,1050000,1.3,Semestral,Web,10,VENCIDA,,
POL-002706,CLI-03874,Salud,2025-05-25,25/05/2026,238000000,6139000,4668000,31.5,Anual,Web,5,Activa,,
POL-000793,CLI-00185,Auto,08/12/2024,08/12/2025,32000000,1212000,1119000,8.3,Anual,Web,0,CANCELADA,2025/03/16,Reclamo rechazado / insatisfacción
POL-007996,CLI-01986, Auto ,2024-08-11,11/08/2025,42000000,1460000,1401000,4.2, Semestral ,Bancaseguros,15,Renovada,,
POL-001763,CLI-03913,Auto,2024-10-26,2025/10/26,93000000,4823000,4598000,4.9,Anual,Agencia,15,Cancelada,2025-05-17,Precio
POL-001571,CLI-02859,AUTO,11/09/2024,11/09/2025,44000000,1917000,1847000,3.8,MENSUAL,Asesor comercial,15,RENOVADA,,
POL-007582,CLI-04086, Vida ,2023-01-28,28/01/2024,538000000,2260000,2205000,2.5,Trimestral,Bancaseguros,10,Renovada,,
POL-002001,CLI-00344,Auto,2022-06-10,2023-06-10,54000000,1920000,1798000,6.8,Mensual,Asesor comercial,5,Renovada,,
POL-001636,CLI-03215,Auto,15/04/2022,2023/04/15,23000000,,534000,18.8,Mensual,Corredor,10,cancelada,20/02/2023,Cambio de aseguradora
POL-003600,CLI-02864,Salud,2024-07-12,2025-07-12,284000000,6653000,5014000,32.7,Trimestral,Corredor,15,Cancelada,2025-06-13,Precio
POL-004875,CLI-03178,Salud,2024-06-25,2025-06-25,159000000,3363000,3353000,0.3,Mensual,Bancaseguros  ,5,Cancelada,2025-06-16,Cambio de aseguradora
POL-005444,CLI-02949,Salud,2022/10/06,2023-10-06,222000000,5080000,4752000,6.9,Mensual,Agencia,15,Renovada,,
POL-001688,CLI-03926,Auto,2023-11-23,2024/11/22,38000000,1516000,1465000,3.5,Trimestral,Bancaseguros,5,RENOVADA,,
POL-005369,CLI-01575,Salud,2021/11/24,2022-11-24,128000000,2643000,2028000,30.3,TRIMESTRAL,corredor,0,CANCELADA,2022/05/31,Precio
POL-005727,CLI-05090,Salud,01/06/2025,2026/06/01,262000000,5455000,5190000,5.1,Mensual,Bancaseguros,5,Activa,,
POL-002372,CLI-03416,Vida,2021-06-02,2022/06/02,181000000,,610000,31.2,Mensual,Corredor,5,Renovada,,
POL-005266,CLI-01349,Salud,12/01/2021,2022-01-12,98000000,2627000,2451000,7.2,Trimestral,Agencia,10,Cancelada,09/08/2021,Cambio de aseguradora
POL-007050,CLI-04182,Auto,2024/05/07,2025-05-07,52000000,2009000,1935000,3.8,Anual,Agencia,5,Renovada,,
POL-003481,CLI-01721,Salud,09/10/2022,2023-10-09,79000000,1826000,1806000,1.1,Anual,  Web,5,Expirada,,
POL-003940,CLI-04015,AUTO,06/06/2022,2023-06-06,118000000,4231000,3943000,7.3,Mensual,Asesor comercial,5,EXPIRADA,,
POL-008052,CLI-04375,Vida,2025-03-24,2026/03/24,1280000000,4694000,3583000,31.0,Semestral,Agencia,15,Anulada,02/06/2025,Precio
POL-006855,CLI-01361,Salud,2024-08-31,2025-08-31,134000000,3341000,3288000,1.6,Semestral,Agencia,5,Renovada,,
POL-001716,CLI-00846,Vida,21/12/2023,20/12/2024,330000000,1666000,1551000,7.4,TRIMESTRAL,Agencia,0,Vencida,,
POL-002755,CLI-02680, Seguro de Salud ,2024/05/17,2025-05-17,26000000,616000,606000,1.7,Trimestral,Agencia,5,cancelada,2025-04-10,Precio
POL-001937,CLI-02504, Hogar ,2023-08-16,2024/08/15,224000000,889000,829000,7.2,Semestral,Asesor comercial,5,Cancelada,INVALID_DATE,Otro
POL-002804,CLI-03305,  Salud,2023-10-22,2024-10-21,97000000,2415000,2247000,7.5,Trimestral,Bancaseguros,10,renovada,,
POL-001233,CLI-00671,Auto,2025-03-25,2026-03-25,28000000,1146000,1080000,6.1,Semestral,ASESOR COMERCIAL,0,CANCELADA,,Cambio de aseguradora
POL-000385,CLI-01827,Vida,05/03/2024,2025-03-05,113000000,38900000,343000,13.3,Semestral,Asesor comercial,0,Renovada,,
POL-007685,CLI-02518,Auto,2025-02-03,2026/02/03,57000000,2610000,2152000,21.3,Trimestral,Corredor,15,Cancelada,2025-12-25,Precio
POL-004115,CLI-02466,AUTO,2022-05-02,2023-05-02,43000000,1582000,1468000,7.8,Mensual,Agencia,5,Renovada,,
POL-006820,CLI-04758,Hogar,2024/02/05,2025/02/04,632000000,2474000,2233000,10.8,MENSUAL,Asesor comercial,5,Vencida,,
POL-003310,CLI-02024,HOGAR,2024-05-15,2025/05/15,101000000,352000,337000,4.4,Anual,Web,0,renovada,,
POL-001768,CLI-02876,Salud,06/04/2024,2025-04-06,64000000,1627000,1541000,5.6,Trimestral,Bancaseguros,5,Vencida,,
POL-002640,CLI-03947,  Vida,2023-04-28,2024-04-27,454000000,1895000,1873000,1.2,Mensual,Asesor comercial,0,Renovada,,
POL-000474,CLI-01496,Salud,,2025/12/02,180000000,5483000,5227000,4.9,Anual,Bancaseguros,10,RENOVADA,,
POL-001195,CLI-04962,AUTO,21/01/2024,20/01/2025,34000000,1453000,1308000,11.1,Mensual,Asesor comercial,10,Renovada,,
POL-002206,CLI-03620,Auto,2022-03-26,2023-03-26,90000000,3893000,3680000,5.8,Mensual,Web,0,Renovada,,
POL-000419,CLI-03465,Auto,2024/09/21,2025-09-21,54000000,2483000,2274000,9.2,Mensual,Bancaseguros,10,Renovada,,
POL-000758,CLI-02590,Auto,06/10/2022,2023/10/06,63000000,2041000,1582000,29.0,  Mensual,Asesor comercial,10,Vencida,,
POL-004431,CLI-04951,Hogar,19/05/2024,2025/05/19,261000000,1102000,1001000,10.1,Mensual,Agencia,0,Cancelada,2025-04-16,Precio
POL-005739,CLI-05152,Hogar,2024/10/03,2025-10-03,129000000,440000,426000,3.2,Mensual,Corredor,5,Renovada,,
POL-008300,CLI-04776,Salud,2022/09/25,2023-09-25,150000000,2915000,2830000,3.0,Mensual,Asesor comercial,10,cancelada,2023/07/03,Falta de pago
POL-002185,CLI-00701,HOGAR,2021-04-08,2022-04-08,254000000,906000,814000,11.3,Mensual,Asesor comercial,0,Renovada,,
POL-001579,CLI-01087,Auto,2025/03/24,2026-03-24,78000000,3706000,3496000,6.0,Anual,Bancaseguros,0,Activa,,
POL-002837,CLI-00106,Salud,25/02/2024,2025-02-24,100000000,2158000,1969000,9.6,Anual,Agencia,5,Renovada,,
POL-001583,CLI-04025,Auto,2023/07/03,2024-07-02,67000000,2748000,2595000,,Anual,Web,5,Renovado,,
POL-007564,CLI-05147,SEGURO DE VIDA,08/06/2023,2024-06-07,425000000,1403000,,5.1,Anual  ,Asesor comercial,5,Renovada,,
POL-005396,CLI-01353,Vida,2024-06-15,15/06/2025,250000000,929000,892000,4.2,Semestral,agencia,15,Renovada,,
POL-007850,CLI-04187,Auto,2023/01/31,31/01/2024,31000000,1234000,1155000,6.8,ANUAL,Bancaseguros,0,Cancelada,2023/08/31,Precio
POL-001550,CLI-01989,Salud,2024/03/24,2025-03-24,270000000,8210000,6708000,22.4,Trimestral,Corredor,0,Renovada,,
POL-000015,CLI-04311, Auto ,13/03/2024,2025-03-13,45000000,2319000,2241000,3.5,Anual,Asesor comercial,10,Renovada,,
POL-007353,CLI-02763,Hogar,22/03/2024,2025-03-22,477000000,1549000,1456000,6.4,  Mensual,Agencia,5,Renovada,,
POL-002618,CLI-01172,Vida,2022-07-12,2023-07-12,187000000,684000,632000,8.2,Anual,Bancaseguros,0,Vencida,,
POL-004709,CLI-01247,auto,10/06/2022,2023-06-10,82000000,3935000,3207000,22.7,Mensual,Agencia,5,Vencida,,
POL-002137,CLI-01897,Auto,2025/03/14,2026/03/14,70000000,2677000,2014000,32.9,Anual,Bancaseguros,10,Activa,,
POL-002269,CLI-00675,Vida,05/11/2024,2025-11-05,553000000,2335000,2207000,5.8,anual,Bancaseguros,5,Vencida,,
POL-007883,CLI-04211,Auto,2022-02-20,2023/02/20,96000000,4093000,3974000,3.0,Mensual,Asesor comercial,10,Vencida,,
POL-002724,CLI-02447,Auto,2024/09/15,2025/09/15,76000000,2968000,2676000,10.9,Anual,Web,15,Renovada,,
POL-003459,CLI-03627,Salud,2025-02-17,2026/02/17,78000000,2657000,2248000,18.2,  Semestral,agencia,0,Activa,,
POL-001635,CLI-00387,Vida,2024-06-14,2025-06-14,226000000,667000,662000,0.7,TRIMESTRAL,Bancaseguros,0,Renovado,,
POL-005234,cli-02826,Auto,2025-05-19,2026-05-19,40000000,1499000,1454000,3.1,Anual,Agencia,0,Activa,,
POL-007002,CLI-00535,Auto,2024-07-16,2025-07-16,46000000,2388000,2201000,8.5,Anual,Agencia,5,Renovada,,
POL-000324,CLI-00049,Salud,05/09/2024,05/09/2025,86000000,2358000,1795000,31.4,Mensual,Web,15,Renovada,,
POL-003071,CLI-00594,Seguro de Vida,2025-03-31,31/03/2026,112000000,334000,309000,8.0,Mensual,Bancaseguros,15,Cancelada,2025/08/17,Otro
POL-007316,CLI-04435,Vida,2022-09-20,2023-09-20,239000000,692000,644000,7.4,Mensual,Agencia,5,Vencida,,
POL-004987,CLI-02407,Auto,2023-09-29,2024-09-28,37000000,1613000,1500000,7.5,Mensual,Agencia,15,Cancelada,2024-07-27,Precio
POL-003114,CLI-03679,Auto,2022-10-29,2023/10/29,70000000,2751000,2094000,31.4,Anual,Asesor comercial,10,Expirada,INVALID_DATE,
POL-001572,CLI-04010,Salud,21/11/2024,21/11/2025,69000000,1374000,1348000,1.9,Semestral,BANCASEGUROS,10,Renovada,,
POL-000069,CLI-03546,Auto,,2026-05-31,79000000,4178000,4316000,-3.2,Mensual,Asesor comercial,5,Cancelada,2025-07-29,Otro
POL-004872,CLI-00063,Hogar,2023-08-11,2024-08-10,144000000,553000,,10.0,Anual,Agencia,5,Renovada,,
POL-000447,CLI-01589,Hogar,2021-12-01,2022/12/01,209000000,847000,795000,6.5,Anual,Web,10,Vencida,,
POL-004581,CLI-04990,Salud,2025-01-19,2026/01/19,74000000,1150000,1198000,-4.0,Anual,Bancaseguros,5,Activa,,
POL-001218,CLI-01165,Auto,2025-03-21,2026-03-21,32000000,1264000,1019000,24.1,Mensual,Web,15,Cancelada,2025-12-25,Precio
POL-007371,CLI-03137,Auto,28/10/2024,28/10/2025,49000000,2419000,2002000,20.8,Mensual,asesor comercial,15,  Renovada,,
POL-004707,CLI-02476,Salud,2025-01-12,2026/01/12,97000000,2329000,2231000,4.4,Anual,Web,15,Activa,,
POL-007208,CLI-00886,Auto,16/03/2022,16/03/2023,46000000,,1289000,8.9,Anual,Agencia,0,Vencida,,
POL-006633,CLI-01845,Vida,27/09/2024,2025-09-27,188000000,463000,350000,32.1,Anual,Agencia,5,VENCIDA,,
POL-001582,CLI-01843, Hogar ,2022-11-29,29/11/2023,207000000,938000,943000,-0.5,Trimestral  ,Agencia,5,renovada,,
POL-002050,CLI-03934,Salud,07/02/2023,2024/02/07,159000000,4217000,3844000,9.7,Anual,Asesor comercial,0,Vencida,,
POL-006261,CLI-04432,auto,2025-01-19,2026/01/19,56000000,1869000,1604000,16.5,Mensual,Corredor,10, Activa ,,
POL-003856,CLI-04981,Vida,2024-07-08,2025/07/08,247000000,666000,637000,4.6,Trimestral,Web,0,Renovada,,
POL-003592,CLI-05049,Hogar,15/07/2024,2025-07-15,215000000,824000,770000,7.0,Mensual,Bancaseguros  ,10,Renovada,,
POL-004219,CLI-00947,Salud,16/04/2022,2023-04-16,86000000,2416000,2256000,7.1,Trimestral,Bancaseguros,0,Renovada  ,,
POL-005197,CLI-02770,Vida,31/10/2023,2024/10/30,211000000,1047000,1037000,1.0,Anual,Asesor comercial  ,15,Vencida,,
POL-007287,CLI-02546,Auto,2024/06/26,2025-06-26,32000000,1378000,1012000,36.1,Anual,Asesor comercial,5,Vencida,,
POL-006147,CLI-03450,Salud,2024-10-17,2025-10-17,100000000,2178000,2113000,3.1,Anual,Agencia,10,Cancelada,2025-08-05,Falta de pago
POL-002323,CLI-03435,Auto,2025-04-11,11/04/2026,128000000,5351000,5130000,4.3,Trimestral,  Bancaseguros,10,Activa,,
POL-007636,CLI-03639,Salud,10/04/2024,,263000000,7163000,6968000,2.8,Anual,  Asesor comercial,5,Vencida,,
POL-007896,CLI-00305,AUTO,,2025-09-07,52000000,2246000,2082000,7.9,Anual,Web,10,Renovada,,
POL-007562,CLI-01941,Auto,2025-04-30,2026/04/30,39000000,1168000,1098000,6.4,Anual,Corredor,10,Activa,,
POL-002891,CLI-02988,Hogar  ,2024/02/29,2025/02/28,303000000,1441000,1344000,,Mensual,Web,15,Vencida,,
POL-005799,CLI-02162,Hogar  ,2023-06-18,2024/06/17,121000000,531000,474000,12.0,Mensual,Web,10,Renovada,,
POL-003146,CLI-00992,Vida,2021-10-28,2022/10/28,451000000,1690000,1572000,7.5,Mensual,Web,10,Cancelada,2022-01-03,Precio
POL-002657,CLI-05093,Salud,2023-01-31,2024-01-31,88000000,1848000,1770000,4.4,Mensual,Asesor comercial,15,Renovada,,
POL-002194,CLI-01487,Hogar,2023-08-23,2024/08/22,397000000,2164000,2061000,5.0,Trimestral,Corredor,10,Renovada,,
POL-004835,CLI-00172,Auto,2021-07-10,2022-07-10,50000000,1619000,1595000,1.5,Semestral,agencia,0,Renovado,,
POL-004232,CLI-05104,Salud,2022-06-13,INVALID_DATE,124000000,2653000,2432000,9.1,Semestral,Bancaseguros,10,Renovada,,
POL-008253,CLI-03073,Vida,05/05/2023,,147000000,574000,527000,8.9,Trimestral, Asesor comercial ,10,Renovada  ,,
POL-001014,CLI-02182,Salud,14/11/2022,2023-11-14,169000000,4883000,4713000,3.6, Mensual ,CORREDOR,0,Renovada,,
POL-008198,CLI-00135,VIDA,28/06/2025,2026-06-28,409000000,1401000,1098000,27.6,Trimestral,Web,5,Activa,,
POL-008364,CLI-03295,Auto,15/02/2025,2026-02-15,68000000,2247000,2079000,8.1,Anual,Web,15,Activa,,
POL-001490,CLI-01050,Salud,2025-06-22,22/06/2026,144000000,4049000,3864000,4.8,Anual,Bancaseguros,0,cancelada,05/12/2025,Falta de pago
POL-002118,CLI-04056,Auto,2023/03/09,2024-03-08,78000000,3688000,3329000,10.8,Anual,Asesor comercial,10,Renovada,,
POL-002052,CLI-00304,Vida,2023-01-13,2024-01-13,356000000,1720000,1698000,1.3,Anual,Corredor,0,Vencida,,
POL-001514,CLI-03373,Auto,01/10/2022,01/10/2023,74000000,2517000,1809000,39.1,Mensual,Bancaseguros,5,Vencida  ,,
POL-002903,CLI-00905,Vida,2021-05-02,2022-05-02,474000000,2334000,2255000,3.5,Mensual,Corredor,15, Renovada ,,
POL-002228,CLI-01979,Auto,10/11/2024,10/11/2025,43000000,2279000,1871000,21.8,Trimestral,Web,0,Cancelada,16/06/2025,Falta de pago
POL-005385,CLI-03096,Hogar,2024-11-28,2025-11-28,235000000,925000,917000,0.9,Mensual,Agencia,5,Cancelada,2025-01-12,Precio
POL-006067,CLI-00476,Hogar,2024-11-17,2025-11-17,255000000,935000,974000,-4.0,Mensual,Asesor comercial,10,Cancelada,2025/02/25,Precio
POL-006666,CLI-03578,Seguro  de  Salud,11/10/2024,2025-10-11,109000000,2018000,1946000,3.7,Anual,Web,5, Renovado ,,
POL-004146,CLI-03342,Salud,2023-02-03,,248000000,,5493000,4.7,Mensual,Web,0,Vencida,,
POL-006960,CLI-04685,Hogar,2023/12/22,2024-12-21,251000000,781000,663000,17.8,Mensual,Asesor comercial,5,renovada,,
POL-008225,CLI-04149,Auto  ,19/02/2024,18/02/2025,75000000,2845000,2885000,-1.4,Anual,Asesor comercial,0,Renovada,,
POL-007136,CLI-02546,Salud,11/07/2024,2025-07-11,271000000,5962000,6210000,-4.0,Mensual,Agencia,10,Renovada,,
POL-003557,CLI-00255,Salud,26/04/2025,2026/04/26,135000000,3739000,3462000,8.0,Semestral,Agencia,5,activa,,
POL-001071,CLI-02898,Salud,2024/08/26,26/08/2025,87000000,2447000,2371000,3.2,Mensual,Bancaseguros,5,Renovado,,
POL-004446,CLI-01451,Automóvil,2024/12/08,08/12/2025,128000000,5897000,5654000,4.3,Mensual,Asesor comercial,5,Vencida,,
POL-002036,CLI-00744,Auto,2022/04/13,13/04/2023,51000000,2343000,2331000,0.5,Trimestral,CORREDOR,5,Cancelada,03/04/2023,Otro
POL-004820,CLI-05191,Auto,2025-03-15,2026-03-15,36000000,1369000,1329000,3.0,Mensual,Web,5,Cancelada  ,2025-12-07,CAMBIO DE ASEGURADORA
POL-004208,CLI-03335,Salud,2022-08-10,2023-08-10,139000000,3383000,3207000,5.5,Trimestral,Web,0,Renovada,,
POL-001235,CLI-03895,Hogar,2024-12-13,2025-12-13,101000000,323000,310000,4.2,Semestral,Agencia,10,Renovada,,
POL-006141,CLI-00594,Salud,2024/09/16,2025-09-16,131000000,2722000,2824000,-3.6,Semestral,Agencia,10,Vencida,,
POL-004678,CLI-04788,Salud,30/08/2023,2024/08/29,88000000,2198000,2095000,4.9,Anual,Bancaseguros,5,RENOVADA,,
POL-006074,CLI-01085,  Hogar,02/03/2022,2023-03-02,168000000,728000,732000,-0.5,Mensual,Asesor comercial,5,RENOVADA,,
POL-000029,CLI-04767,Salud,2024-04-30,2025/04/30,126000000,3279000,3123000,5.0,Anual,Asesor comercial  ,10,Renovado,,
POL-000745,CLI-00591,Vida,2023-07-27,2024-07-26,191000000,634000,606000,4.7,Semestral,Web,0,Cancelada,2024-06-12,Precio
POL-003536,CLI-03478,Salud,07/04/2022,2023-04-07,178000000,5028000,4896000,2.7,Mensual,Web,15,  Renovada,,
POL-004556,CLI-00429,Salud,2022-03-18,2023-03-18,84000000,1856000,1720000,7.9,Semestral,Web,10,Vencida,,
POL-004721,CLI-00968,Vida,10/09/2024,2025-09-10,400000000,1794000,1686000,6.4,Anual,Bancaseguros,10,Renovada,,
POL-000276,CLI-00124,SALUD,2024-10-24,2025-10-24,193000000,4340000,4011000,8.2,ANUAL,Bancaseguros,15,Renovada,,
POL-005267,CLI-03422,Salud,2025-01-03,2026-01-03,,5192000,4484000,15.8,Anual,  Web,15,CANCELADA,2025-10-10,PRECIO
POL-008100,CLI-02695,AUTO,2024/10/05,05/10/2025,86000000,3429000,3247000,5.6,Mensual,Web,0,Vencida,,
POL-008006,CLI-01789,Auto,2024-09-28,2025/09/28,44000000,1594000,1217000,31.0,Anual,Web  ,5,Cancelada,2025-08-08,Cambio de aseguradora
POL-005383,CLI-00585,Vida,2024/10/30,30/10/2025,420000000,1873000,1774000,5.6,Anual,ASESOR COMERCIAL,5,Vencida,,
POL-000645,CLI-00370, Hogar ,2023-09-28,2024-09-27,343000000,1501000,1362000,10.2,Mensual,Web,5,Renovada,,
POL-002520,CLI-04649,Auto,2022/06/14,2023-06-14,25000000,1263000,1213000,4.1,TRIMESTRAL,Asesor  comercial,0,Renovada,,
POL-005157,CLI-00268,Auto,2022-04-19,2023-04-19,34000000,1298000,1060000,22.4,anual,Corredor,5,Cancelada,20/03/2023,Otro
POL-002085,CLI-02803, Auto ,2022-02-03,2023-02-03,39000000,1331000,1353000,-1.6,Mensual,Web,10,vencida,,
POL-005509,CLI-00687,Vida,19/05/2025,19/05/2026,196000000,868000,,5.1,Trimestral,Bancaseguros,15,Activa,,
POL-008108,CLI-02279,Salud,2023-05-10,2024-05-09,91000000,2135000,2016000,5.9,MENSUAL,Bancaseguros,5,Cancelada,2024/02/19,Cambio de aseguradora
POL-001870, CLI-00023 , Vivienda ,24/03/2022,2023-03-24,162000000,748000,687000,8.9,Mensual,Bancaseguros,10,Cancelada,03/07/2022,Cambio de aseguradora
POL-002617,CLI-02032,Vida,2024-10-01,2025-10-01,1015000000,4202000,4029000,4.3,Anual, Agencia ,15,Vencida,,
POL-001689,CLI-01882,salud,2023-12-17,2024-12-16,351000000,6939000,6737000,3.0,Mensual,Agencia,10,renovada,,
POL-004817,CLI-00071,Hogar,2024/04/30,2025-04-30,503000000,1594000,1226000,30.0,Anual,Web,5,Cancelada,2024-10-15,Cambio de aseguradora
POL-005763,CLI-02008,Auto,2023/08/02,2024-08-01,28000000,1112000,1089000,2.1,Mensual,Agencia,0,Cancelada,10/06/2024,Precio
POL-001158,CLI-05008,Auto,22/12/2023,2024/12/21,27000000,1178000,941000,25.2,Mensual  ,Asesor comercial,0,Renovada,,
POL-003280,CLI-04418,Auto,18/09/2022,2023-09-18,96000000,5286000,4996000,5.8,Anual,Corredor,0,Cancelada,2023-03-29,Cambio de aseguradora
POL-004130,CLI-03293,Salud,2024/10/25,2025/10/25,113000000,1965000,1864000,5.4,Mensual,Web,10,Renovada,,
POL-004660,CLI-01910,Salud,2023-07-17,2024-07-16,71000000,1312000,1205000,8.9,Mensual,Web,0,Renovada,,
POL-007018,CLI-00331,Hogar,2023-06-02,01/06/2024,476000000,1741000,1405000,23.9,Anual,Bancaseguros,10,VENCIDA,,
POL-005029,CLI-03512,Auto,2023-02-20,2024/02/20,58000000,1957000,1949000,0.4,SEMESTRAL,Corredor,10,Renovada,,
POL-001829,CLI-00951,Hogar,2025/04/30,2026/04/30,312000000,1146000,994000,15.3,Semestral,Agencia,0,Activa,,
POL-002406,CLI-05111,Auto,12/05/2021,2022-05-12,82000000,3988000,3409000,17.0,Anual,Corredor,5,Vencida,,
POL-005122,CLI-02774,Auto,2024-12-06,06/12/2025,49000000,1806000,1666000,8.4,Semestral,Agencia,10,Renovada,,
POL-004212,CLI-04005,Auto,2024-07-07,2025-07-07,121000000,4470000,4181000,6.9,Mensual,Agencia,5,  Renovada,,
POL-006596,CLI-00515,Auto,2023-02-02,02/02/2024,18000000,827000,788000,4.9,Anual,Web,5,Vencida,,
POL-003831,CLI-04827,Hogar,2023/10/13,12/10/2024,518000000,2183000,1925000,13.4,Mensual,Asesor comercial,10,Cancelada,2024-09-20,Precio
POL-006006,CLI-01244,Hogar,2023-01-09,09/01/2024,135000000,542000,485000,11.7,Mensual,Asesor comercial,10,CANCELADA,04/07/2023,Venta/pérdida del bien
POL-004619,CLI-02414,Salud,2022-10-25,25/10/2023,88000000,1616000,1555000,3.9,Mensual,Bancaseguros,5,Cancelada,2023-08-11,Venta/pérdida del bien  
POL-007744,CLI-00865,Auto,2023-07-05,2024/07/04,120000000,5151000,5090000,1.2,Mensual,Bancaseguros,5,Renovada,,
POL-005297,CLI-00436,SALUD,2024-10-18,18/10/2025,54000000,955000,910000,4.9,Mensual,Asesor comercial,10,Renovado,,
POL-004733,CLI-02198,Vida,04/02/2024,,386000000,1145000,1118000,2.4,Mensual,Bancaseguros,15,Vencida,,
POL-001826,CLI-04545,Auto,21/04/2021,2022/04/21,57000000,2457000,2331000,5.4,Anual,Web,5,Renovada,,
POL-007326,CLI-00217,Salud,2021/10/15,15/10/2022,430000000,12065000,11265000,7.1,Anual,Bancaseguros,5,Vencida,,
POL-005757,CLI-03659,  Auto,2024/03/11,2025-03-11,81000000,4043000,4015000,0.7,anual,Agencia,5,RENOVADA,,
POL-005699,CLI-03912,Salud,2025/02/27,27/02/2026,61000000,1156000,1112000,4.0,Mensual,Bancaseguros,15,Activa,,
POL-003991,CLI-01221,Vida,31/08/2022,2023-08-31,207000000,836000,789000,5.9,Mensual,Asesor comercial,15,Renovada,,
POL-008125,CLI-04582,Salud,2024-03-17,2025/03/17,111000000,2836000,2808000,1.0,Trimestral,Web,0,Cancelada,02/07/2024,Falta de pago
POL-003832,CLI-01082,Auto,2022-10-12,12/10/2023,81000000,3263000,2474000,31.9,Trimestral,ASESOR COMERCIAL,0,Cancelada,2023-10-11,Precio
POL-002073,CLI-02922,Auto,19/07/2022,2023/07/19,58000000,2258000,1877000,20.3,Trimestral,Agencia,5,Cancelada,INVALID_DATE,Precio
POL-005348,CLI-01022,SALUD,2025-01-03,2026-01-03,45000000,1085000,964000,12.5,Mensual,  Bancaseguros,10,Activa,,
POL-000899,CLI-03218,Vida,03/09/2022,2023-09-03,954000000,4309000,4073000,5.8,Mensual,Web,15,Renovada,,
POL-001551,CLI-04512,Auto,2023-06-14,2024-06-13,44000000,1799000,1697000,6.0,  Semestral,Bancaseguros,10,Renovada,,
POL-005453,CLI-00155,hogar,2023-03-18,17/03/2024,188000000,624000,603000,3.5,Anual,Web,5,Renovada,,
POL-008312,CLI-00021,vida,2024-05-18,2025-05-18,263000000,1100000,1082000,1.7,Mensual,Agencia,0,  Vencida,,
POL-003306,CLI-04053,Auto,2025/01/13,13/01/2026,52000000,2638000,2493000,5.8,Mensual,Asesor comercial,5,Activa,,
POL-003638,CLI-00587,Hogar,09/03/2024,2025-03-09,197000000,849000,823000,3.2,Mensual,Asesor comercial,0,Vencida,,
POL-001952,CLI-01302,Auto,15/02/2022,2023-02-15,78000000,2250000,2051000,9.7,Mensual,Web,5,Cancelada,03/01/2023,Otro
POL-001235,CLI-03895,Hogar,2024-12-13,2025-12-13,101000000,323000,310000,4.2,Semestral,Agencia,10,Renovada,,
POL-007668,CLI-01904,Salud,12/08/2021,12/08/2022,40000000,1258000,1172000,,Anual,Agencia,15,Cancelada,20/01/2022,Otro
POL-001140,CLI-01578,Salud,2025/02/24,2026-02-24,72000000,1634000,1517000,7.7,Semestral,Asesor comercial,5,Activa,,
POL-005685,CLI-00868,Auto,16/01/2025,16/01/2026,61000000,1900000,1776000,7.0,MENSUAL,Corredor,5,ACTIVA,,
POL-004990,CLI-02475,AUTO,2024-09-15,2025-09-15,81000000,3112000,2706000,15.0,Anual,Asesor comercial,5,Vencida,,
POL-007022,CLI-04674,  Auto,06/08/2022,INVALID_DATE,79000000,3376000,3303000,2.2,Anual,WEB,5,Vencida,,
POL-000731,CLI-01101,Vida,2024-07-18,2025-07-18,132000000,366000,334000,9.6,Mensual,Agencia,10,Renovada,,
POL-007225,CLI-02621,Auto  ,2021-07-05,2022-07-05,47000000,1918000,1742000,10.1,Anual,AGENCIA,5,Renovada,,
POL-007474,CLI-03982,Salud,18/11/2024,2025-11-18,92000000,2170000,2075000,4.6,Mensual,Asesor comercial  ,5,Renovada,,
POL-001445,CLI-00306,Auto  ,2023-10-12,2024/10/11,31000000,1324000,1241000,6.7,Mensual,Asesor comercial,0,Renovada,,
POL-004453,cli-05054,Salud,2024/05/07,2025/05/07,120000000,2614000,2518000,3.8,Mensual,Corredor,5,Renovado,,
POL-005285,CLI-03674,Auto,2024-12-30,2025-12-30,77000000,3851000,2953000,30.4,Trimestral,Agencia,15,Vencida,,
POL-003819,CLI-03221,Salud,27/01/2021,2022-01-27,141000000,3095000,3022000,2.4,Anual,Asesor comercial,15,Renovada,,
POL-006761,CLI-03547,Auto,20/04/2023,19/04/2024,59000000,2036000,2057000,-1.0, Mensual ,Agencia,10,Vencida,,
POL-007554,CLI-03662,Hogar,2025-03-03,03/03/2026,88000000,303000,301000,0.8,Trimestral,Web,5,Activa,,
POL-001138,CLI-01499,Auto,2024-02-17,2025-02-16,88000000,3233000,2859000,13.1,Trimestral,Corredor,5,Cancelada,2024-08-31,Reclamo rechazado / insatisfacción
POL-000737,CLI-04185, Hogar ,03/01/2021,03/01/2022,322000000,1385000,1310000,5.7,Anual,Web,0,Renovada,,
POL-005159,CLI-02487,Salud  ,2025-05-12,,181000000,4439000,4032000,10.1,Anual,Agencia,5,activo,,
POL-007184,CLI-02482,Salud,24/05/2025,2026-05-24,154000000,3459000,2939000,17.7,Trimestral,Web,15,Activa,,
POL-004613,CLI-00287,Auto,2025-06-13,2026-06-13,30000000,1134000,1117000,1.5,Mensual,Agencia,5,Activa,,
POL-003194,CLI-04167,Vida,2024-01-29,2025/01/28,236000000,924000,904000,2.2,Trimestral,Asesor comercial,10,Renovada,,
POL-005557,CLI-01376,Hogar,05/12/2023,2024-12-04,465000000,1573000,1289000,22.0,Trimestral,Corredor,5,Renovada,,
POL-004182,CLI-04993,Salud,2024-09-01,2025-09-01,26000000,882000,824000,7.1,Semestral,Bancaseguros,5,Renovada,,
POL-007983,CLI-00456,Vida,2021-12-16,16/12/2022,240000000,721000,710000,1.5,Trimestral,Corredor,0,Renovada,,
POL-001577,CLI-00109,Hogar,06/05/2022,2023/05/06,295000000,1562000,1627000,-4.0,Trimestral,Asesor comercial,5,VENCIDA,,
POL-001483,CLI-04403,Salud,2023/07/22,2024/07/21,248000000,5954000,5601000,6.3,MENSUAL,Bancaseguros,15,Renovada  ,,
POL-008164,CLI-03853,HOGAR,03/04/2024,,148000000,576000,534000,7.9,Mensual,Asesor comercial,0,Renovada,,
POL-002849,CLI-04481,Vida,2022-08-21,2023/08/21,66000000,259000,211000,22.8,Trimestral,Bancaseguros,10,Renovada,,
POL-005516,CLI-02477,Auto  ,23/01/2024,22/01/2025,84000000,2630000,1976000,33.1,Semestral,Asesor comercial,0,Vencida,,
POL-000587,CLI-04355,Auto,08/09/2022,2023/09/08,61000000,2662000,2595000,2.6,Anual,CORREDOR,10,Renovado,,
POL-002475,CLI-01706,Vida,2021-02-14,2022-02-14,341000000,1006000,996000,1.0,Anual,Bancaseguros,0,Vencida,,
POL-005343,CLI-02291,Seguro de Vida,2024-10-22,2025/10/22,451000000,1284000,1048000,22.5,Mensual,Asesor comercial,15,Cancelada,2025/09/17,Precio
POL-005210,CLI-02398,Hogar,23/05/2021,2022-05-23,244000000,816000,791000,3.1,Mensual,Corredor,0,Vencida,,
POL-005007,CLI-03353,Auto,2024-03-28,2025-03-28,45000000,1454000,1348000,7.9,Trimestral,Asesor comercial  ,10,Vencida,,
POL-002258,CLI-01549,Hogar,2023/11/29,2024/11/28,229000000,1018000,1006000,1.2,Trimestral,Agencia,15,Vencida,,
POL-001726,CLI-02708,Hogar,10/04/2022,10/04/2023,324000000,1269000,975000,30.1,Mensual,Bancaseguros,15,Renovada,,
POL-000433,CLI-00798,Salud,2023-07-31,2024-07-30,94000000,1291000,1243000,3.9,Anual,Web,0,Renovada,,
POL-007306,CLI-01884,Vida,2023-07-29,28/07/2024,589000000,1580000,1160000,36.2,Mensual,Asesor comercial,0,Cancelada,29/06/2024,Cambio de aseguradora
POL-006161,CLI-04463,Auto,2021-04-18,2022-04-18,37000000,1197000,1135000,5.5,Anual  ,Bancaseguros,0,Renovado,,
POL-003830,CLI-03977,Auto,02/02/2022,2023-02-02,51000000,1857000,1750000,6.1,Semestral,Bancaseguros,5,Renovada,,
POL-000605,CLI-00195,Auto,05/03/2022,,37000000,1122000,1082000,,Anual,Asesor comercial,0,Renovada,,
POL-007893,CLI-01588, Salud ,2024-03-15,2025-03-15,153000000,3771000,3063000,23.1,Mensual  ,  Agencia,0,Cancelada,2024-05-11,Precio
POL-002856,CLI-02939,Salud,28/05/2024,2025-05-28,56000000,1809000,1670000,8.3,Anual,Asesor comercial,5,Renovada,,
POL-003211,CLI-03586,  Auto,2022/12/15,15/12/2023,78000000,2873000,2370000,21.2,Anual,Agencia,0,Renovado,,
POL-007570,CLI-04188,Auto,2025-03-02,2026-03-02,60000000,1538000,1511000,1.8,Mensual,Corredor,0,Activa,,
POL-005071,CLI-03608,Auto,2024-02-18,2025/02/17,46000000,1222000,1057000,15.6,Anual,Agencia,15,Renovada,,
POL-008346,CLI-04772,hogar,14/02/2022,2023/02/14,283000000,1114000,1035000,7.6,Mensual,Asesor comercial,0,Vencida,,
POL-002468,CLI-04572,Salud,,2026/03/19,145000000,2301000,2117000,8.7,Anual,Bancaseguros,0,Cancelada,25/05/2025,Falta de pago
POL-003034,CLI-01468,Auto,2022-07-13,2023-07-13,40000000,1881000,1756000,7.1,Trimestral,Agencia,10,Renovada,,
POL-001144,CLI-00656,  Vida,14/04/2025,2026-04-14,671000000,2610000,2474000,5.5,Anual,Agencia,10,Activa,,
POL-001163,CLI-04767,auto,2022-09-19,2023/09/19,40000000,1479000,1391000,6.3,Mensual,Corredor,10,Renovada,,
POL-006871,CLI-00538,Salud,2023/04/17,16/04/2024,101000000,2812000,2635000,6.7,Mensual,Asesor comercial,10,Vencida,,
POL-001797,CLI-04767,Auto,2022-06-04,2023-06-04,41000000,1659000,1564000,6.1,Mensual,Bancaseguros,5,Renovada,,
POL-002245,CLI-05088,Salud,2021-08-28,2022-08-28,62000000,1726000,1592000,8.4,Mensual,Agencia,5,Vencida,,
POL-004204,CLI-01211,Auto,18/08/2024,2025/08/18,120000000,5391000,5029000,7.2,Anual,Bancaseguros,5,vencida,INVALID_DATE,
POL-007870,CLI-00235,Hogar,2025-03-21,2026/03/21,346000000,1405000,1343000,4.6,Anual,AGENCIA,15,Activa,,
POL-002706,CLI-03874,Salud,2025-05-25,25/05/2026,238000000,6139000,4668000,31.5,Anual,Web,5,Activa,,
POL-001069,CLI-00637,Vida,2021-07-06,2022/07/06,130000000,630000,611000,3.1,Anual,Asesor comercial,0,Vencida,,
POL-006586,CLI-01410,Auto,20/09/2021,20/09/2022,83000000,3380000,3183000,6.2,Anual,Web,10,Renovada,,
POL-001909,CLI-01864,Salud,14/07/2023,13/07/2024,41000000,908000,762000,19.1,Mensual,Asesor comercial,10,Cancelada,27/05/2024,Precio
POL-004555,CLI-01376,Vida,2023-09-25,2024-09-24,194000000,727000,580000,25.3,Mensual,Asesor comercial,5,RENOVADA,,
POL-000297,CLI-04702,Hogar,2025-02-01,01/02/2026,164000000,,628000,2.5,Mensual,Web,5,Activa  ,,
POL-006925,CLI-05040,Salud,04/08/2024,2025-08-04,157000000,3350000,3197000,4.8,Mensual,Web,0,Vencida,,
POL-003848,CLI-03307,Hogar,2024-09-18,2025-09-18,488000000,1828000,1666000,9.7,Mensual,Agencia,5,Cancelada,2025/07/18,Reclamo rechazado / insatisfacción
POL-001897,CLI-01306,Salud,05/10/2023,2024/10/04,152000000,3934000,3606000,9.1,Trimestral,Asesor comercial,5,Renovada,,
POL-007048,CLI-02059,Auto,2025-01-02,2026-01-02,34000000,0,868000,9.3,Trimestral,Corredor,10,Suspendida,,
POL-005140,CLI-01188,Salud,2022-03-03,2023-03-03,210000000,5002000,5104000,-2.0,Mensual,Agencia,10,Vencida,,
POL-007447,CLI-01930,Vida,2024-01-19,2025-01-18,320000000,987000,757000,30.3,Mensual,Agencia  ,5,Vencida  ,,
POL-001187,CLI-00274,Auto,22/08/2022,2023/08/22,62000000,2792000,2578000,8.3,Mensual,Corredor,10, Renovada ,,
POL-001748,CLI-03887,Vida,19/08/2024,2025-08-19,209000000,492000,435000,13.0, Semestral ,Bancaseguros,10,Cancelada,2025-02-23,Falta de pago
POL-000340,CLI-03977,AUTO,2021/12/25,2022-12-25,84000000,3525000,3456000,2.0,Anual,Agencia,10,Renovada,,
POL-003396,CLI-01975,Vida,20/11/2024,2025-11-20,161000000,793000,747000,6.1,Mensual,Asesor comercial,5,Renovado,,
POL-006491,CLI-03107,Vida,2024-02-01,31/01/2025,1181000000,5272000,5118000,3.0,Anual,Asesor comercial,15,vencida,,
POL-000214,CLI-00380,Auto,2021-08-20,20/08/2022,47000000,2955000,2729000,8.3,Semestral,Web,15,Renovada,,
POL-005310,CLI-03554,Salud,2023-02-13,2024-02-13,131000000,3337000,3187000,4.7,Mensual,Asesor comercial,15,RENOVADA,,
POL-000346,CLI-03350,Auto,2022-07-31,2023-07-31,68000000,2610000,2549000,2.4,Trimestral,Asesor comercial,5,Vencida,,
POL-005051,CLI-00771,Auto,29/01/2025,2026-01-29,48000000,1551000,1551000,-0.0,Semestral,Asesor comercial,5,Activa,,
POL-007803,CLI-04041,  Salud,2024/09/18,2025/09/18,41000000,642000,586000,9.5,Trimestral,Asesor comercial,15,Renovada,,
POL-004420,CLI-04204,  Salud,2024/12/23,2025/12/23,96000000,1625000,1190000,36.6,Mensual,Bancaseguros,5,Cancelada,2025-10-16,PRECIO
POL-000007,CLI-02067,SALUD,08/01/2025,2026/01/08,113000000,2927000,2705000,8.2,semestral,Agencia,10,Activa,,
POL-006549,CLI-02470,Seguro de Vida,16/03/2024,2025-03-16,585000000,2384000,2255000,5.7,Mensual,Web,5,  Renovada,,
POL-000266,CLI-00552,  Auto,2024/09/25,2025-09-25,36000000,1393000,1351000,3.1,Anual,Asesor comercial  ,5,Renovada,,
POL-003814,CLI-03848,Auto,2023-11-02,2024-11-01,31000000,1560000,1474000,,Semestral,Corredor,5,Vencida,,
POL-004078,CLI-04124,Vida,2025-02-15,15/02/2026,308000000,1149000,1060000,8.4,Anual,Corredor,5,Activa,,
POL-007236,CLI-04800,Seguro Hogar,2025-03-31,2026/03/31,157000000,629000,470000,33.7,Mensual,Agencia,5,Cancelada,2025-07-19,Precio
POL-008246,CLI-04531,Auto,21/03/2023,2024-03-20,83000000,2324000,1935000,20.1,  Trimestral,Corredor,10,Renovada,,
POL-006773,CLI-03193,Hogar,2024-10-13,2025-10-13,125000000,554000,472000,17.4,MENSUAL,Asesor comercial,0,Renovada,,
POL-005255,CLI-02710,Auto,01/11/2024,2025-11-01,31000000,1366000,985000,38.7,Anual,Asesor comercial,5,Vencida,,
POL-000311,CLI-02292,Auto,27/03/2025,2026/03/27,59000000,1753000,1505000,16.5,Mensual,ASESOR COMERCIAL,15,Cancelado,2025-12-10,Precio
POL-002048,CLI-00073,Salud,17/05/2021,17/05/2022,47000000,737000,725000,1.7,Mensual,Agencia,0,vencida,,
POL-001563,CLI-04779,HOGAR,2025-05-24,2026-05-24,106000000,432000,413000,4.6,Anual,Web,5,Activa,,
POL-003647,CLI-05054,Salud,2025-04-06,,111000000,2993000,2856000,4.8, Mensual ,Bancaseguros,10,Activa,,
POL-000504,CLI-03703,Seguro de Salud,2022-01-11,2023-01-11,72000000,1476000,1538000,-4.0,Mensual,Agencia,10,Cancelada,2022/07/22,Precio
POL-005785,CLI-00550,Vida,2022-03-31,2023-03-31,85000000,247000,256000,-3.6,Anual,Corredor,10,Renovada,,
POL-006713,CLI-00672,Hogar,2025-01-30,30/01/2026,417000000,,1787000,5.4,Trimestral,Bancaseguros,10,Activa,,
POL-004902,CLI-01308,Vida,18/12/2024,18/12/2025,153000000,515000,486000,5.9,Anual,Web,5,Vencida,,
POL-000625,CLI-02604,AUTO,2022/08/17,17/08/2023,164000000,6779000,6582000,3.0,Anual,Corredor,10,  Renovada,,
POL-004922,CLI-00766,Auto,26/04/2024,2025-04-26,70000000,2779000,2533000,9.7,Mensual,  Asesor comercial,5,Vencida,,
POL-004363,CLI-00648,Auto,,04/12/2025,80000000,3340000,2840000,17.6,Trimestral,ASESOR COMERCIAL,0,Renovada,,
POL-002760,CLI-05083,Salud,2021-11-24,2022-11-24,169000000,4658000,4432000,5.1,Mensual,Agencia,0,Cancelada,2022-11-17,Otro
POL-004969,CLI-04846,Auto,2022-03-28,2023/03/28,51000000,2290000,1978000,15.8,ANUAL,Asesor comercial,0,Cancelada,2022/06/27,Precio  
POL-002007,CLI-03663,Salud  ,21/01/2024,2025-01-20,44000000,907000,881000,2.9,Semestral,Agencia,15,Vencida,,
POL-007386,CLI-04300,Auto,2024/01/07,2025/01/06,53000000,2523000,2020000,24.9,Mensual,Web,15,Expirada,,
POL-007063,CLI-03949,Salud,,2026-03-21,335000000,5417000,,3.4,  Anual,Agencia,0,Activa,,
POL-006508,CLI-04507, Hogar ,2023-06-13,2024-06-12,169000000,510000,505000,1.0,Trimestral,Asesor comercial,0,Renovada,,
POL-006359,CLI-04159,Salud,2021-11-06,06/11/2022,93000000,2114000,1621000,30.4,Anual,Bancaseguros,10,Cancelada,2022-11-06,Precio
POL-006196,CLI-02649,Vida,2023-09-11,2024-09-10,448000000,1941000,1881000,3.2,Trimestral,Agencia,0,Vencida,,
POL-004579,CLI-01840,  Auto,19/05/2025,2026/05/19,34000000,1247000,1219000,2.3,  Mensual,Agencia,5,Activa,,
POL-007093,CLI-03695,Auto,2025-06-11,2026/06/11,120000000,5062000,4105000,23.3,Trimestral,Web,15,Cancelada,2025-07-24,Precio
POL-007985,CLI-02000,Salud,2025-01-19,2026-01-19,63000000,1441000,1108000,30.0,  Anual,Asesor comercial,5,Activa,,
POL-005144,CLI-03479,Hogar,2024-06-08,2025-06-08,224000000,843000,674000,25.0,Anual,Web,0,  Vencida,,
POL-002665,CLI-03976,Auto,2024/11/04,2025-11-04,72000000,3397000,2985000,13.8,Semestral,WEB,5,Vencida,,
POL-005161,CLI-02825,Auto,16/08/2022,2023-08-16,43000000,1588000,1542000,3.0,Mensual,Bancaseguros,15,Renovada,,
POL-003716,CLI-01161, Hogar ,2025-05-19,2026-05-19,397000000,1310000,1271000,3.1,Anual,agencia,10,  Activa,,
POL-001534,CLI-01427,Salud,26/07/2023,,139000000,3281000,3223000,1.8,Mensual,Asesor comercial,0,Vencida,,
POL-005131,CLI-00140,  Auto,16/08/2023,2024-08-15,37000000,1795000,1386000,29.5,MENSUAL,ASESOR COMERCIAL,5,Vencida,,
POL-004948,CLI-04998,Auto,2023-04-30,29/04/2024,13000000,676000,661000,2.2,Mensual,Agencia,5,Renovada,,
POL-000409,CLI-04881,Salud,26/04/2024,2025-04-26,111000000,3399000,2603000,30.6,Mensual,Bancaseguros  ,5,Renovada,,
POL-001433,CLI-03500,Hogar,2024-11-15,2025-11-15,218000000,741000,529000,40.0,Mensual,Bancaseguros,0,Cancelada,2025-10-26,Precio
POL-002364,CLI-02786,salud,2022/06/21,2023-06-21,131000000,2323000,2314000,0.4,Mensual,Bancaseguros,10,RENOVADA,,
POL-001245,CLI-00223,Hogar,2023-03-18,17/03/2024,720000000,2856000,2632000,8.5,Semestral,CORREDOR,15,Renovada,,
POL-003430,CLI-02616,Vida,2021-01-02,2022-01-02,251000000,884000,834000,6.0,Mensual,Asesor comercial,5,RENOVADO,,
POL-001436,CLI-01897,Auto,2025-01-28,28/01/2026,63000000,2682000,2576000,4.1,Anual,Agencia,0,Activa,,
POL-005286,CLI-02502,Salud,2021-10-09,09/10/2022,73000000,1744000,1607000,8.5,Anual,Corredor,10,Renovada,,
POL-001305,CLI-04684,Auto,2025-01-08,2026-01-08,47000000,1763000,1665000,5.9,Anual,Web,5,Activa,,
POL-000301,CLI-03642,Auto,20/02/2021,2022-02-20,39000000,1356000,980000,38.4,Anual,Bancaseguros,5,Renovada,,
POL-001112,CLI-00144,Vida,2024-12-04,2025-12-04,168000000,647000,533000,21.4,Mensual,Corredor,5,Vencida,,
POL-008332,CLI-03358,Salud,04/07/2023,03/07/2024,907000000,20590000,20366000,1.1,Trimestral,Bancaseguros,15,Renovada,,
POL-006980,CLI-04030,Vida,2022-12-06,2023/12/06,539000000,1685000,1709000,-1.4,Semestral,Corredor,15,Renovada,,
POL-005379,CLI-01741,Vida,2021-11-15,15/11/2022,247000000,973000,941000,3.4,Anual,Web,10,Renovada,INVALID_DATE,
POL-004823,CLI-00924,Auto,2023-08-22,2024-08-21,82000000,3018000,2311000,30.6,anual,AGENCIA,0,Vencida,,
POL-000947,CLI-01505,Auto,2022-04-17,2023-04-17,55000000,3075000,2225000,38.2,  Anual,CORREDOR,0,Vencida,,
POL-003531,CLI-03702,Vida,11/03/2022,11/03/2023,296000000,967000,929000,4.1,Anual,Asesor comercial,5,Renovada,,
POL-005777,CLI-00589,Vida,2023/02/14,2024/02/14,110000000,391000,373000,4.9,Mensual,  Asesor comercial,0,Vencida,,
POL-003883,CLI-01664,Seguro de Salud,2024-09-14,2025-09-14,128000000,2321000,2137000,8.6,Mensual,Corredor,5,Cancelada,23/04/2025,Otro
POL-003608,CLI-02300,Hogar,2022-12-22,2023-12-22,384000000,1723000,1413000,21.9,Mensual,BANCASEGUROS,15,Renovada,,
POL-007799,CLI-04667,Hogar,2022-10-30,2023-10-30,586000000,2590000,2478000,4.5,Mensual,Bancaseguros,5,Renovada,,
POL-004972,CLI-01855,Hogar,14/09/2023,2024-09-13,149000000,647000,635000,1.9,Mensual,Agencia,10,Renovada,,
POL-004402,CLI-04216,SALUD,2024-11-28,2025-11-28,63000000,1135000,1071000,6.0,Mensual,  Bancaseguros,10,Cancelada,06/10/2025,Reclamo rechazado / insatisfacción
POL-007982,CLI-04623,Salud  ,2024/11/27,2025/11/27,64000000,1491000,1432000,4.1,MENSUAL,CORREDOR,0,Renovada,,
POL-004523,CLI-03210,Auto,2024/10/02,2025/10/02,56000000,2909000,2909000,-0.0,Mensual,Asesor comercial,0,Renovada,,
POL-003565,CLI-01522,Auto,2022-10-24,2023-10-24,30000000,1496000,,4.5,Mensual,Corredor,5,Vencida,,
POL-007810,CLI-00806,Vida,24/06/2021,2022-06-24,270000000,957000,916000,4.5,Mensual,corredor,5,Renovada,,
POL-005829,CLI-02090,Auto,10/10/2023,09/10/2024,56000000,1838000,1708000,7.6,Mensual,Asesor comercial,10,Renovada  ,,
POL-004080,CLI-01360,Vida,2025/05/21,2026-05-21,406000000,1940000,1851000,4.8,Mensual,Asesor comercial,0,Activa,,
POL-006680,CLI-04021,HOGAR,2024-08-23,2025-08-23,792000000,3132000,3068000,2.1,Mensual,Bancaseguros,15,Vencida,,
POL-003431,CLI-01091,Seguro Auto,2022-05-24,2023-05-24,37000000,1512000,1157000,30.7,Mensual,Corredor,5,Renovada,,
POL-005173,CLI-02582,Automóvil,25/07/2024,2025-07-25,67000000,2900000,2641000,9.8,Mensual,Agencia,0,Cancelada,2024/12/27,Otro
POL-007440,CLI-05120,Vida,2021/03/19,2022-03-19,150000000,462000,439000,5.2,Anual,Asesor comercial,10,Vencida,,
POL-007470,CLI-00329,Salud,27/10/2023,26/10/2024,117000000,3329000,2964000,12.3,MENSUAL,Agencia,5,Vencida,,
POL-001286,cli-92656,Hogar,02/01/2025,2026-01-02,412000000,1775000,1703000,4.2,Mensual  ,Asesor comercial,10,Activa,,
POL-005693,CLI-02232,Salud,2023-11-16,15/11/2024,36000000,607000,617000,-1.7,Mensual  ,Bancaseguros,10,Cancelada,2024-04-28,Precio
POL-005227,CLI-03831,Auto,2023-07-09,2024-07-08,24000000,1129000,1099000,2.7,Trimestral,bancaseguros,5,Renovada,,
POL-004198,CLI-02560,Auto,2021-09-03,03/09/2022,99000000,2876000,2536000,13.4,Mensual,Corredor,5,Renovada,,
POL-007155,CLI-03273,Vida,2024-11-07,2025/11/07,231000000,683000,650000,5.0,Anual,Asesor comercial,5,Renovado,,
POL-005224,CLI-04494,Auto,05/06/2023,2024-06-04,37000000,1109000,1060000,4.6,trimestral,Agencia,15,renovada,,
POL-004151,CLI-04369,Seguro Hogar,24/05/2022,2023/05/24,257000000,937000,678000,38.3,Mensual,Web,15,Vencida,,
POL-004753,CLI-00987, Auto ,2021/12/30,2022-12-30,37000000,1403000,1336000,5.0,mensual,Asesor comercial,10,Vencida,,
POL-001711,CLI-02269,Auto,11/05/2025,11/05/2026,55000000,2487000,2505000,-0.7,Mensual,Asesor comercial,0,Activa,,
POL-002380,CLI-02230,Vida,2024-12-02,2025-12-02,245000000,1068000,904000,18.2,Anual,Bancaseguros,5,Vencida,,
POL-003522,CLI-03032,Salud  ,26/04/2023,2024-04-25,85000000,1231000,1207000,2.0,Semestral, Asesor comercial ,0,Renovada,,
POL-006527,CLI-00633,Auto,2024-09-26,2025/09/26,88000000,4536000,4169000,8.8,Mensual,Web,10,Renovada,,
POL-004552,CLI-00874,Auto,2021/08/07,2022-08-07,47000000,2213000,1875000,18.0,Mensual,Web,10,Cancelada,07/10/2021,Cambio de aseguradora
POL-002734,CLI-00275,Vida,2025-01-24,2026-01-24,375000000,1161000,1170000,-0.8,Trimestral,Bancaseguros,0,Activa,,
POL-002312,CLI-00058,  Hogar,2021-09-18,2022-09-18,340000000,1668000,1578000,5.7,Mensual,Web,0,Vencida,,
POL-008203,cli-04898,Seguro  de  Salud,21/07/2023,2024-07-20,171000000,3916000,4079000,-4.0,Mensual,Bancaseguros,10,Vencida,,
POL-004113,CLI-02624,Auto,28/11/2023,2024/11/27,24000000,1195000,1203000,-0.7,Trimestral,Agencia,0,Vencida,,
POL-000307,CLI-04003,Salud,05/10/2023,2024-10-04,114000000,2223000,2103000,5.7,Mensual, Agencia ,5, Renovada ,,
POL-007402,CLI-01498,Salud,08/12/2021,,78000000,1702000,1591000,7.0,Anual,Web,10,RENOVADA,,
POL-000750,CLI-03940,  Auto,2024-07-11,11/07/2025,43000000,1623000,1521000,6.7,Mensual,Bancaseguros,5,Renovada,,
POL-000377,CLI-03654, Vivienda ,2021-06-20,2022-06-20,409000000,1425000,1045000,36.3, Mensual ,Web,5,Cancelada,2022-03-28,PRECIO
POL-004599,CLI-03193,Auto,11/06/2025,11/06/2026,34000000,1189000,1168000,1.8,Semestral,Agencia,5,Suspendida,,
POL-005845,CLI-00461,Auto,2024-10-10,2025-10-10,153000000,6641000,6790000,-2.2,Mensual,Agencia  ,10,Renovada,,
POL-006915,CLI-02716,Auto,29/07/2023,2024-07-28,53000000,1960000,1885000,4.0,Trimestral,Agencia,10,Vencida,,
POL-004062,CLI-03605,Hogar,2025/06/01,2026-06-01,222000000,839000,798000,5.1,Mensual, Asesor comercial ,0,Activa,,
POL-000418,CLI-04361,vehículo,2023/08/15,2024-08-14,39000000,1557000,1518000,2.6,Mensual,Asesor comercial,10,VENCIDA,,
POL-003513,CLI-04307,Hogar,2025-06-14,2026/06/14,237000000,1017000,917000,10.9,Mensual,ASESOR COMERCIAL,10,Cancelada,2025-11-03,Precio
POL-005566,CLI-00242,Auto  ,2023-05-13,2024-05-12,94000000,5007000,4640000,7.9, Mensual ,Web,10,Vencida,,
POL-007602,CLI-00133,Salud  ,2022/08/29,2023-08-29,83000000,1623000,1481000,9.6,Anual,Asesor comercial,10,Cancelado,2023-07-07,Otro
POL-003768,CLI-03950,Hogar,2024-06-12,2025-06-12,221000000,1036000,985000,5.2,MENSUAL,Web,5,RENOVADA,,
POL-007880,CLI-02673,Hogar,2022/12/22,,204000000,861000,842000,2.3,Trimestral,Asesor comercial,5,Renovada,,
POL-006631,CLI-00663,Auto,,2026/04/11,55000000,164700000,1519000,8.4,anual,Web,5,Activa,,
POL-003928,CLI-03959,Salud,22/01/2025,2026/01/22,425000000,11650000,11289000,3.2,Anual,Bancaseguros,5,Cancelada,2025-12-19,Cambio de aseguradora
POL-004451,CLI-03289,VIDA,2023-12-01,2024-11-30,337000000,1200000,1074000,11.7,Mensual,Asesor comercial,10,Vencida,,
POL-002767,CLI-02119,Vida,25/03/2021,2022-03-25,290000000,1442000,1322000,9.1,Mensual,Asesor comercial,10,  Cancelada,2021-12-03,Falta de pago
POL-004428,CLI-03802,Auto,2022/12/23,2023-12-23,73000000,4116000,3962000,3.9,Trimestral,Asesor comercial  ,5,Renovado,,
POL-002645,CLI-00072,Auto,2024/10/21,2025-10-21,58000000,2905000,2823000,2.9,Anual,Corredor,0,Renovada,,
POL-004984,CLI-02680,Salud,2024/08/16,2025-08-16,75000000,1781000,1419000,25.5,Anual,Asesor comercial,10,Vencida,,
POL-004897,CLI-01685,Salud,31/03/2025,2026-03-31,112000000,2362000,2252000,4.9,Mensual,Asesor comercial,0,Suspendida,,
POL-000169,CLI-04193,VIDA,23/12/2022,23/12/2023,442000000,,1460000,5.6,Semestral,Web,5,Cancelada,2023/03/22,Falta de pago
POL-005123,CLI-04119,Auto,2022-07-08,2023/07/08,53000000,2298000,1861000,23.5,Anual,Web,10,Anulada,10/09/2022,Precio
POL-003710,CLI-03498,Seguro de Salud,21/05/2022,2023-05-21,321000000,5772000,5154000,12.0,Mensual,Corredor,15,Renovado,,
POL-005313,CLI-04917,Auto,26/04/2024,2025-04-26,67000000,2614000,2468000,5.9,Mensual,Asesor comercial,0,Vencida,,
POL-006866,CLI-05009,  Auto,02/02/2022,02/02/2023,67000000,4078000,4062000,0.4,Mensual,Asesor comercial,10,Renovada,,
POL-003853,CLI-00741,Hogar,2025-03-08,08/03/2026,397000000,1633000,,1.3,Mensual,Agencia,10,Activa,,
POL-003172,CLI-04241,salud,2021-03-05,05/03/2022,45000000,946000,968000,-2.3,Anual  ,Agencia,5,Renovada,,
POL-004382,CLI-04513,Hogar,26/09/2024,26/09/2025,109000000,300000,239000,25.7,Trimestral,Agencia,10,Renovada,,
POL-001106,CLI-03159,Auto,29/05/2024,2025-05-29,61000000,2035000,1904000,6.9,  Semestral,Asesor comercial,5,Renovada,,
POL-001846,CLI-02993,Vida,20/02/2025,20/02/2026,146000000,805000,696000,15.7,Anual,Bancaseguros,15,Activa,,
POL-003181,CLI-01871,Hogar,2022/11/29,2023/11/29,342000000,1296000,1250000,3.7,Mensual,Web,0,Renovada,,
POL-000848,CLI-04811,Salud,2021-04-17,17/04/2022,62000000,1433000,1417000,1.1,Mensual,Asesor comercial,15,Renovada,,
POL-008156,CLI-00585,Auto,2024-11-20,20/11/2025,63000000,2167000,2064000,5.0,Semestral,Asesor comercial,0,Renovada,,
POL-005054,CLI-05028,Auto,17/12/2021,2022-12-17,59000000,2637000,2419000,9.0,Trimestral,Web,0,renovada,,
POL-001040,CLI-00361,Auto,2025/02/17,2026-02-17,99000000,3688000,3641000,1.3,Mensual,Agencia,15,ACTIVA,,
POL-004602,CLI-02907,Vida,2025/04/13,2026-04-13,373000000,1644000,1664000,-1.2,Anual,asesor comercial,10,Activa,,
POL-006390,CLI-02330,Vida,2022-05-03,2023-05-03,604000000,1751000,1562000,12.1,Anual,Asesor comercial,5, Renovado ,,
POL-001655,CLI-00601,Auto,2022-05-18,2023/05/18,92000000,0,2523000,17.9,Mensual,Bancaseguros,10,VENCIDA,,
POL-002925,CLI-04178,Vida,12/10/2021,2022-10-12,275000000,716000,701000,2.2,Mensual,Asesor comercial,5,Cancelada,28/02/2022,Cambio de aseguradora
POL-004620,CLI-02530,Hogar  ,30/12/2024,2025-12-30,265000000,934000,895000,4.4,Anual,Agencia,5,Cancelada,08/08/2025,Precio
POL-000135,CLI-00674,Auto,2024-07-05,2025-07-05,95000000,3687000,3411000,8.1,Mensual,Bancaseguros,5,RENOVADO,,
POL-003605,CLI-03783,Auto  ,2025-01-01,2026-01-01,50000000,2026000,1893000,7.0,Anual,Asesor  comercial,15,ACTIVA,,
POL-004472,CLI-98502,Salud,2021-08-25,2022-08-25,117000000,3388000,3160000,7.2,Mensual,Asesor comercial,0,Renovada,,
POL-002216,CLI-03961,AUTO,2025-04-02,02/04/2026,73000000,2144000,2102000,2.0,Mensual,Asesor comercial,5,Activa,,
POL-005501,CLI-01155,Hogar,15/08/2021,2022-08-15,90000000,379000,358000,6.0,Mensual,Bancaseguros,5,Vencida,,
POL-002633,CLI-04089,Salud,2025-03-05,2026/03/05,123000000,3031000,2773000,9.3, Mensual ,ASESOR COMERCIAL,15,Activa,,
POL-004968,CLI-90404,Hogar,17/08/2024,17/08/2025,106000000,481000,465000,3.4,Mensual,Bancaseguros,0,Renovada,,
POL-002842,CLI-03201,Salud,2023/07/19,18/07/2024,93000000,1852000,1784000,3.8,Trimestral,CORREDOR,10,VENCIDA,,
POL-006914,CLI-01702,Hogar,05/03/2024,2025-03-05,251000000,1207000,1168000,3.3,Semestral,Web,5,Renovada,,
POL-006364,CLI-05075,Auto,05/05/2024,05/05/2025,152000000,6029000,5814000,3.7,Trimestral,Corredor  ,0,Renovada,,
POL-001188,CLI-04773,Hogar,2022-04-10,2023-04-10,175000000,691000,661000,4.5,Trimestral,Web,0,Vencida,,
POL-007560,CLI-03451,Auto,20/11/2023,2024/11/19,63000000,2043000,1922000,6.3,Anual,Asesor comercial,0,Renovada,,
POL-007909,CLI-04269,Auto,08/04/2025,2026-04-08,48000000,1490000,1494000,-0.3,Trimestral,Corredor,5,Activa,,
POL-005503,CLI-00204,Vida,2024-09-16,2025-09-16,398000000,1418000,1367000,3.7,Trimestral,Agencia,15,Renovada,,
POL-001849,CLI-03178,Hogar,12/01/2025,2026-01-12,160000000,622000,630000,-1.3,Trimestral,Bancaseguros,0,Cancelada,2025/03/14,Falta de pago  
POL-003458,CLI-00216,Salud,2021-09-29,2022-09-29,279000000,7035000,6448000,9.1,Anual,Agencia,15,Cancelada,2022-09-29,  Cambio de aseguradora
POL-003429,CLI-03134,Hogar  ,2025/05/07,07/05/2026,184000000,701000,721000,,Anual,Asesor comercial,5,ACTIVA,,
POL-004297,CLI-00505,Salud,2024/12/22,2025-12-22,139000000,3210000,3210000,-0.0,Mensual,Asesor comercial,15,Cancelada,22/12/2025,Cambio de aseguradora
POL-008034,CLI-00487,Hogar,2024-09-16,2025-09-16,328000000,1071000,1014000,5.6,Mensual,Bancaseguros,0,Renovada,,
POL-000087,CLI-04357,Vida,2025-02-21,2024-02-26,194000000,712000,667000,6.7, Anual ,Asesor comercial,5,Cancelada,25/06/2025,  Venta/pérdida del bien
POL-001178,CLI-03104,Auto,05/09/2024,2025-09-05,54000000,2323000,1907000,21.8,Mensual,Agencia,5,Cancelada,2024/10/31,Precio
POL-007129,CLI-01377,VIDA,2024-12-16,2025-12-16,393000000,1720000,1332000,29.1,Mensual,Web,0,Renovada,,
POL-004098,cli-02219,Vida,20/06/2024,20/06/2025,479000000,1585000,1622000,-2.3,Trimestral,  Web,15,VENCIDA,,
POL-004698,CLI-05161,Vida,2025-03-27,27/03/2026,1254000000,6086000,6255000,-2.7,Semestral,Asesor comercial,5,Activa,,
POL-001174,CLI-00965, Salud ,2024-11-28,2025-11-28,167000000,4050000,3764000,7.6,ANUAL,Asesor comercial,0,Renovada,,
POL-002740,cli-01492,Vida,20/04/2025,INVALID_DATE,364000000,1201000,861000,39.5,Anual,CORREDOR,15,Cancelada  ,2025-06-10,Precio
POL-000720,CLI-03833,Salud,2024/04/26,26/04/2025,233000000,5163000,5236000,-1.4,mensual,Corredor,5,Renovada,,
POL-005477,CLI-00032,Auto,02/07/2021,2022/07/02,29000000,1408000,1429000,-1.5,ANUAL,Corredor,0,Vencida,,
POL-002202,CLI-04487,  Hogar,2023-09-28,27/09/2024,196000000,685000,651000,5.2,Trimestral,Agencia,10,Renovada,,
POL-007741,CLI-02217, Hogar ,2024-03-08,08/03/2025,261000000,1014000,935000,8.5,Mensual,Asesor comercial,5,Renovada,,
POL-003132,CLI-04206,Hogar,26/03/2022,2023-03-26,202000000,940000,883000,6.4,Mensual,Corredor,10,Renovada,,
POL-003496,CLI-01621,Auto,16/07/2022,2023/07/16,26000000,1311000,1301000,0.8,Anual,Web,15,Renovada,,
POL-007866,CLI-00022,Vida  ,2025-01-01,2026-01-01,525000000,1480000,1416000,4.5,Mensual,Asesor comercial,5,Activa,,
POL-004761,CLI-04987,Auto,2024-11-25,2025-11-25,69000000,2345000,1962000,19.5,Anual, Agencia ,5,Cancelada,06/04/2025,precio
POL-003825,CLI-03168,Hogar,2025-03-20,INVALID_DATE,118000000,510000,471000,8.2,Mensual,Agencia,15,Activa,,
POL-002204,CLI-00776,Hogar,2022-05-28,2023-05-28,170000000,638000,599000,6.5,Mensual,Asesor comercial,0,RENOVADA,,
POL-005497,CLI-00122,Auto,25/03/2021,2022-03-25,44000000,2231000,2087000,6.9,Mensual,Asesor comercial,0,Renovada,,
POL-001101,CLI-02903,Auto,12/04/2025,2026-04-12,46000000,2253000,1674000,34.6,Anual,Asesor comercial,0,Cancelada,2025-11-28,Precio
POL-004367,CLI-00019,Vehículo,14/07/2022,2023/07/14,64000000,2765000,2606000,6.1,  Mensual,Asesor comercial,15,Renovada,,
POL-006459,CLI-05090,Vida,,05/02/2025,1593000000,7121000,5503000,29.4,Anual,Asesor comercial,5,Cancelada,2024-07-01,Precio
POL-002793,CLI-96251,Vida,2023-01-16,16/01/2024,493000000,1948000,1839000,5.9,Mensual  ,Asesor comercial,0,Cancelada,2023-11-08,Falta de pago
POL-006797,CLI-02283,Salud,17/09/2023,2024/09/16,39000000,0,971000,20.9,Mensual,Asesor  comercial,5,Vencida,,
POL-002726,CLI-02585,Salud,20/08/2022,2023-08-20,53000000,1438000,1212000,18.6,Anual,ASESOR COMERCIAL,0,Renovada,,
POL-005975,CLI-01249,Salud,2025-03-01,2026/03/01,189000000,5605000,5431000,3.2,Anual,Agencia,0,Activa,,
POL-006028,CLI-00922,Salud,2025/06/14,14/06/2026,166000000,4291000,3603000,19.1,Mensual,Asesor comercial,10,Activa,,
POL-003365,CLI-03322,Vida,2023-10-21,20/10/2024,220000000,746000,719000,3.8,Mensual,Bancaseguros,5,Cancelada,2024-08-23,OTRO
POL-002798,CLI-01270,Salud  ,2023-02-21,2024/02/21,352000000,8459000,8033000,5.3,Mensual,  Asesor comercial,15, Cancelada ,2024-02-02,Reclamo rechazado / insatisfacción
POL-003937,CLI-02237,Salud,01/03/2022,2023/03/01,220000000,4641000,4297000,8.0,Mensual,Asesor comercial,10,RENOVADA,,
POL-001569,CLI-00305,Hogar,09/10/2021,2022-10-09,232000000,936000,905000,3.4,Anual,Agencia,0,VENCIDA,,
POL-005614,CLI-00044,Salud,28/12/2023,2024-12-27,120000000,2279000,2138000,6.6,Mensual,Corredor,10,Renovada,,
POL-001299,CLI-02215,Vida,INVALID_DATE,INVALID_DATE,284000000,851000,831000,2.4,Semestral,Agencia,5,Renovada,,
POL-000100,CLI-03643,Auto,2024-07-09,2025-07-09,26000000,1074000,796000,34.9,Mensual,Agencia,5,  Renovada,,
POL-003785,CLI-02846,Vida,2023-10-19,,542000000,1723000,1658000,3.9,Anual,Corredor,0,Renovada,,
POL-006213,CLI-03496,Hogar,2022/11/27,2023-11-27,357000000,1267000,1176000,7.7,Anual,Corredor,0,Vencida,,
POL-004741,CLI-00205, Auto ,2021-03-14,2022-03-14,82000000,3254000,3153000,3.2,Mensual,Asesor comercial,5,Cancelada,02/03/2022,Otro
POL-003448,CLI-03146,Hogar  ,23/07/2024,2025-07-23,131000000,489000,450000,8.7,Trimestral  ,CORREDOR,5,Vencida,,
POL-000040,CLI-04320,Vida,2025/01/15,2026-01-15,232000000,1054000,1022000,3.1,  Trimestral,Web,0,Activa,,
POL-004687,CLI-01594,Hogar,13/09/2022,2023/09/13,214000000,717000,658000,8.9,Trimestral, Asesor comercial ,5,Vencida,,
POL-006178,CLI-02029,Vida,2023/07/06,2024-07-05,242000000,1040000,1032000,0.8,Trimestral,Corredor,0, Renovada ,,
POL-005417,CLI-01180,Hogar  ,2025-06-15,2026-06-15,242000000,988000,978000,1.0,Mensual,Web,5,Activa,,
POL-002286,CLI-05006,Salud,2024-08-29,29/08/2025,89000000,2343000,2169000,8.0,Anual,Bancaseguros,15,Renovada,,
POL-005995,CLI-03326,Auto,2025-05-28,28/05/2026,63000000,2596000,2039000,27.3,Mensual,Asesor comercial,10,Activa,,
POL-000642,CLI-04139,Salud,2022-02-14,2023-02-14,96000000,2674000,2106000,27.0,Semestral,Web,0,Cancelada,2022-07-11,Falta de pago
POL-003941,CLI-03804,Salud,03/01/2023,2024/01/03,109000000,2499000,2469000,1.2,Mensual,Bancaseguros,0,Vencida,,
POL-002084,CLI-00297,Auto,07/11/2021,2022/11/07,94000000,4294000,4181000,2.7,Mensual,Corredor,0,Renovada,,
POL-000312,CLI-04876,Salud,2024-11-14,2025/11/14,139000000,3377000,3263000,3.5,Trimestral,Asesor comercial,0,Cancelada,2025-02-07,  Falta de pago
POL-008305,CLI-00129,Vida,12/05/2021,2022-05-12,508000000,2274000,2285000,-0.5,  Anual,Bancaseguros,5,Renovado,,
POL-007832,CLI-00540,Hogar  ,2025-03-28,2026/03/28,275000000,1116000,1107000,0.8,Mensual,Web,10,Activa,,
POL-004077,CLI-01045,  Auto,2024-08-03,03/08/2025,62000000,2211000,2023000,9.3,Trimestral,Agencia,5,Renovada,,
POL-006382,CLI-01109,Salud,2024-03-27,27/03/2025,57000000,862000,816000,5.6,Anual,Bancaseguros,10,Renovada,,
POL-006059,CLI-05082, Auto ,19/11/2022,2023-11-19,103000000,4042000,3792000,6.6,Mensual,Web,15,Renovada,,
POL-006719,CLI-02097,Auto,2025/02/09,2026/02/09,84000000,3922000,3527000,11.2,Anual,Bancaseguros,5,Cancelada,2025-08-23,Otro
POL-005875,CLI-01750,Salud,2025/01/21,2026-01-21,71000000,1150000,1102000,4.4,Mensual,Asesor comercial,15,Cancelada,2025-12-01,Precio
POL-007758,CLI-01509,Salud,2022/07/30,2023-07-30,133000000,2459000,1927000,27.6,Trimestral,WEB,10,Renovada,,
POL-008153,CLI-01102,Auto,2023-02-25,25/02/2024,74000000,3388000,3358000,0.9,Mensual,  Agencia,0,Renovada,,
POL-000420,CLI-00754,VIDA,2023-04-04,03/04/2024,343000000,860000,825000,4.3,Anual,Agencia,10,Renovada,,
POL-006038,CLI-03667,Auto,29/06/2021,2022-06-29,39000000,1509000,1369000,10.2,Mensual,agencia,5,Vencida,,
POL-003325,CLI-05091,Auto,2022-11-28,INVALID_DATE,49000000,1775000,1715000,3.5,Anual,Agencia,15,Renovada,,
POL-001680,CLI-04700,Salud,2024-04-21,21/04/2025,91000000,1667000,1601000,4.1,Trimestral,Asesor comercial,10,Cancelada,2025-03-20,Otro
POL-005902,CLI-03482,Salud,17/01/2025,2026-01-17,58000000,1231000,1254000,-1.8,Anual,Agencia,10,Activa,,
POL-000476,CLI-02917,Auto,2024-04-25,2025-04-25,22000000,922000,892000,3.4,Anual,Web,10,Cancelada,2025-03-15,Cambio de aseguradora
POL-001918,CLI-02051,Auto,2024/03/17,17/03/2025,48000000,2463000,2298000,7.2,MENSUAL,Corredor,15,Cancelada,2025/02/08,Otro
POL-000832,CLI-01402,Hogar,2024-11-14,2025/11/14,386000000,1325000,1205000,,Mensual,Agencia,10,Vencida,,
POL-003807,CLI-04198,Vida,24/02/2023,24/02/2024,282000000,933000,788000,18.4,Mensual,ASESOR COMERCIAL,5,Renovada,,
POL-002430,CLI-03554,SALUD,29/08/2022,29/08/2023,84000000,2135000,2079000,2.7,Mensual,Web,10,Renovada,,
POL-001343,CLI-04815,Hogar,2022-06-17,17/06/2023,398000000,1425000,1362000,4.6,Mensual,Web,10,Renovada,,
POL-007334,CLI-04854, Auto ,2023-09-20,2024-09-19,98000000,4735000,4505000,5.1,Mensual,Asesor comercial,15, Cancelado ,2024-03-12,Falta de pago
POL-003976,CLI-03361,Auto,2023-01-28,28/01/2024,16000000,678000,635000,6.7,Mensual,Asesor comercial,0,Cancelada,15/01/2024,FALTA DE PAGO
POL-006889,CLI-04982,Salud,2025-02-19,19/02/2026,190000000,3543000,2747000,29.0,Anual,Web,0,Activa,,
POL-008141,CLI-04006,Salud,2024-09-30,2025/09/30,128000000,2464000,2322000,6.1,Anual,Asesor comercial,0,Renovada,,
POL-001019,CLI-02447,Salud,2021/03/20,2022-03-20,190000000,4799000,4588000,4.6,Mensual,Bancaseguros,5,Renovada,,
POL-005403,CLI-00144,Auto,2024-10-25,2025-10-25,79000000,3205000,3076000,4.2,Anual,Web,10,Renovada,,
POL-005355,CLI-02499,Auto,2024-09-21,2025/09/21,74000000,2953000,2826000,4.5,Semestral,AGENCIA,5,Renovada,,
POL-004170,CLI-03574,VIDA,16/06/2024,2025/06/16,242000000,854000,750000,13.9,Mensual,CORREDOR,5,Cancelada,2024-08-15,Cambio de aseguradora
POL-006428,CLI-04658,HOGAR,24/09/2022,24/09/2023,130000000,480000,442000,8.5,Mensual,Agencia,5,Vencida,,
POL-004374,CLI-00228,Hogar,11/12/2024,2025/12/11,78000000,339000,312000,8.6,Trimestral,Asesor comercial,5,Renovada,,
POL-003245,CLI-00173, Salud ,2021-12-27,27/12/2022,103000000,2229000,1704000,30.8,Anual,Corredor,5,Cancelada,2022-12-27,PRECIO
POL-005016,CLI-03301,Auto,2024-04-22,2025/04/22,60000000,2888000,2141000,34.9,Mensual,Asesor  comercial,5,Vencida,,
POL-007013,CLI-02992,SALUD,2022-07-12,12/07/2023,247000000,5767000,5498000,4.9,Semestral,Agencia,0,Cancelada,2022-11-01,Precio
POL-008241,CLI-03051,Auto,08/08/2024,08/08/2025,59000000,1991000,1900000,4.8,Mensual,Web,5,Cancelada,2025/05/05,Precio
POL-003329,CLI-00041,AUTO,07/06/2022,2023-06-07,75000000,3158000,2861000,10.4,Anual,Asesor comercial,10,Vencida,,
POL-005240,CLI-03014,Hogar,07/06/2025,2026-06-07,186000000,715000,538000,33.0, Semestral ,Corredor,5,Activa,,
POL-006069,CLI-02395,Auto,2023-04-09,2024-04-08,83000000,3518000,3386000,3.9,Anual,Asesor comercial,10,Vencida,,
POL-007088,CLI-00276,Auto,21/03/2024,2025-03-21,56000000,2349000,2349000,0.0,Mensual,Agencia,5,  Renovada,,
POL-006532,CLI-04512,Salud  ,14/02/2024,2025/02/13,63000000,1437000,1376000,4.4,Mensual,Bancaseguros,10,Renovada,,
POL-005889,CLI-01582,Hogar,30/03/2023,2024-03-29,173000000,666000,,,Anual  ,WEB,0,Cancelada,24/03/2024,Precio
POL-005455,CLI-02502,salud,30/01/2024,2025/01/29,147000000,3898000,3646000,6.9,Mensual,Asesor comercial,10,Vencida,,
POL-000936,CLI-03782,Salud,2023/03/25,24/03/2024,80000000,1727000,1639000,5.4,Anual,Web,5,Cancelada,2023-12-23,Reclamo rechazado / insatisfacción
POL-007531,CLI-05061,AUTO,2024/08/28,28/08/2025,34000000,1428000,1090000,31.0,Mensual,Asesor comercial,0,Renovada,,
POL-001943,CLI-04917,Auto,30/07/2021,2022-07-30,44000000,1722000,1341000,28.4,Mensual,agencia,0,Vencida,,
POL-004459,CLI-00618,Auto,2024-09-04,2025-09-04,25000000,913000,860000,6.2,Mensual,Agencia,10,Renovada,,
POL-000144,CLI-01930, Auto ,11/04/2023,2024-04-10,36000000,1489000,1415000,5.2,Mensual,Web,10,Renovada,,
POL-000859,CLI-03005,Hogar,2025/02/05,05/02/2026,234000000,1078000,1054000,2.3,Trimestral,Agencia,15,Cancelada,2025-12-07,Precio
POL-005887,CLI-03492,Vehículo,2024/12/19,19/12/2025,55000000,2366000,2286000,3.5,  Mensual,Asesor comercial,15,RENOVADA,,
POL-004727,CLI-03688,Vida,2022-08-10,10/08/2023,272000000,1091000,791000,38.0,Mensual,Agencia,0,Vencida,,
POL-003069,CLI-03939,Vida,28/12/2024,2025-12-28,729000000,2593000,2401000,8.0,Anual,Web,15,Renovada,,
POL-002795,CLI-03547,Vida,2023-09-13,12/09/2024,567000000,2083000,2011000,3.6,Mensual,Agencia,0,VENCIDA,,
POL-000718,CLI-02507,Hogar,2024-05-07,2025/05/07,154000000,660000,556000,18.6,Trimestral,Bancaseguros,5,Vencida  ,,
POL-005649,CLI-03490,Salud,2023-01-21,2024/01/21,125000000,2726000,2611000,4.4,Anual,Asesor comercial,10,RENOVADA,,
POL-002823,CLI-02579,Auto,2024-02-05,2025-02-04,57000000,2232000,2124000,5.1,Mensual,Agencia,0,Vencida,,
POL-006231,CLI-02479,Auto,11/01/2024,2025-01-10,28000000,1061000,1002000,5.9,Mensual,Corredor,5,Vencida  ,,
POL-004273,CLI-02249,  Automóvil,2024-03-29,,49000000,1413000,1400000,0.9,Mensual,Bancaseguros,10,Renovada,,
POL-005894,CLI-00498,Auto,2021-10-05,2022-10-05,88000000,3199000,,9.9,Mensual,Web,10,CANCELADA,11/06/2022,Cambio de aseguradora
POL-006920,CLI-02292, Auto ,2024-05-15,15/05/2025,60000000,1666000,1498000,11.2,Anual,Agencia,5,Vencida,,
POL-007275,CLI-00496,Salud,2024-12-05,2025-12-05,244000000,3977000,3899000,2.0,Mensual,Corredor,15,EXPIRADA,,
POL-005174,CLI-00288,Salud  ,2024-01-11,2025-01-10,50000000,1671000,1257000,32.9,Trimestral,Asesor comercial,5,Cancelada,12/10/2024,Reclamo rechazado / insatisfacción
POL-001596,CLI-02668,Auto,2025/05/15,15/05/2026,20000000,934000,939000,-0.5,TRIMESTRAL,BANCASEGUROS,5,Activa,,
POL-001806,CLI-02006,Auto,21/06/2025,21/06/2026,31000000,1158000,1093000,5.9,Mensual,ASESOR COMERCIAL,5,  Activa,,
POL-002410,CLI-03344,vida,2024-05-07,22/11/2023,251000000,1015000,967000,5.0,Mensual,Corredor,5,Renovada,,
POL-001311,CLI-05017,Auto,2023/09/29,2024-09-28,64000000,3099000,2943000,5.3,Anual,Agencia,5,Renovada,,
POL-006541,CLI-00773,Salud,2023-09-03,2024/09/02,193000000,4368000,3957000,10.4,Anual,Agencia,5,Renovada,,
POL-005500,CLI-02406,  Automóvil,29/02/2024,2025-02-28,60000000,1947000,1835000,6.1,Mensual,Agencia,5,Cancelada  ,28/06/2024,Venta/pérdida del bien
POL-004965,cli-02761,Vida  ,2023-12-14,2023/07/22,783000000,2978000,2198000,35.5,Trimestral,Agencia,10,Vencida,,
POL-005315,CLI-04924,Vida,25/06/2022,2023/06/25,583000000,2202000,2115000,4.1,Anual,Asesor comercial,10,Expirada,,
POL-006239,CLI-00779,Auto,26/10/2021,2022/10/26,50000000,2290000,2219000,3.2,Mensual,Asesor comercial,5,Renovada,,
POL-002011,CLI-03126,Salud,2022/08/08,2023-08-08,123000000,3287000,3204000,2.6,Anual,Web,10,Renovada,,
POL-004978,CLI-02150,Hogar,2022-09-28,2023-09-28,320000000,961000,939000,2.3,Anual,  Web,5,Renovada,,
POL-001406,CLI-01717,Auto,2025-01-19,2026-01-19,95000000,3630000,3531000,2.8,Anual,Agencia,5,Activa,,
POL-006386,CLI-01857,  Salud,2021-04-07,07/04/2022,79000000,1883000,1649000,14.2,Mensual,Bancaseguros,10,Renovada  ,,
POL-003775,CLI-03530,Seguro de Vida,16/03/2021,2022-03-16,1004000000,5215000,4971000,4.9,Anual,Agencia,5,Renovada,,
POL-007621,CLI-00237,AUTO,02/06/2023,2024-06-01,33000000,1170000,994000,17.7,Anual,Web,15,Renovada  ,,
POL-005702,CLI-03827,Hogar,2025-06-02,2026-06-02,526000000,2222000,2040000,8.9,Trimestral,Corredor,10,Activa,,
POL-005550,CLI-01052,Hogar,2022/10/04,04/10/2023,269000000,1243000,1146000,8.5,Anual,ASESOR COMERCIAL,0,Renovada,,
POL-000762,CLI-01687, Hogar ,08/01/2025,2026-01-08,298000000,1303000,1201000,8.5,Anual,Bancaseguros,0,Activa,,
POL-008186,CLI-01148,Hogar,27/10/2024,2025-10-27,235000000,1014000,947000,7.1,Trimestral,Agencia,0,Renovada  ,,
POL-005618,CLI-02397,Auto,2024/03/11,2025/03/11,57000000,3315000,3276000,1.2,Anual,Agencia,0,Renovada,,
POL-002106,CLI-03365,Salud,INVALID_DATE,2026-05-22,181000000,,4030000,29.1,Semestral,Agencia,5,ACTIVA,,
POL-006966,CLI-04329,Salud,2022-08-06,2023/08/06,289000000,4634000,4255000,8.9,Anual  ,Bancaseguros,10,Renovada,,
POL-001801,CLI-02244,Auto,23/07/2023,2024-07-22,39000000,1839000,1693000,8.6,Mensual,Bancaseguros,5,Renovada,,
POL-008142,CLI-04095,Hogar,19/04/2023,2024/04/18,130000000,496000,505000,-1.8,TRIMESTRAL,Bancaseguros,10,Renovada,,
POL-008367,CLI-02548,Seguro Auto,2025/03/01,01/03/2026,17000000,690000,530000,30.1,  Trimestral,Asesor comercial,5,Cancelada,2025/11/19,Cambio de aseguradora
POL-008232,CLI-02608,Auto,2023-05-24,23/05/2024,31000000,1521000,1412000,7.7,Mensual,Bancaseguros,0,Renovada,,
POL-001296,CLI-02235,SALUD,2024/10/08,2025-10-08,81000000,2486000,2302000,8.0,Mensual,Corredor,5,Renovada  ,,
POL-000237,CLI-04649,HOGAR,2024-07-05,05/07/2025,143000000,717000,656000,9.3,Anual,Bancaseguros,5,Vencida,,
POL-008289,CLI-02563,Auto,14/05/2024,14/05/2025,61000000,1949000,1828000,6.6,Mensual,Bancaseguros,10,Cancelada  ,27/11/2024,Venta/pérdida del bien
POL-001856,CLI-03430,SALUD,2023-01-11,2024-01-11,55000000,1195000,1245000,-4.0,Semestral,Asesor comercial,10,Renovada,,
POL-004518,CLI-04230,Auto,2024-08-16,16/08/2025,36000000,1301000,1251000,4.0,Mensual,Web,15,cancelada,22/07/2025,Falta de pago
POL-001217,CLI-02056,Salud,2023-01-31,2024/01/31,129000000,2542000,2017000,26.0,Anual,Agencia,5,Vencida,,
POL-003701,CLI-04160,Auto,21/04/2023,2024-04-20,53000000,1864000,1710000,9.0,ANUAL,Corredor,5,Renovada,,
POL-006671,CLI-04243,Auto,2023-02-16,2024/02/16,53000000,3149000,2929000,7.5,Mensual,Asesor comercial,15,Vencida,,
POL-008349,CLI-00165,Vida,07/10/2023,2024-10-06,1728000000,4839000,4587000,5.5,Mensual,Agencia,0,Renovada,,
POL-004131,CLI-01238,AUTO,25/10/2024,2025-10-25,46000000,1185000,1124000,5.4,Mensual,Agencia,10,Vencida,,
POL-003879,CLI-03440,Hogar,2022-01-22,22/01/2023,111000000,474000,,2.1,Semestral,Corredor,5,Renovada,,
POL-006648,CLI-03662,HOGAR,2025-04-15,2026/04/15,143000000,551000,513000,7.5,Anual,Web,5,Cancelada,03/06/2025,Otro
POL-005402,CLI-03261,Vivienda,07/03/2023,06/03/2024,419000000,1589000,1498000,6.1,Anual,Agencia  ,0,Vencida,,
POL-005723,CLI-03377,Vida,16/03/2024,2025-03-16,584000000,2336000,2261000,3.3,Anual,BANCASEGUROS,0,Cancelada,17/12/2024,Falta de pago
POL-008321,CLI-01979,Seguro de Salud,2023-09-21,2024-09-20,30000000,493000,480000,2.8,  Mensual,Bancaseguros,5,Renovada,,
POL-004120,CLI-02282, Hogar ,2023-04-11,2024-04-10,238000000,891000,649000,37.2, Semestral ,Web,5,Renovada,,
POL-007162,CLI-01265,Salud,2021-06-16,2022-06-16,97000000,1796000,,35.5,MENSUAL,Corredor,10,Cancelada,2021/12/29,Precio
POL-006973,CLI-01990,auto,2025-02-24,2026/02/24,91000000,3092000,,5.0,Mensual,Asesor comercial,5,Cancelada,2025-11-05,Reclamo rechazado / insatisfacción
POL-003999,CLI-05157,Hogar,2022/09/01,2023-09-01,357000000,1248000,1145000,9.0,Mensual,Corredor,5,Renovada,,
POL-007847,CLI-00623,Hogar,2023-01-11,2024-01-11,74000000,338000,326000,3.7,Anual,Bancaseguros,10,Cancelada,2023-12-02,Reclamo rechazado / insatisfacción
POL-006252,CLI-04551,Auto,2023-08-05,2022-09-07,52000000,2098000,1950000,7.6,Mensual,Agencia,10,Renovada,,
POL-007264,CLI-04239,Hogar,29/03/2024,29/03/2025,222000000,838000,826000,1.5,Mensual,Agencia,15,Renovado,,
POL-005498,CLI-01626,Seguro Auto,30/01/2025,2026-01-30,34000000,1843000,1740000,5.9,Semestral,Agencia,5,Activa,,
POL-001111,CLI-04443,auto,2024-11-19,2025-11-19,63000000,2499000,2419000,3.3,Anual,Asesor comercial,10,Renovada,,
POL-003579,CLI-03729,Auto,2022/11/28,2023-11-28,66000000,2284000,2127000,7.4,Mensual,Bancaseguros,0,Renovada,,
POL-007729,CLI-03605,Hogar,2023/03/14,13/03/2024,152000000,782000,640000,22.1,Mensual,Agencia,0,Cancelada,2023/06/18,Precio
POL-000417,CLI-03887,Auto,2025-05-27,2026-05-27,51000000,2519000,,38.4,Anual,Asesor comercial,5,Cancelada,2025/09/22,Falta de pago
POL-008333,CLI-00515,Salud,06/09/2023,2024-09-05,179000000,3922000,3757000,4.4,Mensual,Bancaseguros,0,Renovada,,
POL-006597,CLI-02194,Hogar,05/04/2024,2025-04-05,103000000,458000,424000,7.9,Anual,Web,5,Renovada,,
POL-003299,CLI-05151,Salud,29/02/2024,2025/02/28,239000000,4670000,4431000,5.4,Anual,Web,15, Vencida ,,
POL-000499,CLI-04234,Salud,2024-06-09,2025/06/09,38000000,863000,849000,1.6,Anual,Asesor comercial,15,Cancelada,2025-06-02,Falta de pago
POL-005386,CLI-02655,Auto,2025-04-06,06/04/2026,40000000,1764000,,18.3,Trimestral,Bancaseguros,15,Cancelada,06/08/2025,Precio
POL-001905,CLI-03070,Salud,11/08/2023,2024-08-10,84000000,1415000,1365000,3.7,Anual,Bancaseguros,5,Anulada,2024-07-17,Falta de pago
POL-000984,CLI-05160,Auto,2024-12-08,2025-12-08,41000000,1557000,1443000,7.9,SEMESTRAL,ASESOR COMERCIAL,0,  Vencida,,
POL-008059,CLI-00298,VIDA,2024-09-10,10/09/2025,438000000,1704000,1563000,9.0,Anual,Web,10,Renovada,,
POL-006237,CLI-03212,Hogar,2022-09-09,2023-09-09,475000000,1458000,1398000,4.3,  Anual,Corredor,5,Renovada,,
POL-003036,CLI-01590,Auto,2023-11-12,2024/11/11,61000000,2852000,2788000,2.3,Mensual,Corredor,0,Vencida,,
POL-005823,CLI-01715,Hogar,10/03/2023,2024-03-09,241000000,,749000,4.8,Mensual,Agencia,0,Cancelada,2023-11-25,Falta de pago
POL-002673, CLI-01596 ,hogar,03/12/2023,02/12/2024,192000000,743000,702000,5.8,Anual,Agencia,0,Renovada,,
POL-001721,CLI-01807,Hogar  ,15/07/2024,2025-07-15,240000000,981000,907000,8.2,Mensual,Asesor comercial,10,Expirada  ,,
POL-006494,CLI-01716,AUTO,16/10/2024,2025-10-16,40000000,1634000,1345000,21.5,Mensual,Web,15,Vencida,,
POL-005372,CLI-04932,Auto,10/08/2024,2025-08-10,113000000,5432000,5305000,2.4,Mensual,Web,5,Renovada,,
POL-006697,CLI-03012,Salud,2022-01-07,07/01/2023,69000000,2051000,2003000,2.4,Mensual  ,Web,5,Renovada,,
POL-005171,CLI-00310,Hogar,2023-04-02,01/04/2024,158000000,598000,557000,7.4,Trimestral,Bancaseguros,15,Vencida,,
POL-006691,CLI-01006,Salud,2025-03-29,2026/03/29,52000000,1354000,1225000,10.5,trimestral,agencia,0,Activa,,
POL-008242,CLI-01201,SALUD,13/02/2025,2026-02-13,67000000,1807000,1765000,2.4,Mensual, Web ,10,activa,,
POL-006792,CLI-03370,Vida,2023-07-03,2024-07-02,191000000,904000,753000,20.1,mensual,Asesor comercial,10,CANCELADA,2023-11-20,precio
POL-004243,CLI-00727,Salud,2024-10-05,2025/10/05,214000000,6259000,6160000,1.6,Trimestral,Asesor comercial,10,Vencida,,
POL-005254,CLI-01944,Vida,2021/08/02,2022/08/02,223000000,714000,551000,,Semestral,Corredor,5,  Vencida,,
POL-002327,CLI-02972,Hogar,2024-01-30,2025/01/29,190000000,793000,621000,27.7,Trimestral  ,Asesor comercial,5,Cancelada,10/09/2024,Precio
POL-007291,CLI-03882,Vida,2022-03-21,2023/03/21,601000000,2248000,2101000,7.0,Trimestral,Agencia  ,5,Vencida,,
POL-007918,CLI-04844,Vehículo,2025/06/04,2026-06-04,41000000,1186000,858000,38.3,Trimestral,Bancaseguros,15,Activa,,
POL-008355,CLI-05020,Seguro Auto,26/10/2024,26/10/2025,59000000,1926000,1833000,5.1,Trimestral,Corredor,10,Vencida,,
POL-005602,CLI-01122,HOGAR,2022/03/09,09/03/2023,209000000,811000,804000,0.9,Mensual,Bancaseguros,5,Renovada,,
POL-005437,CLI-02475,Hogar,14/10/2022,2023/10/14,177000000,689000,666000,3.5,TRIMESTRAL,Corredor,15,Renovada,,
POL-005292,CLI-00870,vida,21/03/2025,21/03/2026,972000000,3453000,2579000,33.9,Mensual,  Agencia,10,Cancelada,2025/12/06,Precio
POL-003823,CLI-00060,Salud,03/02/2024,02/02/2025,72000000,1985000,1476000,34.5,Anual,Asesor comercial,5, Renovada ,,
POL-002970,CLI-02797,Salud,12/12/2024,12/12/2025,94000000,1818000,1878000,-3.2,Trimestral,Web,15,Renovado,,
POL-003184,CLI-02151,Hogar,2021-11-20,2022-11-20,383000000,1486000,1457000,2.0,Mensual,Agencia,10,renovada,,
POL-002290,CLI-04667,Auto,2024-04-23,2025-04-23,70000000,2364000,,1.7,Mensual,Web,0,Vencida,,
POL-003545,CLI-01412,Auto,26/03/2025,2026-03-26,89000000,4172000,4070000,2.5,Anual,Asesor comercial,5,Cancelada,2025/07/26,Falta de pago
POL-000810,CLI-00762,Salud,2025/02/20,2026-02-20,133000000,3477000,2601000,,Mensual,Corredor,0,Cancelada  ,2025/09/25,Precio
POL-006087,CLI-01026,Auto,11/07/2021,2022-07-11,14000000,539000,523000,3.1,Mensual,Bancaseguros,5,VENCIDA,,
POL-005921,CLI-00824,Vida,2023-06-22,21/06/2024,542000000,1899000,1688000,12.5,Anual,Asesor comercial,5,Renovada,,
POL-004582,CLI-01293,Auto,12/09/2024,2025-09-12,65000000,1923000,1743000,10.3,Trimestral,Corredor,0,Cancelada,2025-04-29,Otro
POL-005891,CLI-03649,Hogar,2021-12-10,2022-12-10,239000000,1020000,983000,3.8,Anual,Web,10,Renovada,,
POL-006646,CLI-05149,Auto,2021-01-20,20/01/2022,,2452000,2279000,7.6,Anual,corredor,5,Renovada,,
POL-002157,CLI-00305,Auto,2023-12-28,27/12/2024,143000000,5160000,4747000,8.7,Mensual,ASESOR COMERCIAL,5,CANCELADA,2024/08/25,OTRO
POL-004554,CLI-03408,Auto,INVALID_DATE,09/09/2025,77000000,2756000,2517000,9.5,Anual,Corredor,5,Renovada,,
POL-001556,CLI-02824,Hogar,20/01/2025,20/01/2026,193000000,788000,707000,11.4,Anual,Asesor comercial,5,  Cancelada,2025-07-22,Otro
POL-000766,CLI-02775,  Seguro de Vida,2024/02/17,16/02/2025,425000000,1601000,1510000,6.0,anual,Agencia,5,Renovada,,
POL-003689,CLI-03677,Hogar,2025-06-06,INVALID_DATE,124000000,576000,531000,8.4,Mensual,Bancaseguros,5,Cancelada,INVALID_DATE,Cambio de aseguradora
POL-001201,CLI-00067,Hogar,2023-10-17,2024-10-16,227000000,887000,779000,13.9,Mensual,Bancaseguros,5,renovada,,
POL-001438,CLI-00883,salud,19/08/2023,18/08/2024,36000000,1186000,1173000,1.1,Anual,Bancaseguros,5,Vencida,,
POL-001574,CLI-00715,Auto,08/03/2024,2025-03-08,30000000,1207000,1166000,3.5,Trimestral,Agencia,10,Renovada,,
POL-005097,CLI-03425,Hogar,2023-11-22,2024-11-21,206000000,952000,916000,3.9,Mensual,Agencia,5,Renovada,,
POL-007398,cli-03033,Salud,22/01/2025,2026-01-22,61000000,1222000,1117000,9.4,Trimestral,Asesor comercial,5,Activa,,
POL-004591,CLI-00577,Auto,2025/06/24,2026-06-24,82000000,3462000,3303000,4.8,Anual,Web,15,activa,,
POL-000064,CLI-00678,Hogar,2022-10-09,09/10/2023,357000000,1407000,1085000,29.7,Anual,Corredor  ,10,Renovada,,
POL-006984,CLI-04851,Seguro de Salud,2023-10-05,2024-10-04,122000000,3053000,2888000,5.7,Anual,Agencia,10,  Renovada,,
POL-001904,CLI-03590,Auto,2025/06/11,2026-06-11,128000000,3569000,2729000,30.8,Semestral, Agencia ,0,Activa,,
POL-000153,CLI-04660,Salud,2024/07/08,08/07/2025,141000000,4246000,3878000,,  Anual,Corredor  ,5,Cancelada,2025-07-08,  Precio
POL-001736,CLI-00998,Salud,2025-04-19,2026-04-19,106000000,2293000,2186000,4.9,Anual,Corredor,0,Activa,,
POL-005944,CLI-00251,Auto,2025-04-04,04/04/2026,57000000,2812000,2787000,0.9,Semestral,Bancaseguros,5,Activa,,
POL-006874,CLI-04603,Salud,2022-08-16,2023-08-16,260000000,7492000,7149000,4.8, Mensual ,Agencia,5,Cancelada,2023-08-04,Falta de pago
POL-003352,CLI-02213,Salud,2023-05-23,2024-05-22,145000000,4349000,4393000,-1.0,Mensual,Asesor comercial,10,Renovada,,
POL-003706,CLI-02614,AUTO,2021-10-05,2022-10-05,63000000,2831000,2597000,9.0,Mensual,agencia,5,Vencida,,
POL-003127,CLI-02332,Auto,2023/07/12,11/07/2024,53000000,2341000,1784000,31.2,Mensual,Bancaseguros,5,Renovada,,
POL-007986,CLI-02864,Hogar,2022-11-13,2023/11/13,275000000,1044000,964000,8.3,Mensual,WEB,5,Cancelada,2023-09-12,Falta de pago
POL-006254,CLI-02400,Vivienda,19/12/2023,2024-12-18,134000000,541000,503000,7.6,  Mensual,Web,0,Renovada,,
POL-008149,CLI-03498,Auto,2025/03/11,2026-03-11,35000000,1712000,1551000,10.4,Mensual,Corredor,0,Activa,,
POL-004411,CLI-04953,VIDA,19/04/2025,2026-04-19,248000000,894000,688000,30.0,Trimestral,Bancaseguros,15,Activa,,
POL-007720,CLI-04297,Salud,2023/05/25,2024-05-24,146000000,3093000,2814000,9.9,Mensual,Asesor comercial,5,Renovada,,
POL-007000,CLI-00085,Vida,2024-10-28,2025/10/28,494000000,1420000,1323000,7.3,Trimestral,Asesor comercial,10,Renovada  ,,
POL-000563,CLI-03781,Auto,2025/03/19,2026-03-19,111000000,4414000,3557000,24.1,Semestral,Bancaseguros,15,Activa,,
POL-000678,CLI-00374,Auto,21/06/2024,2025-06-21,61000000,2113000,1614000,30.9,Mensual,Bancaseguros,10,Cancelada,2025-06-16,Precio
POL-006753,CLI-02379,Auto,2022-11-01,01/11/2023,98000000,3298000,3162000,4.3,Anual,Corredor,5,Vencida,,
POL-005666,CLI-02140,Salud,2024-05-22,INVALID_DATE,141000000,2731000,2623000,4.1,Anual,Asesor comercial,5,Renovada,,
POL-000277,CLI-02629,Vida  ,INVALID_DATE,2023-08-01,210000000,671000,547000,22.6,Semestral,Bancaseguros,10,Renovada,,
POL-001416,CLI-04068,Salud,18/10/2024,2025-10-18,114000000,2488000,2379000,4.6,Mensual,Asesor comercial,5,Vencida,,
POL-002727,CLI-02557,Auto,17/03/2024,2025/03/17,68000000,2821000,2567000,9.9, Mensual ,Asesor comercial,0,Renovada,,
POL-001908,CLI-01496,Hogar,2022-06-19,19/06/2023,441000000,1835000,1770000,3.7, Mensual ,Web,5,Vencida,,
POL-004906,CLI-02309,Salud,01/04/2025,2026-04-01,107000000,,2323000,4.6,Trimestral,Corredor,10,Activa,,
POL-007940,CLI-03909,AUTO,2024-01-19,18/01/2025,76000000,2727000,1985000,37.4,Mensual,Bancaseguros,5,Expirada,,
POL-005659,CLI-02529,Auto,2024/04/28,2025-04-28,48000000,1533000,1459000,5.1,TRIMESTRAL,Bancaseguros  ,10,RENOVADA,,
POL-005530,CLI-00288,Auto,2021-09-06,2022/09/06,21000000,681000,665000,2.4,Mensual,Web,10,  Renovada,,
POL-006499,CLI-00871,Vida,2024-06-28,2025-06-28,289000000,874000,868000,0.7,Mensual,Corredor,0,Renovada,,
POL-006883,CLI-02347,salud,2023-06-07,06/06/2024,47000000,1336000,1333000,0.2,Semestral,Corredor,5,Renovada,,
POL-002776,CLI-01586,Auto,04/06/2024,2025-06-04,180000000,7004000,6558000,6.8,Mensual,ASESOR COMERCIAL,0,CANCELADA,,Precio
POL-001117,CLI-00400,Auto,2024/02/08,07/02/2025,38000000,1504000,1370000,9.8,Mensual,Agencia,5,Cancelada,2024/12/16,Cambio de aseguradora
POL-005192,CLI-02541,SALUD,2024-05-24,24/05/2025,180000000,5937000,5402000,9.9, Mensual ,Corredor,10,  Vencida,,
POL-004079,CLI-00009,Salud,17/11/2024,2025/11/17,93000000,2338000,2270000,3.0,Anual,Asesor comercial,5,Renovada,,
POL-007171,CLI-03092,auto,22/02/2024,21/02/2025,68000000,3215000,3022000,6.4,Semestral,Asesor comercial,5,Renovada,,
POL-006766,CLI-90818,Auto,2024-12-18,18/12/2025,35000000,2064000,1678000,23.0,Mensual,Agencia,10,Renovada,,
POL-002441,CLI-01609,Auto,2021-03-12,2022/03/12,31000000,1346000,1226000,9.8,Mensual,Bancaseguros,10,Cancelada,2022-01-08,Otro
POL-007600,CLI-03944,  Auto,2024-12-02,2025-12-02,41000000,1357000,1294000,4.9,Trimestral,Corredor,0,Renovada,,
POL-006412,CLI-02223,Vida,2022/01/28,28/01/2023,171000000,623000,521000,19.5,Mensual, Asesor comercial ,15,Renovada,,
POL-006822,CLI-05050,Salud,11/08/2023,2024-08-10,33000000,,596000,18.2,Mensual,Asesor comercial,10,Vencida,,
POL-006363,CLI-01140,  Vida,2022-02-08,08/02/2023,428000000,1718000,1327000,29.5,Trimestral,Asesor comercial,10,Renovada,,
POL-003569,CLI-05156,salud,09/09/2023,2024-09-08,110000000,2469000,2334000,5.8,Semestral,Web,15,Renovado,,
POL-004103,CLI-04137,Auto,2023-08-17,16/08/2024,19000000,711000,599000,18.6,Mensual,Bancaseguros,5,  Cancelado,2024-02-08, Otro 
POL-008277,CLI-00305,Salud,2025/03/28,,92000000,1725000,1646000,4.8,  Anual,Asesor comercial,10,Activa,,
POL-005010,CLI-01377,Hogar,31/01/2023,2024/01/31,274000000,1148000,883000,30.0,Mensual,Asesor comercial,15,Renovada,,
POL-006509,CLI-04209,Auto  ,2025-06-08,08/06/2026,63000000,2818000,2704000,4.2,Trimestral,Bancaseguros,0,Activa,,
POL-008338,CLI-04103,  Auto,2023/10/05,2024-10-04,60000000,2241000,2124000,5.5,Mensual,Asesor comercial,0,Renovada,,
POL-006909,CLI-00580,Hogar,16/01/2024,2025/01/15,457000000,1822000,1781000,2.3,Mensual,Asesor comercial,15,Renovada,,
POL-000523,CLI-04876,Salud,28/02/2025,28/02/2026,137000000,3465000,3407000,1.7,Anual,BANCASEGUROS,0,Cancelada,02/04/2025,Cambio de aseguradora
POL-001736,CLI-00998,Salud,2025-04-19,2026-04-19,106000000,2293000,2186000,4.9,Anual,Corredor,0,Activa,,
POL-000078,CLI-03897,Vida,2024-07-25,2025/07/25,595000000,1555000,1547000,0.5,Anual,Agencia,15,Renovada,,
POL-003179,CLI-00564,SALUD,2024/12/06,2025-12-06,99000000,1878000,1785000,5.2,Anual,Web,0,Renovada,,
POL-004398,CLI-04030,Auto,2024-06-17,17/06/2025,53000000,1856000,1720000,7.9,Mensual,Agencia,0,Vencida,,
POL-003553,CLI-05026,Salud,19/10/2024,2025-10-19,46000000,1076000,,-4.0,Anual,Corredor,0,Vencida,,
POL-000795,CLI-03605,Auto,2021-05-20,20/05/2022,130000000,4235000,3995000,6.0,Anual,Asesor comercial,0,Renovada,,
POL-007700,CLI-02658,SALUD,29/12/2023,2024/12/28,149000000,4024000,4036000,-0.3,Trimestral,Agencia,10,Renovada,,
POL-000326,CLI-04639,Hogar,2024-05-05,05/05/2025,425000000,1661000,1589000,4.5,Mensual,Agencia,0,  Cancelada,2025-02-06,Precio
POL-000957,CLI-04581,  Hogar,INVALID_DATE,2024-03-21,473000000,1703000,1474000,15.5,Mensual,Web,10,Cancelada,2024-01-08,Precio
POL-001396,CLI-03369,Vida,2024-05-13,2025-05-13,152000000,545000,552000,-1.3,Anual,Bancaseguros,0,Renovada,,
POL-003507,CLI-03409,Salud,2025-02-19,2026/02/19,74000000,1766000,1713000,3.1,Semestral,Web,5,  Cancelada,2025-12-31,Precio
POL-006614,CLI-04207,Vida,2023-03-21,2024-03-20,540000000,1262000,1251000,0.9,Mensual, Agencia ,0,Renovada,,
POL-006468,CLI-04263,Hogar,2023/07/14,2024-07-13,158000000,622000,587000,5.9,Mensual, Bancaseguros ,0,Renovada,,
POL-000354,CLI-04487, Hogar ,2022-04-08,2023-04-08,217000000,898000,,6.4,Trimestral,Web,5,Renovada,,
POL-003904,CLI-00155,VIDA,2023-04-05,2024-04-04,247000000,729000,,-1.0,Anual,Bancaseguros,15,Vencida,,
POL-005522,CLI-00342,Auto,2023-07-08,07/07/2024,45000000,1821000,1626000,12.0,Mensual,Corredor,0,VENCIDA,,
POL-002465,CLI-00174,Salud,2025-04-16,2026/04/16,107000000,1990000,1856000,7.2, Trimestral ,Asesor comercial,0,Activa,,
POL-001657,CLI-02210,  Auto,2021-07-23,2022-07-23,58000000,2347000,2059000,14.0,Anual,Web,10,Renovada,,
POL-002071,CLI-00125,Vida,12/04/2022,2023-04-12,1584000000,5485000,5079000,8.0,Semestral,Corredor,5,Vencida,,
POL-007226,CLI-04983,Vida,2021/06/02,02/06/2022,623000000,2510000,2413000,4.0,Trimestral,Bancaseguros,15,RENOVADO,,
POL-008294,CLI-00110,Salud,2024-11-27,27/11/2025,129000000,,2386000,18.1,Mensual,Corredor,5,Renovada,,
POL-005795,CLI-03484,Salud,12/04/2024,INVALID_DATE,135000000,3005000,2862000,5.0,Anual,Web,0,Renovada,,
POL-003342,CLI-00877,Salud,2022/05/10,10/05/2023,82000000,2194000,2170000,1.1,Trimestral,CORREDOR,10,Renovada,,
POL-000198,CLI-01979,SALUD,2022/04/21,2023-04-21,108000000,2014000,1893000,6.4,Anual,Agencia,10,Renovada,,
POL-008044,CLI-03323,Salud,15/01/2024,14/01/2025,85000000,1940000,1853000,4.7,Mensual,Asesor comercial,0,VENCIDA,,
POL-002332,CLI-02652,VIDA,2024-07-04,2025/07/04,372000000,-1361000,1365000,-0.3,Mensual,Agencia,5,Vencida,,
POL-003911,CLI-02150,hogar,2025/06/18,18/06/2026,156000000,545000,524000,4.0,Mensual,Web,15,Cancelada,2025-08-11,Otro
POL-003895,CLI-04285,Auto,2025-01-13,2026/01/13,115000000,4933000,4114000,19.9,Trimestral,Asesor comercial,0,Activa,,
POL-004475,CLI-04078,Hogar,25/03/2023,24/03/2024,267000000,1187000,1130000,5.0,Anual,  Asesor comercial,15,Cancelada,08/03/2024,Otro
POL-000436,CLI-02248,auto,2023-12-09,2024/12/08,71000000,2502000,2343000,6.8,Trimestral,  Agencia,5,Renovada,,
POL-000103,CLI-01198,Auto,2024-04-20,2025-04-20,40000000,1523000,1471000,3.5,semestral,Corredor,5,Renovada,,
POL-000889,CLI-04358,Vida,2023/12/08,2024/12/07,354000000,1139000,1054000,8.1,Mensual,Agencia,5,Cancelada  ,2024-05-14,Cambio de aseguradora
POL-001266,CLI-01451,Auto,2024/10/05,2025-10-05,64000000,2754000,2628000,4.8,Mensual,Corredor,10,Cancelada,2025/09/23,Reclamo rechazado / insatisfacción
POL-007995,CLI-03010,Hogar,2023-10-11,2024-10-10,177000000,817000,743000,10.0,semestral,Web,0,Renovada,,
POL-000185,CLI-00661,Vida,21/07/2024,21/07/2025,258000000,956000,888000,7.6,Mensual,WEB,0,Vencida,,
POL-001518,CLI-01518,Hogar,26/04/2024,2025-04-26,417000000,1564000,1471000,6.3,Mensual,Bancaseguros,0,Vencida,,
POL-004867,CLI-05170,Salud,2025-02-17,2026/02/17,117000000,3020000,2743000,10.1,Mensual,Bancaseguros,0,Activa,,
POL-004679,CLI-01786,Vida,,01/05/2026,354000000,1526000,1474000,3.5,Semestral,Asesor comercial,15,Activa,,
POL-005092,CLI-01832,Vehículo,2025-04-25,2026-04-25,52000000,1929000,1927000,0.1,  Anual,Web,0,Suspendida,,
POL-001448,CLI-05100,Salud,2024/03/14,2025-03-14,286000000,5996000,4495000,33.4,Mensual,Corredor,5,vencida,,
POL-005928,CLI-02104,Auto,2023-12-21,2024/12/20,61000000,2551000,2131000,19.7,Semestral,Agencia,15,Vencida  ,,
POL-003393,CLI-00768,Auto,22/05/2023,21/05/2024,52000000,1212000,1018000,19.1,Mensual,Web,5,Cancelada,2023/08/19,Precio
POL-003878,CLI-02460,Hogar,2021-11-13,13/11/2022,292000000,1464000,1299000,12.7,Anual,Bancaseguros,5,cancelada,14/05/2022,Cambio de aseguradora
POL-004061,CLI-01545,Vida,2022-06-23,2023-06-23,182000000,468000,380000,23.1,Mensual,Bancaseguros,0,Cancelada,2022-11-13,precio
POL-003876,CLI-01580,auto,2023/10/29,2024/10/28,51000000,2124000,1996000,6.4,Anual,Asesor comercial,15,Vencida,,
POL-005063,CLI-04150,hogar,20/07/2024,2025-07-20,96000000,396000,408000,-3.0,Mensual,Asesor comercial,0,Cancelada,2024-10-31,Cambio de aseguradora
POL-001227,CLI-04397, Auto ,2023-03-23,2024/03/22,42000000,1291000,1200000,7.6,Anual,Corredor,15,Vencida,,
POL-004265,CLI-03621,Salud,06/01/2021,06/01/2022,84000000,1908000,1474000,29.4,Anual,  Corredor,0,  Renovada,,
POL-005002,CLI-02054,VEHICULO,2024-05-14,2025-05-14,45000000,1650000,1512000,9.1,Trimestral,Agencia,5,Renovada,,
POL-001888,CLI-05061,Hogar,13/07/2021,2022-07-13,282000000,1126000,1088000,3.5,Mensual,Bancaseguros,5,Expirada,,
POL-008329,CLI-01438,Auto,2025/03/16,2026/03/16,51000000,3053000,2922000,4.5,Mensual, Asesor comercial ,15,Cancelada,2025/12/20,CAMBIO DE ASEGURADORA
POL-001733,CLI-02011,Auto,22/09/2021,22/09/2022,55000000,2077000,1932000,7.5,Mensual,Asesor comercial,5,  Renovado,,
POL-007525,CLI-02902,Auto,22/07/2022,22/07/2023,41000000,1438000,1489000,-3.4,Mensual,Web,0,Renovada,,
POL-006003,CLI-03953,Auto,2023-08-26,25/08/2024,28000000,948000,692000,37.0,Anual,Bancaseguros,5,Renovada,,
POL-001506,CLI-04588,Auto,2023/09/17,16/09/2024,75000000,3002000,2588000,16.0,Mensual,Asesor comercial,10,Renovada,,
POL-005044,CLI-00423,Auto,2023-02-06,06/02/2024,70000000,3678000,3617000,1.7,Trimestral,Asesor comercial,0,Renovada,,
POL-003195,CLI-00520,Hogar,2021-10-22,2022-10-22,169000000,651000,495000,31.5,Mensual,Agencia,15,Cancelada,2022-06-22,  Otro
POL-006848,CLI-04116,Auto,2025-02-08,2026/02/08,39000000,1518000,1575000,-3.6,Anual,Web,0,Activa,,
POL-001133,CLI-02730,Hogar  ,2024/11/20,2025-11-20,772000000,2741000,2700000,1.5,Anual,Web,10,Expirada,,
POL-003583,CLI-02719,Hogar,2023/01/23,2024/01/23,186000000,576000,571000,0.9,Mensual,Corredor,15,Renovada,,
POL-004444,CLI-01719,Auto,2022/02/11,2023/02/11,67000000,2539000,2095000,21.2,  Mensual,Corredor,5,Renovada,,
POL-000727,CLI-04426,Salud,2022-10-22,2023-10-22,114000000,1813000,1720000,5.4,Semestral,Asesor comercial,5,Renovada,,
POL-002994,CLI-00495,AUTO,2024-08-21,21/08/2025,35000000,1391000,1305000,6.6,Anual,Agencia,5,Renovada,,
POL-000328,CLI-04755,Hogar,11/04/2024,2025-04-11,174000000,666000,618000,7.8,Trimestral,Asesor comercial,5, Renovada ,,
POL-006985,CLI-02506,Hogar,2024/04/11,11/04/2025,362000000,1124000,884000,,Anual,Bancaseguros,5,Vencida,,
POL-003949,CLI-04622,Hogar,2021/08/03,INVALID_DATE,477000000,1700000,1619000,5.0,Semestral,Asesor comercial,15,Cancelada,17/02/2022,Cambio de aseguradora
POL-007213,CLI-02108,Auto,2024/11/11,2025/11/11,81000000,3544000,3434000,3.2,Anual,Bancaseguros,5,Cancelada,2025-08-20,Falta de pago
POL-004059,CLI-01646, Vida ,2023-01-12,2024-01-12,137000000,429000,388000,10.7,MENSUAL,Web,10,Renovada,,
POL-008199,CLI-03188,Vida,2024-06-26,2025-06-26,264000000,948000,891000,6.4,mensual,Web,10,RENOVADA,,
POL-006643,CLI-00543,Auto,17/11/2021,2022-11-17,26000000,943000,681000,38.5,Anual,Agencia,5,Renovada,,
POL-003233,CLI-04845,Auto  ,2021-04-27,2022-04-27,25000000,758000,687000,10.3,Mensual,Agencia,10,Vencida  ,,
POL-007126,CLI-00967,Auto,2023-06-19,2024/06/18,35000000,1726000,1565000,10.3,Anual,Corredor,5,Vencida,,
POL-006870,CLI-04936,Auto,2024-10-07,2025-10-07,44000000,1671000,1397000,19.6,Trimestral,Agencia,5,RENOVADA,,
POL-005106,CLI-05134,Auto,2024/10/26,2025-10-26,38000000,1564000,1266000,23.5,Mensual,Asesor comercial,5,Renovada,,
POL-003152,CLI-00865,Vida,26/02/2024,2025/02/25,458000000,943000,918000,2.7,Mensual,Web,5,Renovada,,
POL-003992,CLI-03998,Auto  ,2021-10-20,20/10/2022,42000000,1580000,1541000,2.5,Trimestral,Agencia,15,Vencida,,
POL-001982,CLI-02553, Vida ,2023-04-30,29/04/2024,330000000,1038000,822000,26.3,Anual,Agencia,0,Anulada,,Cambio de aseguradora
POL-007674,CLI-01543,Hogar  ,2025-06-20,20/06/2026,181000000,650000,613000,6.1,Anual,Asesor comercial,5,Cancelada,2025-10-08,Falta de pago
POL-004632,CLI-03320,Auto,2023-07-15,2024/07/14,33000000,1415000,1383000,2.3,MENSUAL,Web,10,Renovada,,
POL-007760,CLI-00698,Auto,04/05/2021,04/05/2022,61000000,1822000,1641000,11.0,Anual,Asesor comercial,5,renovada,,
POL-001065,CLI-05172,Salud,2024-12-11,11/12/2025,85000000,1181000,1091000,8.2,  Mensual,Web,15,Cancelada,2025/08/31,Cambio de aseguradora
POL-006244,CLI-00384,Auto,2024-06-18,2025/06/18,73000000,2901000,2745000,5.7,Trimestral,Bancaseguros,10,Cancelada,02/04/2025,Precio
POL-007079, CLI-02882 ,Salud,2022/03/28,28/03/2023,111000000,2348000,2205000,6.5,Trimestral,Web,10,Renovada,,
POL-006052,CLI-00199,salud,2024-05-23,2025/05/23,94000000,1369000,1306000,4.8,Mensual,Agencia,5,Renovado,,
POL-008215,CLI-02204,hogar,2024-04-03,2025-04-03,207000000,815000,790000,3.2,Anual, Asesor comercial ,5,Cancelada,18/06/2024,FALTA DE PAGO
POL-002834,CLI-02013,Auto,2022/05/05,2023-05-05,102000000,4264000,3138000,35.9,Trimestral,Asesor comercial,10,Renovado,,
POL-000203,CLI-00561,Vida,2023-06-07,2024-06-06,146000000,638000,602000,5.9,Mensual,web,15,Vencida,,
POL-006841,CLI-04978,Hogar,2022/10/01,2023/10/01,133000000,534000,488000,9.4,Mensual,Asesor comercial,15,Renovada,,
POL-003955,CLI-01593,Auto,2025/01/27,2026/01/27,78000000,4021000,4037000,-0.4,Anual,Asesor comercial,10,Activa,,
POL-001498,CLI-02365, Salud ,2025-05-16,2026/05/16,50000000,1079000,1022000,5.6,Mensual,  Web,10,Activa,,
POL-000186,CLI-03536,  Auto,2023-04-17,2024-04-16,,947000,894000,5.9,Mensual,Bancaseguros,15,Vencida,,
POL-005127,CLI-02496,SALUD,04/02/2023,2024-02-04,,2357000,2266000,4.0,Mensual,Bancaseguros,10,Cancelada,2023-12-24,Falta de pago
POL-002362,CLI-03462,Auto,INVALID_DATE,06/02/2025,61000000,1826000,1794000,1.8,Semestral,Asesor comercial,5,Renovada,,
POL-002274,CLI-03383,Auto,2024-10-22,,65000000,2355000,2139000,10.1, Anual ,Asesor comercial,0,Renovada,,
POL-000881,CLI-02163,Hogar,2021-01-29,29/01/2022,334000000,1177000,1114000,5.7,Mensual,Bancaseguros,5,Vencida,,
POL-000862,CLI-00134,Auto,08/12/2024,2025/12/08,125000000,6222000,6197000,0.4,Anual,Corredor,5,Renovada,,
POL-004637,CLI-04480,Salud,2021-12-30,2022-12-30,127000000,2326000,2158000,7.8,Mensual,Agencia  ,5,Cancelada,2022-09-03,Falta de pago
POL-006948,CLI-00321,Hogar,2022/01/01,2023-01-01,199000000,862000,823000,4.7,Trimestral,Web,0,Renovada,,
POL-001750,CLI-04601,Vehículo,04/06/2025,2026-06-04,34000000,1253000,908000,38.0,Anual,Agencia,10,Cancelada,2025-11-10,Venta/pérdida del bien
POL-003126,CLI-03822,Auto,22/05/2024,2025/05/22,32000000,1389000,1329000,4.5,Anual,ASESOR COMERCIAL,5, Cancelada ,2024-09-02,Cambio de aseguradora
POL-003748,CLI-02954,Salud,2022-06-04,2023-06-04,57000000,1158000,1085000,6.7,Trimestral,Asesor comercial,0,Cancelada,2023-03-10,Precio
POL-000073,CLI-01163,Auto,28/01/2024,2025/01/27,94000000,4359000,4261000,,Mensual,Agencia,10,Vencida,,
POL-000633,CLI-04541,Salud,2023-06-24,23/06/2024,201000000,4209000,4094000,2.8,Mensual,Corredor,15,Vencida,,
POL-000705,CLI-05113,AUTO,20/01/2024,2025-01-19,26000000,1103000,1077000,2.4,Trimestral,ASESOR COMERCIAL,5,Vencida,,
POL-005169,CLI-02361,Auto,19/05/2023,2024/05/18,86000000,2623000,2027000,29.4,Semestral,Agencia,5,Renovado,,
POL-001633,CLI-04036,hogar,INVALID_DATE,17/06/2026,326000000,1488000,1408000,5.7,Mensual,Bancaseguros,0,Activa,,
POL-000234,CLI-04136,Seguro de Salud,2025-03-03,2026/03/03,28000000,700000,699000,0.2,Mensual,Bancaseguros,5,Activa,,
POL-002341,CLI-02495,Hogar,10/06/2024,2025/06/10,763000000,3226000,3160000,2.1,Anual,Agencia  ,10,Renovada,,
POL-002844,CLI-03734,Salud,2025-06-29,2026-06-29,86000000,1790000,1678000,6.7,Mensual, Agencia ,0,Activa,,
POL-000802,CLI-00507,Auto,18/02/2023,18/02/2024,77000000,3602000,2803000,28.5,Anual  ,Corredor,5,Renovada,,
POL-008076,CLI-01100,Auto,2022-08-22,22/08/2023,28000000,1296000,1180000,9.8,Anual,Web,15,Renovada,,
POL-006062,CLI-03492,SALUD,2025-01-13,2026-01-13,64000000,1116000,1136000,-1.8,  Anual,Agencia,0,ACTIVA,,
POL-006338,CLI-05138,Hogar,25/02/2021,2022-02-25,154000000,673000,617000,9.0,TRIMESTRAL,Web,15,Renovado,,
POL-005049,CLI-01368,Hogar,2023-11-27,2024/11/26,198000000,694000,668000,3.9,Anual,Asesor comercial,5,Vencida,,
POL-002575,CLI-03079,Auto,01/06/2025,2026/06/01,45000000,2040000,1884000,8.3,Mensual,Web,0,Activa,,
POL-006183,CLI-03785,AUTO,2022-10-06,06/10/2023,37000000,1516000,1300000,16.6,Trimestral,Asesor comercial,5,Renovada,,
POL-007666,CLI-02460,Hogar,2021-05-09,2022/05/09,158000000,693000,642000,7.9,Anual,ASESOR COMERCIAL,5,Renovada,,
POL-005786,CLI-01998,Hogar,2024-08-08,2025/08/08,166000000,628000,576000,9.0,Mensual,Agencia  ,10,Renovada,,
POL-003318,CLI-02043,Auto,2022/01/06,2023-01-06,63000000,3126000,3098000,0.9,Anual,Asesor comercial,0,Vencida,,
POL-004022,CLI-03521,SEGURO DE SALUD,2025-01-21,21/01/2026,78000000,1832000,1843000,-0.6,Anual,  Asesor comercial,0,Cancelada,2025-12-28,Cambio de aseguradora
POL-005162,CLI-01252,Auto,2025-06-21,21/06/2026,91000000,3398000,3252000,4.5,Mensual,Agencia,0,Activa,,
POL-008043,CLI-02534,Hogar,2021/09/05,05/09/2022,350000000,1515000,1491000,1.6,Mensual,Corredor,5,Cancelada,2022/04/15,Cambio de aseguradora
POL-000217,CLI-04278,Auto,2021-09-04,2022/09/04,61000000,2554000,2326000,9.8,Anual,Bancaseguros,5,Renovada,,
POL-000349,CLI-01589, Vida ,2022/08/12,12/08/2023,395000000,1338000,1276000,4.9,Mensual,Web,15,Renovada,,
POL-005404,CLI-02598,Salud,2023/12/12,11/12/2024,172000000,3620000,3425000,5.7,  Mensual,Bancaseguros,15, Renovada ,INVALID_DATE,
POL-007782,CLI-90095,Salud,2024-09-25,25/09/2025,136000000,2263000,2193000,3.2,Anual,Agencia,15,Renovada,,
POL-004944,CLI-04111,Salud,2025-06-21,21/06/2026,161000000,3326000,3159000,5.3,Mensual,Web,5,Activa,,
POL-006444,CLI-01311,Salud,2023/05/22,2024-05-21,91000000,1914000,1811000,5.7,Mensual,Asesor comercial,0,Vencida,,
POL-002296,CLI-02562,Auto,2025-02-05,2026/02/05,48000000,2087000,2093000,-0.3,Trimestral,  Corredor,5,Activa,,
POL-004073,CLI-00864,auto,2022-09-17,17/09/2023,39000000,1740000,1716000,1.4,Mensual,Agencia,0,CANCELADA,05/02/2023,Venta/pérdida del bien
POL-004759,CLI-03053,Auto,2024-03-25,,37000000,1737000,1662000,4.5,Trimestral,Asesor comercial,10,RENOVADA,,
POL-004671,CLI-00847,Vida,,2026-01-18,135000000,435000,407000,6.9,Anual,Web,10,Activa,,
POL-002695,CLI-01351,Hogar,2022-07-26,26/07/2023,256000000,989000,835000,18.4,  Anual,Corredor,5,RENOVADA,,
POL-001660,CLI-00940,Salud,2024-08-18,18/08/2025,139000000,3653000,3282000,11.3,Anual,Web,10,Cancelada,04/06/2025,Reclamo rechazado / insatisfacción
POL-002154,CLI-03330,Auto,19/02/2021,2022/02/19,32000000,1464000,1346000,8.8,Mensual,Bancaseguros  ,5,Renovada,,
POL-007342,CLI-01280,Hogar,03/03/2024,2025-03-03,82000000,292000,261000,11.7,Anual,Web,15, Renovada ,,
POL-003514,CLI-00690, Auto ,2023-09-05,2024-09-04,28000000,1157000,1128000,2.6,Anual,AGENCIA,10,Renovada,,
POL-007044,CLI-00963,Auto,2023/06/23,22/06/2024,77000000,2905000,2582000,12.5,Trimestral,Agencia,0,Renovada,,
POL-002956,CLI-02360,Salud,07/05/2023,2024-05-06,119000000,0,2730000,8.4,Trimestral,BANCASEGUROS,0,Renovada  ,,
POL-002991,CLI-03117,vida,2024-12-29,2025-12-29,340000000,1124000,912000,23.3,Semestral,Asesor comercial,0,Renovada,,
POL-008346,CLI-04772,hogar,14/02/2022,2023/02/14,283000000,1114000,1035000,7.6,Mensual,Asesor comercial,0,Vencida,,
POL-005158,CLI-04180,VIDA,2022-09-06,2023/09/06,279000000,870000,812000,7.1,Mensual,ASESOR COMERCIAL,15,Vencida,,
POL-006184,CLI-03413,Automóvil,22/03/2025,22/03/2026,129000000,6849000,6024000,13.7,Mensual,Bancaseguros,10,Activa,,
POL-004794,CLI-04018,Auto,2024-06-16,2025/06/16,53000000,1933000,1968000,-1.8,Mensual,BANCASEGUROS,10,Renovada,,
POL-004864,CLI-03304,Auto,20/06/2021,2022/06/20,109000000,5108000,3879000,31.7,Trimestral,Agencia,5,Cancelada,2021/08/13,Precio
POL-006542,CLI-04433,Salud,20/10/2022,20/10/2023,118000000,3183000,3000000,6.1,Mensual,Bancaseguros,5,cancelada,2023/06/14,venta/pérdida del bien
POL-001407,CLI-02231,HOGAR,2023-04-23,22/04/2024,100000000,397000,388000,2.4,Mensual,Agencia,10,Cancelada,2023-08-20,Otro
POL-000969,CLI-04080,Vida,2024-08-12,2025-08-12,152000000,534000,525000,1.7,Mensual,Asesor comercial,0,Renovada,,
POL-003264,CLI-02338,Salud,2022-03-19,19/03/2023,69000000,992000,925000,7.3,Mensual,  Agencia,5,Cancelada,2023-02-20,Cambio  de  aseguradora
POL-000950,CLI-02361,Hogar,2022/06/09,2023-06-09,547000000,2439000,1991000,22.5,TRIMESTRAL, Agencia ,5,Cancelada,2023/05/24,Precio
POL-006571,CLI-04437,Vida,09/04/2022,2023-04-09,279000000,1163000,1145000,1.6,Mensual,Corredor,5,Vencida,,
POL-004862,CLI-04725,Hogar,09/01/2024,2025/01/08,200000000,601000,540000,11.3,Mensual,Asesor comercial,5,vencida,,
POL-000550,CLI-04333,Auto,2024/05/19,2025-05-19,48000000,2654000,1978000,34.2,Trimestral,Agencia,0,Renovada,,
POL-007278,CLI-05107,SALUD,03/09/2023,2024-09-02,110000000,2765000,2500000,10.6,Anual, Asesor comercial ,5,Renovada,,
POL-001444,CLI-04102,Auto,2025-01-19,2026/01/19,38000000,1739000,1633000,6.5,Anual,Agencia,0,Activa,,
POL-001835,CLI-04051,Auto,03/01/2022,2023-01-03,57000000,2492000,2123000,17.4,Mensual,Agencia,5,Cancelada,2022-10-19,Precio
POL-001179,CLI-02260,HOGAR,,2025-04-20,683000000,3321000,3196000,3.9,Anual,Web,5, Renovada ,,
POL-004567,CLI-02867, Hogar ,2021-09-12,12/09/2022,102000000,421000,429000,-1.9,Anual,Corredor,5, Vencida ,,
POL-004670,CLI-04705,Hogar,06/08/2023,2024-08-05,217000000,,799000,6.6,Trimestral,Agencia,10,Vencida,,
POL-000400,CLI-04841,Hogar,2023-08-23,2024-08-22,226000000,841000,786000,7.0,Trimestral,ASESOR COMERCIAL,10,Cancelada  ,2024/02/18,Precio
POL-005111,CLI-04915,Auto,2024/09/08,2025/09/08,148000000,679700000,6461000,5.2,Trimestral,Bancaseguros,15,Renovada,,
POL-002602,CLI-00473,Auto,2023/02/04,2024/02/04,146000000,5747000,5526000,4.0,ANUAL,corredor,5,Vencida,,
POL-007872,CLI-03193,Salud,2025-02-26,26/02/2026,98000000,2382000,2247000,6.0,Mensual,Asesor comercial,0,Activa,,
POL-001221,CLI-02323,auto,2024-02-09,08/02/2025,38000000,1447000,1430000,1.2,Mensual,Agencia,10,Renovada,,
POL-005220,CLI-02575,Auto,2022-11-28,28/11/2023,80000000,4333000,4142000,4.6,Mensual,Corredor,10,Renovada,,
POL-007232,CLI-03160,Auto,2024-08-29,2025-08-29,32000000,1099000,911000,20.6,Anual,Asesor comercial,10,Cancelada,26/01/2025,Precio
POL-006221,CLI-00364,Salud,2025-04-08,08/04/2026,140000000,2857000,2271000,25.8,Anual,Corredor,15,  Cancelada,23/08/2025,Reclamo rechazado / insatisfacción
POL-000704,CLI-00520,Seguro de Salud,2021/12/05,2022-12-05,139000000,2596000,2454000,5.8,Anual,Web,15,Vencida,,
POL-006253,CLI-01233,Auto,2024/07/09,09/07/2025,41000000,2017000,1997000,1.0,Mensual,Corredor,5,Renovada,,
POL-002504,CLI-02565,Auto,15/09/2023,2024/09/14,67000000,1984000,1839000,7.9,Mensual,Web,5,Vencida,,
POL-006625,CLI-04029,  Vida,2023-10-28,2024-10-27,843000000,3760000,3608000,4.2,Anual,Web,0,Renovada,,
POL-005854,CLI-04999,Vida,2025-02-13,2026-02-13,227000000,672000,549000,22.3,Mensual,Web,10,Activa,,
POL-007588,CLI-02148,Salud,2024/10/05,05/10/2025,124000000,2596000,2501000,3.8,Mensual,Asesor comercial,10,Vencida,,
POL-003289,CLI-00302,Salud,23/06/2021,23/06/2022,120000000,2040000,1459000,39.8,Semestral,Bancaseguros,15,Cancelada,27/05/2022,Precio
POL-001050,CLI-04153,Salud,2025-01-22,2026-01-22,121000000,2046000,1928000,6.1,Semestral,ASESOR COMERCIAL,15,Cancelada,22/05/2025,Precio
POL-006454,CLI-02653,Salud,2023-07-23,2024-07-22,232000000,4232000,4117000,2.8,Semestral,Asesor comercial,5,Renovada,,
POL-003828,CLI-00657,Salud,2024/06/20,INVALID_DATE,114000000,2428000,2037000,19.2,Mensual,Asesor comercial,15,Cancelada,2025-06-15,Precio
POL-005089,CLI-01029,Hogar,2023/05/24,2024-05-23,227000000,763000,694000,10.0,Mensual,Bancaseguros,5,Renovada,,
POL-002634,CLI-02489,Auto,2024-09-27,2025/09/27,32000000,1345000,1320000,1.9,Mensual,Asesor comercial,0,Renovada,,
POL-000228,CLI-05088,Auto  ,08/01/2024,2025-01-07,33000000,0,891000,6.0,Trimestral  ,Bancaseguros,5,Renovada,,
POL-001889,CLI-01980,Auto,10/05/2025,10/05/2026,83000000,2532000,2382000,6.3,Mensual,bancaseguros,15,Activa,,
POL-004705,CLI-04083,Salud,26/03/2025,2026/03/26,87000000,2218000,2075000,6.9,Anual, Asesor comercial ,5,Activa,,
POL-007596,CLI-00847,Salud,23/02/2025,2026-02-23,112000000,2092000,1888000,10.8,Semestral,Web,0,Activa,,
POL-000841,CLI-02023,Hogar,,2025-08-02,396000000,1466000,1415000,3.6,Anual,Agencia,10,  Vencida,,
POL-001130,CLI-03468,Salud,14/05/2021,INVALID_DATE,76000000,1844000,1394000,32.3,Semestral,Bancaseguros,0,Renovada  ,,
POL-003407,CLI-01529,VIDA,10/10/2022,2023-10-10,385000000,923000,887000,4.1,Mensual,ASESOR COMERCIAL,5,  Cancelada,2023-07-12, Cambio de aseguradora 
POL-000925,CLI-00258,Hogar,2023-01-19,2024-01-19,144000000,555000,544000,2.1,Mensual,Corredor,0,Expirada,,
POL-002191,CLI-05064,VIDA,2023-06-24,2024-06-23,198000000,799000,787000,,Trimestral,Web,10,Renovada,,
POL-003899,cli-01526,VIDA,2021/06/16,2022-06-16,120000000,449000,370000,21.5,Semestral,Agencia,15,Cancelada,2022-01-07,Precio
POL-004568,CLI-00935,AUTO,2022-09-30,30/09/2023,45000000,1508000,1439000,4.8,Anual,Corredor,5,Renovada,,
POL-006652,CLI-03118,Salud,16/05/2025,16/05/2026,50000000,1414000,1284000,10.1,Mensual,bancaseguros,10,Activa,,
POL-007873,CLI-01542,Auto,2022/12/13,13/12/2023,67000000,2025000,1912000,5.9,Mensual,Asesor comercial,0,Renovada,,
POL-001528,CLI-04921,Auto,24/05/2025,2026-05-24,45000000,1591000,1456000,9.3,Mensual,Asesor comercial,5,ACTIVA,,
POL-008173,CLI-05124,Auto,19/06/2023,2024/06/18,33000000,1441000,1384000,4.1,Mensual,Bancaseguros,15,Vencida,,
POL-001422,CLI-04859,Hogar  ,2023-08-23,2024-08-22,176000000,741000,705000,5.1,Anual,Corredor,0,Renovada,,
POL-005762,CLI-04085,Vida,19/10/2024,2025-10-19,316000000,1331000,1284000,3.7,Semestral,Web,5,Renovada,,
POL-004177,CLI-01826,Salud,23/11/2023,2024/11/22,81000000,1255000,1160000,8.2,Anual,Corredor,10,Cancelada,2024-06-12,Falta de pago
POL-004326,CLI-05012,Vida,2023/06/08,2024-06-07,296000000,810000,800000,1.3,  Mensual,Bancaseguros,0, Vencida ,,
POL-008278,CLI-02676,Hogar  ,2024-09-06,2025-09-06,,1151000,928000,24.0,Mensual,Agencia,10,Cancelada,2025/05/09,Venta/pérdida del bien
POL-005608,CLI-00337,hogar,2025/03/09,09/03/2026,327000000,1355000,,7.5,Anual,Web,5,Activa,,
POL-007175,CLI-00338,Auto,03/04/2025,2026-04-03,38000000,1397000,1374000,1.7,Mensual,Asesor comercial  ,10,Activa,,
POL-006563,CLI-04830,Auto,11/09/2023,2024/09/10,22000000,716000,659000,8.7,Mensual,Agencia,0,Vencida,INVALID_DATE,
POL-002046,CLI-01602,Hogar,12/06/2022,2023/06/12,118000000,436000,340000,28.2,ANUAL,Corredor,15,cancelada,2023-04-11,Cambio de aseguradora
POL-004851,CLI-00491,Salud,2022-06-21,2023-06-21,122000000,2238000,2146000,4.3,Anual,Bancaseguros,10,Renovada,,
POL-003116,CLI-03672,Auto,2024/11/30,30/11/2025,49000000,1899000,1773000,7.1,Mensual,Bancaseguros,5,Renovada,,
POL-006689,CLI-00689,Salud,2021-10-27,27/10/2022,111000000,2659000,2102000,26.5,Semestral,Asesor comercial,5,Renovada,,
POL-004439,CLI-01565,Salud,2024/08/30,30/08/2025,216000000,4665000,4809000,-3.0,Anual,Web,5,Cancelada  ,2025/07/29,Reclamo rechazado / insatisfacción
POL-004309,CLI-04646,AUTO,2024-03-12,2025-03-12,50000000,2780000,2739000,1.5,Mensual,Corredor,5,Renovada,,
POL-007499,CLI-04219,Salud  ,07/09/2022,2023-09-07,52000000,1288000,1230000,4.7,Mensual,Agencia,10,Vencida  ,,
POL-004055,CLI-05145,Hogar,2025/02/19,2026-02-19,103000000,385000,379000,1.7, Mensual ,Bancaseguros,5,Activa  ,,
POL-005877,CLI-02528,Auto,2024-01-29,2025/01/28,44000000,1813000,1501000,20.8,Mensual,Corredor,0,Cancelada,20/12/2024,Precio
POL-004913,CLI-03191,Auto,23/01/2024,2025-01-22,88000000,4495000,3562000,26.2,Trimestral,Asesor comercial,10,Cancelada,16/09/2024,Precio
POL-000190,CLI-04933,Hogar,2025/04/17,2026-04-17,123000000,482000,457000,5.5,Trimestral,Agencia,0,Cancelada  ,31/12/2025,Cambio de aseguradora
POL-007954,CLI-04050,Auto,2024-04-30,2025/04/30,27000000,1199000,1130000,6.1,Anual,Corredor,0,Renovada,,
POL-001998,CLI-01411,Auto,2022-03-27,2023-03-27,50000000,2347000,2189000,7.2,Mensual,Agencia,15,Cancelada,2022-05-21,Precio
POL-008086,CLI-02941,Auto,2025-02-27,2026-02-27,73000000,2432000,2366000,2.8,Anual,Agencia,5,Cancelada,02/12/2025, Falta de pago 
POL-006916,CLI-02832,Salud,20/05/2021,2022-05-20,269000000,5517000,5224000,5.6,Mensual,Bancaseguros,10,Vencida,,
POL-006068,CLI-02461,Salud,2024/12/19,INVALID_DATE,85000000,2549000,2236000,14.0,Anual,Bancaseguros,5,  Vencida,,
POL-002949,CLI-03728,Auto,2024/08/17,2025/08/17,84000000,2615000,2442000,7.1,Trimestral, Asesor comercial ,5,RENOVADA,INVALID_DATE,
POL-006094,CLI-00939,Auto,INVALID_DATE,2025/07/02,121000000,5614000,5705000,-1.6,Mensual,Agencia,15,Cancelada,2024-12-29,Cambio de aseguradora
POL-003549,CLI-04644,  Auto,2022/11/13,2023-11-13,104000000,3383000,3207000,5.5,Anual,Asesor comercial,10,Vencida,,
POL-006524,CLI-02007,Salud,26/07/2024,26/07/2025,48000000,1355000,1281000,5.8,ANUAL, Asesor comercial ,0,Renovada,,
POL-004640,CLI-03043,AUTO,02/09/2023,01/09/2024,43000000,1456000,1357000,7.3,Anual,Agencia,5,Cancelada,,Venta/pérdida del bien
POL-001606,CLI-00058,Hogar,24/01/2021,24/01/2022,247000000,1000000,976000,2.5,Semestral,Corredor,0,Renovada,,
POL-004228,CLI-03936,seguro auto,2022/10/08,08/10/2023,76000000,3378000,3395000,-0.5,Anual,Web,10,Vencida,,
POL-004530,CLI-04416,Auto,2022-06-22,2023/06/22,47000000,2304000,1712000,,Trimestral,Web,5,Cancelada,17/04/2023,VENTA/PÉRDIDA DEL BIEN
POL-007576,CLI-05148,Automóvil,,29/10/2025,32000000,1097000,1038000,5.7,Anual  ,Agencia,5,Vencida,,
POL-006605,CLI-04853,Auto,2024/07/25,INVALID_DATE,23000000,964000,933000,3.3,Anual,Bancaseguros,15,Renovado,,
POL-006872,CLI-04909,Hogar,07/07/2023,06/07/2024,202000000,614000,592000,3.8,ANUAL,Web,5,RENOVADA,,
POL-001139,CLI-03844,Salud,04/04/2025,2026/04/04,156000000,3407000,2518000,35.3,Anual,Agencia,15,Activa  ,,
POL-006116,CLI-00522,Hogar,18/12/2024,2025-12-18,175000000,789000,731000,7.9,Mensual  ,Asesor comercial,5,Renovada,,
POL-001664,CLI-04138,Vida,2025/05/29,2026/05/29,199000000,607000,553000,9.8,Mensual,Asesor comercial  ,5,Activa,,
POL-001620,CLI-04133,Auto,2025-02-03,03/02/2026,33000000,1419000,1183000,19.9,Anual,CORREDOR,10,Cancelada,23/10/2025,Cambio de aseguradora
POL-002100,CLI-00513,Auto,2022/05/16,2023-05-16,58000000,3083000,2484000,24.1,Mensual,Web,10,Cancelada,21/12/2022,Falta de pago
POL-007120,CLI-01423,Auto,2023-11-30,2024-11-29,32000000,970000,919000,5.6,Mensual,Asesor comercial,0,Renovada,,
POL-002445,CLI-00264,Hogar,2025/06/09,2026-06-09,145000000,523000,395000,32.3, Mensual ,Bancaseguros,15,Cancelada,2025-10-23,precio
POL-008167,CLI-04030,Auto,2023-04-24,2024-04-23,39000000,1297000,1212000,7.0,Mensual,Web,0,VENCIDA,,
POL-000464,CLI-00899,Hogar,17/04/2024,17/04/2025,471000000,2165000,2012000,7.6,Trimestral,Corredor,5,RENOVADA,,
POL-002955,CLI-00222,Hogar,2025-04-11,2026-04-11,429000000,1652000,1579000,4.6, Mensual ,Asesor comercial,15,Activa,,
POL-002782,CLI-04749,Auto,2021-02-15,2022/02/15,57000000,1918000,1842000,4.1,Mensual,Corredor,0,Vencida,,
POL-006055,CLI-04887,Auto,2023/01/14,2024/01/14,103000000,3501000,3328000,5.2,Mensual, Agencia ,0,Vencida,,
POL-007267,CLI-00164,  Auto,03/07/2023,2024-07-02,29000000,931000,843000,10.4,Mensual,Asesor  comercial,0,Renovada,,
POL-006994,CLI-05166,auto,2023-10-27,2024-10-26,44000000,1980000,1900000,4.2,Mensual,Agencia,5,Vencida,,
POL-000222,CLI-03745,Hogar,2021-04-04,2022/04/04,202000000,875000,822000,6.4,Anual,Bancaseguros,0,Renovada,,
POL-000158,CLI-03070,Auto,2023-04-29,2024-04-28,67000000,2513000,2544000,-1.2,Anual,Agencia,5,Renovada,,
POL-000816,CLI-01636,Vida,2024-09-14,2025/09/14,147000000,465000,438000,6.1,Anual,Web,5,Vencida,,
POL-003322,CLI-04948,Auto,2024-04-06,2025-04-06,43000000,1764000,1649000,7.0,Anual,Web,10,Renovada,,
POL-006394,CLI-03545,Auto,2023-04-08,2024/04/07,84000000,2267000,2082000,8.9,Mensual,Web,0,renovada,,
POL-002388,CLI-02860,salud,2022-09-18,18/09/2023,89000000,2326000,2383000,-2.4,anual,Asesor  comercial,15,Vencida,,
POL-007476,CLI-04542,Vida  ,2023-08-28,2024-08-27,,330000,264000,24.9,Anual,Bancaseguros,10,  Cancelado,2023/12/29,Precio
POL-003762,CLI-01117,Salud,2022-06-06,,288000000,6830000,6425000,6.3,anual,Corredor,5,Renovado,,
POL-005270,CLI-01462,Auto,2021-03-12,2022-03-12,61000000,2502000,2300000,8.8,  Mensual,Web,0,Renovada,,
POL-005993,CLI-02159,Hogar,2025/01/03,2026-01-03,110000000,432000,340000,27.2,Mensual,Web,10,Activa,,
POL-008245,CLI-01661,Hogar,2021/08/08,2022-08-08,702000000,2986000,2775000,7.6,Semestral,Bancaseguros,5,Renovada,,
POL-002578,CLI-00613,Auto,2024-10-25,2025-10-25,57000000,2588000,2442000,6.0,Anual,Asesor comercial,5,Vencida  ,,
POL-007143,CLI-01596,VIDA,26/08/2022,2023/08/26,224000000,659000,610000,8.1,Anual,  Agencia,5,Vencida,,
POL-008177,CLI-04215,Auto,2025-02-05,2026-02-05,28000000,914000,906000,0.9,Mensual,Asesor comercial,10,Activa,,
POL-005142,CLI-04736,Hogar,2022-04-09,INVALID_DATE,208000000,823000,785000,4.9,Trimestral,Agencia,0,Renovada,,
POL-003715,CLI-04973,HOGAR,26/03/2025,2026-03-26,150000000,517000,,,Mensual,Asesor comercial,0,Activa,,
POL-004691,CLI-01618,Hogar,04/02/2023,2024-02-04,251000000,1078000,1075000,0.3,Anual,Agencia,5,Vencida,,
POL-001875,CLI-03761,Auto,2024/06/12,2025/06/12,55000000,2700000,2237000,20.7,Trimestral,Bancaseguros,15,Vencida,,
POL-001649,CLI-01726,VIDA,22/01/2023,2024-01-22,784000000,2727000,2122000,28.5,Mensual,Asesor comercial,5, Cancelada ,12/08/2023,Otro
POL-007167,CLI-04783,Vida,2022-03-09,2023/03/09,1244000000,4571000,4408000,3.7,Anual,Asesor comercial,15,  Renovada,,
POL-004769,CLI-04837,Auto,2025-01-03,2026/01/03,34000000,1241000,1151000,7.8,Semestral,  Corredor,0,Activa,INVALID_DATE,
POL-007119,CLI-04665,Salud,2025-02-22,2026-02-22,128000000,4449000,4158000,7.0,MENSUAL,Agencia,5, Activa ,,
POL-007304,CLI-00752, Vida ,2022/10/02,2023-10-02,401000000,1334000,1239000,7.7,Mensual,Asesor comercial,10,Cancelada,INVALID_DATE,Precio
POL-005529,CLI-00718,  Auto,2024/10/18,18/10/2025,91000000,4677000,4236000,10.4,Semestral,Asesor comercial,5,Renovada,,
POL-002883,CLI-03339,Vivienda,INVALID_DATE,2024-11-27,184000000,639000,588000,8.7,Anual,Bancaseguros,5,Cancelada,2024-10-01,Venta/pérdida del bien
POL-003666,CLI-00646,Vida,2025-03-13,2026/03/13,352000000,1204000,1143000,5.3,Mensual,Asesor comercial,15,Activa,,
POL-008301,CLI-00140, Salud ,2023-08-01,,192000000,3499000,3204000,9.2,Mensual,Bancaseguros,10,vencida,,
POL-000598,CLI-04580,Auto,2024-11-28,2025-11-28,,3089000,3055000,1.1,Anual, Asesor comercial ,10,Vencida,,
POL-008143,CLI-03635,Auto,2025/05/11,2026-05-11,58000000,2533000,2403000,5.4,Anual,Agencia,0,Activa,,
POL-001819,CLI-04238,Auto,2021/03/07,2022/03/07,40000000,1309000,1230000,6.4,ANUAL,Corredor,5,Vencida,,
POL-006008,CLI-03793,Auto,,2026/05/24,97000000,3725000,3104000,20.0,Semestral,Asesor comercial,5,Cancelada,2025-10-14,Precio
POL-001996,CLI-03548,  Hogar,08/07/2021,08/07/2022,234000000,977000,901000,8.4,Mensual,Web,5,RENOVADA,,
POL-001380,CLI-04624,Salud,2022-02-15,15/02/2023,82000000,1412000,1285000,9.9,Trimestral,Web,15,Renovada,,
POL-004158,CLI-03780,Salud,2023/05/20,2024/05/19,70000000,1537000,1255000,22.5,Anual,corredor,10,Cancelada,04/05/2024,Precio
POL-000293,CLI-01631,HOGAR,2024-12-01,2025/12/01,176000000,761000,762000,-0.1,Anual,Bancaseguros,10,Vencida,,
POL-008088,CLI-00684,Salud,09/03/2025,2026-03-09,355000000,12132000,10110000,20.0,Trimestral, Asesor comercial ,0,Activa,,
POL-006651,CLI-00583,Vida,2021-09-29,2022-09-29,193000000,651000,548000,18.9,Semestral,Asesor comercial,10,Vencida,,
POL-006171,CLI-00162,Auto,2021/12/25,25/12/2022,29000000,1359000,1234000,10.1,ANUAL,Corredor,5,Renovada,,
POL-002534,CLI-00259,Hogar,11/09/2024,2025-09-11,397000000,1329000,1222000,8.8,Mensual,corredor,15,Renovada,,
POL-001372,CLI-03612,  Salud,2023-07-01,2024-06-30,108000000,2272000,2204000,3.1,Mensual,Bancaseguros,5,Renovada,,
POL-004565,CLI-01394,Hogar,2025-02-15,2026-02-15,387000000,1279000,1236000,3.5,Mensual,Web,5,Activa,,
POL-006943,CLI-04101,Auto,2024-06-14,14/06/2025,63000000,1882000,1735000,8.5,Trimestral, Web ,5,Vencida,,
POL-003617,CLI-02460,Auto,2024-09-29,2025-09-29,93000000,3188000,3022000,5.5,Mensual,Corredor,5,Renovada,,
POL-000285,CLI-04929,Salud,2021-07-05,2022-07-05,150000000,4251000,4221000,0.7,Trimestral,Asesor comercial,10,Renovada,,
POL-002241,CLI-01920, Auto ,13/05/2023,12/05/2024,108000000,4972000,4722000,5.3,Mensual,Agencia,10,Vencida,,
POL-002452,CLI-03748,Hogar,2023/01/19,2024/01/19,272000000,949000,906000,4.7,Anual,Asesor comercial,5,Vencida,,
POL-007615,CLI-02669,Salud,2025-01-06,2026-01-06,159000000,3078000,2874000,,Mensual, Bancaseguros ,5,Activa,,
POL-007510,CLI-01211,Hogar,2025-01-17,17/01/2026,135000000,490000,,6.5,Mensual,Corredor,5,Activa,,
POL-003238,CLI-00218,  Vida,2025-05-07,2026-05-07,888000000,4340000,3764000,15.3,Trimestral,Web,15, Activa ,,
POL-002676,CLI-04767,Auto,2023-11-24,2024-11-23,145000000,5959000,5373000,10.9,Anual,Agencia,5,Expirada,,
POL-000837,CLI-02737,Hogar,12/01/2025,2026-01-12,381000000,1259000,1219000,3.3,Mensual,Web,0,Activa,,
POL-002907,CLI-04726,Auto,2024-05-22,22/05/2025,41000000,1583000,1217000,30.1,Semestral  ,  Bancaseguros,5,Vencida,INVALID_DATE,
POL-007661,CLI-04597,Vida,10/07/2024,2025-07-10,187000000,986000,905000,9.0,Anual,Corredor,5,Renovada,,
POL-004951,CLI-03987,Salud  ,2022-02-06,06/02/2023,200000000,5808000,5750000,1.0,Mensual,Bancaseguros,5,Renovada,,
POL-007461,CLI-03445,Auto,2025-01-21,2026-01-21,38000000,1566000,1235000,26.8,Anual,Web,5,Activa,,
POL-003381,CLI-04804,Auto,20/06/2025,2026-06-20,34000000,997000,961000,3.7,Trimestral,Asesor comercial,10,Cancelada,2025-08-07,Otro
POL-003841,CLI-04308,Vida,2023-04-15,2024/04/14,849000000,3164000,2999000,5.5,Mensual,Agencia,15,Vencida,,
POL-005632,CLI-01428,Vida,2022-10-17,2023-10-17,180000000,631000,595000,6.0,Mensual,Bancaseguros,5,Renovada,,
POL-003418,CLI-03825,Auto,2024-06-10,2025/06/10,44000000,2074000,1506000,37.7,TRIMESTRAL,Bancaseguros,5,Renovada,,
POL-004469,CLI-04719,Hogar,21/02/2024,20/02/2025,247000000,1062000,1017000,4.4,Trimestral,Web,0,RENOVADA,,
POL-008308,CLI-04795,Auto,10/04/2025,10/04/2026,109000000,3645000,3508000,3.9,Anual,AGENCIA,5,Activa,,
POL-004476,CLI-03338,Vida,2025/05/14,2026-05-14,259000000,1220000,1008000,21.0,Mensual,Asesor comercial,15,Activa,,
POL-005415,CLI-05050, Hogar ,2021/06/27,2022-06-27,111000000,460000,419000,9.9,Mensual,Corredor  ,5,Renovada,,
POL-004646,CLI-03024,Auto,2024-12-18,18/12/2025,71000000,2341000,2293000,2.1,Semestral,Corredor,0,Renovada,,
POL-001845,CLI-01441,  Auto,06/09/2022,2023-09-06,87000000,4085000,3861000,5.8,Anual, Corredor ,10, Vencida ,,
POL-004468,CLI-04460,Auto,07/08/2023,2024-08-06,39000000,1421000,1139000,24.8,Mensual,Web,5,Cancelada,2024-02-24,Precio
POL-001961,CLI-01394,Auto  ,2024-11-03,03/11/2025,25000000,882000,766000,15.2,Mensual,Asesor comercial,10,  Renovada,,
POL-000373,CLI-03421,seguro de salud,2025/05/15,15/05/2026,171000000,4044000,3620000,11.7,Anual,Agencia,15,Cancelada,2025-06-20,Falta de pago
POL-007441,CLI-04670,Vida,2025/02/17,17/02/2026,328000000,870000,828000,5.1,Anual,Asesor comercial,0,Activa,,
POL-007238,CLI-05055,Vida,2025-03-02,2026-03-02,538000000,1972000,1909000,3.3,Anual,Asesor comercial,0,Vigente,,
POL-004291,CLI-05014,Auto,2023-05-25,,63000000,2744000,2654000,3.4,MENSUAL,Agencia,10,Renovada,,
POL-004787,CLI-00451,Vida,14/11/2023,13/11/2024,423000000,1552000,1446000,7.3,trimestral,Agencia,5,Renovada,,
POL-002489,CLI-01438,auto,2024-10-04,2025-10-04,49000000,2537000,2430000,4.4,Mensual,Agencia,10,Renovada,,
POL-005806,CLI-00092,VIDA,19/12/2024,2025-12-19,386000000,1540000,1559000,-1.2,Semestral,Agencia,10,Renovada,,
POL-007698,CLI-01693,AUTO,14/01/2025,2026/01/14,63000000,3376000,2492000,35.5,Mensual,Bancaseguros,10,activa,,
POL-007972,CLI-03560,Salud,14/08/2023,2024/08/13,296000000,8191000,7584000,8.0,Trimestral,WEB,5,Vencida,,
POL-001570,CLI-01743,Hogar,2024-06-19,2025/06/19,146000000,601000,566000,6.2,Anual,Agencia,10,Renovada,,
POL-006021,CLI-04889,HOGAR,25/09/2024,2025/09/25,205000000,647000,622000,4.1,Anual,Agencia,0,Renovada,,
POL-002889,CLI-03274,AUTO,2023-05-19,18/05/2024,29000000,1073000,1007000,6.6,Mensual,Asesor comercial,10,Cancelada  ,INVALID_DATE,  Precio
POL-002995,CLI-02922,Auto,29/04/2024,2025-04-29,19000000,602000,465000,29.6,Anual,Bancaseguros,15,renovada,,
POL-005037,CLI-00994,Hogar,2022-01-26,2023-01-26,230000000,784000,747000,4.9,anual,Corredor,15,Renovada,,
POL-008208,CLI-03931,SALUD,12/10/2022,2023-10-12,,3830000,3830000,0.0,Anual,Agencia,0,Renovada,,
POL-001491,CLI-03401, Auto ,2023-10-03,2024/10/02,106000000,3561000,3414000,4.3,Trimestral,Web,10,RENOVADA,,
POL-007667,CLI-04241,Salud  ,2024-04-14,14/04/2025,165000000,3780000,3621000,4.4,Semestral,Asesor comercial,10,  Renovada,,
POL-007945,CLI-00058,Auto,2023/02/22,2024/02/22,31000000,1272000,960000,,Mensual,Bancaseguros,5,Cancelado,2023/07/20,Precio
POL-001255,CLI-01252,Auto,2025-06-15,15/06/2026,73000000,1880000,1920000,-2.1,Trimestral,Corredor,5,ACTIVA,,
POL-003111,CLI-03320,Auto,24/12/2023,2024-12-23,29000000,1079000,981000,10.0,Mensual  ,Agencia,5,  Renovada,,
POL-007874,CLI-03718,Auto,2024-04-28,28/04/2025,78000000,2661000,2001000,33.0,Mensual  ,Agencia  ,5,Cancelada,18/01/2025,Precio
POL-002913,CLI-00653,Auto,2024-09-28,2025-09-28,40000000,-1902000,1820000,4.5,Anual,Agencia,5,Renovada,,
POL-006937,CLI-03329,Auto,2025-02-05,2026-02-05,143000000,4435000,4114000,7.8,Mensual,Bancaseguros,5,Activa,,
POL-004271,CLI-04434,Vida,2025/06/12,2026/06/12,102000000,358000,353000,1.5, Anual ,Bancaseguros,10,Activa,,
POL-006644,CLI-03738,Auto,10/03/2022,2023-03-10,49000000,1321000,1296000,1.9,Anual,Asesor comercial,5,Expirada,,
POL-005657,CLI-04487,Salud,26/01/2025,2026-01-26,137000000,2849000,2678000,6.4,Mensual,Web,10,Activa,,
POL-006808,CLI-01711,Salud  ,2024-05-30,2025-05-30,140000000,3194000,3138000,1.8,  Anual,Corredor,10,Renovado,,
POL-005909,CLI-04784,Auto,2025-05-08,2026/05/08,39000000,1234000,1200000,2.8,Anual,Agencia,10,Cancelada,2025-09-24,Cambio de aseguradora  
POL-001984,CLI-01656,Hogar,07/02/2025,2026-02-07,179000000,820000,781000,5.0,Mensual,Asesor comercial,5,Activa,,
POL-005639,CLI-01070,Auto,2023-03-27,2024/03/26,24000000,1105000,1107000,-0.2,Trimestral,Web,5,Renovada,,
POL-005489,CLI-00046,Auto,04/06/2021,2022/06/04,108000000,4078000,3694000,10.4,Mensual,Corredor,5,Cancelada,22/01/2022,Falta de pago
POL-005461,CLI-01805,Auto,24/12/2022,2023-12-24,26000000,1310000,1103000,18.8,Mensual,bancaseguros,10,Vencida,,
POL-005789,CLI-02693,SALUD,26/06/2025,2026-06-26,134000000,3942000,4022000,-2.0,ANUAL,Asesor comercial,0,Activa,,
POL-006660,CLI-00455,Salud,,2024/08/20,142000000,3214000,3052000,5.3,Anual,Corredor,0,Renovada,,
POL-001161,CLI-01500,Salud,27/02/2023,27/02/2024,109000000,2413000,2204000,9.5,Mensual,Corredor,5,vencida,,
POL-005438,CLI-02371,Salud,2024-06-03,2025-06-03,131000000,2921000,2819000,3.6,  Anual,Corredor,10,Renovada,,
POL-004923,CLI-04390,Auto  ,21/08/2023,2024-08-20,44000000,1908000,1777000,7.4, Mensual ,Bancaseguros,0,Renovada,,
POL-001035,CLI-03262,Hogar,18/05/2021,INVALID_DATE,115000000,471000,440000,7.0,Mensual,ASESOR COMERCIAL,10,Vencida,,
POL-007077,CLI-02077,Vida,2023/06/15,2024/06/14,257000000,880000,837000,5.2,Trimestral,  Bancaseguros,0,Cancelada,05/06/2024,Cambio de aseguradora
POL-000774,CLI-02433,Auto,19/04/2025,2026-04-19,28000000,1195000,1202000,-0.6,ANUAL,Asesor comercial  ,10,ACTIVA,,
POL-008275,CLI-03281,Vida  ,04/03/2024,2025/03/04,229000000,957000,897000,6.7,Mensual,Bancaseguros,15,Vencida,,
POL-000776,CLI-03286,Vida,2023/07/14,2024/07/13,483000000,1863000,1700000,9.6,Anual,Agencia,5,Renovada,,
POL-008356,CLI-03319,Hogar  ,2025/03/05,2026/03/05,158000000,646000,615000,5.1,Anual,Asesor comercial,10,Activa,,
POL-004605,CLI-00991,Vida,27/03/2023,26/03/2024,422000000,1641000,1661000,-1.2,Anual,Web,0,Vencida,,
POL-001820,CLI-03908,Auto,12/09/2024,2025-09-12,31000000,1296000,1246000,4.0,Trimestral,Corredor,15,Renovada,,
POL-006599,CLI-01319, Auto ,2024-05-23,2025-05-23,32000000,1117000,1118000,-0.1,Semestral,Asesor comercial,15,CANCELADA,2025/03/26,Cambio de aseguradora
POL-001271,CLI-03660,Hogar,2024/06/23,2025-06-23,293000000,1302000,1197000,8.8,Semestral,Asesor comercial,10,Renovada,,
POL-006965,CLI-04446,Hogar,2022/10/30,2023-10-30,114000000,447000,410000,9.1,Trimestral,Asesor comercial,5,Vencida,,
POL-005648,CLI-00406,Auto,2023-12-19,2024/12/18,27000000,1298000,1215000,6.8,Anual,  Corredor,0,Renovado,,
POL-007189,CLI-04497,Vida,2022-08-18,2023-08-18,231000000,814000,649000,25.5,Semestral,asesor comercial,10,Expirada,,
POL-003077,CLI-04244,Auto,2023-12-08,2024-12-07,68000000,3272000,3140000,4.2,Semestral,Asesor comercial,15,RENOVADA,,
POL-006649,CLI-04249,Auto,,2025-04-11,42000000,1468000,1229000,19.4,Mensual,Agencia,10,Renovada,,
POL-000532,CLI-03496,Hogar,2023-12-22,2024-12-21,204000000,829000,784000,5.7,Mensual,Corredor,15,Renovada,,
POL-007974,CLI-02673,auto,2025/04/27,2026-04-27,68000000,3124000,3078000,,trimestral,Asesor comercial,5,activa,,
POL-004517,CLI-04561,Auto,2023-02-26,26/02/2024,86000000,4073000,3958000,2.9,Anual,Web,0,Renovada,,
POL-001322,CLI-00309,Salud,2025-06-23,2026-06-23,128000000,3972000,3769000,5.4,Trimestral,Asesor comercial,5,Activa,,
POL-003516,CLI-03584,Salud,2021-01-12,2022-01-12,163000000,2931000,2760000,6.2,Semestral,Asesor comercial,15,Vencida,,
POL-004202,CLI-03797,Vida,02/04/2024,2025-04-02,217000000,1004000,748000,34.2,Mensual,Agencia,10,Renovada,,
POL-001651,CLI-02305,Salud,2025-05-17,2026-05-17,86000000,2272000,1847000,23.0, Trimestral ,Agencia,10,Cancelada,07/10/2025,Cambio de aseguradora
POL-005766,CLI-02155,AUTO,2024-04-10,2025-04-10,78000000,2477000,2357000,5.1,MENSUAL, Agencia ,5,Renovada,,
POL-005011,CLI-04897,Vida,17/06/2024,INVALID_DATE,418000000,1059000,951000,11.4,Trimestral,Corredor,15,Vencida,,
POL-001539,CLI-00150,Vida,2025/03/05,2026-03-05,132000000,510000,463000,10.1,Trimestral,Bancaseguros,5,Vigente,,
POL-008243,CLI-02873,  Salud,27/05/2021,2022-05-27,76000000,2186000,2068000,5.7,Mensual,Corredor  ,10,Cancelada,23/10/2021,Cambio de aseguradora
POL-001004,CLI-03524,Hogar,2024-02-21,20/02/2025,199000000,691000,695000,-0.6,Mensual,Asesor comercial,10,Renovada,,
POL-000717,CLI-00428,Auto,2025-03-26,2026-03-26,42000000,1886000,,7.0,Mensual,Agencia,5,Activa,,
POL-007697,CLI-02496,VIDA,18/05/2023,2024/05/17,51000000,,193000,0.8,Mensual,Agencia,15,Renovada,,
POL-004072,CLI-00015,Salud,01/04/2023,31/03/2024,142000000,3360000,3243000,3.6,Anual,Bancaseguros,10,Vencida,,
POL-008184,CLI-00575,Auto,12/10/2024,,40000000,1787000,1745000,2.4,Mensual,Asesor comercial,10,Renovada,,
POL-005816,CLI-04940,Vida,2022-09-17,2023-09-17,691000000,2501000,2491000,0.4,Mensual,Corredor,5,Renovada,,
POL-003967,CLI-01307,Salud  ,2024/12/07,07/12/2025,53000000,1011000,956000,5.8,MENSUAL,Asesor comercial,10,Renovada,,
POL-004871,CLI-04935,AUTO,2024-07-24,24/07/2025,21000000,905000,943000,-4.0,Anual,Bancaseguros,15,CANCELADA,2025-06-02,Falta de pago
POL-001501,CLI-03733,Auto,2022-09-23,2023-09-23,65000000,1973000,1931000,2.2,Trimestral,Asesor comercial,5,RENOVADA,,
POL-001431,CLI-00634,Hogar,2024/12/31,31/12/2025,127000000,496000,481000,3.2,Anual,Asesor comercial,0,Vencida,,
POL-005178,CLI-02203,Salud  ,08/08/2024,2025/08/08,87000000,2289000,2238000,2.3,MENSUAL,Agencia,0,Vencida,,
POL-001051,CLI-02772,Vida,2025/04/14,2026/04/14,732000000,1943000,,27.4,Mensual,Asesor comercial,10,Activa,,
POL-000080,CLI-03892,Salud,2022/04/24,24/04/2023,68000000,1489000,1499000,-0.7,Mensual,Web,10,Renovada,,
POL-006297,CLI-02450,Salud,2025-02-02,02/02/2026,117000000,2288000,2124000,7.7,TRIMESTRAL,Web,5,Activa,,
POL-003568,CLI-05025,Salud,14/07/2024,14/07/2025,110000000,2666000,2091000,27.5,anual,Asesor comercial,5,Cancelada,2024-11-12,Precio
POL-004262,CLI-01422,Vida,2024/08/17,17/08/2025,248000000,734000,686000,7.0,Mensual,Corredor,10,Vencida,,
POL-005484,CLI-02063,Hogar,2023-08-29,2024-08-28,319000000,1532000,1486000,3.1,Anual,Web,5,Vencida,,
POL-004457,CLI-00475,Auto  ,2022-10-12,2023/10/12,99000000,3604000,3469000,3.9,Mensual,Asesor comercial,0,Renovada,,
POL-007637,CLI-04498,Vida,14/11/2024,2025-11-14,201000000,735000,720000,2.1,Semestral,Bancaseguros,5,  Renovada,,
POL-006729,CLI-03714,Seguro Hogar  ,2022-12-09,09/12/2023,199000000,837000,772000,8.4, Mensual ,Asesor comercial,10,cancelada,12/11/2023,Falta de pago
POL-003467,CLI-01695,Auto,2024/09/23,2025-09-23,69000000,1671000,1557000,7.3,Mensual,Asesor comercial,5,Vencida,,
POL-004337,CLI-05164,SALUD,21/12/2023,20/12/2024,187000000,4067000,3741000,8.7,  Trimestral,Corredor,5,cancelada,04/11/2024,Precio
POL-007772,CLI-03154,Auto,2021-06-09,2022-06-09,76000000,3129000,3006000,4.1,Trimestral,Agencia,5,Cancelada,2021-10-06,Cambio de aseguradora
POL-003020,CLI-03220,Hogar,2024-06-09,2025-06-09,277000000,1017000,785000,29.6,Mensual,Agencia,0,Renovada,,
POL-001288,CLI-03011,Automóvil,2021-11-02,2022-11-02,42000000,1422000,1383000,2.8,Mensual,Agencia,10,Cancelada,2022-09-10,Cambio de aseguradora
POL-002432,CLI-01613,Auto,2023-02-26,2024-02-26,72000000,2445000,2291000,6.7,Semestral,Bancaseguros,0,Renovada,,
POL-006942,CLI-02392,Vida,2024/07/12,12/07/2025,138000000,423000,376000,12.6,Mensual,Bancaseguros,5,Renovada,,
POL-003014,CLI-04060,Hogar,24/12/2024,24/12/2025,195000000,678000,654000,3.6,Trimestral,Asesor comercial,5,Vencida,,
POL-008121,CLI-01385,Auto,2022-01-23,23/01/2023,37000000,1300000,,31.8,Trimestral,Web,5,Renovada,,
POL-004507,CLI-00014,Vida,INVALID_DATE,2024-12-03,229000000,729000,704000,3.5,Mensual,Corredor,5,Renovada,,
POL-004892,CLI-01111,Salud,2024-08-22,2025-08-22,130000000,2728000,2675000,2.0,Mensual,Web,5, Vencida ,,
POL-007138,CLI-02315,Auto,2025-05-08,2026-05-08,27000000,1269000,1265000,0.3,Mensual,Asesor comercial,5,Activa,,
POL-006767,CLI-03988,Vida,03/09/2023,,299000000,1012000,939000,7.8,Anual,Asesor comercial,0,Renovada,,
POL-003394,CLI-02991,Hogar,2024-07-30,2025/07/30,122000000,572000,532000,7.6,Mensual,Asesor comercial,0,  Vencida,,
POL-002596,CLI-04991,Hogar,2023-07-24,2024-07-23,352000000,1412000,1114000,26.7,Anual,Asesor comercial,5,RENOVADO,,
POL-004260,CLI-00441,Salud,2023/01/08,08/01/2024,71000000,2112000,2023000,4.4,Semestral,Agencia,10,Renovada,,
POL-001529,CLI-04829,Salud,2023-11-19,2023-05-18,71000000,1205000,1129000,6.7,Trimestral,Bancaseguros,10,Renovada,,
POL-000498,CLI-01118,seguro hogar,2022-01-23,2023/01/23,447000000,1935000,1807000,7.1,Mensual,Web,5,  Cancelada,2022-10-16,Cambio de aseguradora
POL-004370,CLI-00406,Auto,2024-10-30,2025-10-30,31000000,1321000,1345000,-1.8, Mensual ,Bancaseguros,5,Renovada,,
POL-006337,CLI-04324,  Vida,2023/11/20,INVALID_DATE,256000000,686000,648000,5.9,Anual,Agencia,10,Renovada,,
POL-002078,CLI-01475,Auto,01/12/2023,2024/11/30,31000000,1276000,1223000,4.3,Semestral,Corredor,10,Vencida,,
POL-001623,CLI-04832,auto,2024-03-16,16/03/2025,59000000,2291000,2133000,7.4,Mensual,Corredor,0,Renovada,,
POL-000877,CLI-04874,Vida,2021-06-20,2022-06-20,227000000,985000,904000,9.0,Mensual,Agencia,5,Renovada,,
POL-000896,CLI-01413,Salud  ,2023-04-28,2024/04/27,110000000,2069000,2094000,-1.2,Anual,Bancaseguros,0,vencida,,
POL-002141,CLI-02468,Salud,27/12/2022,2023-12-27,143000000,2602000,2455000,6.0,Anual,Agencia,0,Renovada,,
POL-007255,CLI-01929,Vida,2021-11-25,25/11/2022,476000000,1837000,1753000,4.8,Mensual,Bancaseguros,0,Vencida,,
POL-007159,CLI-00130,Vida,28/05/2025,2026-05-28,465000000,1222000,1141000,7.1,Mensual,Web  ,0,activa,,
POL-007446,CLI-04571,Auto,2021-01-09,2022-01-09,65000000,2298000,2214000,3.8,Mensual,Asesor comercial,15,Renovada,INVALID_DATE,
POL-002672,CLI-03866,Auto,2024-04-08,2025-04-08,101000000,3074000,2895000,6.2,Anual,asesor comercial,0,Renovada,,
POL-001805,CLI-03050,Auto,2021-02-14,2022/02/14,26000000,732000,676000,8.3,Mensual,Agencia,5,Renovada,,
POL-001425,CLI-04921,Hogar,24/11/2021,2022-11-24,181000000,720000,691000,4.2,  Mensual,Corredor,5,Renovado,,
POL-006789,CLI-02444,Salud,2023-06-12,2024-06-11,87000000,1620000,1422000,13.9,Trimestral,Bancaseguros,10,Vencida,,
POL-005982,CLI-03193,AUTO,2024/12/22,22/12/2025,97000000,3440000,2598000,32.4,Semestral,Asesor comercial,15,Cancelada,25/11/2025,Precio
POL-002040,CLI-01316,Hogar,25/01/2025,2026/01/25,422000000,1816000,,6.9,Mensual,Agencia,10,Cancelada,2025-03-29,Otro
POL-006807,CLI-00930,Vida,2024-11-27,2025/11/27,136000000,523000,492000,6.3,MENSUAL,Agencia,0,Renovada,,
POL-000850,CLI-01600,  Auto,2023-05-24,2024/05/23,131000000,4372000,4493000,-2.7,Mensual,Corredor,5,Cancelada,2024-02-08,Otro
POL-004135,CLI-04045,AUTO,2022-01-23,2023-01-23,35000000,1984000,1875000,5.8,Anual,  Asesor comercial,5,cancelada,05/09/2022,Cambio de aseguradora
POL-005003,CLI-05059,Vida,17/03/2023,2024-03-16,720000000,2706000,2560000,5.7,Anual,Web,10,Cancelada,2023-04-28,Cambio de aseguradora
POL-001251,CLI-03497,Salud,28/06/2023,27/06/2024,100000000,1994000,1858000,7.3,Mensual,Bancaseguros,10,Renovada,,
POL-003087,CLI-01704,Auto,2022/01/08,2023-01-08,87000000,2977000,2846000,4.6,Anual,Asesor comercial,5,Renovada,,
POL-004449,CLI-02641,AUTO,2024-12-11,2025/12/11,21000000,726000,,2.7,Anual,Web,10,Vencida,,
POL-006370,CLI-04037,Vida,29/03/2024,29/03/2025,282000000,856000,844000,1.4,Anual,Asesor comercial,10,Renovada,,
POL-003501, CLI-01810 ,SALUD,2021-09-24,,332000000,6209000,5325000,16.6,Semestral,Bancaseguros,10,Cancelada,2022-07-23,CAMBIO DE ASEGURADORA
POL-002545,CLI-00950,Salud,2021-12-24,2022-12-24,461000000,10303000,10556000,-2.4,Trimestral,Corredor,15,Renovada,,
POL-002397,CLI-01397,Auto,2021-01-22,2022-01-22,41000000,2458000,2233000,10.1,Mensual,Web,0,Renovada,,
POL-002436,CLI-04653,Auto,2023/12/26,25/12/2024,48000000,1502000,1400000,7.3,Mensual,Web,0,Renovada,,
POL-006662,CLI-00630,Vida,2024/08/14,14/08/2025,305000000,1381000,1291000,7.0,Semestral,Agencia,0,Vencida,,
POL-002342,CLI-04497,Salud,24/09/2024,2025-09-24,123000000,2074000,1565000,32.5,Anual,WEB,10,Cancelada,2025-08-26,Precio
POL-006902,CLI-00569,Auto,2022-03-29,2023-03-29,35000000,1646000,1649000,-0.2,Mensual,Agencia,15,Renovada  ,,
POL-007996,CLI-01986, Auto ,2024-08-11,11/08/2025,42000000,1460000,1401000,4.2, Semestral ,Bancaseguros,15,Renovada,,
POL-004616,CLI-03444,Salud,2023-09-13,,69000000,1123000,856000,31.2,Mensual,Asesor comercial,10,Cancelada,2024/07/18,Precio
POL-002317,CLI-01857,Vehículo,04/07/2023,2024-07-03,57000000,1945000,1814000,7.2,Mensual,Asesor comercial,10,Cancelada,16/02/2024,Otro
POL-002664,CLI-02109,salud,2024-03-24,2025-03-24,126000000,3026000,2935000,3.1,Mensual,Agencia,10,vencida,,
POL-006880,CLI-02261,Auto,2024-10-31,31/10/2025,84000000,3964000,3623000,,Mensual,Corredor,15,Renovada,INVALID_DATE,
POL-001604,CLI-01284,hogar,2023-09-05,04/09/2024,491000000,2016000,2006000,0.5,Mensual, Corredor ,0,Renovada,,
POL-006676,CLI-01450,Vida,2024-09-09,09/09/2025,214000000,909000,853000,6.6,Mensual,Web,10,Vencida,,
POL-000177,CLI-03297,Hogar,2024/05/19,2025-05-19,176000000,625000,447000,39.7,Anual,Agencia  ,0,Cancelada,2025-02-24,Precio
POL-006525,CLI-02840,Hogar,2024-04-26,2025-04-26,227000000,923000,873000,5.7,Mensual,Web,0,Renovada,,
POL-000756,CLI-00946,VIVIENDA,29/08/2023,2024-08-28,315000000,982000,928000,5.8,Anual,Bancaseguros,10,  Renovada,,
POL-003574,CLI-00122,HOGAR,13/02/2021,2020-03-01,286000000,1132000,1088000,4.0,Mensual,Agencia,15,Cancelada,2021-11-21,Falta de pago
POL-006018,CLI-05018,Vivienda,04/08/2021,2022/08/04,200000000,739000,744000,-0.7,  Mensual,Corredor,5,  Renovada,,
POL-000315,CLI-02958,VIDA,2025-02-28,2026-02-28,870000000,3630000,3441000,5.5,Mensual,Agencia,5,Activa,,
POL-008055,CLI-00326,Salud,2023-09-09,2024-09-08,223000000,4513000,4246000,6.3,Trimestral,Corredor,5,Vencida,,
POL-002853,CLI-04921,  Salud,2021-06-20,2022-06-20,132000000,3377000,2564000,31.7,Trimestral,Agencia,10,cancelada,2021-09-12,Precio
POL-006168,CLI-01852,Salud,20/04/2025,2026/04/20,87000000,1717000,1255000,36.8,Semestral,Corredor,10,Cancelada,2025-06-18,Precio
POL-001968,CLI-02053,Salud,30/04/2022,2023-04-30,100000000,2091000,2040000,2.5,Trimestral, Web ,0,  Renovada,,
POL-008132,CLI-00972,Auto,02/09/2022,02/09/2023,58000000,1797000,1684000,6.7,Anual,Asesor comercial,0,renovada,,
POL-000926,CLI-03882,Auto,15/07/2022,15/07/2023,113000000,3748000,3030000,23.7,Anual,Agencia,15,Vencida,,
POL-002707,CLI-00918,Salud,2022/04/03,2023-04-03,373000000,7045000,6729000,4.7,Trimestral,Asesor  comercial,5,Vencida,,
POL-007356,CLI-05167,Hogar,2024/09/01,2025-09-01,295000000,1031000,938000,9.9,Trimestral,Asesor comercial,10,Renovada,,
POL-001002,CLI-00308,Vida,07/05/2023,06/05/2024,223000000,1068000,967000,10.5,Semestral  ,Asesor comercial,10,renovada,,
POL-004580,CLI-02092,Vida,2023-07-24,23/07/2024,275000000,774000,755000,2.5,Mensual,Asesor comercial,10,Renovada,,
POL-003767,CLI-01801,Auto,2022-04-06,2023-04-06,48000000,2039000,1972000,3.4,Anual,Asesor comercial,5,Renovada,,
POL-002197,CLI-04463,Auto,2024-08-23,23/08/2025,88000000,2770000,2633000,5.2,Anual,Bancaseguros,10,Vencida,,
POL-007840,CLI-04486,Hogar,2024-11-22,2025-11-22,256000000,923000,919000,0.4,Mensual,Web,5,Vencida,,
POL-000890,CLI-01940,Hogar,2024/09/25,25/09/2025,175000000,783000,768000,1.9,Anual,Corredor,5,Vencida,,
POL-003523,CLI-00336,  Salud,2024-11-27,2025-11-27,71000000,1374000,1075000,27.8,mensual,Asesor comercial,5,Cancelada,,Precio
POL-003619,CLI-02612,Auto,2023-12-23,2024/12/22,42000000,1512000,1414000,6.9,  Anual,Asesor comercial,10,VENCIDA,,
POL-000113,CLI-03492,Auto,2025-01-29,2026-01-29,73000000,,3067000,1.0, Mensual ,Web,5,Activa,,
POL-004966,CLI-02314,Salud,2022/04/05,2023-04-05,132000000,2386000,1949000,22.4,Mensual,Asesor comercial,0,Cancelada,2022-08-08,Precio
POL-000108,CLI-03846,Auto,2025/03/03,2026-03-03,38000000,1557000,1518000,2.6,Mensual,ASESOR COMERCIAL,5,Activa,,
POL-007020,CLI-00997,Vida,14/02/2023,14/02/2024,145000000,468000,447000,4.7,mensual,Corredor,5,Renovada,,
POL-004157,CLI-02651,Auto,2024-06-13,,99000000,3273000,3050000,7.3, Mensual ,Agencia,5,Renovada,,
POL-006150,CLI-00248,SALUD,28/02/2024,2025/02/27,69000000,1658000,1417000,17.0,Anual,  Asesor comercial,10,Anulada,10/10/2024,Cambio de aseguradora
POL-000356,CLI-03678,Auto,2023-10-08,07/10/2024,46000000,1667000,1555000,7.2,Trimestral,Asesor comercial,10,Vencida,,
POL-007277,CLI-03457,Vida,2025-04-18,2026-04-18,835000000,3301000,3074000,7.4,Mensual,Asesor comercial,5,Activa,,
POL-006423,CLI-02578, Auto ,2021/12/02,2022-12-02,67000000,2263000,1978000,14.4,Trimestral,Bancaseguros,10,Renovada,,
POL-001274,CLI-03553,Hogar  ,INVALID_DATE,2022/02/12,113000000,438000,423000,3.6,Anual,Corredor  ,0,VENCIDA,,
POL-001810,CLI-01452,Salud,2022/09/18,2023/09/18,129000000,3362000,3248000,3.5,Mensual,Asesor comercial,10,Cancelada,31/08/2023,Reclamo rechazado / insatisfacción
POL-006642,CLI-02537,Hogar,2022-07-31,31/07/2023,168000000,1050000,966000,8.7,Trimestral,Web,15,Renovada,,
POL-001595,CLI-03630,Auto,01/01/2023,2024-01-01,146000000,5198000,4674000,11.2,Trimestral,Bancaseguros,5,Vencida,,
POL-006346,CLI-00154,Vida,2024-09-29,2025/09/29,244000000,1021000,938000,8.9,Anual,Asesor comercial,0, Vencida ,,
POL-003834,CLI-05150,Auto,2023-12-04,2024-12-03,109000000,3608000,2661000,35.6,Mensual,Agencia,5,cancelada,14/05/2024,Precio
POL-001152,CLI-01358,Auto,2022/05/03,2023-05-03,55000000,0,1788000,7.5,Anual,Bancaseguros,0,Renovada,,
POL-001455,CLI-04469,Seguro  de  Vida,2023/12/29,2024-12-28,334000000,1082000,1053000,2.8,Mensual,Bancaseguros,15,Vencida,,
POL-001926,CLI-02690,Auto,11/03/2024,2025/03/11,102000000,3618000,3242000,11.6,Mensual,Bancaseguros,10,Vencida,,
POL-004069,CLI-01742,Auto,2021-05-07,07/05/2022,72000000,3031000,2709000,11.9,Anual  ,Agencia,5,Renovada,,
POL-003050,CLI-01334,Hogar,02/02/2023,2024-02-02,125000000,533000,,-0.8,Anual,Bancaseguros,0,Renovada,,
POL-001494,CLI-04609,auto,2025/06/18,18/06/2026,25000000,1426000,1153000,23.7,Mensual,Asesor comercial,0,Activa,,
POL-002379,CLI-03731,Vida,2024-07-16,2025-07-16,250000000,1028000,961000,7.0,anual,Agencia,10,Vencida,,
POL-006952,CLI-02299,Salud,2021/12/24,2022-12-24,71000000,1373000,1057000,29.9,Mensual,Web,5,Renovada,,
POL-006521,CLI-02870,SALUD,24/06/2024,2025/06/24,82000000,2011000,1995000,0.8,Mensual,AGENCIA,0,Renovada,,
POL-007070,CLI-01147,Salud,2025-05-16,2026-05-16,88000000,1905000,1774000,7.4,  Semestral,Asesor comercial,0,Activa,,
POL-004164,CLI-01911,Salud,2024-04-14,14/04/2025,80000000,2013000,1962000,2.6,Anual,Web,10,Renovada,,
POL-004330,CLI-01979,Vida,2023-12-27,2024/12/26,207000000,471000,460000,2.4,Anual,Bancaseguros,5,Renovada,,
POL-008105,CLI-00999,Hogar,30/01/2024,2025-01-29,301000000,1396000,1117000,,mensual,Asesor comercial,0,Renovada,,
POL-000145,CLI-04312,Hogar,23/04/2023,2024-04-22,267000000,994000,738000,34.6,Mensual,Asesor comercial,0,Cancelada,05/09/2023,Precio
POL-002723,CLI-00985,Auto,2021/03/10,10/03/2022,52000000,2741000,2564000,6.9,Semestral,Asesor comercial,5,Cancelada,2022-03-10,Precio
POL-006553,CLI-00610,VIDA,2025/04/07,2026/04/07,438000000,2149000,2119000,1.4,Mensual,Agencia,0,Activa,,
POL-002557,CLI-02194,Hogar,2023-03-31,30/03/2024,82000000,398000,379000,4.9,Anual,Agencia,15,  Renovada,,
POL-001282,CLI-04848,Auto,2024-11-07,2025-11-07,85000000,3051000,2903000,5.1,Trimestral,Web,5,Renovada,,
POL-000956,CLI-03359,Auto,2024-03-07,07/03/2025,45000000,1884000,1356000,38.9,Mensual,Agencia,10,Cancelada,08/10/2024,Venta/pérdida del bien
POL-003650,CLI-00285,Auto,24/10/2021,2022-10-24,133000000,5283000,5246000,0.7,Mensual,ASESOR COMERCIAL,10,Cancelada,27/08/2022,Otro
POL-001958,CLI-02420,Vida,19/06/2023,18/06/2024,222000000,726000,712000,1.9,Trimestral,Corredor,5,Cancelada,23/05/2024,Falta de pago
POL-007804,CLI-01321,  Vida,20/12/2024,2025-12-20,356000000,896000,841000,6.6,Anual,Agencia,0,Renovada,,
POL-001333,CLI-00816,Vida  ,2024-02-18,17/02/2025,318000000,1601000,1255000,27.6,Semestral,  Agencia,10,Vencida,,
POL-003688,CLI-04895,vida,2024/05/25,25/05/2025,247000000,1164000,1100000,5.8,Mensual,Asesor comercial,15,Cancelada,28/10/2024,Cambio de aseguradora
POL-007944,CLI-02216,Vida,13/07/2024,2025-07-13,552000000,1985000,1557000,27.5,Mensual,Agencia,0,renovada,,
POL-003265,CLI-02448,Salud,2022-07-16,16/07/2023,65000000,1343000,,2.7,Anual,Bancaseguros,15,Renovada,,
POL-006102,CLI-03690,Salud,2024-12-23,23/12/2025,183000000,4409000,4239000,4.0,  Trimestral,Bancaseguros,5,Vencida,,
POL-007973,CLI-00525,Auto,2022-11-05,05/11/2023,29000000,842000,801000,5.1,semestral,Corredor,5,Renovada  ,,
POL-000171,CLI-04354,Auto,2023-07-06,2024/07/05,54000000,2992000,2783000,7.5,MENSUAL,Web,10,Renovada,,
POL-000631,CLI-02821,Hogar,08/01/2021,08/01/2022,101000000,325000,299000,8.6,Anual,Corredor,5,Renovada,,
POL-003002,CLI-01922,Seguro Hogar,2021-12-03,03/12/2022,115000000,522000,500000,4.3,Anual,Asesor comercial,15,Cancelada,2022/04/01,Cambio de aseguradora
POL-007512,CLI-01805,Auto,11/05/2022,11/05/2023,64000000,2464000,2190000,12.5,Anual,Corredor,5,Vencida,,
POL-001830,CLI-00321,Auto,2023-05-13,2024-05-12,56000000,1723000,1572000,9.6,Mensual,Agencia,0,Renovado,,
POL-000170,CLI-00561,Salud,2021-03-30,2022/03/30,76000000,2154000,2004000,7.5,Anual,Web,10,Renovada,,
POL-001580,CLI-03701,Salud,2022-09-26,2023/09/26,151000000,3354000,3100000,8.2,ANUAL,Bancaseguros,5,Renovada,,
POL-005923,CLI-03469,Hogar,26/10/2021,2022-10-26,123000000,606000,600000,1.0,Anual,Web,0,Vencida,,
POL-000599,CLI-04662,Auto,2024-10-10,2025/10/10,33000000,1262000,1223000,3.2,Mensual,Asesor comercial,5,Vencida,,
POL-003526,CLI-02927,Vida,2021-06-16,2022-06-16,280000000,857000,813000,5.4,Semestral,Agencia,10,Cancelada,2021-07-31,Falta de pago
POL-000636,CLI-00602,Auto,2025-03-13,2026-03-13,39000000,1396000,1267000,10.2,Anual,Web,0,Cancelada,2025-09-21,Cambio de aseguradora
POL-006705,CLI-01713,Auto,2022-03-11,2023-03-11,153000000,6428000,6321000,1.7,Mensual,  Bancaseguros,0,Cancelada  ,2022-08-28,Cambio de aseguradora
POL-004466,CLI-00954,Auto  ,2024-03-29,2025-03-29,27000000,918000,941000,-2.4,Mensual,Agencia,0,Renovada,,
POL-004782,CLI-04123,Hogar,26/03/2022,2023/03/26,157000000,600000,488000,23.0,Anual,Asesor comercial,10,Renovado,,
POL-001987,CLI-03989,Auto,2022-10-17,2023/10/17,66000000,3183000,2349000,35.5,Anual,Agencia,0,Cancelada,2023/06/05,Precio
POL-003161,CLI-04985,Salud,2024-06-13,2025-06-13,148000000,2910000,2097000,38.8,Semestral,Bancaseguros,0,Cancelada,2025/01/01,Cambio de aseguradora
POL-003880,CLI-01773,Salud,2023-12-21,2024/12/20,139000000,3765000,2892000,30.2,Semestral,Bancaseguros,10,Cancelada  ,02/07/2024,Precio
POL-006138,CLI-01391,Seguro Auto,2022-10-30,2023-10-30,72000000,2876000,2779000,3.5,Trimestral,BANCASEGUROS,5,Vencida,,
POL-002526,CLI-00754,hogar,2024-11-23,2025-11-23,278000000,910000,876000,,Semestral, Bancaseguros ,10,Vencida,,
POL-007543,CLI-04599,Salud,2024-09-24,2025/09/24,83000000,1668000,1512000,10.3,Anual,Asesor comercial,15,Cancelada,2025-06-23,Cambio de aseguradora
POL-003093,CLI-03784,  Salud,INVALID_DATE,2022-02-12,219000000,5639000,5285000,6.7,Mensual,Web,10,Renovada,,
POL-004331,CLI-05035,Salud,2024-03-29,29/03/2025,606000000,10235000,9637000,6.2,Mensual,Corredor,0,Renovada,,
POL-007078,CLI-01523,Auto,2021/12/09,09/12/2022,38000000,1170000,1182000,-1.0,Mensual,Asesor comercial,10,Renovada,,
POL-004280,CLI-04197,Seguro de Vida,18/02/2024,2025-02-17,417000000,1475000,1353000,9.0,Mensual,WEB,5,Vencida,,
POL-005020,CLI-01140,vida,08/10/2023,2024/10/07,600000000,2188000,2149000,1.8,Trimestral,Agencia,15,Renovado,,
POL-006819,CLI-03749,Auto,2023-11-29,2024-11-28,31000000,1368000,1234000,10.9,Anual,Bancaseguros,10,Cancelada,14/05/2024,Venta/pérdida del bien
POL-003296,CLI-01944,Auto,2025-02-23,23/02/2026,81000000,2987000,2407000,24.1,MENSUAL,Asesor comercial,5,Activa,,
POL-001803,CLI-04554,  Auto,2024-08-01,2025/08/01,129000000,5169000,4678000,10.5,Mensual,Web,0,Renovada,,
POL-005502,CLI-02152,Salud,2021-02-04,2022-02-04,99000000,1807000,1682000,7.4,Mensual,Asesor comercial,10,RENOVADA,,
POL-007546,CLI-02683,Auto,2024/06/24,2025-06-24,56000000,2948000,2141000,37.7,Anual,web,0,VENCIDA,,
POL-005868,CLI-03956,Salud,2022-05-03,2023-05-03,175000000,4341000,4068000,6.7,Trimestral,Bancaseguros,10,Vencida,,
POL-002313,CLI-00447,Seguro de Salud,2025-05-04,04/05/2026,106000000,2653000,2394000,10.8,Mensual,Asesor  comercial,10,Activa,,
POL-000907,CLI-02824,Salud,25/05/2025,25/05/2026,122000000,2781000,2671000,4.1,Mensual,Corredor,0,Activa,,
POL-007002,CLI-00535,Auto,2024-07-16,2025-07-16,46000000,2388000,2201000,8.5,Anual,Agencia,5,Renovada,,
POL-005783,CLI-00450,Vida,2023/02/24,2024/02/24,168000000,768000,720000,6.7,Mensual,Bancaseguros,15,Renovada,,
POL-003213,CLI-03373,Salud,04/12/2021,2022-12-04,71000000,2628000,2368000,11.0,Anual,Web,15, Renovada ,,
POL-004425,CLI-04256,Auto,30/06/2024,2025/06/30,43000000,1657000,1534000,8.0,  Mensual,Web,0,Renovada,,
POL-003236,CLI-05078,Salud,08/04/2022,2023/04/08,249000000,4771000,4893000,-2.5,Anual,Agencia,10,Cancelada,2022-06-19,Falta de pago
POL-006930,CLI-02849,Hogar,INVALID_DATE,2026-06-15,413000000,1571000,,25.0,Trimestral,Bancaseguros,5,Activa,,
POL-007209,CLI-03597,Auto,22/02/2025,2026/02/22,31000000,1058000,980000,8.0,TRIMESTRAL,Corredor,5, Activa ,,
POL-006847,CLI-02965,Auto,2025-04-15,2026-04-15,31000000,1335000,1225000,9.0,Trimestral,Corredor,15,Activa,,
POL-006473,CLI-03876,Auto,09/08/2023,08/08/2024,140000000,5729000,5600000,2.3,Trimestral,Agencia,10, Renovada ,,
POL-004462,CLI-03839, Auto ,20/02/2024,2025-02-19,122000000,6856000,6407000,7.0, Mensual ,Corredor,5,VENCIDA,,
POL-002940,CLI-04038,Salud,07/01/2023,2024-01-07,143000000,3577000,3549000,0.8,Mensual,Bancaseguros,15,Renovada,,
POL-001915,CLI-00150,Auto,2023-05-12,2024-05-11,129000000,4343000,4006000,8.4,  Mensual,Asesor comercial,5,Vencida,,
POL-001981,CLI-03245,Hogar,,2025-03-29,255000000,1176000,1207000,-2.6,Mensual,  Corredor,5,Renovada,,
POL-006009,CLI-02340,Hogar,2023-07-15,2024/07/14,513000000,1669000,1679000,-0.6,Anual,Web,10,Renovada,,
POL-002025,CLI-04799, Auto ,2024-11-24,24/11/2025,55000000,,2773000,0.5,Semestral,Bancaseguros,5,Cancelada,22/07/2025,Venta/pérdida del bien
POL-007989,CLI-04999,  Auto,2023/10/23,2024/10/22,36000000,1942000,1795000,8.2,Mensual,Asesor comercial,5,Cancelada,27/12/2023,Precio
POL-001637,CLI-01064,Auto,2024/04/06,2023/05/29,27000000,1017000,989000,2.8,Anual, Asesor comercial ,10,Renovada,,
POL-000564,CLI-00615, Vida ,2024-01-07,2025-01-06,648000000,1950000,1824000,6.9,Anual,Corredor,5,Renovada,,
POL-003208,CLI-01694,Auto,17/02/2022,2023-02-17,103000000,3471000,3393000,2.3,Anual,Asesor comercial,10,Cancelada,2022-07-21,Cambio de aseguradora
POL-006226,CLI-04628,Hogar  ,2021-02-08,2022/02/08,89000000,360000,351000,2.7, Semestral ,  Corredor,0,VENCIDA,,
POL-007607,CLI-01700,Auto,02/02/2022,2023-02-02,76000000,3485000,2764000,26.1,Mensual,Web,10,Cancelada,2023-01-22,Precio
POL-006852,CLI-04487,Hogar,2025-01-09,09/01/2026,314000000,1324000,1218000,8.7,Anual,Agencia,10,Activa,,
POL-006544,CLI-04901,Auto  ,07/05/2025,2026-05-07,45000000,1824000,1776000,2.7,Anual,Bancaseguros,0,Activa,,
POL-008306,CLI-02761,Vida,2025-02-04,2026/02/04,248000000,1216000,1186000,2.5,Mensual,Asesor comercial,0,Activa,,
POL-003090,CLI-03883,SALUD,26/01/2022,26/01/2023,144000000,2555000,2507000,1.9,Trimestral  ,Web,5,Renovado,,
POL-004683,CLI-00673,SEGURO DE SALUD,2024-09-16,2025/09/16,127000000,2087000,1654000,26.2,Mensual,Web  ,5, Cancelada ,2025-02-16,Otro
POL-006091,CLI-02605,Auto,2025-06-04,04/06/2026,60000000,2754000,2529000,8.9,MENSUAL,Corredor,5,Activa,,
POL-007428,CLI-02087,  Auto,2024-03-08,2025/03/08,49000000,2220000,2104000,5.5,Mensual  ,Bancaseguros,10,Cancelada,2024-08-27,Venta/pérdida del bien
POL-000982,CLI-01056,Automóvil,10/10/2023,09/10/2024,53000000,,1442000,5.1,Anual,Asesor comercial,5, Renovada ,,
POL-005964,CLI-02628,Auto,18/09/2022,2023-09-18,75000000,3107000,2396000,29.7,Mensual,Agencia,10,CANCELADA,2023/09/18,Precio
POL-002607,CLI-04777,Auto,2025-02-28,28/02/2026,47000000,1745000,1608000,8.5,Mensual,Agencia,10,ACTIVA,,
POL-002171,CLI-02793,Auto,2023-06-27,2024-06-26,97000000,4136000,3770000,9.7,Mensual,AGENCIA,10,Renovada,,
POL-007491,CLI-00305,SEGURO DE SALUD,2025-02-01,01/02/2026,102000000,1878000,1366000,37.5,Semestral,  Web,0,Activa,,
POL-005996,CLI-01417,SALUD,2022-05-10,2023-05-10,73000000,1573000,1514000,3.9, Mensual ,Bancaseguros  ,5,Renovada,,
POL-005986,CLI-03715,Auto,2025-01-22,2026-01-22,43000000,1366000,1306000,4.6,Mensual,Corredor,5,Activa,,
POL-003307,CLI-01627,Vida,24/04/2023,2024/04/23,191000000,940000,931000,1.0,Mensual,Agencia,5,Vencida,,
POL-005997,CLI-02863,AUTO,2024-08-16,16/08/2025,47000000,1803000,1722000,4.7,Anual,Bancaseguros,5,Vencida,,
POL-005843,CLI-00460,Salud,2023-05-23,2024/05/22,101000000,2354000,1947000,20.9,Mensual,Asesor comercial,15,Vencida,,
POL-004426,CLI-01529,Hogar,2021-06-28,2022-06-28,119000000,490000,450000,9.0,Anual,Bancaseguros,5,CANCELADA,2021-09-03,Falta de pago
POL-004630,CLI-03053,Salud,2024-03-10,10/03/2025,208000000,3478000,3312000,5.0,Semestral,Asesor comercial,5,Renovada  ,,
POL-001149,CLI-02264,Auto,23/07/2023,22/07/2024,78000000,3345000,3177000,5.3,semestral, Asesor comercial ,5,Renovada,,
POL-004206,CLI-02888,auto,2021/05/13,2022/05/13,39000000,1670000,1584000,5.4,Mensual,Asesor comercial,5,Cancelada,2022/03/28,PRECIO
POL-006647,CLI-01242,Auto  ,03/04/2024,2025-04-03,,5421000,5243000,3.4,  Anual,Corredor,5,Vencida,,
POL-001755,CLI-04018,Auto,2023/08/07,2024-08-06,35000000,1318000,1068000,23.4,Anual,Bancaseguros,5,Renovada,,
POL-003046,CLI-00858,AUTO,23/02/2023,2024-02-23,51000000,2238000,2205000,1.5,Mensual,Asesor comercial,15,Vencida,,
POL-001145,CLI-02450,Vida,14/01/2024,13/01/2025,464000000,1473000,1400000,5.2,Mensual,Bancaseguros,10,Vencida,,
POL-006836,CLI-00439,VIDA,2021-10-03,2022-10-03,447000000,1312000,1235000,6.2,Anual,Corredor,5,RENOVADA,,
POL-002329,CLI-03308,Hogar,2025-02-16,2026-02-16,231000000,944000,864000,9.3,Anual,Asesor comercial,0,Activa,,
POL-004269,CLI-00794,Auto,2023/03/26,2024-03-25,74000000,2715000,2598000,4.5,Anual,CORREDOR,15,RENOVADA,,
POL-008335,CLI-04890, Vida ,2021-10-08,08/10/2022,216000000,874000,867000,0.8,Anual,Web,10,Renovada,,
POL-002111,CLI-03130,Hogar,23/11/2023,2024-11-22,203000000,719000,695000,3.4,  Anual,Corredor,5,Renovada,,
POL-005048,CLI-00040,Salud,2024-12-26,2025/12/26,143000000,3574000,2693000,32.7,Anual, Bancaseguros ,10,Cancelada,07/09/2025,Precio
POL-005564,CLI-03458,Salud,13/11/2023,12/11/2024,120000000,2191000,1622000,35.1,Trimestral,Asesor comercial,0,Cancelada,2024-02-28,Precio
POL-001459,CLI-01027,Auto,2025-01-31,2026-01-31,22000000,555000,548000,1.3,Anual,Web,5,Activa,,
POL-001890,CLI-05199,Salud,2025-02-11,2026/02/11,116000000,2983000,2863000,4.2,Semestral,Bancaseguros,0,Activa,,
POL-007083,CLI-02509,Vida,18/09/2021,18/09/2022,505000000,1892000,1840000,2.8,Semestral,Web,0,Vencida,,
POL-001315,CLI-00189,Salud,2024-02-08,2025-02-07,89000000,2075000,1937000,7.1,Mensual,Agencia,10,Cancelada,2024-10-16,Cambio de aseguradora
POL-007179,CLI-02951,Salud,2024-10-30,2025-10-30,83000000,1952000,1904000,2.5,Mensual,Bancaseguros,5,Renovada,,
POL-007051,CLI-04347,Vida,2025-04-01,01/04/2026,134000000,518000,382000,35.7,Anual,Web,15,Cancelada,2025-08-28,Precio
POL-008344,CLI-03220,Vida,14/07/2022,2023/07/14,898000000,3642000,3407000,6.9,Semestral,ASESOR COMERCIAL,5,Cancelada,2023-06-22,  Cambio de aseguradora
POL-006622,CLI-00311,Hogar,2023/12/10,2024-12-09,403000000,1622000,1499000,8.2,Mensual,Bancaseguros,5,Vencida,,
POL-005641,CLI-00599,Auto  ,2025-05-05,2026-05-05,25000000,1156000,1139000,1.5,Mensual,Asesor comercial,15,Activa,,
POL-005590,CLI-02023,SALUD,18/07/2023,2024/07/17,168000000,4190000,4267000,-1.8,Semestral  ,Bancaseguros,5,  Cancelada,2024-05-31,Cambio de aseguradora
POL-001230,CLI-03918,Vida,2024-12-16,2025-12-16,237000000,743000,671000,10.8,Mensual,Asesor comercial,10,Renovada,,
POL-007851,CLI-04605, Auto ,INVALID_DATE,2022-07-17,72000000,2282000,2231000,2.3,Trimestral,Bancaseguros,5,Renovada,,
POL-004399,CLI-04565,Vida,2021-12-13,2022-12-13,128000000,415000,410000,1.2,Mensual,Bancaseguros,15,  Renovada,,
POL-005101,CLI-03380,Vida,2022/11/24,2023-11-24,552000000,2125000,2039000,4.2,Trimestral,Asesor comercial,10, Vencida ,,
POL-000042,CLI-01017,  Hogar,16/05/2023,2024-05-15,285000000,1242000,1165000,6.6,Semestral, Web ,5,Renovada,,
POL-007606,CLI-01521,Hogar,2023/05/22,2024-05-21,326000000,1225000,1166000,5.1,Mensual,  Bancaseguros,15,RENOVADA,,
POL-004041,CLI-03013,salud,08/06/2023,2024-06-07,137000000,2688000,2169000,23.9,Mensual,Corredor,15,  Cancelada,2024-06-07,Precio
POL-001411,CLI-00155,Salud,2025-05-13,2026-05-13,53000000,895000,820000,9.1,Anual,Asesor comercial,10,Activa,,
POL-004324,CLI-04487,Hogar,10/01/2025,2026-01-10,234000000,980000,788000,24.4,Mensual,Asesor comercial,0,Cancelada,2025-08-17,Precio
POL-008385,CLI-02459,Vehículo,2023-07-22,2024-07-21,39000000,1786000,1736000,2.9,Mensual,Web,0,Vencida,,
POL-001199,CLI-93353,Auto  ,27/01/2025,27/01/2026,28000000,1565000,1594000,-1.8,Semestral,Asesor comercial,5,Activa,,
POL-006628,CLI-02885,Salud,22/06/2021,2022-06-22,68000000,1266000,1258000,,Anual,ASESOR COMERCIAL,10,Renovada,,
POL-006058,CLI-01083,Salud,2024-02-25,2025-02-24,71000000,0,1294000,9.2,Anual,Agencia,5,RENOVADA,,
POL-005742,cli-00217, Hogar ,2024-02-01,31/01/2025,160000000,686000,638000,,Semestral,Asesor comercial,5,RENOVADA,,
POL-001825,CLI-01645,Salud,02/06/2021,02/06/2022,92000000,2548000,2510000,1.5,Mensual,Web,5,Renovada,,
POL-001874,CLI-04870,Vida,29/01/2022,2023/01/29,96000000,221000,212000,4.0,MENSUAL,Bancaseguros,5,Expirada,,
POL-008128,CLI-03914,Auto  ,2024-07-23,2025-07-23,44000000,1802000,1358000,32.7,Mensual,WEB,10,Renovado,,
POL-007962,CLI-00612,Salud,16/07/2024,2025-07-16,127000000,3396000,3228000,5.2,Semestral,Bancaseguros,10,Renovada,,
POL-001507,CLI-00171,Hogar,2024-12-30,2025-12-30,247000000,1141000,1095000,4.2,Mensual,Corredor,0,Cancelada,2025-08-08,Cambio  de  aseguradora
POL-002291,CLI-03069,Seguro de Vida,2025/05/09,2026/05/09,407000000,1424000,1315000,8.3,Anual,Corredor,15,Activa,,
POL-008057,CLI-01740,Auto,2024-09-12,2025-09-12,101000000,4332000,4122000,5.1,mensual,Bancaseguros,0,Renovada,,
POL-000768,CLI-03412,Hogar,2021-08-13,13/08/2022,160000000,70300000,673000,4.4,Mensual,Corredor,0,Renovada,,
POL-003489,CLI-04678,AUTO,2022-03-25,2023-03-25,96000000,4180000,3881000,7.7,  Anual,Asesor comercial,0,vencida,,
POL-004559,CLI-02787,Salud,2022-10-16,2023/10/16,49000000,1157000,1104000,4.8,Anual,Agencia,5,Renovada,,
POL-007875,CLI-01326,Salud,22/12/2023,21/12/2024,165000000,4357000,4016000,8.5,Trimestral,Web,5,Renovada,,
POL-006546,CLI-00406,Auto,07/02/2024,2025/02/06,106000000,4648000,4535000,,Semestral,Bancaseguros,0,Vencida,,
POL-001488,CLI-01772,VIDA,2024-02-13,2025/02/12,233000000,612000,589000,3.9,Mensual, Asesor comercial ,10,Renovado,,
POL-004745,CLI-03645,Salud,28/03/2023,27/03/2024,95000000,3102000,2971000,4.4,ANUAL, Agencia ,5,RENOVADA,,
POL-002422,CLI-03650,Automóvil,2023-11-23,2024-11-22,92000000,3509000,3049000,15.1,Mensual,Agencia,10,Cancelada,2024/06/26,Precio
POL-004593,CLI-04380,Salud,19/03/2022,2023-03-19,,5185000,5015000,3.4,Trimestral,Agencia,5,Renovada,,
POL-006073,CLI-03036,Auto,2021/01/29,2022/01/29,69000000,2677000,2635000,1.6,Mensual,  Bancaseguros,10,RENOVADA,,
POL-006949,CLI-00336,Auto  ,2023-08-13,12/08/2024,38000000,1757000,1694000,3.7,Mensual,Web,10,Vencida,,
POL-001646,CLI-02368,Auto,24/04/2022,24/04/2023,161000000,6583000,6090000,8.1,Mensual,Asesor comercial,0,VENCIDA,,
POL-001584,CLI-04028,Auto,03/11/2024,03/11/2025,72000000,3237000,2417000,33.9,Mensual,Bancaseguros,10,Cancelada,2025-09-09,Otro
POL-006941,CLI-02445,Hogar,2022-12-21,2023-12-21,69000000,303000,280000,8.4,Mensual,Corredor,0,Cancelada,2023-06-04,Cambio de aseguradora
POL-005753,CLI-02966,Salud,2024/06/26,2025-06-26,107000000,3024000,2824000,7.1,Mensual,WEB,0,Renovada,,
POL-000630,CLI-01251,Salud,2023-04-22,2024-04-21,137000000,2552000,2500000,2.1,Mensual,Corredor,15,Renovado,,
POL-001052,CLI-04125,Salud,12/02/2025,2026-02-12,79000000,1392000,1323000,5.2,Anual,CORREDOR,10,Activa,,
POL-006275,CLI-02125,Auto,2025/02/20,2026-02-20,59000000,2023000,2043000,-1.0,Mensual,Asesor comercial,10,Activa,,
POL-002631,CLI-04099,Hogar,2024-05-26,2025-05-26,129000000,490000,458000,6.9,Anual,Web,15,Renovada,,
POL-004689,CLI-02409,Auto,2025/02/15,2026-02-15,42000000,1631000,1549000,5.3,Mensual,Web,15,Activa,,
POL-004263,CLI-01761,Auto,2024/12/21,2025/12/21,85000000,4086000,3655000,11.8,Trimestral,Asesor comercial,10,Vencida,,
POL-002800,CLI-02716,Auto,2022/06/30,2023-06-30,85000000,4004000,3817000,4.9,Mensual,Bancaseguros,15,Vencida,,
POL-007216,CLI-01906,Auto,2024/09/20,2025/09/20,42000000,0,1669000,8.8, Mensual ,Web,10,Renovado,,
POL-002629,CLI-02701, Auto ,2024/06/13,2025/06/13,65000000,2910000,2677000,,Mensual,Web,5,Renovada,,
POL-003729,CLI-02184,Hogar,29/06/2025,2026-06-29,185000000,748000,680000,10.0,Semestral,Asesor comercial,15,Cancelada,25/11/2025,Falta de pago
POL-006563,CLI-04830,Auto,11/09/2023,2024/09/10,22000000,716000,659000,8.7,Mensual,Agencia,0,Vencida,INVALID_DATE,
POL-007466,CLI-00541,HOGAR,2021/12/22,2022-12-22,,671000,513000,30.8,Mensual,Agencia,0,Cancelada,20/09/2022,Precio
POL-007396,CLI-01640,hogar,2025-02-22,2026-02-22,185000000,694000,514000,34.9,Anual,Asesor comercial,5,Cancelada,2025-10-09,Precio
POL-000260,CLI-03069,salud,04/02/2022,2023/02/04,107000000,2220000,2147000,3.4,Mensual,Agencia,10,Renovada,,
POL-001767,CLI-01654,auto,10/06/2025,2026-06-10,45000000,1535000,1138000,34.9,Semestral,Web,10,  Activa,,
POL-003041,CLI-02009,Auto  ,2024-06-17,2025/06/17,66000000,2481000,2409000,3.0,Trimestral,Asesor comercial,0,Vencida,,
POL-003040,CLI-03957,Vida,29/08/2022,29/08/2023,666000000,2469000,2349000,5.1,Semestral,Bancaseguros  ,0,Renovada,,
POL-008340,CLI-00339,Auto,2023-05-30,2024/05/29,43000000,2037000,1907000,6.8,Anual,Corredor,0,Cancelada,2023-08-01,Falta de pago
POL-001762,CLI-01057,Vida,2023-09-29,2024-09-28,297000000,704000,549000,28.3,Mensual,Bancaseguros,10,Vencida,,
POL-007313,CLI-00037,Salud,2025-04-17,2026/04/17,141000000,3455000,2664000,29.7,Mensual,Bancaseguros,5,Cancelada,21/12/2025, Precio 
POL-005667,CLI-03650,Hogar,21/03/2025,2026-03-21,402000000,1591000,1486000,7.1,Mensual,Corredor,15,  Activa,,
POL-007178,CLI-04407,Auto,2023-10-18,2024-10-17,58000000,2091000,1945000,7.5,Anual,ASESOR COMERCIAL,10,Vencida,,
POL-005408,CLI-02825,Vivienda,2024-04-24,2025-04-24,709000000,2969000,2822000,5.2,ANUAL,Agencia,0,Renovada,,
POL-006727,CLI-00256,Hogar,06/06/2023,05/06/2024,97000000,365000,329000,10.8,Anual,Web,0,Cancelada,16/11/2023,Reclamo rechazado / insatisfacción
POL-000386,CLI-02422,Vida,2023-01-04,2024-01-04,356000000,869000,843000,,Anual,Asesor comercial,5,Vencida,,
POL-002905,CLI-00048,Auto,2023-04-15,14/04/2024,51000000,2416000,1762000,37.1,Mensual  ,asesor comercial,5,CANCELADO,2023/12/27,Venta/pérdida del bien
POL-003888,CLI-01310,Salud,2022/09/16,16/09/2023,193000000,4793000,4573000,4.8,Anual,corredor,10,Renovada,,
POL-002567,CLI-05084,Hogar,2023/03/29,2024-03-28,264000000,1044000,993000,5.1,Anual,Asesor comercial,5,Renovada,,
POL-004740,CLI-04857, Auto ,2021-12-10,2022-12-10,68000000,2509000,2517000,-0.3,TRIMESTRAL,Web,0,Renovada,,
POL-002426,CLI-00784,Auto,2025/05/28,2026-05-28,49000000,1247000,1181000,5.6,Trimestral, Web ,5,Activa,,
POL-004223,CLI-01766,  Salud,,2024-09-20,221000000,,4237000,5.2,Mensual,Agencia,15,Cancelada,2024-05-14,Otro  
POL-003894,CLI-04986,Auto,2022-12-03,03/12/2023,50000000,1989000,1963000,1.3,  Anual,Asesor comercial,0,Renovada,,
POL-004150,CLI-02102,Hogar,05/07/2022,2023-07-05,314000000,1321000,1255000,5.3,Mensual,Web,5,Vencida,,
POL-008304,CLI-00974,AUTO,17/11/2023,2024-11-16,94000000,4348000,4250000,2.3,Mensual,Web,0,Renovada,,
POL-005605,CLI-03707,SALUD,2021-10-31,31/10/2022,72000000,1135000,836000,35.7,Semestral,CORREDOR,0,Vencida,,
POL-006019,CLI-00305,Seguro de Salud,2023-10-06,05/10/2024,95000000,2484000,2324000,6.9,Mensual,Asesor comercial,0,RENOVADA,,
POL-000035,CLI-04378,Auto,2025-01-29,2026-01-29,66000000,1989000,1859000,7.0,Mensual,Web,10,Cancelada,2025-11-15,Otro
POL-005392,CLI-00077, Auto ,01/07/2022,2023/07/01,44000000,1243000,1133000,9.7,Anual,Agencia,0,Cancelada  ,17/03/2023,Cambio de aseguradora
POL-002092,CLI-03894,Salud,28/03/2021,2022-03-28,139000000,,3099000,8.6,  Anual,Agencia,5,Vencida,,
POL-002319,CLI-03136,Auto,2022/05/20,2023/05/20,56000000,2285000,1636000,39.7,Semestral,  Bancaseguros,10,Cancelada,08/05/2023,Precio
POL-002126,CLI-03526,Hogar,01/02/2024,31/01/2025,168000000,668000,656000,1.8,Trimestral,Asesor comercial,5,Renovada  ,,
POL-005601,CLI-03725,Auto,2022-07-15,,47000000,1838000,1791000,2.6,Mensual,web,5,RENOVADA,,
POL-004403,CLI-01744,Salud,2024-01-27,2025/01/26,209000000,4433000,4198000,5.6,Semestral,Agencia,10,Renovada,,
POL-007767,CLI-02355,Salud,2024-05-15,2025-05-15,214000000,5962000,5470000,9.0,Mensual,Asesor comercial,0,Vencida,,
POL-005021,CLI-04144,  Automóvil,2024-11-15,2025/11/15,82000000,3324000,3240000,2.6,Trimestral,Corredor,10,Renovada,,
POL-007473,CLI-02416,Auto,17/01/2023,17/01/2024,156000000,7542000,7197000,4.8,Mensual,Asesor comercial,10,Cancelada,2023-09-01,Falta de pago
POL-000554,CLI-04638,Auto,2023-12-21,2024-12-20,46000000,1809000,1639000,10.4,Mensual,Bancaseguros,15,Renovado,,
POL-002811,CLI-02151,Salud,2024-04-01,2025-04-01,118000000,2999000,2800000,7.1,Semestral,Corredor,15,Renovada,,
POL-006453,CLI-02682,Salud,2024-04-10,10/04/2025,147000000,2967000,2333000,27.2,Semestral,Bancaseguros,15,Cancelada,2025-01-25,Falta de pago
POL-002869,CLI-03224,Auto,2024/12/23,2025-12-23,49000000,176600000,1728000,2.2,Anual,Corredor,15,Renovada,,
POL-002248,CLI-04076,Hogar  ,2022/04/29,2023/04/29,110000000,399000,395000,1.1, Anual ,Agencia,5,Renovada,,
POL-000594,CLI-04068,Auto,2021/08/09,2022-08-09,102000000,3677000,2850000,29.0,Trimestral, Asesor comercial ,0,Renovada,,
POL-001239,CLI-04679,Vida,22/07/2023,,95000000,385000,318000,20.9,Trimestral,Bancaseguros,5,Renovada,,
POL-006098,CLI-02143,Salud,2021/12/23,2022-12-23,105000000,2384000,2253000,5.8,Semestral,Corredor,5,Cancelado,02/05/2022,Precio
POL-007296,CLI-01985,Auto,2024/12/14,14/12/2025,62000000,2501000,2355000,6.2,SEMESTRAL,BANCASEGUROS,5,Renovada,,
POL-006110,CLI-00076,Auto,2022-10-06,2023/10/06,89000000,3012000,2916000,3.3,Mensual,Agencia,5,Vencida,,
POL-006754,CLI-01901,Salud,2022-01-02,2023-01-02,89000000,2171000,2066000,5.1,Mensual,Agencia,10,Renovada,,
POL-002605,CLI-03520,Salud,2025-06-05,2026-06-05,72000000,2145000,2156000,-0.5,Trimestral,Web,0,Activa,,
POL-008039,CLI-05156,Vida,2024/12/26,26/12/2025,134000000,534000,525000,1.7,Trimestral,Agencia,5,Vencida,,
POL-008295,CLI-04942,  Hogar,2023/08/21,2024-08-20,101000000,430000,436000,-1.3,Anual,asesor comercial,10,Renovada,,
POL-007107,CLI-01729,Vida,2023-01-31,2024-01-31,201000000,709000,700000,1.3,Anual,Agencia,10,Vencida,,
POL-006593,CLI-03084,Hogar,2025-02-06,2026-02-06,222000000,768000,661000,16.2,Mensual,Agencia,0,Activa,,
POL-000712,CLI-01691,Auto,2022-11-20,2023-11-20,41000000,1650000,1539000,7.2,Mensual,bancaseguros,10,Renovada,,
POL-003963,CLI-03660,Auto,09/12/2023,2024/12/08,58000000,2271000,2216000,2.5,Anual, Web ,10,Renovada  ,,
POL-002601,CLI-02387,Hogar,04/03/2021,04/03/2022,458000000,1608000,1572000,2.3,Trimestral,Agencia,5,Cancelada,2021/06/26,Falta de pago
POL-006575,CLI-02778,Vida,2025-06-25,2026-06-25,227000000,696000,669000,4.0,Mensual,Bancaseguros,10,Activa  ,,
POL-003051,CLI-02287,Hogar,2023-04-02,2024/04/01,119000000,540000,517000,4.4,Trimestral,Bancaseguros,5,Cancelada,22/02/2024,Precio  
POL-002357,CLI-01636,Salud  ,27/01/2025,2026/01/27,103000000,2379000,2270000,4.8,Semestral,Asesor comercial,15,Activa,,
POL-006827,CLI-01137,Hogar,2022/05/25,2023-05-25,344000000,1212000,1103000,9.9,Anual,Agencia,0,Anulada,24/05/2023,Falta de pago
POL-006757,CLI-00278,Auto,2024-10-22,2025-10-22,74000000,2840000,2677000,6.1,Mensual,Web,10,Renovada,,
POL-002307,CLI-03266,Auto,2023-08-02,01/08/2024,81000000,3741000,3442000,8.7,Trimestral,Agencia,5,Cancelada,09/03/2024,Precio
POL-005133,CLI-03171,Hogar,2021-11-09,09/11/2022,252000000,1010000,997000,1.3,Anual,Asesor comercial,5,Renovada,,
POL-008007,CLI-00058,Salud,2025-05-07,2026/05/07,89000000,1864000,1462000,27.5,Trimestral,Bancaseguros,5,Activa,,
POL-003437,CLI-00549,Auto,27/09/2024,2025-09-27,35000000,1285000,1165000,10.3,Mensual,Asesor comercial,5,Renovada,,
POL-001709,cli-01121,Auto,19/11/2024,2025-11-19,16000000,-483000,441000,9.4,Anual,Asesor comercial,0,Vencida,,
POL-005622,CLI-04046,Salud,2021-06-09,2022-06-09,87000000,1715000,1644000,4.3,Mensual,Corredor,10,Vencida,,
POL-008217,CLI-00344,Auto,2025-05-24,2026-05-24,56000000,1952000,1829000,6.7,Anual,Asesor comercial,15,Activa,,
POL-002098,CLI-01536,Auto,2023-12-25,2024-12-24,56000000,1596000,1460000,9.3,Mensual,Corredor,5,Vencida,,
POL-001424,CLI-02078,Auto  ,2024-11-15,2025/11/15,24000000,627000,598000,4.9,Semestral,Asesor comercial,5,renovada,,
POL-006825,CLI-05126,Salud,2024-03-11,2025-03-11,151000000,2782000,2754000,1.0,mensual,Asesor comercial,10,Renovada,,
POL-004359,CLI-00238,AUTO,2022-04-17,2023-04-17,64000000,2380000,2371000,0.4,Mensual,Agencia,5,Vencida,,
POL-006650,CLI-04174,Salud  ,03/07/2024,2025-07-03,171000000,5267000,5040000,4.5, Anual ,Bancaseguros,15,  Renovada,,
POL-006334,CLI-04451, Salud ,2025/06/15,2026-06-15,89000000,2063000,2015000,2.4,Semestral,Corredor,5,Activa,,
POL-002821,CLI-01594,Auto,2023-07-06,2023/02/11,26000000,962000,901000,6.8,Anual,Asesor comercial,0,RENOVADA,,
POL-005511,CLI-01763,Salud  ,2022-05-06,2023-05-06,313000000,5724000,,3.0,Mensual,Agencia,5,RENOVADA,,
POL-004993,CLI-01399, Auto ,2023-04-03,02/04/2024,79000000,3355000,3257000,3.0,Anual,BANCASEGUROS,5,RENOVADA,,
POL-004340,CLI-01359,Vivienda,INVALID_DATE,21/02/2025,121000000,538000,525000,2.4,MENSUAL,Bancaseguros,0,Vencida,,
POL-000438,CLI-04972,Salud,2023-01-29,,74000000,1589000,1547000,2.7,Anual,Asesor comercial  ,0,Renovada  ,,
POL-006227,CLI-04153,Auto,31/12/2024,2025-12-31,36000000,1273000,1326000,-4.0,Trimestral,Web,10,Expirada,,
POL-002573,CLI-02069,  Salud,14/09/2022,14/09/2023,69000000,1034000,1015000,1.9,Anual,  Asesor comercial,10,cancelada,2023/05/05,Falta de pago
POL-007407,CLI-04039,Salud,2022-01-05,2023-01-05,172000000,3646000,3617000,0.8,Anual,Asesor comercial,15,Cancelada,2022/09/05,Cambio de aseguradora
POL-005616,CLI-01075,Auto,2024-11-22,22/11/2025,75000000,3036000,2933000,3.5,Trimestral  ,Asesor comercial,15,Renovada,,
POL-007184,CLI-02482,Salud,24/05/2025,2026-05-24,154000000,3459000,2939000,17.7,Trimestral,Web,15,Activa,,
POL-008097,CLI-03927,Auto,2022-11-12,2023-11-12,79000000,3301000,2833000,16.5,Anual,Agencia,10,Renovada,,
POL-000771,CLI-01068,Salud,08/12/2024,,67000000,1927000,1633000,18.0,Mensual,Asesor comercial,5,Renovada,,
POL-004920,CLI-05179,Auto,27/05/2025,2026/05/27,41000000,1553000,1441000,7.8,Anual,Bancaseguros,0,Activa,,
POL-008358,CLI-00380,Salud  ,2021/06/30,2022-06-30,603000000,8904000,8345000,6.7,Mensual,Corredor,5,Renovada,,
POL-003421,CLI-02083,Seguro de Vida,2024-08-20,20/08/2025,305000000,866000,686000,26.3,SEMESTRAL,Agencia,5,Cancelada,2024/10/27,Precio
POL-001363,CLI-00051,Salud,2022/05/08,2023-05-08,163000000,3611000,3416000,5.7,  Semestral,ASESOR COMERCIAL,10,Cancelada,2022/12/04,Reclamo rechazado / insatisfacción
POL-007220,CLI-02213,SALUD,2024/03/26,2025/03/26,124000000,3304000,3117000,6.0,Semestral,Corredor,10,Expirada  ,,
POL-008130,CLI-04125,Auto,2022-07-27,27/07/2023,174000000,8057000,7530000,7.0,Mensual,Asesor comercial,10,Renovada,,
POL-005125,CLI-02189,Salud  ,2024-06-12,2025-06-12,224000000,5136000,4836000,6.2,Anual,Asesor comercial,0,Vencida,,
POL-007556,CLI-04093,Auto,2024-04-24,2025/04/24,116000000,4967000,4799000,3.5,Mensual,Agencia,0,Renovada,,
POL-000842,CLI-00160,Vida,2024/05/12,2025-05-12,209000000,713000,692000,3.0,Mensual,Bancaseguros  ,0,Cancelada,2025-04-06,PRECIO
POL-002558,CLI-04073,Salud  ,2024-03-16,16/03/2025,68000000,1523000,1367000,11.4,Trimestral,Asesor comercial,10,Renovada,,
POL-000509,CLI-00309,Auto,05/12/2024,2025-12-05,43000000,1633000,1315000,24.2,Anual,Agencia,15,Renovada,,
POL-003392,CLI-01426, Hogar ,2025-03-08,2026/03/08,160000000,548000,528000,3.8,  Anual,Agencia,15,Activa,,
POL-006190,CLI-03909,Auto,2024-12-16,16/12/2025,51000000,1421000,1321000,7.6,Semestral,Agencia,0,Renovada,,
POL-004134,CLI-03543,VIVIENDA,06/01/2025,06/01/2026,192000000,792000,743000,6.6,Anual,Asesor comercial,15,ACTIVA,,
POL-003332,CLI-03064,Hogar,2023-06-21,2024-06-20,139000000,575000,500000,15.1,Anual,Asesor comercial,0,Cancelada,2024/03/11,Precio
POL-005382,CLI-03928,Salud,29/04/2022,2023-04-29,210000000,4562000,3359000,35.8,Mensual,Agencia,10,Renovada,,
POL-003966,CLI-02531,Auto,2025/03/30,2026-03-30,72000000,3286000,3293000,-0.2,anual,Corredor,15,Activa  ,,
POL-004302,CLI-01926,Auto,27/02/2023,27/02/2024,21000000,799000,773000,3.3,Anual,Bancaseguros,15,  Renovada,,
POL-007920,CLI-05116,Auto,2023-09-05,2024-09-04,41000000,1725000,1560000,10.6,Mensual,Web,10,Renovada,,
POL-008038,CLI-00571,Auto,2021-08-05,2022-08-05,57000000,2881000,2166000,33.0,Anual,Web,10,Renovada,,
POL-005821,CLI-01614,VIDA,2025/05/22,22/05/2026,151000000,481000,450000,6.8,Mensual,Agencia  ,10,Activa,,
POL-003226,CLI-00079,Auto,2023-01-23,2024/01/23,27000000,1057000,975000,8.4,Trimestral,Agencia,5,Renovada,,
POL-001746,CLI-04334,Auto,2024/10/17,2025/10/17,57000000,2220000,2059000,7.8,MENSUAL,Corredor,0,Renovada,,
POL-000330,CLI-03175,Salud,2025-06-12,2026-06-12,116000000,2825000,2759000,2.4,Mensual,Asesor comercial,0,Activa,,
POL-002382,CLI-02488,Salud,2024-09-19,2025-09-19,142000000,3244000,3225000,0.6,Semestral,Corredor,15,RENOVADA,,
POL-006835,CLI-01637,Seguro de Vida,2025/01/25,2026/01/25,197000000,628000,626000,0.3,Mensual,Web,5,Activa,,
POL-001855,CLI-01824,Vida,03/01/2022,2023/01/03,167000000,515000,475000,8.5,Mensual,Bancaseguros,0,Renovado,,
POL-002930,CLI-03838,Salud,08/07/2024,2025-07-08,112000000,3198000,2953000,8.3,  Mensual,Agencia,15,Renovada,,
POL-007841,CLI-01676,Hogar,15/08/2023,2024-08-14,110000000,415000,367000,13.0,MENSUAL,Agencia,5,Cancelada,2024/07/27,Falta de pago
POL-001215,CLI-02168,Auto,2021-07-09,2022-07-09,96000000,4907000,4489000,9.3,Mensual,Corredor,0,Renovada,,
POL-004959,CLI-01818,Vida,19/02/2024,2025/02/18,622000000,2727000,2219000,22.9,Mensual,Corredor,5, Renovada ,,
POL-001378,CLI-01472,Auto,01/01/2023,2024-01-01,49000000,2338000,1782000,31.2,Semestral,Asesor comercial,0,Cancelada,09/11/2023,Precio
POL-003585,CLI-03631,Auto,2023-08-05,2024-08-04,57000000,2128000,1590000,33.8,Semestral,Asesor comercial,5,Expirada,,
POL-002162,CLI-01768,Auto,2025-03-08,2026-03-08,57000000,2185000,2042000,7.0,Semestral,Asesor comercial,5,Activa,,
POL-007118,CLI-03741,Salud,2022/03/23,2023-03-23,75000000,1404000,1345000,4.4,Mensual,Bancaseguros,5,Vencida,,
POL-008328,CLI-01754,Salud,06/09/2024,2025-09-06,170000000,3770000,3685000,2.3,Anual,Agencia,15,Renovada,,
POL-008187,CLI-04647,AUTO,2021-05-10,10/05/2022,44000000,1367000,1336000,2.3,Anual,Agencia  ,0,Renovada,,
POL-002232,CLI-01516,Vida,07/02/2024,06/02/2025,222000000,763000,742000,2.8,SEMESTRAL,Asesor comercial,10,Vencida,,
POL-003072,CLI-00023,  Auto,2021-02-15,15/02/2022,140000000,6217000,6168000,0.8,Trimestral,Asesor comercial,10,renovada,,
POL-003533,CLI-03462,Hogar,15/07/2022,2023-07-15,627000000,2853000,2186000,30.5,Mensual, Asesor comercial ,10,Cancelada,2022/09/09,Precio
POL-004772,CLI-04068,Auto,2023-11-28,27/11/2024,41000000,1643000,1651000,-0.5,Mensual,Bancaseguros,0,Renovada,,
POL-000880,CLI-03009,Salud,2025-05-07,2026-05-07,216000000,4650000,4220000,10.2,Anual,Bancaseguros,0,Activa,,
POL-005586,CLI-01944,Vida,2024-08-12,2025-08-12,489000000,1694000,1539000,10.1,Mensual,Asesor comercial,5,Renovada,,
POL-008089,CLI-00032,Salud,08/08/2024,08/08/2025,293000000,8782000,9129000,-3.8,Mensual,Bancaseguros,10,Renovada,,
POL-000353,CLI-05099,Vida,2024-11-01,2025/11/01,716000000,1779000,1588000,12.0,Semestral,Agencia,10,Vencida,,
POL-002391,CLI-01433,Salud,26/06/2025,2026-06-26,167000000,3967000,3169000,25.2,  Mensual,WEB,5,Activa,,
POL-002161,CLI-04956, Hogar ,03/04/2025,03/04/2026,259000000,909000,850000,6.9,Mensual,Corredor,10,Activa,,
POL-002215,CLI-00751,Auto,12/06/2024,2025-06-12,53000000,1158000,1084000,6.8,Trimestral,  Asesor comercial,5,Renovada,,
POL-001345,CLI-01948,Salud,2021-10-07,07/10/2022,219000000,4382000,4084000,7.3,Trimestral,Asesor comercial,5,Renovada,,
POL-000804,CLI-02195,Auto,13/01/2025,2026-01-13,35000000,1080000,1080000,-0.0,ANUAL,Web,5,Activa,,
POL-005958,CLI-02019,Vida,2021-07-21,2022-07-21,486000000,1930000,1596000,20.9,Mensual,Asesor comercial,0,Renovada,,
POL-001079,CLI-03460,SALUD,2023-03-28,2024/03/27,101000000,2228000,1996000,11.6,Mensual,Asesor comercial,15,Renovada,,
POL-007467,CLI-03344,AUTO,01/08/2023,31/07/2024,55000000,2176000,2100000,3.6,Mensual,Bancaseguros,10,Renovada,,
POL-004167,CLI-03442,SEGURO DE SALUD,2025/06/29,2026-06-29,260000000,4858000,4523000,7.4,MENSUAL,Asesor comercial,5,ACTIVA,,
POL-008032,CLI-02459,vida,2023-09-10,2024/09/09,,2306000,2301000,0.2,Anual,  Bancaseguros,0,Renovada,,
POL-002109,CLI-05108,Salud,,2026-05-30,149000000,2686000,2529000,6.2,Trimestral,  Asesor comercial,10,ACTIVA,,
POL-003021,CLI-04527,Auto,2023-06-26,25/06/2024,84000000,3015000,2339000,28.9,Mensual,Asesor comercial,15,Renovada,,
POL-002404,CLI-01387,Auto,2024-10-08,2025-10-08,42000000,1273000,978000,30.1,Semestral,Corredor,5,Vencida,,
POL-001403,CLI-00149,Vida,15/06/2025,2026/06/15,739000000,2816000,2114000,33.2,Anual,Web,0,Activa,,
POL-004194,CLI-04405,Salud  ,2021-01-14,2022-01-14,35000000,568000,517000,9.9,Anual,Asesor comercial,0,Renovada,,
POL-004014,CLI-03474, Hogar ,2025-03-16,16/03/2026,261000000,1180000,1111000,6.2,SEMESTRAL,Corredor,10,Activa,,
POL-003704,CLI-02901,Vida,01/03/2023,2024-02-29,505000000,1666000,1395000,19.4,Semestral,CORREDOR,5,VENCIDA,,
POL-007822,CLI-03138,Hogar,2023/08/21,2024-08-20,164000000,595000,545000,9.1,Mensual,ASESOR COMERCIAL,10,Renovada,,
POL-006900,CLI-00615,Auto,2025-02-08,08/02/2026,54000000,1854000,1751000,5.9,Anual,Asesor comercial,15,Activa,,
POL-000759,CLI-02220, Vida ,2021/03/14,2022/03/14,707000000,2377000,2189000,8.6,Mensual  ,Agencia,5,Renovada,,
POL-008339,CLI-02250,Auto  ,2024-08-02,,21000000,673000,653000,3.1,Mensual,Bancaseguros,10,Renovada,,
POL-001954,CLI-02931,Auto,13/02/2021,13/02/2022,52000000,2080000,1626000,27.9,Trimestral,web,5,Renovada,,
POL-004422,CLI-00402,Auto,12/06/2024,2025-06-12,99000000,3585000,3414000,5.0,Anual,  Asesor comercial,0,Renovada,,
POL-004096,CLI-04689,Auto,22/06/2024,2025-06-22,82000000,4052000,3188000,27.1,Anual,Corredor,10,Cancelada,2025-01-14,Precio
POL-005978,CLI-03629,Auto,2021/01/24,2022-01-24,68000000,2503000,2386000,4.9,Mensual,Corredor,15,Renovada,,
POL-001969,CLI-02283,Salud,2023-08-14,2024-08-13,77000000,2354000,2236000,5.3,Mensual,Agencia,0,Renovada,,
POL-003847,CLI-01888,Auto,2024-09-20,2025/09/20,109000000,3995000,4077000,-2.0,Semestral,Asesor comercial,0,Renovada,,
POL-006947,CLI-02669,Hogar,2024-11-22,11/04/2024,177000000,776000,713000,8.8,Semestral,Asesor comercial,5,Renovada,,
POL-004785,CLI-05063,Auto,2025-04-28,28/04/2026,51000000,1851000,,0.4,Anual,Asesor comercial,5,Activa,,
POL-008185,CLI-01307,salud,2024-08-11,11/08/2025,41000000,661000,661000,-0.0,Mensual,Agencia,0,Vencida,,
POL-008174,CLI-00586,Hogar,2022-09-24,24/09/2023,568000000,2363000,1971000,19.9,Anual  ,Agencia,5, Renovada ,,
POL-004143,CLI-02050,Salud,27/04/2022,2023-04-27,83000000,2198000,1984000,10.8,Anual,Corredor,10,Cancelada,2022/10/21,Reclamo rechazado / insatisfacción
POL-004737,CLI-03233,  Auto,29/11/2023,28/11/2024,46000000,1918000,1799000,6.6,Mensual,Agencia  ,5,Renovado,,
POL-003065,CLI-02228,Auto,INVALID_DATE,2022/09/17,38000000,1532000,1546000,-0.9,Anual,Agencia,10,Renovada,,
POL-000244,CLI-02141,Salud,2021-11-02,2022/11/02,58000000,1119000,1087000,2.9,Anual,Agencia,5,Renovada,,
POL-002979,CLI-02052,Salud,2022-06-02,2023-06-02,51000000,835000,804000,3.8,Mensual,Bancaseguros,0,Renovada,,
POL-001992,CLI-04313,Salud,2025-03-06,2026-03-06,108000000,2208000,2095000,5.4,ANUAL,Asesor comercial,0,Activa,,
POL-005703,CLI-02854,Seguro de Salud,2022/05/09,2023-05-09,69000000,1167000,1066000,9.5,Mensual,Bancaseguros,10,Vencida,,
POL-001990,CLI-00367,Auto,2021-11-03,03/11/2022,28000000,940000,935000,0.5,Mensual,Web,0,Renovada,,
POL-004538,CLI-00448,Auto,2024-05-12,INVALID_DATE,68000000,2439000,2279000,7.0,Anual,Agencia,5,Vencida,,
POL-001387,CLI-03216,  Auto,15/11/2023,14/11/2024,197000000,7677000,7375000,4.1,Mensual,Asesor comercial,0,Renovada,,
POL-007231,CLI-01795,Auto,2022/06/09,2023-06-09,98000000,3813000,3178000,20.0,Anual,Agencia,0,Cancelado,01/04/2023,Precio
POL-000322,CLI-04302,Salud,2021-11-23,2022-11-23,108000000,3471000,3360000,3.3,Anual,Asesor comercial,15, Cancelada ,2022/08/12,  Cambio de aseguradora
POL-003383,CLI-03231,Vida,2023/08/07,2024-08-06,160000000,557000,431000,29.3,Trimestral,Corredor,0,  Vencida,INVALID_DATE,
POL-001042,CLI-03466,Auto  ,23/08/2022,23/08/2023,60000000,3040000,2992000,1.6,Mensual,Corredor,15,Vencida,,
POL-006829,CLI-03050,Seguro de Vida,2025/06/24,2026-06-24,120000000,579000,565000,2.4,Anual,Corredor,15,Activa,,
POL-005607,CLI-04100,AUTO,2025/05/04,2026-05-04,34000000,1612000,1561000,3.3,MENSUAL,Agencia,5,Activa,,
POL-005778,CLI-04988,Hogar,2022-09-12,2023-09-12,166000000,618000,572000,8.1,Trimestral,Asesor comercial,0,Renovada,,
POL-004205,CLI-02886,Salud,2021-10-10,10/10/2022,79000000,2240000,2173000,3.1,Anual,Asesor comercial,0,Renovada,,
POL-003783,CLI-00956,Seguro de Salud,2023-10-12,11/10/2024,109000000,3077000,2207000,39.4,mensual,Asesor comercial,5,CANCELADA,07/04/2024,Precio
POL-006040,CLI-02398,Salud,2021/04/11,2022-04-11,97000000,2357000,2395000,-1.6,Trimestral,Asesor comercial,10,Vencida,,
POL-003156,CLI-02221,Vida,2022-04-14,2023-04-14,197000000,904000,871000,3.8,Anual,Bancaseguros,10,Renovada,,
POL-003929,CLI-00332,Hogar,2025-01-31,2026-01-31,144000000,,459000,32.0,  Trimestral,Corredor,5,Cancelada,2025/11/14,Precio
POL-005779,CLI-04216,Salud,15/12/2024,2025/12/15,256000000,4273000,4252000,0.5,Mensual,Asesor comercial,15,Renovada,,
POL-003193,CLI-04505,  Vida,2022/07/11,2023-07-11,380000000,1202000,1159000,3.7,Mensual,Asesor comercial,10,Renovada,,
POL-007990,CLI-02452,Salud,03/12/2022,03/12/2023,211000000,4849000,4102000,18.2,Trimestral,Agencia,0,Cancelada,13/01/2023, Precio 
POL-001666,CLI-04223,  Salud,2023-11-14,13/11/2024,177000000,5852000,5414000,8.1,Anual,Corredor,10, Renovada ,,
POL-002972,CLI-03069,AUTO,2024-06-23,2025-06-23,36000000,1404000,1325000,6.0,Anual,Corredor,5,RENOVADA,INVALID_DATE,
POL-007775,CLI-02525,Auto,2023-04-15,2024/04/14,59000000,2912000,2811000,3.6,Anual,Asesor comercial,0, Renovada ,,
POL-006049,CLI-04200,Auto,06/10/2021,2022/10/06,34000000,1330000,979000,35.8,Semestral,agencia,0,Vencida,,
POL-004306,CLI-03108,salud,25/11/2022,2023-11-25,154000000,3492000,2942000,18.7,Trimestral,Bancaseguros,15, Cancelada ,23/10/2023,Precio
POL-006434,CLI-00167,Hogar,2022-04-11,2023/04/11,486000000,1889000,1968000,-4.0,Anual,Asesor comercial,15,Renovada,,
POL-006421,CLI-03011,Salud,2021-07-06,2022-07-06,59000000,1303000,1155000,12.8,Anual,Agencia,0,Renovada  ,,
POL-007378,CLI-01819,salud,2025-05-04,2026-05-04,171000000,3013000,2886000,4.4, Trimestral ,Web,0,Cancelada,2025-12-31,Cambio de aseguradora
POL-002586,CLI-04446,Salud,2023-03-23,2024/03/22,72000000,1675000,,1.7,Mensual,Asesor comercial,15,Renovado,,
POL-007488,CLI-03624,Auto,INVALID_DATE,2026-03-04,69000000,3369000,3052000,10.4,Mensual,Asesor comercial,0,Activa,,
POL-005361,CLI-03225,Vida,2025/02/06,2026-02-06,101000000,369000,350000,5.5,Anual,Asesor comercial,10,Activa,,
POL-003358,CLI-04535,Salud,2024-08-06,06/08/2025,183000000,5443000,4912000,10.8,  Anual,Bancaseguros,10,CANCELADA,2025-05-06,Precio
POL-004718,CLI-04482,  Salud,13/02/2023,13/02/2024,98000000,,1838000,8.9,Mensual,Corredor,5,Vencida,INVALID_DATE,
POL-003805,CLI-04892, Salud ,2024/06/19,2025/06/19,120000000,2528000,1813000,39.4,Semestral,Asesor comercial,10, Vencida ,,
POL-002931,CLI-04483,Seguro de Salud,,2023/08/03,242000000,3071000,3071000,0.0,Mensual,web,5,Renovada,,
POL-005546,CLI-05038,Hogar,,23/05/2023,125000000,430000,416000,3.4,Anual,Corredor,10,renovada,,
POL-006469,CLI-03550,Auto,2024-07-07,07/07/2025,112000000,5177000,5016000,3.2,Anual,Agencia,15,Vencida,,
POL-006013,CLI-02055,vida,30/04/2025,2026/04/30,185000000,564000,542000,4.0,Semestral,agencia,5,Activa,,
POL-004065,CLI-04278,Auto,07/06/2025,07/06/2026,63000000,3379000,2533000,33.4,Anual,Agencia,10,Vigente,,
POL-002610,CLI-04959,SALUD,2025/04/11,11/04/2026,233000000,4310000,3300000,30.6,Anual,Corredor,5, Cancelada ,2025-12-31,Precio
POL-007247,CLI-02073,Hogar,2022-11-26,2023/11/26,206000000,766000,548000,39.7,Trimestral,Asesor comercial,5,Renovado,,
POL-008252,CLI-01142,Salud,2022/04/23,23/04/2023,99000000,2963000,2119000,39.8,Trimestral,Agencia,10,Expirada,,
POL-008017,CLI-00859,Auto,2025-03-08,2026-03-08,43000000,2322000,1766000,31.5,Semestral,Agencia,10,Cancelada,2025-08-03,Precio
POL-000115,CLI-97874,Seguro Hogar,2024-04-21,2025-04-21,383000000,1786000,1354000,31.9,TRIMESTRAL,Agencia,0,Renovada,,
POL-006279,CLI-02994,Vida,2022-03-14,14/03/2023,209000000,864000,719000,20.1,ANUAL,Web,15,Cancelada,2022-08-05,Precio
POL-006241,CLI-03693,Auto,2023-11-10,09/11/2024,21000000,1004000,900000,11.6,Mensual,Asesor comercial,5,Expirada,,
POL-003247,CLI-01641,Hogar,INVALID_DATE,2026/05/29,195000000,906000,849000,6.7,Mensual,Agencia,10,CANCELADA,2025-08-28,Precio
POL-002207,CLI-03662,Salud,2025/04/28,2026-04-28,153000000,3146000,3069000,2.5,Anual,Corredor,15,Cancelada,2025-11-28,RECLAMO RECHAZADO / INSATISFACCIÓN
POL-006255,CLI-00656,Auto,02/10/2023,01/10/2024,40000000,1272000,1068000,19.1,Anual,Corredor,5,CANCELADA,12/05/2024,Precio
POL-003586,CLI-03901,Hogar,18/03/2025,18/03/2026,117000000,495000,463000,6.9,MENSUAL,Agencia,5,  Activa,,
POL-005284,CLI-02710,Vida,2024-04-25,2025/04/25,335000000,1059000,1000000,5.9,Trimestral,Bancaseguros,15,Renovada,,
POL-000099,CLI-00517,Vida,,2024-01-07,347000000,1169000,1159000,0.9,Mensual,Asesor comercial,10, Renovada ,,
POL-005153,CLI-03150,Salud,2025/04/25,2026-04-25,327000000,8781000,8484000,3.5,Anual,Web,15,activa,,
POL-007233,CLI-03894,vida,2021-11-04,04/11/2022,124000000,420000,415000,1.1,Anual,Web,5,  Renovada,,
POL-003736,CLI-02430,  Hogar,2022-02-13,13/02/2023,249000000,1042000,970000,7.4,Mensual,Asesor comercial,5,Cancelada,10/05/2022,Otro
POL-000049,CLI-04505,  Auto,2022-05-31,2023-05-31,72000000,3405000,3303000,3.1,Mensual,Corredor,10,Renovada,,
POL-006771,CLI-00298,Vida,2024/12/12,2025-12-12,,576000,541000,6.4,Anual,Bancaseguros,5,Renovada,,
POL-000134,CLI-04487, Automóvil ,2022-04-25,25/04/2023,25000000,1056000,877000,20.4,Mensual  ,Web,0, Renovada ,,
POL-001613,CLI-01579,Auto,13/03/2024,13/03/2025,44000000,1522000,1513000,0.6,ANUAL,asesor comercial,0,Cancelada,28/02/2025,Venta/pérdida del bien
POL-003538,CLI-03644,Auto,2024-11-09,2025/11/09,35000000,1475000,1439000,2.5,Mensual,Web,10, Cancelada ,26/05/2025,Precio
POL-004736,CLI-01501,Auto,22/11/2024,2025/11/22,90000000,4446000,4234000,5.0,Mensual,Agencia,15,Vencida,,
POL-000978,CLI-04456,Hogar,2024/06/29,2025-06-29,138000000,650000,611000,6.3,Mensual,Corredor,5,Cancelada,2024/11/06,Precio  
POL-004863,CLI-04134, Auto ,2021-04-30,2022-04-30,78000000,3234000,3224000,0.3, Mensual ,Web,15,Renovada,,
POL-005838,CLI-02351,Hogar,2022-04-22,22/04/2023,609000000,2461000,2420000,1.7,Anual,Asesor comercial,10,Renovada,,
POL-007864,CLI-03207,AUTO,13/02/2024,2025/02/12,25000000,910000,899000,1.2, Mensual ,Web,0,Renovada,,
POL-004097,CLI-04001,Salud,2021/03/15,2022-03-15,239000000,4475000,4050000,10.5,Trimestral,Web,5,Renovada,,
POL-005729,CLI-03106,Hogar,2025-01-02,2026-01-02,218000000,924000,900000,2.7,Trimestral,Agencia,5,ACTIVA,,
POL-003721,CLI-03317,VIDA,2024-05-06,2025/05/06,412000000,1579000,1177000,34.1,Mensual,Corredor,5,Cancelada,16/03/2025,CAMBIO DE ASEGURADORA
POL-002377,CLI-00412,Auto,2022-04-07,2023/04/07,34000000,1491000,1491000,0.0,Mensual,Asesor comercial,0,Vencida,,
POL-001015,CLI-03057, Auto ,2024/03/20,2025/03/20,146000000,8693000,8255000,5.3,Semestral,Agencia,0,Renovada  ,,
POL-008324,CLI-03164,Auto,2021-11-10,10/11/2022,28000000,1124000,1132000,-0.7,Mensual,Web,10,Renovada,,
POL-006566,CLI-02918,Auto,31/10/2024,31/10/2025,36000000,1802000,1705000,5.7,ANUAL,Web,15,Renovada,,
POL-005881,CLI-04637,Vida,2022/07/13,2023-07-13,688000000,2035000,1955000,4.1,Semestral,Bancaseguros,10,Renovada,,
POL-000090,CLI-05132,Hogar,2022/07/05,2023-07-05,574000000,2469000,2494000,-1.0,Trimestral,Agencia,10,Vencida,,
POL-004859,CLI-00070,Salud,29/04/2023,2024/04/28,141000000,3169000,3047000,4.0,Mensual,Web,5,VENCIDA,,
POL-005439,CLI-02145,Auto,24/03/2023,2024-03-23,103000000,4667000,4616000,1.1,Anual,Bancaseguros,10,Renovada,,
POL-002642,CLI-02317,Auto  ,2024-07-26,2025-07-26,103000000,3360000,3131000,7.3,Anual,Corredor,10,Vencida,,
POL-005389,CLI-01208,Salud,2024-11-07,2025/11/07,76000000,1398000,1331000,5.0,Mensual,Asesor comercial,0,Renovada,,
POL-006432,CLI-00706,Vida,14/06/2022,2023/06/14,160000000,425000,386000,10.0,Anual,Asesor comercial,10,Renovada,,
POL-001434,CLI-00142,Auto,2024-11-08,2025/11/08,25000000,760000,752000,1.0,Trimestral,Agencia,10,Renovada,,
POL-007303,CLI-04610,Auto,2022/07/27,2023-07-27,75000000,3026000,2841000,6.5,Anual,Agencia,0,Renovada,,
POL-003640,CLI-04436,Salud,2024/12/20,2025/12/20,256000000,7661000,7746000,-1.1,Anual,Asesor comercial,5,Cancelada,2025-12-14,Reclamo rechazado / insatisfacción
POL-003695,CLI-04739,Vida,2022-04-15,2023-04-15,353000000,1282000,1233000,4.0,Mensual,Asesor comercial,5,Vencida,,
POL-004895,CLI-03855,Hogar,2024-10-12,2025-10-12,345000000,1426000,1333000,7.0,Mensual,Bancaseguros,10,Vencida,,
POL-005108,CLI-00047,Auto,2022/03/24,24/03/2023,88000000,352500000,3597000,-2.0,Anual,Corredor  ,5,renovada,,
POL-004226,CLI-03649,Hogar,2024-09-28,,94000000,349000,313000,11.6,Mensual,Asesor comercial,5,renovada,,
POL-005998,CLI-04767,Auto,2021/10/24,24/10/2022,71000000,2740000,2573000,6.5,Anual,Asesor comercial  ,10,Renovada,,
POL-004300,CLI-02916,Auto,2025/04/24,2026-04-24,59000000,1888000,1350000,39.9,Mensual,Web,0,Cancelada,23/10/2025,Venta/pérdida del bien
POL-004697,CLI-02216,Auto,2024-11-06,2025-11-06,51000000,2074000,2043000,1.5,Mensual,Agencia,0,Renovada,,
POL-006811,CLI-00498,Auto,02/06/2022,2023-06-02,36000000,920000,879000,4.7,Semestral,Corredor,0,Vencida,,
POL-002449,CLI-01631,Salud,19/06/2025,2026-06-19,89000000,1743000,1271000,37.1,Anual,Corredor,5,Cancelado,31/12/2025,Falta de pago
POL-002425,CLI-02681,Auto,2024/12/14,2025-12-14,63000000,2612000,2551000,2.4,Anual,  Web,10,Renovada,,
POL-004437,CLI-01585,Auto  ,2023/11/07,2024/11/06,70000000,2075000,1780000,16.6,Semestral,Web,15,Vencida,,
POL-007538,CLI-04666,Automóvil,2025-03-09,2026-03-09,63000000,3420000,3170000,7.9,Anual,Corredor  ,5,Activa  ,,
POL-003232,CLI-00546,Salud,2025/04/30,2026-04-30,260000000,5742000,5448000,5.4,Mensual,Web,5,Activa,,
POL-001482,CLI-04060,Salud,2024-07-03,2025-07-03,207000000,4418000,4302000,2.7,Mensual,Asesor comercial,5, Vencida ,,
POL-005300,CLI-02739,  Auto,13/03/2023,12/03/2024,52000000,2898000,2671000,8.5,Anual,Agencia,0,Vencida,,
POL-007074,CLI-00943,Auto,2025-04-23,23/04/2026,53000000,2340000,2191000,6.8,Anual,Bancaseguros,5,Activa,,
POL-006137,CLI-01610,Auto,2022-06-25,25/06/2023,83000000,3069000,2860000,7.3,  Trimestral,Bancaseguros,5,Renovada,,
POL-005773,CLI-05062,Hogar,2024-08-25,2025-08-25,135000000,584000,585000,-0.2,Trimestral,Bancaseguros,10,Expirada,,
POL-002230,CLI-00711,Salud,2025-03-01,2026/03/01,125000000,2770000,2110000,31.3,Trimestral  ,Agencia,10,Cancelada,2025-11-14,Reclamo rechazado / insatisfacción
POL-005278,CLI-00008,Auto,2024/09/16,2025-09-16,41000000,1397000,1265000,10.4,Trimestral,Web,5,Cancelada,28/01/2025,  Venta/pérdida del bien
POL-000404,CLI-02205,Auto,03/07/2023,2024-07-02,57000000,3220000,3191000,0.9,Mensual,Agencia,15,Cancelada,2024/05/22,Precio
POL-004258,CLI-02363,VIDA,2022/10/30,30/10/2023,275000000,934000,692000,35.0,Anual,Corredor,0,Renovada,,
POL-007768,CLI-01487,Salud,12/04/2024,2025/04/12,285000000,5346000,4167000,28.3,Mensual,Bancaseguros,5,Renovada,,
POL-006353,CLI-00119,Auto,2022/06/29,2023/06/29,20000000,794000,772000,2.8,Mensual,Agencia,10,Renovada,,
POL-006720,CLI-01254, Auto ,25/10/2021,2022-10-25,50000000,1428000,1350000,5.8,Semestral,Asesor  comercial,5,Vencida,,
POL-000964,CLI-00716,auto,2024-12-24,24/12/2025,80000000,3740000,3617000,3.4,Trimestral,ASESOR COMERCIAL,5,Renovada,,
POL-004105,CLI-03704,Salud,2021-03-19,2022-03-19,195000000,3688000,2830000,30.3,Anual,Agencia,10,Cancelada,26/10/2021,Precio
POL-003486,CLI-05067,salud,2023/10/19,18/10/2024,72000000,1527000,1108000,37.8,Mensual,Agencia,5,Cancelada  ,2024-05-14,Venta/pérdida del bien
POL-003548,CLI-02402,Auto,2025-05-09,09/05/2026,53000000,2600000,2446000,6.3,Anual,Corredor,10,activa,,
POL-004946,CLI-04263,Vida  ,2025-04-28,28/04/2026,293000000,1540000,1397000,10.2,Mensual,Web,0,Activa,,
POL-005347,CLI-00226,SALUD,2023-09-30,2024-09-29,102000000,2609000,2441000,6.9,Mensual,Asesor comercial,10,Renovada,,
POL-008210,CLI-01428,Seguro de Salud,2021-10-12,12/10/2022,44000000,1178000,1108000,6.3,Anual,Corredor,5,Renovada,,
POL-000831,CLI-02256,  Salud,2025-05-24,24/05/2026,82000000,1652000,1642000,0.6,Mensual,Asesor comercial,10,Activa,,
POL-006071,CLI-02296,Salud,22/02/2023,2024-02-22,118000000,2296000,1759000,30.5,Trimestral,Asesor comercial,0,Renovada,,
POL-000543,CLI-02438,Vida,2021/05/05,2022-05-05,493000000,1725000,1268000,36.0,Mensual,Agencia,0,RENOVADA,,
POL-002726,CLI-02585,Salud,20/08/2022,2023-08-20,53000000,1438000,1212000,18.6,Anual,ASESOR COMERCIAL,0,Renovada,,
POL-000568,CLI-04669,Auto,2023/10/12,11/10/2024,45000000,1830000,1828000,0.1,Semestral,Asesor  comercial,0,  Renovada,,
POL-008104,CLI-01099,Vida,2024-07-25,2025-07-25,240000000,787000,748000,5.2,Mensual,Agencia,0,Vencida,,
POL-002205,CLI-04480,Salud,02/12/2024,02/12/2025,141000000,2868000,2815000,1.9,Trimestral,Asesor comercial,0,Renovada,,
POL-001600,CLI-00841,Auto,2024-08-31,2025/08/31,156000000,6600000,4867000,35.6,Semestral,Asesor comercial,5,Renovada,,
POL-005076,CLI-03889,Salud,2022-08-23,23/08/2023,211000000,5873000,5583000,5.2,Mensual,Web,5,Cancelada,19/04/2023,Cambio de aseguradora
POL-002501,CLI-04187,Hogar,10/01/2023,2024-01-10,687000000,2671000,2389000,11.8,Anual,Web,15,Vencida,,
POL-007497,CLI-03655,AUTO,01/05/2025,2026-05-01,35000000,1474000,,5.2,Mensual,Asesor comercial,10,Activa,,
POL-004352,CLI-00111,Auto,04/09/2023,2024/09/03,33000000,1536000,1184000,29.7,Semestral,Agencia,10,Cancelada,2024-03-29,Venta/pérdida del bien  
POL-001512,CLI-00759,Hogar,2023-03-28,27/03/2024,153000000,629000,526000,19.6,Anual,Asesor comercial,0,Cancelada,18/09/2023,Precio
POL-003160,CLI-03931,Salud,2023-07-01,2024-06-30,90000000,1952000,1789000,9.1,Mensual,Web,0,Anulada,2024-02-20,Precio
POL-004277,CLI-03276,Auto,2022-08-10,2023/08/10,78000000,2762000,2586000,6.8,Mensual,BANCASEGUROS,15,Renovada,,
POL-004084,CLI-01733,Salud,2025/03/26,26/03/2026,134000000,3202000,2570000,24.6,Mensual,Asesor comercial,5,ACTIVA,,
POL-006712,CLI-04735,Vida,2025/05/24,2026/05/24,607000000,1662000,1210000,37.4,Anual,Bancaseguros,0,Cancelada  ,20/11/2025,Falta de pago
POL-000478,CLI-03857,Auto,04/10/2022,2023-10-04,51000000,1904000,1490000,27.8,Anual,Bancaseguros,10,Cancelada,2023-02-01,Precio
POL-006260,CLI-01662,AUTO,27/05/2021,27/05/2022,56000000,2425000,2329000,4.1,Mensual,Asesor comercial,15,Renovada,,
POL-002680,CLI-03017,Automóvil,20/05/2025,2026/05/20,63000000,2272000,2168000,4.8,Mensual,Agencia,15,Activa,,
POL-005294,CLI-01517,HOGAR,2025/02/27,27/02/2026,104000000,348000,315000,10.6,Trimestral,Asesor comercial,5,Activa,,
POL-002547,CLI-04541,Auto,31/01/2021,2022-01-31,34000000,1014000,830000,22.2,Trimestral,Web,5,Cancelada,02/09/2021,Otro
POL-003117,CLI-04731,Hogar,29/09/2021,29/09/2022,305000000,1060000,1023000,3.6,Anual,Corredor,10,Cancelado,2022-08-22,Falta de pago
POL-007593,CLI-02142,Auto,19/04/2024,2025/04/19,74000000,3062000,2822000,8.5,Anual,  Asesor comercial,0,Cancelada,2024/12/31,Reclamo rechazado / insatisfacción
POL-005772,CLI-04201,Vida,2024/01/11,2025/01/10,377000000,1036000,950000,9.0,Mensual,ASESOR COMERCIAL,5,Renovada,,
POL-005059,CLI-02558,Salud,2024/10/10,2025-10-10,61000000,1452000,1367000,6.2,Mensual,Asesor comercial,10,Vencida,,
POL-004133,CLI-01748,Auto,2023/05/09,2024-05-08,92000000,3400000,2785000,22.1,Anual,Asesor comercial,15,Cancelada,01/01/2024,Otro
POL-005462,CLI-01767,  Auto,2021-10-13,13/10/2022,59000000,2264000,2280000,-0.7,Mensual,Asesor comercial,5,VENCIDA,,
POL-004855,CLI-03946,Auto,08/10/2024,08/10/2025,73000000,1854000,1811000,2.4,Trimestral,Bancaseguros,5,Renovada  ,,
POL-000258,CLI-05073,auto,2024-02-13,2025-02-12,29000000,1075000,907000,18.5,Semestral,Web,5,Cancelada,08/11/2024,Cambio de aseguradora
POL-001469,CLI-01502,Auto,2022/06/20,20/06/2023,65000000,3191000,2944000,8.4,Anual  ,Asesor comercial  ,10,Renovada,INVALID_DATE,
POL-006042,CLI-03500,salud,2025-04-19,19/04/2026,168000000,2643000,2449000,7.9,Mensual,Web,0,Activa,,
POL-001253,CLI-03948,Hogar,2024-08-27,2025-08-27,424000000,1780000,1648000,8.0,Anual,Web,5,Vencida,,
POL-007462,CLI-01123,SALUD,2024-12-20,20/12/2025,121000000,3002000,2727000,10.1,Trimestral,Bancaseguros,5,Renovada,,
POL-006840,CLI-04420,Auto,20/12/2024,20/12/2025,43000000,1981000,1801000,,Mensual,Web,10,Renovada,,
POL-003399,CLI-03665,Vida,,2025-11-10,234000000,,736000,4.3,Anual,Bancaseguros,10,Renovada,,
POL-007998,CLI-00742,Salud,2022-03-17,2023-03-17,69000000,1426000,1350000,5.6,Anual,Agencia,15,Renovada,,
POL-000946,CLI-00045,Salud,25/11/2023,24/11/2024,326000000,6647000,6247000,6.4,Anual,Agencia,10,Vencida,,
POL-007778,CLI-03278,Salud,2021/11/29,2022-11-29,129000000,2349000,2368000,-0.8,Anual, Web ,10,Cancelada,19/09/2022,Falta de pago
POL-006199,CLI-03685,Salud,25/08/2023,24/08/2024,188000000,4394000,4447000,-1.2,Semestral,Web,10,Renovada,,
POL-005735,CLI-00094,Salud,2023-08-28,27/08/2024,101000000,2127000,2142000,-0.7, Mensual ,Web,5,Renovada,,
POL-006745,CLI-04435,Vida,2023-06-08,07/06/2024,207000000,679000,670000,1.3,Anual,Bancaseguros,0,Vencida,,
POL-000945,CLI-00355,Vida,17/08/2022,17/08/2023,371000000,1480000,1406000,5.3,Trimestral,Web,5,Renovada  ,,
POL-005652,CLI-00909,Vida,2021-04-10,10/04/2022,778000000,2873000,2309000,24.4,ANUAL,Asesor comercial,10,Cancelada,2021-10-23,Cambio de aseguradora
POL-008192,CLI-00594,Salud,2024-12-01,01/12/2025,89000000,1600000,1522000,5.1,Anual,Bancaseguros,5,Vencida,,
POL-006520,CLI-02165,Auto,2024-12-07,2025-12-07,22000000,954000,967000,-1.3,Anual,Web,0,Vencida,,
POL-007594,CLI-04017,Salud,2025-03-07,2026-03-07,86000000,1065000,1032000,3.2,Trimestral,Agencia,5,Activa,,
POL-005574,CLI-03119,Salud,21/10/2023,2024-10-20,190000000,4131000,3949000,4.6,Semestral,Corredor,5, Renovada ,,
POL-003180,CLI-03829,Vehículo,2022-10-13,13/10/2023,64000000,2192000,1675000,30.9,Mensual,Agencia,10,Cancelada  ,12/11/2022,Precio
POL-004380,CLI-01133,Seguro Hogar,2021-09-09,2022-09-09,173000000,801000,772000,3.7,Mensual,Web,15,Vencida,,
POL-000694,CLI-04781,Hogar,2022-05-12,INVALID_DATE,166000000,594000,520000,14.3,Mensual,Bancaseguros,0,Renovada,,
POL-000943,CLI-04452,Auto,2025/06/02,2026-06-02,49000000,1746000,1647000,6.0,Anual,Web,10, Activa ,,
POL-007766,CLI-04368,Auto,2021/08/22,2022/08/22,60000000,2139000,2043000,4.7,Mensual,BANCASEGUROS,10,CANCELADA,2022/08/01,Reclamo rechazado / insatisfacción
POL-003979,CLI-04796,Salud,2023/09/14,2024/09/13,105000000,2024000,1986000,1.9,Anual,Web,15,Cancelada,13/08/2024,Precio
POL-001798,CLI-04817,Salud,2022-09-17,2023-09-17,52000000,1320000,1138000,16.0,Semestral,agencia,15,Cancelada,18/12/2022,Cambio de aseguradora
POL-000101,CLI-03949,Auto,2025-05-30,30/05/2026,89000000,4345000,4302000,1.0,Mensual,Web,5,Activa,,
POL-004436,CLI-00807,Auto,26/05/2021,2022-05-26,93000000,4074000,3833000,6.3,Mensual  ,Agencia,5,Vencida,,
POL-001872,CLI-00072,Auto,31/03/2025,2026-03-31,36000000,1438000,1403000,2.5,Mensual,Corredor,10,Activa,,
POL-002882,CLI-03595,Salud,03/01/2021,2022-01-03,498000000,11174000,10318000,8.3,Mensual,BANCASEGUROS,10,RENOVADA,,
POL-003723,CLI-02320,salud,2025-04-06,2026-04-06,135000000,2674000,2554000,4.7,Anual,Corredor,15,Activa,,
POL-000175,CLI-03620,Salud,2023-02-01,01/02/2024,179000000,4682000,4489000,4.3,ANUAL,Bancaseguros,0,Cancelada,2023/11/05,Falta de pago
POL-007706,CLI-02148,Auto,2023-09-01,2024-08-31,58000000,3105000,2949000,5.3,Semestral,Web,15,Renovada,,
POL-005024,CLI-03121,Auto,2024-11-17,17/11/2025,20000000,916000,871000,5.2,Mensual,Agencia,0,Renovada,,
POL-000027,CLI-00313,Auto,2025-05-29,29/05/2026,44000000,1931000,1398000,38.1,MENSUAL,Web,0,Cancelada,2025-09-15,Precio
POL-002500,CLI-03026,Auto,04/01/2023,2024-01-04,159000000,6111000,5422000,12.7,Mensual  ,Bancaseguros,5,Renovada,,
POL-005190,CLI-04912,Vida,2025/06/17,2026/06/17,676000000,2846000,2750000,3.5,Anual,Bancaseguros,0,Cancelada,19/11/2025,Precio
POL-008092,CLI-00667,Salud,2023-06-28,2024-06-27,132000000,3096000,2316000,33.7,Semestral,Asesor comercial,10,Cancelada,27/12/2023,Precio
POL-004949,CLI-01604,Hogar,2021-05-28,2022-05-28,185000000,815000,787000,3.6,Anual,  Asesor comercial,10,Vencida,,
POL-005791,CLI-02875,Salud,04/08/2023,03/08/2024,29000000,791000,748000,5.7,Anual, Agencia ,15,Renovado,,
POL-004605,CLI-00991,Vida,27/03/2023,26/03/2024,422000000,1641000,1661000,-1.2,Anual,Web,0,Vencida,,
POL-001211,CLI-00308,Auto,2022/10/01,01/10/2023,37000000,1025000,1028000,-0.3, Semestral ,Corredor,0,Vencida,,
POL-007533,CLI-02579,salud,2023/03/12,11/03/2024,131000000,2222000,1708000,30.1,Semestral  ,Agencia,5,Renovada,,
POL-005066,CLI-01668,Vida,2021-05-23,2022-05-23,324000000,1275000,1052000,21.2,Anual,Agencia,15,Renovada,,
POL-002716,CLI-04753,Auto,2025/05/23,23/05/2026,43000000,1929000,1820000,6.0,Mensual,Agencia,0,ACTIVA,,
POL-003039,CLI-05198,Salud,2024-10-07,2025-10-07,157000000,3003000,2910000,3.2,Mensual,Bancaseguros,5,Renovada,,
POL-008359,CLI-00966,Salud,2021-07-10,10/07/2022,145000000,2317000,2299000,0.8,Semestral,Bancaseguros,10,Renovada,,
POL-004415,CLI-00725,Seguro Auto,2022/12/05,2023-12-05,146000000,6385000,6424000,-0.6,Mensual,Asesor comercial,10,Renovada,,
POL-003047,CLI-01970,Auto,2025-05-09,09/05/2026,37000000,1311000,1239000,5.8,Mensual,Corredor,5,Activa,,
POL-001611,CLI-01387,SALUD,2024-11-29,2025-11-29,181000000,4575000,4391000,4.2,Anual,  Asesor comercial,15,Renovada,,
POL-001368,CLI-03361,Salud,,02/03/2022,113000000,1760000,1668000,5.5,Anual,Bancaseguros,0,Vencida,,
POL-008109,CLI-00866,Auto,2021-12-17,2022-12-17,71000000,1860000,1816000,2.4,mensual,Asesor comercial,5,  Renovado,,
POL-001290,CLI-02697,Auto,2023/08/21,2024/08/20,50000000,1804000,1664000,8.4,Anual,Web,5,cancelada,2024-03-10,Otro
POL-001088,CLI-03343,Hogar,2023-12-10,2024-12-09,,1326000,1230000,7.8,Mensual,Bancaseguros,5,Cancelada,2024/08/27,Cambio de aseguradora
POL-006818,CLI-04734,Salud,2022/05/10,2023-05-10,146000000,2770000,2280000,21.5,Anual,Asesor comercial,5,Vencida,,
POL-005261,CLI-03784,hogar,2021-11-10,2022/11/10,641000000,2136000,2123000,0.6,Anual,Web,5,Renovada,,
POL-006485,CLI-00936,Seguro Auto,2024/04/18,INVALID_DATE,40000000,1577000,1516000,4.0, Mensual ,Asesor comercial,15,Vencida,,
POL-007835,CLI-01120,Hogar,2024-12-28,28/12/2025,185000000,664000,611000,8.6,Semestral,Asesor comercial  ,15,Renovada,,
POL-000693,CLI-03004,Salud  ,2024-06-29,29/06/2025,220000000,3794000,2817000,34.7,Mensual,Agencia,5,Renovada,,
POL-008211,CLI-01958,salud,20/06/2024,2025/06/20,98000000,2119000,2069000,2.4,Anual,Agencia,15,Vencida,,
POL-006955,CLI-04649,Salud,2021/08/27,2022/08/27,88000000,1207000,928000,30.1,  Mensual,Corredor,0,Cancelada,2022-06-13,Precio
POL-002136, CLI-01649 ,Hogar,2022-05-28,2023-05-28,94000000,335000,289000,16.1,Anual,Web,5,  Cancelada,2023-03-05,Precio
POL-004460,CLI-04648,Hogar,2024-06-18,18/06/2025,144000000,535000,451000,18.5,Anual,Asesor comercial,10,Renovada,,
POL-001831,CLI-03138,Salud,05/11/2024,2025-11-05,123000000,2418000,2198000,10.0,Anual,Web,10,Renovada,,
POL-007347,CLI-01797,Hogar,2021-08-15,2022/08/15,214000000,838000,813000,3.1,Trimestral,Asesor comercial,0,renovada,,
POL-005869,CLI-04385,Vida,2024-11-12,12/11/2025,138000000,523000,491000,,MENSUAL,Asesor comercial,5,Renovada,,
POL-002806,CLI-00039,Vida,2024/01/19,2025/01/18,240000000,1009000,966000,4.5, Anual ,Asesor comercial,10,Renovada  ,,
POL-008101,CLI-03812,Auto,29/07/2023,28/07/2024,79000000,3206000,2974000,7.8,Trimestral,  Corredor,5,Renovada,,
POL-000888,CLI-00259,Auto,21/05/2023,2024-05-20,,1952000,1916000,1.9,TRIMESTRAL,BANCASEGUROS,5,Renovada,,
POL-002548,CLI-03888,Auto,2024-09-12,2025/09/12,29000000,899000,880000,2.2,Mensual,Agencia,10,vencida,,
POL-006988,CLI-01862,Hogar,01/09/2023,2024/08/31,275000000,1278000,1189000,7.5,Mensual,Asesor comercial,10,  Cancelada,2024/07/04,Otro
POL-000761,CLI-04252, Auto ,2021/07/10,2022/07/10,59000000,3241000,2928000,10.7,Semestral,Agencia,5,Renovada,,
POL-002542,CLI-01708,Hogar,2021-05-09,2020-12-29,90000000,375000,337000,11.4,Mensual,Corredor,0,Vencida,,
POL-003997,CLI-00273,Hogar,2024/06/02,2025-06-02,408000000,1955000,1443000,35.5,Mensual,Corredor,15,Cancelada,04/09/2024,Cambio de aseguradora
POL-003503,CLI-02656,Auto,2023/01/11,2024-01-11,61000000,2268000,1882000,20.5,Mensual,Bancaseguros,10,Cancelada,09/05/2023, Precio 
POL-000279,CLI-03270,Auto,02/07/2024,2025-07-02,34000000,1452000,1339000,8.4,Anual,Agencia,5,  Cancelada,2025-07-02, Reclamo rechazado / insatisfacción 
POL-002166,CLI-04487,Hogar,2022-10-31,2023/10/31,155000000,576000,533000,8.1,Mensual,Web,10,Renovada,,
POL-000247,CLI-02961,Salud,2021-09-25,2022-09-25,45000000,822000,759000,8.3,Anual,Agencia,5,  Vencida,,
POL-005755,CLI-04179,HOGAR,29/01/2024,2025/01/28,178000000,779000,788000,-1.1,MENSUAL,Bancaseguros,10,Cancelada,2024-10-20,Cambio de aseguradora
POL-008309,CLI-00917,SALUD,15/05/2024,15/05/2025,238000000,5347000,5299000,0.9,  Anual,Asesor  comercial,15,Vencida,,
POL-000357,CLI-03096,Salud,,2026/04/16,178000000,3827000,3580000,6.9,  Mensual,Corredor,10,Activa,,
POL-006858,CLI-03221,Salud,2024-08-14,2025-08-14,,2921000,2803000,4.2,Trimestral,Asesor comercial,5,Renovada,,
POL-003679,CLI-01762, Auto ,23/07/2021,2022-07-23,34000000,1448000,1376000,5.2,Mensual,Corredor,10,Anulada,2022-01-25,Reclamo rechazado / insatisfacción
POL-006425,CLI-00796,Salud,2024/03/24,2025-03-24,75000000,1777000,1697000,4.7,Anual,Web,0,Renovada,,
POL-007502,CLI-02928,auto,06/11/2023,05/11/2024,32000000,922000,884000,4.3,Mensual,Bancaseguros,10,Cancelada,03/03/2024,Cambio de aseguradora
POL-006357,CLI-02173,Auto,,2026-05-28,51000000,2067000,1734000,19.2,Semestral,Agencia,0,Activa,,
POL-006341,CLI-02955,Vida,2021-10-09,2022-10-09,71000000,195000,156000,25.2,Mensual,Asesor comercial,15,Renovada,,
POL-006383,CLI-02211,  Auto,2024/07/31,2025/07/31,56000000,,1803000,9.1,Mensual,Corredor,5,Cancelada,2025-07-31,Otro
POL-002066,CLI-01753,Vida  ,08/11/2023,07/11/2024,175000000,400000,364000,9.8,Mensual,Asesor comercial,5,RENOVADA,,
POL-004498,CLI-04156,Salud,16/08/2024,2025-08-16,145000000,3957000,3754000,5.4,Anual, Corredor ,5,Renovada,,
POL-004189,CLI-00888,Hogar,2025-06-22,2026/06/22,791000000,3397000,3279000,3.6,Anual,Web,15,Activa,,
POL-005189,CLI-00879,Auto,2021-10-04,04/10/2022,58000000,2185000,2006000,8.9,Trimestral,Asesor  comercial,10,Expirada,,
POL-000056,CLI-02514,Salud,2023/06/05,,92000000,1667000,1290000,29.2,Mensual,Bancaseguros,10,cancelada,2024-02-07,RECLAMO RECHAZADO / INSATISFACCIÓN
POL-003326,CLI-02800,Auto,2023/07/26,2024-07-25,27000000,992000,908000,9.2,Mensual,Asesor comercial,5,Cancelada,18/11/2023,Otro
POL-005377,CLI-04530,Auto  ,2024-04-10,2025/04/10,66000000,2126000,2060000,3.2,Semestral,Asesor comercial,10,Renovada,,
POL-005876,CLI-03799,Vida,2022/04/25,25/04/2023,286000000,1012000,961000,5.3,Anual,Asesor comercial,5,Renovada,,
POL-007019,CLI-04921,Auto,,,47000000,1781000,1726000,3.2,Anual,Corredor,10,Vencida,,
POL-003237,CLI-03850,Auto,2021-03-27,2022-03-27,67000000,2646000,2082000,27.1,Mensual,Bancaseguros,0,Cancelada,2022-01-29,Precio
POL-005566,CLI-00242,Auto  ,2023-05-13,2024-05-12,94000000,5007000,4640000,7.9, Mensual ,Web,10,Vencida,,
POL-004266,CLI-01843,Auto,2025-05-16,2026/05/16,47000000,2214000,2097000,5.6,Mensual,Bancaseguros,0,Vigente,,
POL-003755,CLI-01363,auto,2021-04-02,02/04/2022,43000000,1601000,1598000,0.2,Anual,Web,5,Renovada,,
POL-007885,CLI-01746,Salud,2024-08-01,01/08/2025,205000000,6007000,5983000,0.4,Trimestral,Asesor comercial,10,Renovada,,
POL-004017,CLI-03420,Salud,2023-12-28,2024-12-27,97000000,2591000,2224000,16.5,  Mensual,Corredor,0,VENCIDA,,
POL-003139,CLI-05033,AUTO,2024-01-10,2025/01/09,50000000,1850000,1696000,9.1,Mensual,Bancaseguros,0,Vencida,,
POL-006355,CLI-01299,Auto,2022-04-19,INVALID_DATE,129000000,5204000,4779000,,Trimestral,Asesor comercial,5,Renovada,,
POL-008003,CLI-02961,Salud,2021-08-29,,150000000,2389000,2267000,5.4,Anual,Asesor comercial,10,Vencida,,
POL-003471,CLI-03322,Salud,2022-06-29,2023/06/29,112000000,2068000,1981000,4.4,  Mensual,Agencia,5,Vencida,,
POL-001011,CLI-04408,  Hogar,2023-02-13,13/02/2024,239000000,1024000,987000,3.7,Mensual,Corredor,10, Renovada ,,
POL-006875,CLI-01771,Salud,2025/06/09,09/06/2026,233000000,3486000,3469000,0.5,Anual,Asesor comercial,5,Suspendida,,
POL-000669,CLI-00770,Salud,2023-07-24,23/07/2024,54000000,1550000,1453000,6.7,Mensual,Corredor,0,renovada,,
POL-002353,CLI-02779,Auto,28/09/2021,28/09/2022,130000000,5665000,5431000,4.3,Mensual,Asesor comercial,5,Vencida,,
POL-002958,CLI-03883,Vida  ,28/12/2023,2024-12-27,222000000,644000,595000,8.2,Anual,  Bancaseguros,5,Vencida,,
POL-003769,CLI-00163,SALUD,2025/04/15,2026/04/15,118000000,2854000,2817000,1.3,Mensual,Asesor comercial,10,Activa,,
POL-001477,CLI-02488,Automóvil,2025-03-06,2026-03-06,50000000,2375000,1775000,33.8,Anual,Asesor comercial,0,Activa,,
POL-004231,CLI-05098,Vida,22/04/2023,2024-04-21,207000000,974000,985000,-1.1,Trimestral,Agencia,5,Renovada,,
POL-004493,CLI-01779,Salud,13/01/2023,2024-01-13,90000000,2294000,2236000,2.6,Anual,Agencia,5,Renovado,,
POL-001334,CLI-01591,Salud,02/12/2023,01/12/2024,209000000,5760000,5088000,13.2,  Mensual,Bancaseguros,0,Vencida,,
POL-004267,CLI-02994,Auto,22/10/2022,2023-10-22,40000000,1136000,1149000,-1.1,Mensual,asesor comercial,10,Renovada,,
POL-000319,CLI-01218,Vida,2024-09-02,2025/09/02,370000000,1123000,857000,31.0,Anual,Asesor comercial,15,Renovada,,
POL-000075,CLI-02711,Salud,10/10/2024,10/10/2025,82000000,1495000,1425000,4.9,Semestral,Agencia,5,Renovada,,
POL-007219,CLI-00621,Auto,2024-12-14,2025/12/14,58000000,2394000,2382000,0.5,Anual,Corredor,5,Renovada,,
POL-007158,CLI-02177,HOGAR,2023/09/15,2024/09/14,483000000,1943000,1794000,8.3,Anual,Bancaseguros,0,VENCIDA,,
POL-001394,CLI-02158,AUTO,07/03/2025,2026-03-07,52000000,1879000,1805000,4.1,Semestral,Corredor,10,Activa,,
POL-006779,CLI-02709,Auto,2024-12-26,26/12/2025,39000000,1056000,1024000,3.1,Anual,Asesor comercial  ,10,  Renovada,,
POL-006169,CLI-03664,Salud,2025-02-01,2026-02-01,109000000,2626000,2301000,14.1,Mensual,Bancaseguros,0,Activa,,
POL-004450,CLI-02459,Vida,01/11/2023,2024/10/31,232000000,829000,776000,6.8,Semestral,Asesor comercial,15,Cancelada,30/08/2024,Falta de pago
POL-002938,CLI-03272,Vida,30/05/2021,30/05/2022,154000000,428000,381000,12.2,Semestral,Web,0,Renovada,INVALID_DATE,
POL-004846,CLI-05127,VIDA,2023-08-12,2024-08-11,418000000,937000,877000,6.9,Semestral,AGENCIA,0,Cancelada,2024-08-08,Falta de pago
POL-007112,CLI-04621,Salud,2025-05-05,2026-05-05,116000000,2309000,2277000,1.4,Trimestral,Bancaseguros,0,Activa,,
POL-008181,CLI-02349,Auto,2021/04/21,21/04/2022,35000000,1863000,1795000,3.8,Trimestral,Web,5,Renovada,,
POL-002750,CLI-00760,Seguro de Salud,2021/03/18,18/03/2022,158000000,4619000,4353000,6.1,Mensual,Agencia,0,Vencida,,
POL-004723,CLI-04446,Salud,2024-01-20,2025-01-19,297000000,6859000,6791000,1.0,Mensual,Web,10,Renovada,,
POL-007923,CLI-03475,VIDA,09/06/2025,2026-06-09,234000000,821000,789000,4.0,Mensual,Web,0,Vigente,,
POL-005227,CLI-03831,Auto,2023-07-09,2024-07-08,24000000,1129000,1099000,2.7,Trimestral,bancaseguros,5,Renovada,,
POL-000344,CLI-00856,Auto  ,03/03/2025,2026-03-03,44000000,1907000,1671000,14.1,ANUAL,Bancaseguros,10,Activa,,
POL-004246,CLI-02369,Hogar,21/01/2025,2026-01-21,132000000,553000,514000,7.6,Anual,Asesor comercial,0,Activa,,
POL-005119, CLI-05091 ,Auto,2021-07-03,2022-07-03,50000000,2141000,1631000,31.3,Mensual,Agencia,0,Cancelada,INVALID_DATE,Cambio de aseguradora
POL-005047,CLI-03126,  Auto,2024/02/29,28/02/2025,78000000,2350000,2266000,3.7,Mensual,  Asesor comercial,0,  Renovado,,
POL-004276,CLI-01993,Auto,2022-06-14,14/06/2023,120000000,5217000,4903000,6.4,Anual,Web,5,Renovada,,
POL-003113,CLI-00770,Auto,2021-02-07,07/02/2022,45000000,1689000,1340000,26.0,MENSUAL,Agencia,10,Renovada,,
POL-002996,CLI-03048,Hogar,2025/06/07,2026/06/07,198000000,801000,788000,1.7,Mensual,Asesor comercial,5,Cancelada,,Cambio de aseguradora
POL-000609,CLI-00527,Auto,2025-04-11,11/04/2026,37000000,1349000,1270000,6.2,Trimestral,Agencia,15,Activa,,
POL-005341,CLI-01312,Vida,24/02/2021,2022-02-24,279000000,833000,788000,5.7,Trimestral,Corredor,5,Renovada,,
POL-007734,CLI-04864,Salud,2024/06/29,29/06/2025,107000000,2633000,2527000,4.2,MENSUAL,Asesor comercial,0,Vencida,,
POL-006744,CLI-00193,Hogar,2023/06/08,2024/06/07,429000000,1750000,1420000,23.2,Anual,Agencia,15,Renovada,,
POL-003944,CLI-00912,Vida,01/10/2021,2022/10/01,90000000,291000,295000,-1.4,Trimestral,Agencia,15,Renovada  ,,
POL-002368,CLI-04439,Seguro de Vida,11/09/2021,2022/09/11,329000000,811000,747000,,Trimestral,Asesor comercial,5,Cancelada,14/07/2022,Otro
POL-004452,CLI-01434,Hogar,2024-07-16,2025-07-16,360000000,1484000,1249000,18.8,Anual,Bancaseguros,0,Vencida,,
POL-005871,CLI-04386,Hogar,2025/06/23,INVALID_DATE,264000000,918000,835000,9.9,Trimestral,Bancaseguros,10,Activa,,
POL-007308,CLI-02072,Auto,2022/03/15,2023-03-15,49000000,1790000,1711000,4.6,Mensual,Agencia,5,Renovada,,
POL-002479,CLI-04835,Salud,06/08/2024,2025-08-06,355000000,7758000,7821000,-0.8,Anual  ,Agencia,5, Renovada ,,
POL-003924,CLI-02148,VIDA,12/05/2024,2025-05-12,486000000,1657000,1631000,1.6,Trimestral,Asesor comercial,5,Renovada,,
POL-005565,CLI-00066,Auto,2022-11-21,21/11/2023,43000000,2062000,1990000,3.6,Mensual,Bancaseguros,5,Renovada,,
POL-000515,CLI-03313,Salud,2022-06-09,2023-06-09,137000000,3549000,3517000,0.9,SEMESTRAL,Bancaseguros,5,Renovada,,
POL-005354,CLI-02134,Auto,2025-05-16,16/05/2026,86000000,4445000,4005000,11.0,Mensual,Corredor,10,Cancelada,2025-09-08,Falta de pago
POL-001358,CLI-00606,Vida,2022-07-19,2023-07-19,302000000,906000,895000,1.2,Anual,Bancaseguros,10,Vencida,,
POL-002826,CLI-00214,Auto,29/03/2025,2026-03-29,61000000,1850000,1676000,10.4,Anual,Asesor comercial,5,Activa,,
POL-001594,CLI-02379,Salud,2021-09-14,2022-09-14,43000000,964000,831000,16.0,Anual,Asesor comercial,5,Cancelada,19/03/2022,VENTA/PERDIDA DEL BIEN
POL-005701,CLI-03333,Vida,01/02/2024,2025-01-31,237000000,953000,895000,6.5,Trimestral,Web,10,Renovada,,
POL-002868,CLI-00392,Salud,2021-04-11,2022-04-11,249000000,7034000,6531000,7.7,Anual,Asesor comercial,0,Cancelada,2021-12-22,Venta/pérdida del bien
POL-007682,CLI-02654,  Salud,16/02/2024,2025-02-15,96000000,2469000,2310000,6.9,Semestral,Agencia,10,Renovada,,
POL-005177,CLI-00111,Auto,2023-11-26,25/11/2024,53000000,2061000,1991000,3.5,Mensual,Bancaseguros,5,Renovada,,
POL-008378,CLI-00190,Salud,2025-05-21,2026-05-21,175000000,2957000,2981000,-0.8,Mensual,Asesor comercial,0,Activa,,
POL-001842,CLI-04266,Auto,2022/06/28,2023-06-28,34000000,1233000,,28.7,Semestral,Agencia,10,Renovada  ,,
POL-003380,CLI-00697,Vida,2024-06-13,2025/06/13,206000000,844000,798000,5.7,Semestral,Web,0,VENCIDA,,
POL-000403,CLI-00298,Hogar,2025-05-12,2026/05/12,509000000,2119000,1986000,6.7,Anual,Agencia,5,Activa,,
POL-000440,CLI-00635, Auto ,2022-05-28,28/05/2023,91000000,4744000,3646000,30.1,Mensual,Asesor comercial,15,Renovada,,
POL-002666,CLI-04876,Seguro Auto,2024-11-02,2025-11-02,54000000,2077000,2087000,-0.5,Mensual,Agencia,5,Renovada,,
POL-004748,CLI-00045,Auto,2023-05-18,2024/05/17,42000000,1951000,1834000,6.4,Trimestral,Asesor comercial,15,Renovada,,
POL-001147,CLI-03455,Auto,07/08/2023,06/08/2024,33000000,1231000,1022000,20.4,Mensual  ,Web,5,Cancelada,2024-02-04,Precio
POL-004540,CLI-04371,  Salud,2023-10-10,09/10/2024,254000000,5481000,5142000,6.6,Mensual,corredor,0,RENOVADA,,
POL-007583,CLI-00551,Salud,2024-11-19,2025/11/19,140000000,2290000,2169000,5.6,Anual,Asesor comercial,5,CANCELADA,01/03/2025,Venta/pérdida del bien
POL-006632,CLI-00380,Salud,2024/03/13,13/03/2025,76000000,1066000,1041000,2.4, Trimestral ,Corredor,5,VENCIDA,,
POL-000072,CLI-02238,Auto,2024-04-04,2025/04/04,34000000,1292000,1100000,17.5,Anual,Agencia,5,Cancelada,2024-06-19,Otro
POL-005754,CLI-01952, Vehículo ,2023-04-12,11/04/2024,26000000,1095000,1014000,8.0,Anual,Asesor comercial,0,Renovada,,
POL-004903,CLI-00570,Auto,25/10/2023,24/10/2024,28000000,1240000,1214000,2.1,Anual,Asesor comercial,5,Renovada,,
POL-003159,CLI-05009, Hogar ,2021/03/10,2022-03-10,231000000,878000,890000,-1.3,MENSUAL,Bancaseguros,0,Renovada,,
POL-000063,CLI-02732, Salud ,26/12/2022,2023-12-26,249000000,5054000,3639000,38.9,Anual,Corredor,10,Cancelada,2023-08-14,Cambio de aseguradora
POL-005646,CLI-01966,Auto,2022/02/07,2023/02/07,58000000,,3296000,6.0,Mensual,Web,0,renovada,,
POL-003643,CLI-03934,salud,09/09/2024,2025/09/09,51000000,1671000,1635000,2.2,Anual,Bancaseguros,5,Renovada,,
POL-004828,CLI-04651,Salud,2023-02-19,19/02/2024,288000000,6657000,6310000,5.5,Mensual,Web,10,Cancelada,19/02/2024,Reclamo rechazado / insatisfacción
POL-006350,CLI-00231,Salud,12/09/2022,12/09/2023,96000000,2100000,1992000,5.4,Anual,Agencia,15,Vencida,,
POL-005892,CLI-01617,Auto,27/12/2024,2025-12-27,150000000,4878000,4713000,3.5,Mensual,Agencia,5,  Vencida,,
POL-001181,CLI-03781,Salud,01/11/2024,13/03/2024,75000000,2337000,2245000,4.1,Anual,  Bancaseguros,10,Vencida,,
POL-003219,CLI-01562,Vida,2021-01-04,,161000000,600000,599000,0.1,Anual,Agencia  ,10,Renovada,,
POL-007098,CLI-00618,Hogar,2025-02-04,2026/02/04,157000000,618000,575000,7.4,Anual,  Agencia,0,Activa,,
POL-001668,CLI-02096, Seguro de Vida ,20/01/2025,2026-01-20,463000000,1609000,1351000,19.1,Mensual,Bancaseguros,0,Activa,,
POL-005147,CLI-02608,Hogar,2022-05-29,2023-05-29,342000000,1384000,1326000,4.4,Anual,Agencia,15,renovada,,
POL-005619,CLI-03217,Salud,2022-10-10,10/10/2023,34000000,872000,829000,5.2,Mensual,Web,15,  Cancelada,2023-09-02,Falta de pago
POL-001087,CLI-01628,Auto,23/03/2025,2026-03-23,32000000,1760000,1564000,12.5,Trimestral,Bancaseguros,5,Activa,,
POL-000967,CLI-02926,Salud,2023-04-09,08/04/2024,419000000,12382000,9466000,30.8,Mensual,Agencia,0,Renovada,,
POL-002784,CLI-00918,Salud,2024-03-31,31/03/2025,158000000,3005000,2838000,5.9,Trimestral,Asesor comercial,5,Renovada,,
POL-000878,CLI-02258,Auto,2023-11-17,2024-11-16,60000000,2190000,1858000,17.9,Mensual,Agencia,5,Cancelada,2024-08-17,Precio
POL-005291,CLI-04145,Auto,2024-11-05,2025-11-05,42000000,1994000,1957000,1.9,Mensual,Web,5,Cancelada,13/09/2025,Falta de pago
POL-005684,CLI-04608,  Salud,2024/02/22,2025/02/21,141000000,2618000,2496000,4.9,MENSUAL,Asesor comercial,5,Vencida,,
POL-000812,CLI-04722,Auto,08/01/2025,2026-01-08,79000000,3010000,2908000,3.5,Trimestral,Asesor comercial,10,Activa,,
POL-003013,CLI-01645,Auto,17/05/2023,16/05/2024,140000000,3878000,3679000,5.4,Mensual,Bancaseguros,5,Renovada,,
POL-004203,CLI-04894,Hogar,2024-09-18,2025/09/18,169000000,731000,,,trimestral,asesor comercial,0,Renovada,,
POL-005512,CLI-04495,VIDA,2021-10-22,2022-10-22,200000000,618000,581000,6.4,semestral,Asesor comercial,10,Cancelada,2022-03-22,Falta de pago
POL-001132,CLI-03811,Auto,26/01/2022,2023-01-26,53000000,2215000,2112000,4.9,Mensual, Agencia ,0,Vencida,,
POL-002831,CLI-00347,Hogar,2024-07-17,17/07/2025,234000000,781000,740000,5.6,Mensual,Bancaseguros,5,Vencida,,
POL-003287,CLI-01839, Auto ,2024-02-21,2025/02/20,17000000,754000,708000,6.5,Mensual,Corredor  ,5,Renovada,,
POL-004369,CLI-00455, Auto ,2024-06-09,,71000000,3233000,2991000,8.1,Mensual,Agencia,0,Cancelada,2025-05-23,Cambio de aseguradora
POL-008389,CLI-02463,Salud,11/05/2023,INVALID_DATE,332000000,6065000,5854000,3.6,Anual,Asesor comercial,5,Renovada,,
POL-007272,CLI-01266,Vida,,2026-01-09,513000000,2138000,2082000,2.7,Trimestral,Asesor comercial,10,Activa,,
POL-001979,cli-02233,Auto  ,2024-07-20,20/07/2025,71000000,3567000,3263000,9.3,Trimestral,Agencia,0,VENCIDA,,
POL-007307,CLI-01714,SALUD,30/11/2023,2024-11-29,88000000,1753000,1715000,2.2,MENSUAL,Web,15,Renovada,,
POL-003998,CLI-02890,Seguro de Vida,,2026/06/17,205000000,606000,560000,8.3,Mensual,Agencia,0,Cancelada,2025-12-29,Otro
POL-004392,CLI-02899,Vida  ,2024-12-30,2025-12-30,233000000,903000,670000,34.8,mensual,Asesor comercial,15,Renovada,,
POL-000230,CLI-02593,Auto,2024-08-11,11/08/2025,60000000,1717000,1555000,10.4,Anual,Web,0,Vencida,,
POL-000197,CLI-04067,Hogar,2023-10-31,2024-10-30,184000000,771000,789000,-2.3, Trimestral ,Asesor comercial,5,Anulada,04/10/2024, Cambio de aseguradora 
POL-006495,CLI-04311,Automóvil,2025-06-29,2026-06-29,46000000,2246000,1670000,34.5,ANUAL,Asesor comercial,5,Activa,,
POL-005264,CLI-03690,  Salud,08/03/2021,08/03/2022,90000000,2318000,2304000,0.6,Mensual,Corredor,15,RENOVADA,,
POL-007726,CLI-02319,Vida,14/01/2023,14/01/2024,623000000,2123000,2134000,-0.5,Mensual  ,Corredor,15,Renovada,,
POL-006164,CLI-00869, Auto ,16/09/2022,16/09/2023,121000000,6644000,6140000,8.2,Mensual,Asesor comercial,10,Cancelada,2023/08/09,Precio
POL-001995,CLI-04536,Salud,16/03/2021,16/03/2022,158000000,3915000,3853000,1.6,Anual,  Asesor comercial,5,RENOVADA,,
POL-001978,CLI-04160,Automóvil,2023-11-29,28/11/2024,57000000,1971000,1825000,8.0,Mensual,Corredor,10,Vencida,,
POL-007172,CLI-03809,Vida,2022-09-02,2023/09/02,197000000,816000,763000,7.0,Trimestral,Agencia  ,10,  Renovada,,
POL-001832,CLI-03354,Hogar,2024-08-06,2025-08-06,283000000,1075000,1021000,5.3,SEMESTRAL,Asesor comercial,0,Renovada,,
POL-003304,CLI-00656,Vida,2025/05/20,20/05/2026,115000000,539000,483000,11.7,Anual,Asesor comercial,10,Activa,,
POL-000455,CLI-01039,vida,23/06/2024,2025-06-23,331000000,1522000,1407000,8.2,  Mensual,Web,5,Renovada,,
POL-005419,CLI-02193,Auto,2025-02-04,2026/02/04,60000000,1956000,1566000,24.9,Trimestral,Web,5,Activa,,
POL-006917,CLI-02228,Vida,2022/09/27,27/09/2023,530000000,1745000,1659000,5.2, Anual ,agencia,10,Renovada,,
POL-002112,CLI-02453,Seguro Hogar,2021-08-24,2022-08-24,200000000,948000,889000,6.6,Anual,Web,10,Renovada,,
POL-001082,CLI-02987,Vivienda  ,29/08/2023,2024-08-28,178000000,678000,688000,-1.5,Mensual,Asesor comercial,15,Renovada,,
POL-005572,CLI-04100,Hogar,2024-10-06,2025-10-06,217000000,744000,748000,,Anual,agencia,5,Renovada,,
POL-004181,CLI-04107, Auto ,2021-09-07,07/09/2022,50000000,2031000,1826000,11.2,Anual,Agencia,0,Vencida,,
POL-003787,CLI-01834,Auto,2024-01-25,2025/01/24,74000000,3002000,2915000,3.0,Anual,Asesor comercial,5,Cancelada  ,2024/05/23,Otro
POL-006535, CLI-00051 , Auto ,2023-11-18,2024-11-17,53000000,1434000,1086000,32.0,Trimestral,ASESOR COMERCIAL,0,  Cancelada,19/08/2024,Venta/pérdida del bien
POL-005272,CLI-00246,Hogar,2025-01-25,2026-01-25,260000000,1090000,1134000,-3.9,Mensual,Web,0,Cancelada,2025/10/25,Cambio de aseguradora
POL-001310,CLI-03999,Hogar,2021-06-28,2022-06-28,254000000,1000000,926000,8.0,Semestral,Agencia,15,Renovada,,
POL-004643,CLI-02648, Auto ,2025-04-16,16/04/2026,44000000,1927000,1610000,19.7,Mensual,Web,0,Activa,,
POL-006327,CLI-05019,  Salud,INVALID_DATE,2026-05-17,76000000,2087000,2169000,-3.8,Mensual,Agencia,10,Activa,,
POL-004355,CLI-03119,  Auto,2021-03-21,2022-03-21,74000000,3565000,3505000,1.7,Trimestral,Bancaseguros,10,  Renovada,,
POL-007837,CLI-00836,Auto,2023-09-14,13/09/2024,41000000,1563000,1482000,5.5,Anual,Web,0,Vencida,,
POL-001759,CLI-03806,Auto,2024-04-16,2025-04-16,253000000,10681000,10340000,3.3,Anual,Agencia,0,Vencida,,
POL-000995,CLI-03528,Auto,25/04/2025,2026-04-25,29000000,772000,743000,3.9,Mensual,Bancaseguros,5,Cancelado,04/12/2025,Otro
POL-007632,CLI-00967, Auto ,2024-05-20,2025-05-20,83000000,4940000,4696000,5.2,Anual,Corredor,15,Renovada,,
POL-002333,CLI-03394,Hogar,2023-01-16,16/01/2024,226000000,904000,830000,8.9,Mensual,Web,15,Renovada,,
POL-007478,CLI-00801,Hogar,2023-10-16,2024-10-15,131000000,482000,453000,6.5,Trimestral,Asesor comercial,5,Renovada,,
POL-005983,CLI-01378,Auto,2025-05-27,27/05/2026,79000000,3555000,3478000,2.2,Mensual, Agencia ,0,Activa,,
POL-003884,CLI-01642,  Salud,2024-09-16,2025-09-16,36000000,542000,541000,0.2,Anual,Agencia,0,Renovada,,
POL-005212,CLI-01022,Auto,2021-02-02,2022-02-02,86000000,2830000,2672000,5.9,Anual,Bancaseguros,0,Renovada,,
POL-006987,CLI-04409,Auto,27/08/2024,2025-08-27,74000000,2806000,2637000,6.4,Mensual,Asesor comercial,5,renovada,,
POL-000657,CLI-01778,AUTO,2025-06-18,2026-06-18,27000000,1057000,766000,38.0,Mensual,  Asesor comercial,5,Activa,,
POL-008214,CLI-02421,AUTO,07/02/2025,07/02/2026,41000000,1743000,1585000,10.0,Mensual,Corredor,5,Vigente,,
POL-000376,CLI-04743,Salud,28/03/2024,28/03/2025,85000000,1560000,1519000,2.7,Semestral,  Web,5,  Vencida,,
POL-007689,CLI-04321,Salud,2021/04/01,01/04/2022,139000000,2404000,2272000,5.8,anual,ASESOR COMERCIAL,15,Renovada,,
POL-002428,CLI-03629,Automóvil,2021-04-02,02/04/2022,91000000,3903000,4061000,-3.9,Mensual,ASESOR COMERCIAL,10,Vencida,,
POL-003757,CLI-03813,Hogar,21/02/2022,2023-02-21,307000000,1256000,1214000,3.5,Mensual,Agencia,10,Renovada,,
POL-001602,CLI-00707,Salud,2023-12-07,06/12/2024,144000000,3162000,,7.3,Mensual, Corredor ,15,Renovada,,
POL-007886,CLI-02307,Auto,2021-01-18,2022-01-18,39000000,1988000,1949000,2.0,Mensual,Agencia,5,Vencida,,
POL-007414,CLI-03774,Auto,18/09/2023,2024-09-17,61000000,2372000,2217000,7.0,Trimestral,CORREDOR,5,Expirada,,
POL-000394,CLI-03087,HOGAR,24/07/2024,24/07/2025,149000000,463000,416000,11.4,Anual,Asesor comercial,0,Vencida,,
POL-004383,CLI-01913,Hogar,2024/03/13,2025-03-13,513000000,2201000,1630000,35.0,Anual  ,Asesor comercial,15,Renovada,,
POL-005151,CLI-01223,AUTO,2021/10/14,INVALID_DATE,90000000,4462000,4303000,3.7,  Trimestral,Bancaseguros,10,Renovada,,
POL-001100,CLI-01380, Hogar ,24/05/2023,23/05/2024,215000000,757000,720000,5.1,Trimestral,Corredor,10,Renovada,,
POL-006197,CLI-04107,Auto,2021-05-23,2022-05-23,56000000,1805000,1708000,5.7,ANUAL,Bancaseguros,10,vencida,,
POL-008239,CLI-03808,VIDA,,2023-02-22,463000000,1820000,1802000,1.0,Semestral,  Agencia,10,Renovada,,
POL-003302,CLI-00672,Auto,2023-11-22,2024/11/21,55000000,2680000,2602000,3.0,Mensual,CORREDOR,10,Vencida,,
POL-002919,CLI-02977,Vida,2022/08/20,20/08/2023,110000000,390000,297000,31.3,Mensual,Agencia,5,Renovada,,
POL-008021,CLI-04423,Salud,27/10/2024,2025/10/27,125000000,2516000,2534000,-0.7,Trimestral,Asesor comercial,15,Vencida,,
POL-004706,CLI-03260,Vida,28/07/2021,28/07/2022,193000000,610000,565000,7.9,Mensual,Asesor  comercial,0,Renovada,,
POL-006307,CLI-01682,Salud,12/07/2024,2025/07/12,178000000,5230000,4161000,25.7,Anual,Web,5,Cancelada,12/07/2025,Precio
POL-004912,CLI-04103,Salud,12/01/2025,12/01/2026,131000000,3147000,2408000,30.7,Semestral,Corredor,5,Cancelada,2025-12-02,Precio
POL-007130,CLI-02105, Salud ,2021-05-01,2022-05-01,66000000,1833000,1487000,23.3,  Mensual,Asesor comercial,10,Renovada,,
POL-007818,CLI-04211,Vida,11/07/2023,10/07/2024,477000000,1415000,1418000,-0.2,Anual,Agencia,5,RENOVADA,,
POL-002722,CLI-00849,Vida,28/02/2024,2025/02/27,163000000,557000,523000,6.6,Mensual,Corredor,0,Renovada,,
POL-001899,CLI-04327,Auto  ,2021-05-04,2022-05-04,60000000,1719000,1598000,7.6,Trimestral,Web,0,Renovada,,
POL-003544,CLI-00613,Hogar,21/04/2023,2024-04-20,491000000,2019000,1779000,13.5,Anual,Web,10,Renovada,,
POL-007181,CLI-04596,Hogar,19/07/2022,2023/07/19,260000000,873000,848000,2.9, Anual ,Web,5,Cancelada,2023-06-24,Otro  
POL-006890,CLI-04455,Auto,2023/12/21,2024-12-20,30000000,1185000,1177000,0.7,Mensual,Web,5,Cancelada,2024-10-15,Reclamo rechazado / insatisfacción
POL-003079,CLI-01320,Auto,2023/09/30,2024-09-29,55000000,178900000,1717000,4.2,Semestral,Bancaseguros,0,Renovada,,
POL-002015,CLI-02150,Vida,INVALID_DATE,2022-07-30,344000000,747000,732000,2.1,Trimestral,Bancaseguros,10,Renovada,,
POL-000164,CLI-04906,Salud,20/08/2021,20/08/2022,68000000,1237000,1128000,9.7,  Mensual,Bancaseguros,15,RENOVADA,,
POL-002292,CLI-00622,Auto,01/05/2023,2024-04-30,58000000,2407000,2271000,6.0,Trimestral,Corredor,0,Renovada,,
POL-003606,CLI-02495,Auto,2025/03/04,04/03/2026,74000000,2720000,2507000,8.5,Mensual,Asesor comercial,5,Activa,,
POL-004160,CLI-03361,AUTO,2022-03-13,2023-03-13,98000000,5090000,5121000,-0.6,Anual,Bancaseguros,0,Renovada,,
POL-004067,CLI-04913,Auto,2022/03/15,2023-03-15,,2234000,2190000,2.0,trimestral,Agencia,5,CANCELADA,06/02/2023,Falta de pago
POL-005124,CLI-00788,Auto,2025-03-18,2026-03-18,24000000,1090000,1076000,1.3,MENSUAL,Asesor comercial,5,Suspendida,,
POL-003365,CLI-03322,Vida,2023-10-21,20/10/2024,220000000,746000,719000,3.8,Mensual,Bancaseguros,5,Cancelada,2024-08-23,OTRO
POL-004121,CLI-04793,Salud,19/04/2025,2026-04-19,126000000,2411000,2136000,12.9,Semestral,Web,5,Cancelada,30/11/2025,Falta de pago
POL-000681,CLI-03926,Auto,2024-01-04,,46000000,1810000,,29.4,Trimestral,Asesor comercial,0,Cancelada,2025-01-03,Falta de pago  
POL-001105,CLI-02327,Auto,09/04/2022,2023-04-09,45000000,1912000,1491000,28.2,Mensual,Agencia,10,Cancelada,2022-06-29,Precio
POL-001661,CLI-03912,Auto,2025/03/10,10/03/2026,41000000,2096000,2094000,0.1,Trimestral,Agencia,10,Activa,,
POL-007754,CLI-02268,Auto,07/07/2023,06/07/2024,48000000,1949000,1764000,10.5,Anual,Agencia,10,  Renovada,,
POL-007629,CLI-02814,Salud,INVALID_DATE,28/07/2024,103000000,2333000,2209000,5.6,Trimestral,agencia,5,Renovada,,
POL-000077,CLI-01896,Vida,2025-02-16,16/02/2026,867000000,2491000,2022000,23.2,Mensual,Asesor comercial,10,Activa  ,,
POL-002371,CLI-00225,Auto,2025/01/09,09/01/2026,42000000,146100000,1403000,4.1,Mensual,Asesor comercial,5,Cancelada,2025-11-13,Cambio de aseguradora
POL-003382,CLI-01264,Auto,2025/04/19,2026/04/19,20000000,788000,749000,5.2, Anual ,Asesor comercial,5,Vigente,,
POL-005752,CLI-03364,Vida,2024/01/18,17/01/2025,130000000,309000,295000,4.9, Mensual ,Asesor  comercial,10,RENOVADA,,
POL-006716,CLI-04275,Salud,11/01/2024,2025-01-10,98000000,3144000,2523000,24.6,Mensual,Asesor comercial,10,Cancelada,2024-06-12,Cambio de aseguradora
POL-002977,CLI-02579,Hogar,2022-10-30,,125000000,404000,376000,7.5,Anual,Asesor comercial,10,Renovada,,
POL-007991,CLI-04695,Hogar,2022-09-01,2023/09/01,123000000,475000,459000,3.4,Mensual,web,15,Renovada,,
POL-002551,CLI-03872,VIDA,2024-09-18,2025/09/18,374000000,1270000,1145000,10.9,Trimestral,Agencia,10,Cancelada,2025-05-03,Falta de pago
POL-006203,CLI-05135,Hogar,2024/03/26,2025-03-26,500000000,2068000,1945000,6.3,Semestral,Corredor,15,Vencida,,
POL-001863,CLI-04618,Vida,23/05/2025,2026/05/23,510000000,1855000,1784000,4.0,Mensual,Asesor  comercial,10,Activa,,
POL-008375,CLI-02956,Auto,09/10/2024,09/10/2025,52000000,1882000,1394000,35.0,Anual,Web,10,Renovada,,
POL-002105,CLI-02041,Auto,2025-01-28,28/01/2026,72000000,3353000,3300000,1.6,Trimestral,Bancaseguros,10,Activa,,
POL-003122,CLI-04263,Salud,2023-03-06,05/03/2024,225000000,5149000,4785000,7.6,Trimestral,Web,10,Renovada,,
POL-006122,CLI-04679,Salud,INVALID_DATE,2022-01-16,113000000,3163000,3163000,-0.0,Trimestral,Asesor comercial,15,Cancelada,2021-10-21,Falta de pago
POL-007751,CLI-03878,SALUD,2022-08-11,2023-08-11,200000000,4917000,4942000,-0.5,Semestral,Bancaseguros,0,Renovada,,
POL-002860,CLI-05021,  Auto,INVALID_DATE,19/03/2025,44000000,1786000,1334000,33.9,Mensual,Agencia,0,Cancelada,2024-08-17,Precio
POL-004635,CLI-05153,Auto,2025-01-05,2026-01-05,82000000,3218000,3100000,3.8,Mensual,Asesor comercial,10,Activa,,
POL-004665,CLI-00330,Salud,2021/12/05,05/12/2022,158000000,2390000,2490000,-4.0,Semestral,Asesor comercial,0,Renovada,,
POL-000339,CLI-01466,Vida,2023-07-13,2024-07-12,392000000,1440000,1032000,39.5, Anual ,  Asesor comercial,0,Cancelada,2023/11/06,Precio
POL-008247,CLI-05181,Hogar,2025/05/17,2026/05/17,278000000,1345000,1279000,5.2,Anual,Bancaseguros,5, Activa ,,
POL-000435,CLI-03122,Salud,2025-02-13,2026/02/13,93000000,1683000,1387000,21.3,Trimestral,Bancaseguros,15,Cancelada,2025-08-22,Cambio de aseguradora
POL-007279,CLI-01108,Auto,2022-05-28,28/05/2023,28000000,1010000,937000,7.8,Mensual,Asesor comercial,0,renovada,,
POL-001257,CLI-04592,Auto,2021-01-21,2022-01-21,42000000,1343000,1035000,29.8,Mensual,Bancaseguros,5,Renovada,,
POL-000646,CLI-01288,Auto,2021/11/26,26/11/2022,89000000,3514000,3448000,1.9,Mensual,Agencia,5,Renovada,,
POL-006309,CLI-00718,Vida,24/03/2024,2025-03-24,392000000,1296000,1120000,15.7,Anual,Bancaseguros,0,Vencida,,
POL-006529,CLI-00366,  Salud,26/06/2024,26/06/2025,188000000,3733000,2858000,30.6, Anual ,Web,15,Cancelada,2024-11-30,Precio
POL-001533,CLI-03394,Salud,2023-03-20,2024/03/19,148000000,3120000,2463000,,Mensual,Agencia,5,Cancelada,2024/01/25,Falta de pago
POL-004793,CLI-00097,Salud,2023-12-30,,60000000,1261000,981000,28.6,Mensual,Asesor comercial,5,Renovada,,
POL-006165,CLI-02120,  Salud,2024-10-27,2025-10-27,66000000,1207000,967000,24.8,MENSUAL,Bancaseguros,15,Renovada,,
POL-002499,CLI-03825,Auto,2021-12-08,,41000000,2256000,2188000,3.1,Semestral,Web,5, Cancelada ,02/08/2022,otro
POL-004696,CLI-04383,Automovil,2025-01-28,28/01/2026,72000000,2161000,2058000,5.0,Trimestral,Bancaseguros,5,Activa,,
POL-004089,CLI-04018,Vida,2021/12/18,2022-12-18,319000000,952000,690000,38.0,Mensual,Web,5,Vencida,,
POL-001687,CLI-03588,Auto  ,2024/12/31,2025-12-31,55000000,1809000,1707000,6.0,Mensual,Asesor comercial  ,10,Renovada,,
POL-002623,CLI-01008,Hogar,27/10/2024,27/10/2025,413000000,1749000,1695000,3.2,Mensual,Asesor comercial,15,vencida,,
POL-001532, CLI-05184 ,Vida,11/09/2022,2023-09-11,298000000,823000,761000,8.2,Trimestral,  Web,5,RENOVADA,,
POL-007775,CLI-02525,Auto,2023-04-15,2024/04/14,59000000,2912000,2811000,3.6,Anual,Asesor comercial,0, Renovada ,,
POL-004837,cli-00377,Hogar,2025-03-25,25/03/2026,284000000,1279000,1195000,7.0,Mensual  ,Web,10, Activa ,,
POL-005848,CLI-05151,Auto,2023-07-11,10/07/2024,46000000,2105000,1951000,7.9,Semestral,Web,15,Vencida,,
POL-001756,CLI-00166,Salud,2024-09-06,2025-09-06,259000000,5613000,5202000,7.9,Trimestral,Web,0,Cancelada,2025-08-26,Cambio de aseguradora
POL-000223,CLI-02707,Salud,30/06/2024,2025/06/30,60000000,1331000,1275000,4.4,Anual,Web,0,Renovada,,
POL-002735,CLI-04657,Hogar,2025-03-24,24/03/2026,706000000,2495000,2323000,7.4,Mensual,Asesor comercial,5,ACTIVA,,
POL-005582,CLI-03839,Auto,2023-03-21,2024-03-20,77000000,3229000,3096000,4.3,Anual,Bancaseguros,15,Renovada  ,,
POL-004575,CLI-05133,Hogar,2022-03-01,2023-03-01,213000000,943000,885000,6.5,Mensual,Bancaseguros,0,Renovada,,
POL-004655,CLI-03930,Auto,2025/04/15,15/04/2026,76000000,3167000,3081000,2.8,Mensual,Bancaseguros,15,Cancelada,2025/08/23,cambio de aseguradora
POL-001615,CLI-00158,VIDA,2022/04/01,01/04/2023,273000000,978000,925000,5.7,Anual,Web,0,Vencida,,
POL-001454,CLI-02149,Auto,2022-07-03,03/07/2023,29000000,1020000,816000,25.0,Trimestral,agencia,0,Vencida,,
POL-000392,CLI-02066,Salud,2021-11-15,2022/11/15,131000000,2439000,2363000,3.2,Anual,Web,5,Vencida,,
POL-001959,CLI-01028, Hogar ,16/11/2021,2022/11/16,314000000,1276000,,9.8,ANUAL,Corredor,5,Renovada,,
POL-007133,CLI-00444,Auto,14/01/2022,2023-01-14,21000000,805000,732000,9.9,Anual,Asesor comercial,0,VENCIDA,,
POL-000559,CLI-04803,SALUD,22/06/2025,22/06/2026,54000000,1472000,1414000,4.1,MENSUAL,Web,15, Cancelada ,2025/10/08,Venta/pérdida del bien
POL-007141,CLI-04187, Salud ,30/07/2022,2023-07-30,68000000,1039000,1000000,3.9,Mensual,Corredor,10,Vencida,,
POL-008009,CLI-01480,Salud  ,2023-07-18,17/07/2024,165000000,3578000,3360000,6.5,Mensual,Web,5,Vencida,,
POL-004812,CLI-00508,Salud,2024-07-20,2025-07-20,167000000,3420000,3223000,6.1,MENSUAL,Web  ,5,Vencida,,
POL-001513,CLI-01962,Hogar,2023-11-02,,256000000,1008000,946000,6.5,Mensual,Corredor,15,Renovada,,
POL-007447,CLI-01930,Vida,2024-01-19,2025-01-18,320000000,987000,757000,30.3,Mensual,Agencia  ,5,Vencida  ,,
POL-004904,CLI-02230,  Vida,2022-10-18,18/10/2023,409000000,1531000,1495000,2.4,Anual,Agencia,5,Renovada,,
POL-007971,CLI-02344,Seguro de Salud,2025/04/01,01/04/2026,155000000,3250000,3057000,6.3,Anual,Agencia,10,Cancelada,17/05/2025,Cambio de aseguradora
POL-004811,CLI-00158,Auto,09/10/2024,2025-10-09,44000000,2008000,1739000,15.5,Mensual,Corredor,5,Renovada,,
POL-001566,CLI-04614,Auto,03/01/2025,2026-01-03,57000000,2118000,2029000,4.4,Mensual,Asesor comercial,5,Activa,,
POL-000013,CLI-00757,hogar,2025/03/18,INVALID_DATE,122000000,462000,418000,10.6,Mensual,Agencia  ,0,Activa,,
POL-001495,CLI-03614,Salud,29/01/2025,2026/01/29,81000000,1693000,1629000,3.9,TRIMESTRAL,Web,5,Activa,,
POL-007739,CLI-01283,Hogar,2021-02-10,2022/02/10,370000000,1342000,1254000,7.0,Semestral,Asesor comercial,5,Cancelada,2021-09-14,Falta de pago
POL-005243,CLI-01981,Auto,2025-02-21,2026/02/21,43000000,1778000,1700000,4.6,Mensual,Bancaseguros,5,  Activa,,
POL-003984,CLI-04227,Salud,2025-06-08,2026/06/08,155000000,3878000,3083000,25.8,Mensual,Asesor comercial,5,Activa,,
POL-003091,CLI-00176,Auto  ,2023-10-11,2024-10-10,59000000,1917000,,6.0,Mensual,Bancaseguros,10,Renovada,,
POL-004159,CLI-04330,Vida,2023-09-20,19/09/2024,320000000,1148000,1062000,8.1,Trimestral,Bancaseguros,0,Renovada,,
POL-006760,CLI-03039,Hogar,25/04/2022,,154000000,510000,463000,10.2,Mensual,Bancaseguros  ,0,Renovada,,
POL-000291,CLI-00215,auto,2022/11/15,2023-11-15,32000000,1590000,1489000,6.8,Anual,Web,5,Renovada,,
POL-005744,CLI-02495,SALUD,2021-10-13,13/10/2022,128000000,2663000,2515000,5.9,Anual,Web,0,Renovada,,
POL-002277,CLI-03736,Auto,2021/10/18,2022-10-18,39000000,1324000,1307000,1.3,Semestral,Agencia,10,Renovada  ,,
POL-006295,CLI-03131,Auto,2024-02-06,,118000000,5649000,4755000,18.8,Mensual,Agencia,5,CANCELADA,2024/10/27,  Precio
POL-003123,CLI-03230,Salud,2022-02-08,2023-02-08,51000000,855000,661000,29.3,Mensual,Web,5,Renovada,,
POL-003357,CLI-03927,SALUD,,2025-05-05,346000000,6498000,6171000,5.3,Mensual,Agencia,5,Renovada,,
POL-001486,CLI-04682,Auto,21/06/2023,2024-06-20,84000000,2077000,1941000,7.0,trimestral,Agencia,5,Renovada,,
POL-003719,CLI-03277, Vida ,2021-08-08,2022/08/08,160000000,478000,382000,25.0,ANUAL,Corredor,5,Vencida,,
POL-006167,CLI-03970,Auto,2021/05/27,2022-05-27,29000000,900000,738000,22.0,Mensual,BANCASEGUROS,15,Cancelada,27/05/2022,Precio
POL-001095,CLI-02984,VIDA,2024-07-20,20/07/2025,122000000,429000,355000,20.8,mensual,Asesor comercial,15,Renovado,,
POL-007151,CLI-04966, Auto ,2025/02/23,23/02/2026,69000000,2055000,1944000,5.7,Semestral,Asesor comercial,0,Activa,,
POL-005057,CLI-04844,Auto,2023-12-13,2024-12-12,52000000,1487000,1368000,8.7,Anual,Agencia,10,Expirada,,
POL-004760,CLI-00692,Salud,2023-02-09,2024-02-09,276000000,4640000,4324000,7.3,Mensual,Corredor,0,Cancelada,2024-01-11,Falta de pago
POL-005595,CLI-03166,  Salud,2025/03/31,2026-03-31,145000000,,3372000,6.7,Anual,Corredor,0,ACTIVA,,
POL-000334,CLI-01284,Hogar,22/08/2022,2023-08-22,301000000,1153000,1139000,1.2,Semestral,Web,5,Renovada,,
POL-002765,CLI-04922,SALUD,2024/02/15,2025-02-14,144000000,3667000,3581000,2.4,Mensual,Agencia,5,Expirada,,
POL-003813,CLI-04332,AUTO,18/01/2023,2024-01-18,37000000,1182000,1058000,,Trimestral,Agencia,10,Renovada,,
POL-002544,CLI-04680,Vida,19/10/2024,2025/10/19,113000000,306000,300000,1.9,Anual,Asesor comercial,0,Vencida,,
POL-002275,CLI-01505,Hogar,15/05/2022,2023-05-15,152000000,570000,450000,26.7,Mensual,Corredor,10,Cancelada,31/03/2023,Cambio de aseguradora
POL-001522,CLI-04349,Auto,06/03/2024,2025-03-06,40000000,1243000,1196000,3.9,Mensual,Bancaseguros,0,Renovada,,
POL-008396,CLI-04215,AUTO,2024/05/11,2025-05-11,86000000,3395000,3243000,4.7,Anual,Agencia,15,Renovada,,
POL-007620,CLI-04354,  Salud,2023-11-26,25/11/2024,347000000,6746000,6746000,0.0,Mensual  ,Asesor comercial,0,Renovada,,
POL-007331,CLI-02454,Salud,03/05/2022,2023-05-03,107000000,1850000,1365000,35.5,Mensual,Corredor  ,10,Cancelada,2023-02-24,Falta de pago
POL-002785,CLI-01394,Salud,2024-01-15,14/01/2025,98000000,2258000,2161000,4.5,Mensual,Web,5,Renovada,,
POL-006711,CLI-05141,Seguro Auto,06/11/2023,05/11/2024,31000000,1484000,1438000,3.2,Mensual,Bancaseguros,0,Renovada,,
POL-005710,CLI-04664, Auto ,2024-11-03,03/11/2025,33000000,860000,844000,1.9,Trimestral,Bancaseguros,15,Vencida,,
POL-005237,CLI-03397,Auto,2024/01/26,2025-01-25,,1256000,1148000,9.4,Trimestral,  Agencia,15,Vencida,,
POL-001902,CLI-03594,Hogar,2023-02-20,2024-02-20,543000000,1679000,1556000,,Anual,Asesor comercial,5,  Vencida,,
POL-005098,CLI-02633, Vida ,05/06/2023,21/09/2022,362000000,1073000,801000,34.0,Mensual,Asesor comercial,10,renovada,,
POL-002565,CLI-01314, Salud ,2024-05-04,04/05/2025,146000000,,3277000,34.8,Anual,Asesor comercial,15, Renovada ,,
POL-007043,CLI-02504,Salud,02/02/2023,2024-02-02,301000000,,6899000,6.5,Trimestral,Bancaseguros,5,Renovada,,
POL-004209,CLI-03998,Vida,2023-01-23,2024/01/23,404000000,1251000,1148000,9.0,Mensual,Web,0,Vencida,,
POL-001854,CLI-00200,Auto,2022-08-16,2023-08-16,,2021000,1873000,7.9,Mensual,Web  ,0,Vencida,,
POL-006443,CLI-01928,  Salud,2022-07-13,2023-07-13,136000000,2360000,2220000,6.3,Mensual,Asesor comercial,0,Renovada  ,,
POL-007747,CLI-03562,Hogar,12/02/2021,12/02/2022,373000000,1761000,1690000,4.2,Mensual  ,Asesor comercial,10,VENCIDA,,
POL-007199,CLI-03674, Hogar ,2024-07-28,2025-07-28,201000000,929000,790000,17.6,Anual,  Corredor,5, Cancelada ,04/02/2025,Falta de pago
POL-004347,CLI-02218,Auto,06/05/2025,2026-05-06,60000000,2796000,2121000,31.8,Anual, Asesor comercial ,10,Cancelada,29/07/2025,Cambio de aseguradora
POL-001774,CLI-04049,Salud,2021/03/04,2022/03/04,222000000,5299000,4999000,6.0,mensual,Asesor comercial,0,Vencida,,
POL-005164,CLI-04240,Salud,2021-01-26,2022-01-26,195000000,3479000,3276000,6.2,Anual,Web,0,renovada,,
POL-007011,CLI-01830,Vivienda,2022/12/02,2023-12-02,359000000,1598000,1227000,30.2,Mensual,Asesor comercial,0,Vencida,,
POL-005912,CLI-01053,SALUD,22/01/2021,22/01/2022,,2472000,2323000,6.4,Anual,Web,0,Renovada,,
POL-007999,CLI-00631,Salud,05/02/2025,2026/02/05,150000000,3253000,3164000,2.8,Trimestral,Asesor comercial,5,Activa,,
POL-003616,CLI-01508,Auto,08/06/2024,2025-06-08,,3696000,3432000,7.7,Trimestral,Corredor,0,Renovada,INVALID_DATE,
POL-002167,CLI-02940, Automóvil ,2024/04/28,28/04/2025,29000000,922000,916000,0.7,Mensual,Corredor,5,Renovada,,
POL-000497,CLI-02281,Auto,2025-03-29,2026-03-29,74000000,3324000,,5.2,Anual,Bancaseguros,0,Activa,,
POL-006437,CLI-03059,Hogar,2023/09/02,01/09/2024,229000000,897000,894000,0.3,Mensual,Asesor comercial,15,  Vencida,,
POL-002104,CLI-03834,Seguro de Salud,2022-06-24,2023-06-24,85000000,2203000,2219000,-0.7,Anual,asesor comercial,5,Renovada,,
POL-007514,CLI-03537,Vida,2023-10-11,2024-10-10,360000000,1158000,1068000,8.4,Mensual  ,AGENCIA,10,Renovada,,
POL-006070,CLI-03452,Auto,16/02/2022,16/02/2023,,1076000,1022000,5.3,Semestral,Bancaseguros,5,Cancelada,2022-08-24,Venta/pérdida del bien
POL-003722,CLI-00460,Vida,2025-06-11,11/06/2026,209000000,571000,551000,3.7,Mensual,Bancaseguros,5,Activa,,
POL-003658,CLI-03736,Salud,2023/02/10,2024/02/10,129000000,3017000,2750000,9.7,Trimestral,Agencia,5,Vencida,,
POL-001781,CLI-00078,vida,15/02/2021,2022/02/15,2630000000,11280000,11016000,2.4,Trimestral,Agencia,0,Vencida,,
POL-007858,CLI-02185,Auto,2024-08-24,2025-08-24,93000000,2844000,2703000,5.2,Mensual,Bancaseguros,15,Renovado,,
POL-000651,CLI-00979,Auto,16/07/2024,2025-07-16,49000000,1629000,1603000,1.6,Semestral,Agencia,5,Vencida,,
POL-000664,CLI-04104,Salud,2022/06/17,2023/06/17,94000000,,1684000,3.8,Trimestral,Asesor comercial,5,Vencida,,
POL-006389,CLI-04176,Auto,29/09/2022,2023/09/29,68000000,2416000,2227000,8.5,Mensual,Web,5,Renovada,,
POL-006999,CLI-02061,Salud,2025-03-31,31/03/2026,98000000,2373000,2222000,6.8,Trimestral,Corredor,5,Cancelada,INVALID_DATE,Cambio de aseguradora
POL-004386,CLI-00910,Auto,08/02/2025,2026-02-08,66000000,2744000,2591000,5.9,Trimestral,Asesor comercial,10, Activa ,,
POL-001923,CLI-00218,Auto,INVALID_DATE,2024-01-01,101000000,3686000,3527000,4.5,Mensual,Agencia,15,Vencida,,
POL-004615,CLI-01503,Auto,2022/11/12,2023-11-12,112000000,4500000,4128000,9.0,Mensual,Bancaseguros,10,Renovada,,
POL-000207,CLI-03668,Salud,2024-05-15,15/05/2025,63000000,1643000,1575000,4.3,Anual,Agencia,0,Vencida,,
POL-005473,CLI-00118,Auto,11/03/2022,2023-03-11,45000000,1628000,,4.4,Trimestral,Bancaseguros,5,Renovada,,
POL-002887,CLI-00387,Hogar,2023-01-26,26/01/2024,253000000,924000,873000,5.8,Anual,Corredor,10,Renovada,,
POL-004365,CLI-04248,Auto,11/12/2023,2024-12-10,89000000,2343000,2169000,8.0,Mensual,Asesor comercial,5,Renovada,,
POL-005914,CLI-01247,  Auto,25/07/2024,2025-07-25,35000000,1412000,1320000,7.0,Anual,Bancaseguros,5,Renovada,,
POL-002552,CLI-04107,salud,2023-11-18,2024/11/17,105000000,2864000,2585000,10.8,Mensual,Asesor comercial,5,Renovada,,
POL-005231,CLI-03023,Salud,2025-03-19,2026-03-19,234000000,8496000,8297000,2.4,Trimestral,Web,0,Cancelada,2025/10/21,Cambio de aseguradora
POL-001933,CLI-02847,Hogar,31/03/2021,2022-03-31,233000000,1111000,1064000,4.4,TRIMESTRAL,Web,5,Cancelada,07/11/2021,Cambio de aseguradora
POL-004505,CLI-03214,AUTO,17/10/2023,16/10/2024,59000000,2096000,2063000,1.6,Semestral,Bancaseguros  ,5,Renovada,,
POL-001743,CLI-02299,Salud,2025-01-20,2026-01-20,81000000,1741000,1641000,6.1,Anual,Bancaseguros,10,Cancelada  ,2025-08-14,Cambio de aseguradora
POL-007961,CLI-04673,Vida,06/11/2022,2023/11/06,705000000,2570000,2382000,7.9,Trimestral,Agencia,10,Cancelada,2023/03/23,Cambio de aseguradora
POL-004028,CLI-04806,Hogar,2023/07/30,29/07/2024,298000000,1106000,1047000,5.6,Anual,Asesor comercial,15,Vencida,,
POL-001456,CLI-01393,Auto  ,2024-03-26,26/03/2025,38000000,123600000,1178000,4.9,Mensual,Agencia,10,Cancelada,2025-02-02,Reclamo rechazado / insatisfacción
POL-000204,CLI-01190,Hogar,2024/07/11,11/07/2025,201000000,885000,876000,1.0,anual,  Asesor comercial,5,Renovada,,
POL-002648,CLI-04553,Auto,2025/06/10,2026-06-10,49000000,0,1273000,17.1,Trimestral,Web,15,Activa  ,,
POL-005796,CLI-00872,Salud,2022-09-16,2023-09-16,144000000,3207000,2736000,17.2,Anual,Bancaseguros,0,Renovada,,
POL-004574,CLI-01141,Auto,2025/06/14,14/06/2026,43000000,1903000,1785000,6.6,Mensual,Asesor comercial,5,Activa,,
POL-003025,CLI-01037,Auto,2025/02/15,15/02/2026,40000000,1934000,1858000,4.1,Trimestral,Agencia,0,Activa,,
POL-003943,CLI-04799,Hogar,2025/04/01,2026/04/01,149000000,490000,503000,-2.5,Mensual,Web,5,Activa,,
POL-000753,CLI-00962,Salud,2025-06-28,2026/06/28,93000000,2299000,2373000,-3.1,Trimestral, Bancaseguros ,10,Activa,,
POL-000008,CLI-02285,  Hogar,2025/06/10,2026-06-10,234000000,1047000,817000,28.2,Anual,Asesor comercial,10,Activa,,
POL-001836,CLI-01303,SALUD,2024-04-09,2025-04-09,115000000,2629000,2349000,11.9,Trimestral,Web,5,Renovada,,
POL-005592,CLI-01329,Hogar,2023/04/11,2024-04-10,236000000,108800000,1015000,7.2,Semestral,Corredor,0,Renovada,,
POL-005166,CLI-04603,Salud,2021-06-26,26/06/2022,83000000,2136000,2193000,-2.6,Anual,Asesor comercial,5,Cancelada,06/06/2022,Reclamo rechazado / insatisfacción
POL-005554,CLI-04203,Salud,2023-10-31,30/10/2024,173000000,3566000,3387000,5.3,Semestral,Agencia,10,Renovada,,
POL-002880,CLI-00156,Vivienda,2021/02/18,18/02/2022,77000000,342000,310000,10.4,Anual,Bancaseguros,5,Vencida,,
POL-000647,CLI-04555,Hogar,2024-10-26,26/10/2025,148000000,471000,,8.6,Trimestral,Agencia,0,Cancelada,2025-08-07,Cambio de aseguradora
POL-006496,CLI-04214,Salud,2021/11/11,2022-11-11,241000000,5241000,4835000,8.4,Semestral,Bancaseguros,10,Renovada,,
POL-007123,CLI-01119,Auto,2024/01/12,2025/01/11,101000000,4113000,3176000,29.5,Mensual,Bancaseguros,0,Renovada,,
POL-004766,CLI-02971,Hogar,2021-12-08,2022/12/08,273000000,1054000,962000,9.6,Mensual,Asesor comercial,0,Cancelada,2022-08-03,Falta de pago
POL-005397,CLI-01438,Auto,27/06/2025,2026-06-27,111000000,5968000,5695000,4.8,Mensual,Agencia,5,Activa,,
POL-003372,CLI-01821,Hogar,2023/09/18,2024-09-17,274000000,1017000,1004000,1.3,Mensual,Agencia,15,Cancelada,2024-05-07,Otro
POL-004291,CLI-05014,Auto,2023-05-25,,63000000,2744000,2654000,3.4,MENSUAL,Agencia,10,Renovada,,
POL-003720,CLI-03661,Vida,2025-03-28,28/03/2026,414000000,1400000,1336000,4.8,Mensual,Agencia,10,Activa,,
POL-002950,CLI-00934,Auto,04/01/2022,2023-01-04,26000000,1376000,1240000,11.0,Mensual,Bancaseguros,0,Vencida,,
POL-004381,CLI-00860,Vida,2023-09-02,2024-09-01,218000000,639000,580000,10.2,Anual,Corredor,15,  Renovada,,
POL-001886,CLI-01565,Auto,15/07/2024,15/07/2025,48000000,2040000,1979000,3.1,Mensual,Asesor comercial,0,Renovada,,
POL-004664,CLI-01650,Auto,12/03/2023,2024/03/11,51000000,2183000,2121000,2.9,Trimestral,Bancaseguros,5,Cancelada,2023/06/23,Venta/pérdida del bien
POL-000674,CLI-03205,Salud,31/05/2023,30/05/2024,84000000,1798000,1736000,3.6,Mensual,Agencia,15,Renovada,,
POL-002091,CLI-05157,Vida,2022/07/26,26/07/2023,274000000,1087000,1062000,2.4,Trimestral,Web,5,Renovada,,
POL-003747,CLI-02235,Hogar,2023-09-15,2024-09-14,114000000,512000,484000,5.8,Mensual,Agencia,10,Renovada,,
POL-007902,CLI-04962,Salud,2025/03/14,2026-03-14,172000000,3328000,3004000,10.8,Anual,Bancaseguros,0,Activo,,
POL-007742,CLI-01145,Vida,2022-05-07,2023-05-07,332000000,913000,873000,4.6,Mensual,Corredor,5,RENOVADA,,
POL-003770,CLI-01984,Auto  ,2022/05/10,2023-05-10,101000000,3908000,3683000,6.1,Mensual,Asesor comercial,5,  Renovada,,
POL-004308,CLI-01796,  Hogar,2021-02-22,22/02/2022,161000000,622000,576000,7.9,Anual,Agencia,0,Renovada,,
POL-001697,CLI-05193,Vida,30/04/2024,2025-04-30,568000000,2580000,2387000,8.1,Mensual,Asesor comercial  ,5,Renovada,,
POL-002908,CLI-01967,Salud,2023-11-19,INVALID_DATE,59000000,1865000,1686000,10.6,Mensual,Asesor comercial,0,Renovada,,
POL-003779,CLI-00720,Auto,2025-06-02,02/06/2026,72000000,2387000,2271000,5.1,Mensual,Asesor comercial,5,Activa,,
POL-005747,CLI-03507,AUTO,2024-11-11,11/11/2025,45000000,1740000,1635000,6.4,Mensual,BANCASEGUROS,5,Vencida,,
POL-003714,CLI-04998,hogar,2022-06-27,2023-06-27,142000000,567000,538000,5.3,Mensual,Bancaseguros,10,RENOVADA,,
POL-004688,CLI-02718,Salud  ,06/05/2022,06/05/2023,84000000,-2093000,1865000,12.2,Mensual,Agencia,10,Vencida  ,,
POL-005014,CLI-00809,Vida,18/04/2023,2024/04/17,164000000,672000,531000,26.6,Anual,Web,0,Renovada  ,,
POL-001690,CLI-02255,Vida,2022-03-26,2023/03/26,106000000,560000,527000,6.3,Anual,Web,10,Renovada,,
POL-001116,CLI-02941,Auto,15/04/2025,15/04/2026,114000000,3453000,3336000,3.5,  Trimestral,Web,5,Activa,,
POL-006315,CLI-01438,Salud,2024-06-09,2025-06-09,134000000,2097000,1670000,25.6,Mensual  ,Asesor comercial,10,Vencida,,
POL-004156,CLI-04823,Hogar,2021/01/30,30/01/2022,111000000,498000,488000,2.0,Semestral,Asesor comercial,5,Vencida,,
POL-000689,CLI-02642,HOGAR,2025-05-11,2026/05/11,327000000,1494000,1405000,6.3,Mensual,web,10, Activa ,,
POL-000748,CLI-01298,Salud,2023/01/04,04/01/2024,46000000,1002000,953000,5.1,Mensual,Corredor,0,RENOVADA,,
POL-000484,CLI-04501,Hogar,10/09/2023,2024-09-09,143000000,457000,425000,7.6,Mensual,Bancaseguros,10,Vencida,,
POL-005713,CLI-02910,SALUD,28/08/2022,2023-08-28,284000000,7887000,7717000,2.2,Trimestral,Web,10,Vencida,,
POL-008147,CLI-01565,Hogar,22/11/2023,2024-11-21,455000000,1978000,1896000,4.3, Mensual ,Asesor comercial,0,Renovada,,
POL-000445,CLI-02837,Hogar,08/01/2024,2025/01/07,406000000,1633000,1604000,1.8,  Mensual,Web,10,Renovada,,
POL-001125,CLI-00777,Salud,2023-11-06,2024-11-05,91000000,1316000,1177000,11.8,Mensual,Bancaseguros,5,Cancelada,2024-10-06,reclamo rechazado / insatisfacción
POL-006723,CLI-05099,Hogar,2021-06-10,2022-06-10,332000000,1267000,1170000,8.3,Anual,Corredor,15,Renovada,,
POL-006506,CLI-00205,Hogar,2023-03-15,2024-03-14,170000000,756000,755000,0.1,Anual,Corredor,10,  Renovada,,
POL-005114,CLI-04229, Auto ,2025-01-22,22/01/2026,68000000,2846000,2693000,5.7,Anual,Bancaseguros,5,Activa,,
POL-001417,CLI-01679,Seguro Auto,2025-04-21,2026-04-21,50000000,1776000,1723000,3.1,Mensual,Agencia,10,Activo,,
POL-002343,CLI-01050,Salud,2025-03-28,28/03/2026,120000000,3217000,3123000,3.0,Mensual,Bancaseguros,0,Activa,,
POL-001789,CLI-04800,Auto,2023/06/03,02/06/2024,70000000,3827000,3508000,9.1,Mensual  ,CORREDOR,5,Vencida,,
POL-000893,CLI-01783, Hogar ,28/04/2022,28/04/2023,157000000,542000,513000,5.6,Trimestral,bancaseguros,0,vencida,,
POL-005257,CLI-01714,Auto,2021-11-24,24/11/2022,41000000,1650000,1594000,3.5,Mensual,Web,10,Renovada,,
POL-007645,CLI-00204,Vida,2024-04-22,2025-04-22,201000000,551000,505000,9.2,Anual,Corredor,10,Renovada,,
POL-007796,CLI-03932,Hogar,2024/10/23,23/10/2025,229000000,1055000,962000,9.7,Semestral,Web,0,Renovada,,
POL-001869,CLI-04362, Salud ,06/03/2022,INVALID_DATE,314000000,9505000,7836000,21.3,Anual,Asesor comercial,0,Renovada  ,,
POL-006515,CLI-00701,Salud,2023-06-01,2024/05/31,112000000,2439000,2429000,,Semestral,Bancaseguros,10,Vencida,,
POL-007967,CLI-04129,Vida,2025-02-18,2026/02/18,269000000,942000,906000,4.0,Mensual,Bancaseguros,5,Activa,,
POL-006232,CLI-03865,Salud,19/02/2025,2026-02-19,142000000,3538000,3402000,4.0,Mensual,Agencia,5,ACTIVA,INVALID_DATE,
POL-002088,CLI-02360,Salud,08/12/2024,08/12/2025,144000000,3506000,3311000,5.9, Mensual ,Agencia,0,Renovada,,
POL-002572,CLI-05064,Salud,2022-09-25,2023-09-25,280000000,7764000,7842000,-1.0,Trimestral,Agencia,10,Renovada,,
POL-002503,CLI-02404,Auto,2022-10-15,2023-10-15,59000000,2072000,1899000,9.1,Anual,Agencia,5,Renovada,,
POL-006690,CLI-05171,  Seguro Hogar,2022/10/25,25/10/2023,245000000,1050000,1013000,3.7,Mensual,Asesor comercial,10,Renovada,,
POL-001686,CLI-00407,Vida,2025-01-25,25/01/2026,1576000000,6693000,6350000,5.4,Semestral,Bancaseguros,5,Activa,,
POL-000655,CLI-00376,Auto,2021-07-25,2022-07-25,133000000,3372000,3116000,8.2, Trimestral ,AGENCIA,10,Renovada,,
POL-003451,CLI-00500,Hogar,16/09/2021,16/09/2022,252000000,1131000,1061000,6.6,Anual,Agencia,5,Vencida,,
POL-004963,CLI-03900,Hogar,2022/10/31,2023-10-31,161000000,637000,608000,4.8,Semestral,Web,10,Cancelada,20/04/2023,Cambio de aseguradora
POL-007914,CLI-04292,Salud,22/11/2021,22/11/2022,77000000,1806000,1792000,0.8,Mensual,Corredor,10,Vencida,,
POL-000316,CLI-04301,Hogar,2024/10/07,2025/10/07,243000000,828000,777000,6.6,Mensual  ,Agencia,0,Renovada,,
POL-006247,CLI-02872,Auto,2021-09-27,2022/09/27,32000000,,1373000,1.0,Trimestral,Bancaseguros,15,RENOVADA,,
POL-004211,CLI-03701,Salud,28/06/2021,2022-06-28,71000000,1313000,1207000,8.8,Mensual,Agencia,15,Renovada,,
POL-002026,CLI-00696,Auto,22/04/2024,2025-04-22,82000000,2878000,2858000,0.7,Mensual,Corredor,15,Renovada,,
POL-006854,CLI-03610,Hogar,2023/11/08,2024-11-07,454000000,1848000,1724000,7.2,Semestral,Asesor comercial,0,Renovada,,
POL-001143,CLI-01372,Hogar,2024/05/28,2025-05-28,171000000,,690000,2.3,Mensual  ,Bancaseguros,0,Vencida,,
POL-007908,CLI-02473,Salud,2025-06-22,22/06/2026,116000000,2980000,2578000,15.6,Anual,ASESOR COMERCIAL,5,Activa,,
POL-007545,CLI-05017,Vida,2024-05-15,2025-05-15,368000000,1296000,1219000,6.3,Semestral,Bancaseguros,10,RENOVADA,INVALID_DATE,
POL-000502,CLI-03179,Hogar,2021/09/24,24/09/2022,276000000,1254000,934000,34.3,Mensual,Asesor comercial,0,Vencida,,
POL-002737,CLI-00091,Salud,2021/06/15,2022-06-15,86000000,1942000,1850000,5.0,Semestral,Web,10,Renovada,,
POL-002611,CLI-00977,Salud,2024/04/28,2025-04-28,183000000,4809000,4804000,0.1,  Anual,Bancaseguros,5,Renovada,,
POL-001445,CLI-00306,Auto  ,2023-10-12,2024/10/11,31000000,1324000,1241000,6.7,Mensual,Asesor comercial,0,Renovada,,
POL-004592,CLI-03872,Auto,07/01/2025,2026/01/07,49000000,1816000,1708000,6.3,Anual,Web  ,10,Activa  ,,
POL-000834,CLI-02740,Auto,2025-06-29,2026-06-29,56000000,,1744000,5.4,Mensual,  Web,5,Activa,,
POL-006577,CLI-03996,Vehículo,2025-01-29,2026-01-29,51000000,1831000,1711000,7.0,Trimestral,Asesor comercial,15,Activo,,
POL-007073,CLI-04935,Hogar,08/11/2024,2025/11/08,350000000,1346000,1230000,9.4,Mensual,  Asesor comercial,0,Renovada,,
POL-004442,CLI-02879,Auto,2023-01-24,2024-01-24,58000000,2578000,2607000,-1.1,Mensual,Bancaseguros,15,RENOVADO,,
POL-007627,CLI-04518,Vida,2024/01/22,21/01/2025,761000000,3257000,3041000,7.1,Anual,Corredor,0,Cancelada,2024/07/28,Falta de pago
POL-004274,CLI-03481,Auto,2024-05-18,18/05/2025,32000000,1099000,1018000,8.0,Mensual,  Bancaseguros,10,Renovada,,
POL-002478,CLI-02607,Vida,2023-03-16,2024-03-15,150000000,390000,361000,7.9,Mensual,WEB,5,Renovada,,
POL-002852,CLI-02196,Auto,2022-05-29,2023/05/29,60000000,3377000,3031000,11.4,Mensual,asesor comercial,0,Renovada,,
POL-006372,CLI-01392,Vida,2024/03/03,2025-03-03,252000000,1120000,1059000,5.8,Trimestral,Agencia,10,VENCIDA,,
POL-005730,CLI-04814,  Salud,2025-04-18,18/04/2026,49000000,1091000,1029000,6.0,Mensual,Agencia,10,ACTIVA,,
POL-006243,CLI-04787, Auto ,2025-06-25,2026-06-25,34000000,1469000,1472000,-0.2,Mensual, Asesor comercial ,15,CANCELADA,10/11/2025,Otro
POL-008400,CLI-00697,Salud,2022-03-31,2023-03-31,87000000,2164000,2077000,4.2,Anual,Corredor,0, Renovada ,,
POL-001693,CLI-04764,Auto,26/12/2023,2024/12/25,36000000,1393000,1348000,3.3,Trimestral,Asesor comercial,10,RENOVADA,,
POL-003251,CLI-03658,Vida,2022-04-06,2023-04-06,105000000,314000,285000,10.1,Anual,Corredor,0,Renovada,,
POL-005649,CLI-03490,Salud,2023-01-21,2024/01/21,125000000,2726000,2611000,4.4,Anual,Asesor comercial,10,RENOVADA,,
POL-004849,CLI-04687,Auto,2021-03-18,2022-03-18,43000000,1323000,1302000,1.6,Mensual,Corredor,10,Renovada,,
POL-005184,CLI-00772,Auto,2024/09/23,2025/09/23,38000000,1712000,1618000,5.8,Mensual  ,Asesor comercial,0,vencida,,
POL-003835,CLI-02522,AUTO,2023-10-21,2024/10/20,46000000,1918000,1771000,8.3,Mensual  ,Asesor comercial,5,Vencida,,
POL-007099,CLI-02606,Salud,2022/04/08,2023-04-08,402000000,7011000,6955000,0.8,Mensual,Asesor comercial,5,Renovada,,
POL-005349,CLI-04118,Vida,2023-08-04,2024-08-03,284000000,621000,589000,5.4,Trimestral,Bancaseguros,0,Renovada,,
POL-002403,CLI-01727,Auto,2021-07-20,2022-07-20,87000000,3245000,3044000,6.6,Anual,Web,15,Renovada,,
POL-001203,CLI-02038,Hogar,2022-06-18,2023-06-18,283000000,1269000,1165000,8.9,Mensual,Agencia,10,RENOVADA,,
POL-004012,CLI-00286, Salud ,01/02/2023,2024/02/01,104000000,2509000,2376000,5.6,Trimestral  ,Asesor comercial,0,Renovada,,
POL-006285,CLI-03653,Salud,2022/09/29,29/09/2023,51000000,844000,604000,39.8,Mensual,Web,5,Renovada,,
POL-008297,CLI-04404,Vida,2021-11-21,21/11/2022,186000000,671000,502000,33.7,MENSUAL,corredor,10,Renovada,,
POL-007484,CLI-01086,Auto,05/12/2024,2025-12-05,60000000,2335000,2215000,5.4, Trimestral ,Bancaseguros,0,Vencida,,
POL-007733,CLI-00518,Hogar,2024-05-03,2025-05-03,379000000,1551000,1500000,3.4,Mensual,Web,5,vencida,,
POL-007948,CLI-00497,Auto,2024-11-13,13/11/2025,70000000,2591000,2482000,4.4,Mensual,Bancaseguros,15,Renovada  ,,
POL-001614,CLI-02514,Salud,04/02/2025,04/02/2026,69000000,1558000,1491000,4.5,Trimestral,Corredor,5,Activa,,
POL-004037,CLI-01345,Auto,01/01/2025,2026-01-01,70000000,2685000,2693000,-0.3,Mensual,Web,5,Activa,,
POL-007436,CLI-01135,Hogar,10/08/2023,2024-08-09,145000000,583000,524000,11.2,Trimestral,Bancaseguros,10,Vencida,,
POL-004731,CLI-01276,Auto,2021-10-13,2022-10-13,61000000,1704000,1671000,2.0,Anual,Bancaseguros,10,Renovada,,
POL-005100,CLI-03272,Salud,2023/03/21,20/03/2024,215000000,4077000,3879000,5.1,Mensual,Asesor comercial,0,Cancelada,2023-06-09,CAMBIO DE ASEGURADORA
POL-005570,CLI-03123,Auto,2024-09-23,2025-09-23,247000000,8983000,8588000,4.6,Mensual,Asesor comercial,5,Renovada,,
POL-000429,CLI-03820,Vehículo,03/03/2022,2023-03-03,50000000,1576000,1530000,3.0,Anual,Web,10,Renovada,,
POL-005358,CLI-01571,HOGAR,2024-07-28,2025-07-28,189000000,632000,587000,7.6,Trimestral,Web,5,Cancelada,2025-07-19,Otro
POL-007449,CLI-02073,Auto,04/08/2024,2025-08-04,54000000,2150000,2083000,3.2,Trimestral,WEB,5,Renovada,,
POL-004372,CLI-00996,Auto,2024-09-03,03/09/2025,158000000,4966000,4775000,4.0,Semestral  ,Bancaseguros,5,Vencida,,
POL-002846,CLI-02452,Auto,2023-04-21,20/04/2024,37000000,1415000,1326000,6.7,Trimestral,Web,5,RENOVADA,,
POL-003339,CLI-03579,Auto,14/12/2024,14/12/2025,64000000,2223000,2109000,5.4,Trimestral,Agencia,15,Vencida,,
POL-001055,CLI-02676,AUTO,2021-11-21,21/11/2022,40000000,1921000,1728000,11.2,Anual,Corredor,0,Renovada,,
POL-004926,CLI-03390,Salud,INVALID_DATE,2026-01-14,81000000,1441000,1362000,5.8,ANUAL,Agencia,15,Activa,,
POL-003874,CLI-02800,Salud,2024/06/23,23/06/2025,114000000,2303000,1747000,31.8,Mensual,Web,0,Renovada,,
POL-007813,CLI-04657,Salud,2025/01/27,2026/01/27,198000000,5045000,4970000,1.5,Trimestral,Asesor comercial,15,Activa,,
POL-003742,CLI-04515,Vida,2023-10-13,,800000000,,2470000,5.6,Semestral,Agencia,10,Cancelada,2024/07/19,Precio
POL-007915,CLI-01860,Hogar,2023-09-08,2024/09/07,316000000,1263000,1180000,7.0,Semestral,Agencia,0,Renovada,,
POL-006266,CLI-03453,Vida,2022/06/18,2023/06/18,414000000,1458000,1213000,20.2,Mensual,Asesor comercial,0,RENOVADA,,
POL-002089,CLI-04862,Seguro Hogar,2025-05-14,2026-05-14,161000000,570000,573000,-0.5,Anual,Web,15,Vigente,,
POL-008137,CLI-01745,Salud,2025-06-26,2026-06-26,145000000,3053000,2859000,6.8,Trimestral,Agencia,0,Activa,,
POL-007710,CLI-01644,Salud,2024-09-20,20/09/2025,103000000,2832000,2723000,4.0,Mensual,Web,10,Renovada,INVALID_DATE,
POL-007056,CLI-04479,Salud,2023-08-01,2024-07-31,68000000,1891000,1647000,14.8,Semestral,Corredor,5,CANCELADA,2023-12-11,Precio
POL-004558,CLI-04579,Hogar,2024/06/27,2025-06-27,115000000,558000,555000,0.6, Anual ,Bancaseguros,5,Vencida,,
POL-000551,CLI-04911,Auto,21/12/2023,2024-12-20,49000000,1674000,1596000,4.9,  Trimestral, Web ,5,Cancelada,31/07/2024,Precio
POL-006659,CLI-00207,Automóvil,24/12/2021,2022-12-24,27000000,941000,844000,11.5,Semestral,Bancaseguros,5,Renovada,,
POL-006195,CLI-01718,Auto,2024-03-20,2025/03/20,80000000,2939000,2862000,2.7,Trimestral,Asesor comercial,5,Renovada,,
POL-003859,CLI-04764,Auto,2021-07-04,2022-07-04,61000000,2176000,1993000,9.2,Anual,Web,5,  Renovada,,
POL-004490,CLI-05064,Auto,2022-09-21,2023-09-21,47000000,1840000,1853000,-0.7, Anual ,Agencia,10,Renovada,,
POL-005884,CLI-02231,Salud,2021-12-25,2022-12-25,70000000,1093000,1053000,3.8,ANUAL,Asesor comercial,15,Cancelada,INVALID_DATE,Venta/perdida del bien
POL-006607,CLI-00885,Vida,2021-08-30,2022-08-30,670000000,1942000,1837000,5.7,Mensual,Corredor,15,Renovada,,
POL-003215,CLI-05104,Seguro de Vida,2023-05-07,06/05/2024,696000000,2192000,2132000,2.8,Semestral,Bancaseguros,10,Vencida,,
POL-006812,CLI-04877,Auto,2025-06-08,08/06/2026,76000000,2293000,2125000,7.9,Trimestral,web,5,Cancelada,04/12/2025,Cambio de aseguradora
POL-008075,CLI-01341,Auto,2023-01-16,16/01/2024,18000000,741000,700000,5.8,Anual,Corredor,0,Vencida,,
POL-000432,CLI-00116,AUTO,2024-06-06,2025-06-06,95000000,3052000,3040000,0.4,TRIMESTRAL,Agencia,5,Vencida,,
POL-005559,CLI-02339,Vehículo,16/07/2024,16/07/2025,60000000,2624000,2575000,1.9,Mensual,Asesor comercial,10,Renovada,,
POL-008363,CLI-03001,Auto,19/07/2024,2025-07-19,81000000,2774000,2216000,25.2,Anual,Asesor comercial,15,RENOVADO,,
POL-004333,CLI-01770,Seguro de Salud,2024-03-21,2025/03/21,186000000,3301000,2512000,31.4,Mensual,Asesor comercial,0,Renovada,,
POL-004952,CLI-01063,Salud,2024-05-22,2025/05/22,148000000,3723000,2684000,38.7,Mensual,Bancaseguros,10,Cancelada,2024/09/15,Precio
POL-003851,CLI-03686,Hogar,2024-05-22,2025-05-22,136000000,680000,669000,1.7,Mensual,Bancaseguros,0,Renovada,,
POL-002761,CLI-02098,Seguro de Salud,2024-05-08,08/05/2025,91000000,2552000,2398000,6.4,Semestral,Web,15,  Renovada,,
POL-003476,CLI-00658,Auto,19/04/2025,2026-04-19,90000000,4220000,4195000,0.6,Mensual,Corredor,5,Activa,,
POL-007889,CLI-02550,Seguro Hogar,2022-08-30,30/08/2023,195000000,695000,635000,9.4,Trimestral,Web,5,RENOVADA,,
POL-004983,CLI-01012,Auto,2025-06-17,2026-06-17,45000000,1720000,1646000,4.5,Mensual,Bancaseguros,5,Cancelada,2025/09/08,Otro
POL-000903,CLI-02127,Hogar,2023-03-30,2024-03-29,301000000,1373000,1263000,8.7,Mensual,Agencia,5,Vencida,,
POL-005109,CLI-03960,Hogar,2022/09/06,2023-09-06,253000000,1107000,1054000,5.0,Mensual,Agencia,10,Renovada,,
POL-000690,CLI-00159,Hogar,2024-01-27,26/01/2025,108000000,412000,389000,5.8,Anual,BANCASEGUROS,0,Renovada,,
POL-007622,CLI-01233,Auto,24/10/2024,2025-10-24,64000000,3009000,2985000,0.8,Mensual,Agencia,5,Cancelada,2025/08/31,Otro
POL-008042,CLI-02217,Salud,25/05/2024,2025-05-25,182000000,4096000,4063000,0.8,Anual,Agencia,0,  Vencida,,
POL-004368,CLI-04535,Auto,2025/04/23,2026-04-23,41000000,1498000,1485000,0.9,MENSUAL,Bancaseguros,10,Activa,,
POL-004183,CLI-04291,Salud,15/08/2022,2023/08/15,62000000,1704000,1596000,6.8,Mensual,Asesor comercial,0,Renovada,,
POL-003865,CLI-00561,Hogar,22/11/2024,2025-11-22,232000000,837000,817000,2.5,Semestral, Asesor comercial ,10,Renovada,,
POL-006583,CLI-02798,Hogar,2022-11-19,2023/11/19,419000000,1565000,1498000,,Mensual,Agencia,10,VENCIDA,,
POL-000303,CLI-00954,Hogar,2024/03/12,2025-03-12,,784000,760000,3.2,Mensual,Corredor  ,10,Vencida,,
POL-003508,CLI-01178,VIDA,2021/11/16,2022-11-16,108000000,424000,387000,9.5,Mensual,Agencia,10,RENOVADA,,
POL-007630,CLI-00478,Auto,2022/01/03,2023/01/03,34000000,1508000,1499000,0.6,MENSUAL,Agencia,5,Renovada,,
POL-007500,CLI-03060,AUTO,2024/11/17,2025-11-17,77000000,3297000,2440000,35.1,Anual,Asesor comercial,5,RENOVADA,,
POL-006204,CLI-01209,Vida,2023-07-25,2024/07/24,208000000,534000,513000,4.0,  Anual,Bancaseguros,0,Renovada,,
POL-003580,CLI-03354,Auto,2023-03-10,09/03/2024,39000000,1652000,1616000,2.2,Trimestral,Web,15,Renovada,,
POL-000490,CLI-01022,Vida,30/03/2024,30/03/2025,187000000,913000,881000,3.6,Semestral,Asesor comercial,5,Renovada,,
POL-002899,CLI-03802,Auto,2022-06-23,2023-06-23,24000000,953000,689000,38.4,Mensual,Web,5,Vencida,,
POL-006160,CLI-00103,Auto,2022-07-04,2023-07-04,52000000,2393000,2374000,0.8,Mensual,Bancaseguros,15,Cancelada,07/04/2023,Cambio de aseguradora
POL-001662,CLI-00729,Salud,2025-05-02,02/05/2026,111000000,2154000,2137000,0.8,Mensual,Web,5,Activa  ,,
POL-000823,CLI-03389,Salud,02/02/2025,2026-02-02,73000000,1687000,1667000,1.2,Trimestral,Web,5,Cancelada,2025/10/30,Cambio de aseguradora
POL-000323,CLI-03737,Hogar,07/10/2024,24/01/2024,1028000000,4408000,3950000,11.6,Mensual,Bancaseguros,0,Renovada,,
POL-001082,CLI-02987,Vivienda  ,29/08/2023,2024-08-28,178000000,678000,688000,-1.5,Mensual,Asesor comercial,15,Renovada,,
POL-000948,CLI-01257,Auto,10/09/2022,2023-09-10,54000000,2751000,2666000,3.2,Mensual,AGENCIA,5,RENOVADA,,
POL-001645,CLI-04110,Salud,2025-02-01,2026/02/01,55000000,1327000,1229000,8.0,Trimestral,Asesor comercial,15,Activa,,
POL-002401,CLI-02376,Salud  ,2022-02-12,2023-02-12,180000000,4287000,3389000,26.5,Mensual,Bancaseguros,0,Cancelada,2022/12/13,Precio
POL-004038,CLI-05009,Auto,17/04/2023,2024-04-16,31000000,1258000,1167000,7.8,Mensual,Agencia,10,Renovada,,
POL-002082,CLI-03463,Auto,2024/06/10,2025-06-10,74000000,2611000,2482000,5.2,Semestral,Corredor,5,Renovada,,
POL-006035,CLI-01444,Auto,06/05/2025,06/05/2026,40000000,1797000,1689000,6.4,Anual,WEB,5,Activa,,
POL-006378,CLI-04683,Salud,2024-10-28,2025-10-28,164000000,3817000,3656000,4.4,Anual,  Web,10, Renovada ,,
POL-006911,CLI-02532,Vida,2023-06-02,01/06/2024,267000000,1440000,1379000,4.4,Mensual,AGENCIA,10,renovada,,
POL-002164,CLI-03015,Hogar,07/06/2024,2025-06-07,503000000,2100000,2188000,-4.0,Mensual,Agencia,5,Cancelada,2025-04-04,Precio
POL-002294,CLI-04748,Auto,2024-12-05,05/12/2025,42000000,1628000,1561000,4.3,Mensual,Corredor,5,Renovada,,
POL-002609,CLI-04540,Vida,2025/05/25,2026-05-25,852000000,3080000,2889000,6.6,Anual,Agencia,10,Cancelada,19/07/2025,Otro
POL-005378,CLI-03175,Salud,2025/01/13,2026-01-13,228000000,4766000,4360000,9.3,Mensual,Asesor comercial  ,5,Activa,,
POL-006655,CLI-03348,Salud,2023-04-23,2024/04/22,114000000,2125000,1934000,9.9,Mensual,Corredor,10,Vencida  ,,
POL-003061,CLI-04462,Salud,2023/09/16,15/09/2024,246000000,5245000,4981000,5.3,Anual,Asesor comercial,0,renovada,,
POL-004000,CLI-03701,Auto,23/08/2023,22/08/2024,70000000,3372000,3046000,10.7,Trimestral  ,agencia,5,Renovada,,
POL-003939,CLI-02212, Auto ,09/06/2025,2026/06/09,84000000,3455000,3275000,5.5,Mensual,Agencia,15,Activa,,
POL-004805,CLI-03056,Salud,2025-06-12,12/06/2026,76000000,1409000,1422000,-0.9,Semestral,Agencia,5, Activa ,,
POL-007121,CLI-00214,Seguro de Salud,2022-02-18,2023/02/18,233000000,5863000,5863000,0.0,Semestral,Bancaseguros,15,Renovada,,
POL-004350,CLI-01512,Salud,2023/01/23,2024-01-23,89000000,1692000,1599000,5.8,Anual,Web,5,Renovada,,
POL-006476,CLI-02324,SALUD,2021-06-06,2022-06-06,125000000,3013000,2819000,6.9,Mensual,Corredor,15,Renovada  ,,
POL-007008,CLI-01803,AUTO,2025-01-11,,44000000,2039000,1902000,7.2,Mensual,Web,5,Suspendida,,
POL-007340,CLI-02790,Auto,28/12/2024,2025-12-28,71000000,3021000,2834000,6.6,Mensual,Agencia,5,Renovada,,
POL-005798,CLI-00100,Seguro Auto,29/07/2024,2025/07/29,51000000,1404000,1332000,5.4,Mensual  ,  Web,10,Vencida,,
POL-001037,CLI-04666, Auto ,2024-06-08,2025-06-08,51000000,2178000,2059000,5.8,Anual,ASESOR COMERCIAL,5,renovado,,
POL-005744,CLI-02495,SALUD,2021-10-13,13/10/2022,128000000,2663000,2515000,5.9,Anual,Web,0,Renovada,,
POL-004957,CLI-00541,automóvil,2021-09-07,2022/09/07,63000000,2706000,2485000,8.9,Trimestral,CORREDOR,5,Vencida,,
POL-001361,CLI-02808,Vida,2025-05-17,2026-05-17,241000000,630000,580000,8.6,Mensual,Asesor comercial,15,Activa,,
POL-000194,CLI-01211,Salud,30/08/2024,30/08/2025,40000000,856000,764000,12.0,Mensual,Web,0,Anulada,2024-12-10,Cambio de aseguradora
POL-008094,CLI-03757,Auto,06/02/2025,2026-02-06,43000000,1418000,1057000,34.1,Mensual,Asesor comercial,15,Cancelada,2025/09/10,Precio
POL-007295,CLI-00923,Vida,2021-04-07,2022-04-07,431000000,1316000,1263000,4.2,Mensual,Web,5,RENOVADA,,
POL-005429,CLI-04861,Auto,2023-11-16,2024-11-15,63000000,2354000,2162000,8.9,Mensual, Web ,10,Cancelada,2024/05/27,Cambio de aseguradora
POL-005606,CLI-01836,Salud,2021-02-06,2022/02/06,98000000,2106000,2125000,-0.9,Mensual, Web ,0,Renovada,,
POL-002643,CLI-03682,Auto,2023/06/18,2024-06-17,67000000,2515000,2331000,7.9,Mensual,Bancaseguros,0,Vencida,,
POL-005717,CLI-03598,Hogar,2024-01-24,23/01/2025,336000000,1579000,1204000,31.2,Mensual,bancaseguros,10,Renovado,,
POL-007453,CLI-03465,Vida,19/06/2025,2026-06-19,374000000,1145000,1006000,,Semestral,Agencia,10,Activa,,
POL-003593,CLI-02491,Salud,2024-11-28,28/11/2025,55000000,1245000,1157000,7.6,Mensual,Web,5,Renovada,,
POL-003766,CLI-01174,Vida,2024-07-29,29/07/2025,373000000,1275000,1256000,1.5,Trimestral,Bancaseguros,10,Vencida,,
POL-001122,CLI-00821,Auto,25/04/2021,2022-04-25,28000000,822000,596000,37.9,Anual,Asesor comercial,0,Cancelada,2021-05-31,Otro
POL-006731,CLI-01380, Hogar ,21/11/2021,2022-11-21,238000000,923000,660000,39.9,Anual,Corredor,10,Cancelada,2022-04-26,Precio
POL-001545,CLI-00249,Auto,2023/02/08,2024-02-08,51000000,1438000,1413000,1.8,Mensual,Web,5,Renovada,,
POL-000524,CLI-00368,Vida,16/11/2022,2023/11/16,332000000,1414000,1315000,7.5,Mensual,Web,0,Cancelada,2023-06-04,Cambio de aseguradora
POL-002563,CLI-00182,Seguro de Vida  ,2021/02/27,27/02/2022,112000000,339000,324000,4.7,Mensual,Corredor,5,renovada,,
POL-005904,CLI-02995,Auto,28/02/2023,2024-02-28,45000000,1902000,1917000,-0.8,Mensual,Agencia,0,Vencida,,
POL-007736,CLI-03447,auto,2023-03-22,2024-03-21,75000000,2706000,2622000,3.2,Anual,Web,10,Vencida,,
POL-004750,CLI-02145,Hogar,30/11/2023,29/11/2024,297000000,1419000,1370000,3.6,Trimestral,Asesor comercial,0,Renovada,,
POL-004676,CLI-00831,Vida,2025/06/06,2026-06-06,350000000,1142000,897000,27.3,Trimestral,Agencia,0,Activa,,
POL-005675,CLI-04606,Hogar,03/08/2024,2025-08-03,242000000,964000,751000,28.4,Mensual,Web,0,Cancelada,2024-10-30,Falta de pago
POL-007917,CLI-02955,Hogar,2022/05/02,2023-05-02,216000000,756000,630000,20.0,Mensual,Asesor comercial,10,Renovada,,
POL-000489,CLI-04399,Auto,2024-06-26,26/06/2025,99000000,4078000,3979000,2.5,Anual,Asesor comercial,10,Vencida,,
POL-004311,CLI-02366,hogar,2021/07/01,2022-07-01,223000000,901000,854000,5.5,Mensual,Asesor comercial,10,Renovada,,
POL-006528,CLI-02923,Salud,2025-03-05,05/03/2026,83000000,1945000,1803000,7.9,Anual,Bancaseguros,15,Activa,,
POL-001843,CLI-03086,Auto,29/01/2023,2024/01/29,17000000,661000,672000,-1.6,Anual,Agencia,5,Renovada,,
POL-002461,CLI-00398,Auto,2024-05-11,2025-05-11,47000000,2239000,2122000,5.5,Trimestral,Asesor comercial,5,Cancelada,2024-10-27,Reclamo rechazado / insatisfacción
POL-006326,CLI-00348,Auto,2024-05-20,2025-05-20,47000000,1840000,1759000,4.6,Anual,Web,0,Renovada,,
POL-002486,CLI-02498,Auto,13/09/2023,2024-09-12,108000000,4284000,,4.8,Anual,Web,0,Renovada,,
POL-006523,CLI-02721,Auto,24/11/2023,2024-11-23,57000000,2851000,2254000,26.5,Trimestral,  Asesor comercial,0,Renovada,,
POL-005373,CLI-94754,Salud,09/06/2025,2026-06-09,43000000,766000,746000,2.7,mensual,  Corredor,0,Activa,,
POL-008047,CLI-04947,Hogar,2025-02-13,13/02/2026,,546000,543000,0.6,Mensual,Corredor,10,Activa,,
POL-000139,CLI-03909,Hogar,2022-06-16,2023-06-16,415000000,1764000,1655000,6.6,Anual,Web,15,Renovada,,
POL-007520,CLI-02001,Auto,21/03/2022,21/03/2023,26000000,1048000,803000,30.5,Anual,Web,0,  Cancelada,12/12/2022,Precio
POL-005654,CLI-03786,AUTO,2023/11/11,2024/11/10,47000000,1886000,1415000,33.3,Trimestral,Asesor comercial,15,Cancelada,08/09/2024,Cambio de aseguradora
POL-005486,CLI-00683,AUTO,2024/11/05,05/11/2025,69000000,3441000,3271000,5.2,Anual,Web,5,Renovada,,
POL-002590,CLI-03399, Vida ,2022-08-14,14/08/2023,219000000,483000,446000,8.3,Mensual,Asesor comercial,10,Cancelada,30/07/2023,Cambio de aseguradora
POL-003057,CLI-02667,Auto,2021/10/25,2022-10-25,42000000,1610000,1487000,8.3,Semestral,Web,0,Renovada,,
POL-002279,CLI-00913,Hogar,2024-01-03,02/01/2025,83000000,312000,301000,3.6,Trimestral,  Asesor comercial,0,RENOVADA,,
POL-008238,CLI-00663,SALUD,2024/08/02,02/08/2025,78000000,2167000,2029000,6.8,Mensual,Asesor comercial,5,Cancelado,2025-07-01,Otro
POL-000552,CLI-01540,Hogar,2021-03-13,2022-03-13,123000000,489000,467000,4.6,Mensual,Corredor,5,Renovada,,
POL-005800,CLI-00043,Vida,30/05/2022,2023-05-30,552000000,2062000,1703000,21.1, Semestral ,Corredor,5,Vencida,,
POL-005709,CLI-01616, Auto ,2022-01-10,10/01/2023,113000000,5377000,5308000,1.3,Mensual,asesor comercial,0,Renovada,INVALID_DATE,
POL-001018,CLI-03787,Salud,03/01/2021,2022-01-03,107000000,1914000,1801000,6.3,Mensual,Agencia,5,Vencida,,
POL-000172,CLI-03709,Auto,17/04/2024,17/04/2025,38000000,1486000,1188000,25.1,Mensual,Bancaseguros,0,Renovada,,
POL-007027,CLI-02348,Auto,28/03/2025,28/03/2026,19000000,839000,808000,3.9, Anual ,Corredor,0,Vigente,,
POL-004898,CLI-01789,Salud,22/01/2025,2026-01-22,78000000,1523000,1367000,11.4,Anual,Agencia,5,ACTIVA,,
POL-001654,CLI-04742,Salud,17/08/2024,2025-08-17,162000000,3402000,3150000,8.0, Mensual ,Bancaseguros,0,Renovada,,
POL-001524,CLI-01991,Vida,2024-09-20,2025-09-20,628000000,1746000,1700000,2.7,Mensual,Web,0,Renovada,,
POL-002865,CLI-04071,Salud,2024/10/22,22/10/2025,94000000,1939000,1870000,3.7,Mensual,Asesor comercial,0, Vencida ,,
POL-008079,CLI-00470,Vida,2023/10/23,2024-10-22,190000000,727000,708000,2.7,Anual,Asesor comercial,5,Renovada,,
POL-001760,CLI-02346,Seguro de Salud,2022-06-04,2023-06-04,206000000,5030000,4519000,11.3,ANUAL,BANCASEGUROS,0,Renovada,,
POL-001691,CLI-01002,Salud,2021/06/11,2022-06-11,75000000,2284000,,0.3,Anual,Agencia,10,Renovada,,
POL-003631,CLI-00042,Salud,2024-07-23,2025-07-23,124000000,2221000,1877000,18.3,Mensual,Web,5,Cancelada,2025/06/16,PRECIO
POL-006486,CLI-04478,Auto  ,2024-11-09,2025-11-09,36000000,1776000,1625000,9.3,Semestral,Corredor,0,  Renovada,,
POL-007035,CLI-00173,Auto,2021-01-01,01/01/2022,26000000,1288000,1175000,9.6,Trimestral,Bancaseguros,5,Renovada,,
POL-004662,CLI-00140,AUTO,2022-01-19,2023-01-19,65000000,2809000,2840000,-1.1,Mensual,Asesor comercial,10,Vencida,,
POL-007404,CLI-02983,SALUD,2025-05-21,2026-05-21,90000000,2220000,1986000,11.8,Mensual,Agencia,5,Activa  ,,
POL-004344,CLI-02136,Vida,07/09/2021,2022-09-07,176000000,743000,728000,2.0,Anual,Agencia,0,Renovada,,
POL-002361,CLI-04463,Salud,2021-10-11,2022-10-11,97000000,2357000,1767000,33.4,Mensual,bancaseguros,10,Cancelada,,Venta/pérdida del bien
POL-004320,CLI-04876,Vehículo,12/10/2024,12/10/2025,86000000,2734000,2591000,5.5, Trimestral ,Agencia,5,Renovada,,
POL-003866,CLI-03803,Hogar,02/05/2021,2022-05-02,204000000,1007000,921000,9.3,Semestral,Asesor comercial,10,Renovada  ,,
POL-006398,CLI-04252,Vida,2024-10-13,2025-10-13,230000000,590000,564000,4.7,Trimestral,Agencia,5,vencida,,
POL-003532,CLI-00464,  Salud,2024-09-25,INVALID_DATE,118000000,2821000,,12.1,Mensual  ,Web,5,Vencida,,
POL-002057,CLI-05032,hogar,2024-10-06,06/10/2025,242000000,813000,752000,8.1,Anual,Web,5,Renovada,,
POL-007528,CLI-01594,Hogar,09/03/2022,2023-03-09,73000000,299000,245000,21.8,Anual,Web,10,Renovada  ,,
POL-007309,CLI-03347,Vida,2021/12/19,2022-12-19,538000000,2321000,2225000,4.3,Anual,Web,10,Vencida,,
POL-000873,CLI-91863,Hogar,29/11/2022,2023/11/29,146000000,624000,585000,6.6,Trimestral,Asesor comercial,5,Vencida,,
POL-001080,CLI-02671,Vida,19/09/2024,2025/09/19,261000000,1038000,990000,4.8,Anual,Agencia,5,Renovada,,
POL-005233,CLI-03671,vida,2021-09-05,INVALID_DATE,362000000,1719000,1685000,2.0,Anual,Bancaseguros,10,Vencida,,
POL-003780,CLI-01263,Salud,2024-10-27,2025-10-27,56000000,1280000,997000,28.4,Semestral,Bancaseguros,5,Vencida,,
POL-004779,CLI-01335,Salud,2022-02-01,01/02/2023,237000000,5882000,5570000,5.6,Mensual,Bancaseguros,10,Renovada,,
POL-006974,CLI-03451,  Salud,2021-09-03,03/09/2022,111000000,3520000,3281000,7.3,Mensual,Agencia,5,Renovada,,
POL-001420,CLI-02756,Auto,2025/04/29,2026/04/29,51000000,2457000,2342000,4.9,Mensual,Asesor comercial,5,Activa,,
POL-004404,CLI-04980,AUTO,27/07/2022,2023-07-27,31000000,1609000,1461000,10.1,Mensual,Bancaseguros,5,Renovada,INVALID_DATE,
POL-000162,CLI-00573,Salud,2024-04-06,2025-04-06,74000000,1462000,1207000,21.1,Mensual,Asesor comercial,10,Cancelada,18/05/2024,Precio
POL-001898,CLI-03041,Hogar,2021-01-12,2022-01-12,269000000,1063000,1002000,6.1,Mensual,Agencia,5,Renovada,,
POL-007599,CLI-02010,Seguro  Auto,2023/05/24,23/05/2024,101000000,4835000,4640000,4.2,Trimestral,Agencia,10,Vencida,,
POL-004188,CLI-03583,auto,01/02/2025,01/02/2026,71000000,2569000,2519000,2.0,Anual,Corredor,0,ACTIVA,,
POL-000656,CLI-04893,Auto,27/05/2022,2023-05-27,96000000,3385000,3172000,6.7,  Mensual,BANCASEGUROS,5,Renovada,,
POL-001561,CLI-00035, Auto ,2021-06-29,2022/06/29,101000000,6284000,6125000,2.6,Anual,Agencia  ,10,Renovada,,
POL-001452,CLI-04718,Auto,2021/09/23,2022/09/23,50000000,2132000,2191000,-2.7,Anual,Bancaseguros,5,Renovada,,
POL-002604,CLI-04953,Vida,2025/01/18,2026-01-18,569000000,2045000,1874000,9.1,Anual,Asesor comercial,5,Activa,,
POL-000801,CLI-04142,Auto,2022-08-06,INVALID_DATE,60000000,2313000,2243000,3.1,Semestral,Bancaseguros,10,Renovada,,
POL-008031,CLI-04103,Auto,19/12/2024,19/12/2025,85000000,2925000,2612000,12.0,Anual,Web,5,Renovada,,
POL-003151,CLI-02970,Salud,2023-04-28,2024-04-27,92000000,1396000,1369000,2.0,Trimestral,Bancaseguros,5,Renovada,,
POL-002538,CLI-04741,Salud,2021-01-14,2022/01/14,48000000,910000,816000,11.5,Mensual,Web,5,Cancelada,14/01/2022,Reclamo rechazado / insatisfacción
POL-004385,CLI-02020,SALUD,2024-12-07,2025-12-07,97000000,,1500000,7.9,Anual,Agencia,15,Renovada,,
POL-001223,CLI-01014,Vida,27/01/2025,27/01/2026,393000000,1673000,1624000,,Anual  ,Agencia,5,Activa,,
POL-003711,CLI-03061, Salud ,01/02/2025,2026-02-01,90000000,1931000,1914000,0.9,Semestral,Web,5,Activa,,
POL-006598,CLI-05027,Salud,2024-03-26,2025-03-26,75000000,1226000,1191000,2.9,Mensual,Agencia,10,Vencida,,
POL-007128,CLI-02066,Auto,10/09/2021,2022-09-10,98000000,5071000,4500000,12.7,Trimestral,ASESOR COMERCIAL,10,Vencida,,
POL-008230,CLI-03655,Auto,2024-01-10,2025/01/09,43000000,2052000,1992000,3.0,Trimestral,Agencia,15,  Renovada,,
POL-007935,CLI-00746,Auto,2025-03-12,12/03/2026,36000000,1726000,1707000,1.1,Anual,Asesor comercial,15,ACTIVA,,
POL-002835,CLI-00479,Hogar,2024/04/18,2025-04-18,337000000,1251000,1010000,23.9,Anual,Asesor comercial,5,Cancelada,18/04/2025,Precio
POL-008317,CLI-03254,Auto,2025-03-08,2026/03/08,19000000,715000,716000,-0.1,Mensual,Agencia,10,Activa,,
POL-005903,CLI-04640, Vida ,2024-05-31,31/05/2025,455000000,1297000,1234000,5.1,Mensual,Agencia,0,Renovada,,
POL-006220,CLI-04546,Salud,2021-05-03,2022/05/03,53000000,1211000,1147000,5.6,Trimestral,Web,15,vencida,,
POL-003272,CLI-00481,Hogar,26/09/2022,26/09/2023,172000000,773000,697000,10.9,Semestral,Asesor comercial,15,Vencida,,
POL-005961,CLI-02303,auto,2023/05/29,2024-05-28,97000000,4721000,4575000,3.2,Anual,Corredor,5,Cancelada,2024-02-05,Cambio de aseguradora
POL-002260,CLI-05031,Auto,25/05/2025,2026-05-25,37000000,1671000,1632000,2.4,Semestral,Bancaseguros,10,  Activa,,
POL-000902,CLI-05081,Auto,2025-02-26,2026/02/26,110000000,4213000,3930000,7.2,Mensual,Web  ,10,Cancelado,20/12/2025,Otro
POL-005960,cli-04873,Automóvil,04/03/2025,2026-03-04,73000000,2781000,2716000,2.4,anual,Agencia,5,  Activa,,
POL-001090,CLI-98809,Vida,28/10/2024,28/10/2025,233000000,825000,809000,2.0,Anual,  Agencia,0,Renovada,,
POL-005464,CLI-01176,Auto,2025-01-26,2026-01-26,72000000,2072000,2064000,0.4,Mensual,AGENCIA,10,Cancelada,2025-07-02,Venta/pérdida del bien
POL-000701,CLI-01596,Automóvil,11/10/2024,11/10/2025,58000000,2442000,2236000,9.2,Semestral,Asesor comercial,10,Cancelado,2025-06-28,Falta de pago
POL-005545,CLI-04703,Vida,2025/06/29,29/06/2026,876000000,2526000,2040000,23.8,Trimestral,Asesor comercial,5,Cancelada,2025-08-25,Otro
POL-004458,CLI-05054,SALUD,2023/08/04,03/08/2024,246000000,5906000,5690000,3.8,Anual,Web,5,Renovada,,
POL-004625,CLI-01368,Auto,2023/02/28,2024-02-28,30000000,1439000,1363000,5.6, Anual ,Agencia,5,Vencida,,
POL-004301,CLI-05066,Hogar,01/02/2024,2025-01-31,158000000,,882000,0.0,  Mensual,Corredor,10,Cancelada,2024/09/27,Falta de pago
POL-002866,CLI-99946,salud,2024/10/21,2025-10-21,123000000,,2689000,2.6,Semestral,Asesor comercial,5,Renovada,,
POL-000456,CLI-04819,Auto,2024-08-02,2025-08-02,32000000,1118000,1095000,2.1,Anual,Corredor,10,Vencida,,
POL-006134,CLI-03362,Salud,2023-02-21,2024-02-21,51000000,1380000,1264000,9.2,Mensual,Corredor,15,Renovada,,
POL-002193,CLI-02554,Hogar,22/04/2025,22/04/2026,298000000,1236000,1152000,7.3,Anual,Asesor comercial,0,Activa,,
POL-003379,CLI-04678,Auto,2021/08/12,2022-08-12,68000000,3435000,3265000,5.2,Mensual,Asesor comercial,0,Cancelada  ,19/02/2022,Venta/pérdida del bien
POL-004578,CLI-04575,AUTO,2025-01-04,04/01/2026,29000000,949000,900000,5.5,Anual,Web,0,Activa,,
POL-001946,CLI-04244,Auto,2021-03-20,INVALID_DATE,48000000,1901000,1897000,0.2,Mensual, Asesor comercial ,10,Renovada,,
POL-002259,CLI-00737,Auto,24/12/2021,2022-12-24,21000000,703000,680000,3.4,Semestral,Asesor comercial,0,Renovada,,
POL-007458,CLI-03265,Seguro de Salud  ,2024-01-02,01/01/2025,229000000,4132000,3756000,10.0,Mensual,Agencia,10,Vencida,,
POL-001373,CLI-02706,Hogar,02/10/2022,2023/10/02,136000000,459000,436000,5.3,Anual,  Web,0,Vencida,,
POL-007530,CLI-03080,SALUD,13/09/2024,2025-09-13,96000000,2152000,1993000,8.0,Semestral,Web,15,Vencida,,
POL-007904,CLI-04427,Auto,11/04/2025,2026-04-11,72000000,1954000,1903000,2.7,Trimestral,Agencia,5,Activa,,
POL-002095,CLI-04675,Salud,2024-04-03,2025/04/03,225000000,5097000,4859000,4.9,Anual  ,Asesor comercial,5,Cancelada,2025-03-25,cambio de aseguradora
POL-003130,CLI-00648,  Vida,2021-07-28,2022/07/28,1731000000,5647000,4089000,38.1,MENSUAL,Bancaseguros,5,Vencida,,
POL-008140,CLI-02266,Auto  ,2025-02-19,2026-02-19,46000000,2104000,1965000,7.1,Mensual, Agencia ,0,Activa,,
POL-004406,CLI-04995,Salud,2024-02-15,14/02/2025,129000000,3137000,,1.3,Mensual,Asesor comercial,0,Vencida,,
POL-005733,CLI-01587,Auto,2023-08-01,2024/07/31,47000000,1942000,1817000,6.9,Mensual,Asesor comercial,15,Vencida,,
POL-001549,CLI-03691,Auto,2023-02-16,2024-02-16,56000000,2186000,2076000,5.3,Mensual,Web,15,Cancelada,2023/04/07,Cambio de aseguradora
POL-002736,CLI-00766,Salud,2024-06-07,2025-06-07,215000000,5460000,5023000,8.7,Semestral,Bancaseguros,15,Vencida,,
POL-004171,CLI-00935,Vida,30/04/2024,2025-04-30,212000000,829000,825000,0.5,Mensual,Asesor comercial,15,Vencida,,
POL-001908,CLI-01496,Hogar,2022-06-19,19/06/2023,441000000,1835000,1770000,3.7, Mensual ,Web,5,Vencida,,
POL-000470,CLI-04487,Salud  ,2023-03-22,21/03/2024,65000000,1214000,1116000,8.8,Mensual,Web,10,Renovada,,
POL-004501,CLI-03038,Vida,2023-01-06,2024-01-06,283000000,1081000,1071000,0.9,Anual,Web,10,Renovada,,
POL-001475,CLI-03114,Hogar,03/07/2024,03/07/2025,159000000,601000,594000,1.2,Mensual,Web,0,Vencida,,
POL-000368,CLI-03074,Salud  ,2021-05-31,2022/05/31,84000000,2107000,1774000,18.8,Mensual,Corredor,5, Vencida ,,
POL-000183,CLI-04323,Salud,2022-07-03,2023-07-03,144000000,3109000,3057000,1.7,Semestral  ,Asesor comercial,15,Vencida,,
POL-004124,CLI-01496,auto,2023-04-19,2024-04-18,55000000,1633000,1530000,6.7,Anual,Asesor comercial,15,Renovada,,
POL-005465,CLI-00153,SALUD,2025/06/14,2026-06-14,318000000,7259000,6913000,5.0,Trimestral,Web,15,Cancelada,26/10/2025,Precio
POL-007981,CLI-01091,Auto,2021/08/16,2022-08-16,94000000,3850000,3468000,11.0,Mensual,Asesor comercial,15,Renovada,,
POL-008307,CLI-01125,Salud,2021-08-18,2022-08-18,94000000,153000000,1437000,6.5,Mensual,Agencia,0,Vencida,,
POL-004361,CLI-03194,  Salud,2025/03/18,2026/03/18,399000000,7443000,6873000,,Anual  ,Web,10,Activa,,
POL-001740,CLI-03898,Salud,2024-04-06,2025-04-06,127000000,2423000,1751000,38.4,Anual, Agencia ,10,Renovado,,
POL-003620,CLI-01618,Auto,2023/01/23,2024-01-23,30000000,1045000,1031000,1.4,Mensual,Bancaseguros,0,Vencida,,
POL-005921,CLI-00824,Vida,2023-06-22,21/06/2024,542000000,1899000,1688000,12.5,Anual,Asesor comercial,5,Renovada,,
POL-005882,CLI-01049,Salud,2021-02-09,09/02/2022,62000000,968000,877000,10.4,Mensual,Bancaseguros,5,Cancelada,2021/11/06,Precio
POL-000195,CLI-01253,Salud,27/10/2023,2024/10/26,216000000,4709000,4493000,4.8,Mensual,Asesor comercial,0,Vencida,,
POL-001860,CLI-04908,Auto,2022-11-30,2023-11-30,51000000,2044000,2048000,-0.2,Mensual,Bancaseguros,10,Renovada,,
POL-005576,CLI-04783,Auto,26/07/2024,26/07/2025,112000000,4232000,3919000,8.0, Anual ,Bancaseguros,5,vencida,,
POL-002641,CLI-01309,Hogar  ,09/03/2022,09/03/2023,165000000,573000,541000,5.9,Mensual  ,  Agencia,10,Cancelada,2022-11-15,Cambio de aseguradora
POL-002443,CLI-00661,Salud,2025-02-27,2026-02-27,57000000,1382000,1346000,2.7,Mensual,Bancaseguros,5,Activa,,
POL-007064,CLI-03067,Auto,08/02/2024,2025/02/07,28000000,916000,886000,3.4,Semestral,Asesor comercial,5,renovada,,
POL-006463,CLI-03744,auto,20/04/2024,20/04/2025,81000000,3188000,,28.5,Semestral,Corredor  ,10,CANCELADA,2025-02-26,PRECIO
POL-005259,CLI-01912,Hogar,23/12/2022,2023-12-23,300000000,1309000,1282000,2.1,Mensual,Asesor comercial,0,Vencida,,
POL-002974,CLI-00611,Vida,2024/06/15,15/06/2025,438000000,1751000,1666000,5.1,Semestral,Agencia,0,Renovada,,
POL-007869,CLI-01722,Hogar,2025-03-08,2026-03-08,185000000,942000,758000,24.3,Anual,Web,10,Activa,,
POL-004847,CLI-04532,Hogar,2022-01-21,2023-01-21,735000000,3230000,2370000,36.3,Mensual,Agencia,10, Cancelada ,2022-05-28,Precio
POL-003148,CLI-02910,Salud,03/07/2024,2025-07-03,103000000,2287000,2072000,10.4,Mensual,Asesor comercial,0,Renovada,,
POL-004492,CLI-01431,Hogar,2024-11-18,2025/11/18,126000000,567000,543000,4.4,Trimestral,Bancaseguros,5,Vencida,,
POL-006139,CLI-00192,Salud,2024-12-30,2025-12-30,309000000,7398000,7204000,2.7,Anual, Web ,0,Renovada,,
POL-003095,CLI-03201,  Salud,2024-08-20,20/08/2025,72000000,1369000,1058000,29.4,Anual,Web,0,RENOVADA,,
POL-007292,CLI-00877,Salud,2024-12-29,2025-12-29,175000000,3410000,3333000,2.3,Mensual,Asesor comercial,15,Renovada,,
POL-006101,CLI-00917,Vida,2024-10-21,21/10/2025,303000000,1018000,931000,9.4,Anual,Asesor comercial,0,Vencida,,
POL-003485,CLI-02735, Auto ,2023-03-13,12/03/2024,57000000,2439000,2229000,,Mensual,Bancaseguros,5,Vencida  ,,
POL-005635,CLI-04500,Auto,2025/05/26,2026-05-26,57000000,2017000,1583000,27.4,Mensual,Corredor,10,Cancelada,2025-12-17,Precio
POL-000585,CLI-03450,salud,2024-12-16,2025/12/16,110000000,2660000,2616000,1.7,Mensual,Bancaseguros,0,Renovada  ,,
POL-008265,CLI-03112,Auto,2025/04/06,06/04/2026,61000000,2018000,,28.8, Anual ,Asesor comercial,15,activa,,
POL-002375,CLI-02491,Auto,21/11/2024,21/11/2025,92000000,2857000,2616000,9.2,Mensual,Bancaseguros,5,Renovada,,
POL-008194,CLI-01065,Auto,2024-04-11,2025-04-11,31000000,1169000,1168000,0.1,Semestral,Corredor,10,Renovado,,
POL-003764,CLI-04177,auto,2024-10-09,2025-10-09,19000000,699000,667000,4.8,Mensual,agencia,0, Renovada ,,
POL-003224,CLI-02564,Vida,2024-11-23,2024-09-12,271000000,827000,756000,9.4,Semestral,Web,10,Renovada,,
POL-000051,CLI-05022,Auto,2024/04/11,2025/04/11,126000000,3696000,3285000,12.5,Mensual,Agencia,0,renovada,,
POL-006805,CLI-00366,SALUD,15/04/2025,2026-04-15,222000000,5015000,4749000,5.6,Semestral,Asesor comercial,5,Cancelada,2025/12/17,Cambio de aseguradora
POL-001198,CLI-01971,AUTO,2021-10-19,2022-10-19,25000000,1010000,1003000,0.7,Anual,BANCASEGUROS,0, Vencida ,,
POL-004033,CLI-00567,VIDA,2023-11-10,09/11/2024,375000000,2404000,2318000,3.7,Anual,Bancaseguros,5,Renovada,,
POL-000130,CLI-04107,Vida,,2024-06-22,135000000,520000,509000,2.2, Semestral ,WEB,5,Renovada,,
POL-004684,CLI-01468,Auto,2022-10-08,2023/10/08,35000000,1609000,1629000,-1.2,Semestral,Corredor,5,Renovada,,
POL-003030,CLI-04022,Vida,17/12/2022,2023/12/17,362000000,854000,800000,6.7,Mensual,Bancaseguros,0,Cancelada,2023/12/10,Cambio de aseguradora
POL-006692,CLI-04985,Hogar,26/06/2025,26/06/2026,186000000,780000,584000,33.5,Mensual,Bancaseguros,5,  Activa,,
POL-003103,CLI-04126,auto,,2024/10/13,57000000,2463000,2410000,2.2,mensual,asesor comercial,10,Vencida,,
POL-004284,CLI-03403,Hogar,2023/06/07,06/06/2024,87000000,335000,301000,11.4,Trimestral,ASESOR COMERCIAL,5,Renovada,,
POL-006845,CLI-01356,Salud,13/08/2021,13/08/2022,112000000,3168000,3171000,-0.1,ANUAL,Agencia,10,Expirada,,
POL-001945,CLI-01052,Hogar,14/03/2025,2026/03/14,274000000,1414000,1343000,5.3,Mensual, Bancaseguros ,0,ACTIVA,,
POL-004995,CLI-00139,Vida,2021-09-22,2022-09-22,296000000,1105000,800000,38.2,Mensual,Web,15,VENCIDA,,
POL-002243,CLI-01943,  Vida,21/02/2023,21/02/2024,168000000,597000,433000,38.0,Mensual,Asesor comercial,0,Cancelada,2023-10-02,Precio
POL-001175,CLI-03115,Auto,2025-02-07,07/02/2026,51000000,,1637000,10.4,Mensual,Corredor,10,Activa,,
POL-005568,CLI-00700,Salud,07/12/2024,2025-12-07,68000000,1740000,1723000,1.0,Mensual,AGENCIA,0,  Cancelada,13/10/2025,Venta/perdida del bien
POL-001751,CLI-04775,Auto,2025/01/29,2026-01-29,115000000,5163000,4848000,6.5,Mensual  ,Bancaseguros,15,Activa,,
POL-006576,CLI-04537,Vida,01/12/2024,2025-12-01,151000000,593000,555000,6.8,Mensual,Agencia,5,Renovada,,
POL-007084,CLI-00445,Salud,2024/08/07,07/08/2025,106000000,3330000,3078000,8.2,Trimestral,CORREDOR,10,  Vencida,,
POL-006289,CLI-05033,Auto,,2022/05/03,53000000,1881000,1790000,5.1,Anual,Web,10,Vencida,,
POL-006393,CLI-04068,salud,2022-05-13,2023-05-13,128000000,3202000,3124000,2.5,Anual,Asesor comercial,0,Cancelada  ,2023-05-12,Venta/pérdida del bien
POL-000062,CLI-01280,Salud,06/05/2024,2025-05-06,79000000,,2147000,6.2,Anual,Web,15,cancelada,2025/01/13,Cambio de aseguradora
POL-003594,CLI-04797,Auto,2023/07/29,28/07/2024,57000000,2002000,1936000,3.4,Anual,Asesor comercial,5,Renovada,,
POL-007723,CLI-05140,Hogar,2024-06-08,2025-06-08,588000000,2768000,2243000,23.4,mensual,Corredor,0,Cancelada,2025/05/23,Precio
POL-006047,CLI-04480,AUTO,15/05/2024,2025-05-15,57000000,2065000,2053000,0.6,Anual,Corredor,0,Renovada,,
POL-004535,CLI-01849, Salud ,2024-09-27,27/09/2025,95000000,2248000,2224000,1.1,Trimestral,Web,5,Cancelada,2024-12-26,Reclamo rechazado / insatisfacción
POL-005480,CLI-03345,HOGAR,2022-02-11,2023-02-11,110000000,424000,387000,9.7,Semestral,Asesor comercial,0,Renovada,,
POL-004598,CLI-01160,Hogar,2024/11/28,28/11/2025,136000000,538000,542000,-0.8, Anual ,Asesor comercial,15,VENCIDA,,
POL-005001,CLI-02519,Salud,2024-10-24,24/10/2025,121000000,1698000,1626000,4.4,Anual,CORREDOR,5,Vencida,,
POL-004288,CLI-04974,Salud,2023-09-10,09/09/2024,153000000,3385000,3199000,5.8,Mensual,Agencia,5,Renovada,,
POL-006534,CLI-03491,Auto,2022-03-23,2023-03-23,102000000,4446000,3407000,30.5,Mensual,Bancaseguros,10,Cancelada,2022-07-30,Cambio de aseguradora
POL-001665,CLI-03801,Auto,2024-02-15,2025/02/14,26000000,1061000,857000,23.8,Mensual,Corredor,5,Cancelada,2024-12-24,Precio
POL-005738,CLI-02844,Salud,04/12/2024,2025-12-04,155000000,3418000,2967000,15.2,Mensual,Corredor,15,Cancelada,2025-02-11,Precio
POL-003773,CLI-02753,Hogar,2023-08-05,2024-08-04,275000000,970000,901000,7.7,Mensual,Agencia,5,Vencida,,
POL-003897,CLI-01917,Auto,2023-03-29,28/03/2024,32000000,1222000,1143000,,Trimestral,Web,10,renovada,,
POL-004606,CLI-01527,SALUD,2025/02/21,2026/02/21,226000000,4799000,4794000,0.1,Anual,Asesor comercial,5,activa,,
POL-004636,CLI-05057,Salud,2025-05-17,2026-05-17,74000000,1157000,935000,23.7,Trimestral,Bancaseguros,10,Activa,,
POL-000439,CLI-00583,Salud,2023-06-10,09/06/2024,158000000,3390000,3168000,7.0,Trimestral,Bancaseguros,5,Renovada,,
POL-000581,CLI-00188,Vida,2021-02-27,2022-02-27,247000000,727000,698000,4.2,Semestral,Corredor,0,Renovado,,
POL-001151,CLI-03501,  Auto,27/04/2023,2024-04-26,46000000,1510000,1497000,0.9,Mensual,Asesor comercial,0,Vencida,,
POL-002712,CLI-02968,Salud,2025/02/14,14/02/2026,122000000,2207000,2096000,5.3,Mensual,  Asesor comercial,15,Activa,,
POL-001419,CLI-04974,Hogar,2024/11/03,2025-11-03,383000000,1462000,1439000,1.6, Mensual , Agencia ,5,Renovada,,
POL-005056,CLI-00258,Hogar,15/02/2024,14/02/2025,145000000,635000,633000,0.3,Trimestral,Agencia,10,Renovada,,
POL-005683,CLI-00515,Salud,2024-07-06,06/07/2025,86000000,1699000,1559000,9.0,Anual,Agencia,10,RENOVADA,,
POL-000477,CLI-00958,Vida  ,2024-02-28,2025-02-27,159000000,517000,485000,6.7,Mensual,Asesor comercial,5,Vencida,,
POL-003085,CLI-04247,Hogar,2024/12/20,2025-12-20,114000000,507000,454000,11.6,mensual,Bancaseguros,5,Renovada,,
POL-003311,CLI-01389,Hogar,2022-01-26,2023/01/26,66000000,304000,241000,25.9,  Mensual,  Asesor comercial,10,Vencida,,
POL-001353,CLI-02383,Salud,10/04/2023,2024-04-09,78000000,1587000,1489000,6.6,Anual,Agencia,5,Renovada,,
POL-004652,CLI-00817,Hogar,2023-05-06,2024-05-05,233000000,1035000,766000,35.2,Trimestral,BANCASEGUROS,15,Cancelada,2023/08/12,Precio
POL-001016,CLI-00240,Auto,2023/10/03,2024-10-02,105000000,3052000,2609000,17.0,Mensual,Bancaseguros,0,Vencida,,
POL-001852,CLI-00768,Salud,18/11/2024,18/11/2025,127000000,2908000,2899000,0.3,Anual,Asesor comercial,15,Vencida,,
POL-007016, CLI-02142 ,Auto,2023-11-12,2024-11-11,55000000,2197000,2090000,5.1,ANUAL,Web,5,CANCELADA,2024-10-05,Precio
POL-000870,CLI-02271,Hogar,2021-10-21,2022/10/21,157000000,575000,541000,6.3,Mensual,Agencia,5,Renovada,,
POL-001256,CLI-03113,HOGAR,03/07/2024,03/07/2025,185000000,888000,764000,16.2,Trimestral,Asesor comercial,15,Vencida,,
POL-006347,CLI-03411,Hogar,03/09/2024,2025-09-03,136000000,616000,514000,19.8,Mensual,Agencia,5,Expirada  ,,
POL-003730,CLI-05072,Salud,2025-03-26,2026-03-26,162000000,3635000,2661000,36.6,Trimestral  ,Corredor,5,Anulada,2025-10-03,Precio
POL-005035,CLI-00973,Auto,2024/05/19,2025-05-19,60000000,2607000,2620000,-0.5,Mensual,Web,10,Renovada,,
POL-001442,CLI-01216,Salud,2024-11-09,2025-11-09,256000000,5469000,5409000,1.1,Anual,Web,5,Vencida,,
POL-001546,CLI-04484,Salud,2023-01-22,2024-01-22,169000000,4035000,3215000,25.5,Mensual,agencia,5,Cancelada,26/12/2023,Precio
POL-000309,CLI-00458,hogar,13/01/2024,12/01/2025,528000000,2165000,2100000,3.1,Trimestral,Web,5,Vencida  ,,
POL-007924,CLI-00709,SALUD,22/10/2024,2025-10-22,137000000,3540000,3321000,6.6,Semestral,Web,10,Vencida,,
POL-004909,CLI-00189,Hogar,2025-06-27,2026-06-27,203000000,821000,660000,24.4,Semestral,Web,5,Cancelada  ,2025-12-23,Otro
POL-007844,CLI-04737,Auto,01/08/2023,2024-07-31,72000000,2981000,2839000,5.0,Mensual,Web,5,Renovada,,
POL-002103,CLI-04500,Hogar,2025-02-25,2026/02/25,171000000,644000,608000,6.0,MENSUAL,Asesor comercial  ,0,Cancelada,04/10/2025,Falta de pago
POL-006741,CLI-02191,Auto,2022/01/31,31/01/2023,101000000,3068000,,,Mensual,Asesor comercial,5,Cancelado,2022-07-22,Cambio de aseguradora
POL-006682,CLI-04613,Hogar,2025-01-09,2026-01-09,336000000,1343000,1275000,5.3,Mensual,Asesor comercial,0,Cancelada,2025-06-28,Cambio de aseguradora
POL-001878,CLI-01660,auto,04/02/2025,2026-02-04,71000000,2290000,2193000,4.4,Semestral,ASESOR COMERCIAL,15,  Activa,,
POL-000612,CLI-02612,Salud,,2026-04-11,139000000,3783000,3545000,6.7,Mensual  ,Asesor comercial,10,Activa,,
POL-006054,CLI-04296,Salud,2025/01/26,2026-01-26,109000000,1972000,1873000,5.3,Anual,Corredor,0,ACTIVA,,
POL-004816,CLI-00897,Auto,04/01/2021,2022-01-04,32000000,1255000,1181000,6.3,Trimestral,Agencia,5,Renovada,,
POL-003005,CLI-04149,Auto,2024-05-14,14/05/2025,63000000,3223000,2927000,10.1,Trimestral,Corredor,15,Vencida,,
POL-007419,CLI-00382, Hogar ,2025-01-07,2026-01-07,314000000,1049000,1084000,-3.2,Trimestral,Corredor,15,Activa,,
POL-006913,CLI-01709,AUTO,2023-08-12,11/08/2024,32000000,1429000,1356000,5.4,Anual,BANCASEGUROS,5,Vencida,,
POL-006600,CLI-02468,Hogar,2024-11-15,15/11/2025,147000000,509000,450000,13.2,Mensual,Agencia,0,vencida,,
POL-000741,CLI-00010,Vida,2021-05-13,13/05/2022,175000000,445000,423000,5.3,Mensual,Agencia,5,Cancelada,2021-07-10,Otro
POL-005624,CLI-01662,Auto,19/11/2021,2022-11-19,94000000,3849000,3826000,0.6, Mensual ,Agencia,10,Vencida,,
POL-006502,CLI-05182,Hogar,12/08/2024,2025-08-12,172000000,747000,624000,19.8,Mensual,Asesor comercial,10,Renovada,,
POL-003073,CLI-02877,Auto,2024-10-19,19/10/2025,41000000,1496000,1379000,8.5,Anual,Corredor,15,Renovada,,
POL-005249,CLI-02981,Salud,26/04/2023,2024-04-25,187000000,3844000,3599000,6.8,Mensual,Bancaseguros,5, Renovada ,,
POL-004954,CLI-00867,auto,2025-06-18,2026/06/18,102000000,5722000,5711000,0.2,Anual,Agencia,10,Activa,,
POL-006446,CLI-04925,Vida,2024-03-04,2025/03/04,369000000,1625000,1536000,5.8,Anual,Asesor comercial,10,  Vencida,,
POL-003799, CLI-04523 ,Hogar,2023-12-18,2024-12-17,153000000,684000,662000,3.3,  Mensual,Asesor comercial,0,Vencida,,
POL-005033,CLI-02783,Auto,2023/07/21,2024/07/20,76000000,2591000,2154000,20.3, Mensual ,Corredor,5,Vencida,,
POL-007753,CLI-00456,VIDA,28/12/2024,2025-12-28,275000000,1000000,965000,3.6,Mensual,Bancaseguros,0,Vencida,,
POL-007702,CLI-04716,Hogar,07/09/2023,2024-09-06,255000000,1053000,1036000,1.6,trimestral,Bancaseguros,5,Vencida,,
POL-005116,CLI-04487,Auto,2021-06-15,2022-06-15,105000000,3996000,3749000,6.6,Trimestral,Web  ,10,Expirada,,
POL-005844,CLI-02036, Salud ,13/02/2022,2023-02-13,84000000,1909000,1698000,12.4,Mensual,Bancaseguros,0,Cancelada,2022-10-18,Otro
POL-007398,cli-03033,Salud,22/01/2025,2026-01-22,61000000,1222000,1117000,9.4,Trimestral,Asesor comercial,5,Activa,,
POL-002975,CLI-04918,Salud,2021-09-24,2022-09-24,193000000,4496000,3731000,20.5,Trimestral,WEB,15,Renovado,,
POL-001441,CLI-00089,auto,16/10/2021,16/10/2022,160000000,6322000,6328000,-0.1,Mensual,Web,0,Cancelada,2021/11/23,Precio
POL-003214,CLI-01347, Vida ,2024-10-09,2025-10-09,168000000,600000,609000,-1.4,MENSUAL,Web,5,Renovada,,
POL-005450,CLI-00846,HOGAR,2024-08-28,2025-08-28,196000000,890000,659000,35.0,Semestral,  Asesor comercial,5,Renovada,,
POL-008074,CLI-02851,Salud  ,02/03/2023,2024/03/01,198000000,4147000,3931000,5.5,Semestral,Agencia,15,renovada,,
POL-001028,CLI-01931,Hogar,2025-03-13,2026/03/13,349000000,1352000,1282000,5.5,Trimestral,Corredor,10,Activa,,
POL-006299,CLI-01565, Auto ,2023-11-06,05/11/2024,21000000,900000,857000,5.0,Anual,Web,5,Renovada,,
POL-002367,CLI-03247,Salud,18/12/2021,18/12/2022,138000000,3185000,2955000,7.8,Anual,Agencia,15,Vencida,,
POL-008022,CLI-03883,Salud,2023-08-19,2024-08-18,284000000,4714000,3588000,31.4,Anual,Agencia,5,Renovada,,
POL-001044,CLI-04186,Hogar,2022-10-15,2023-10-15,228000000,1088000,1033000,5.3,Semestral,BANCASEGUROS,5,Vencida,,
POL-008062,CLI-05023,Auto,2023-12-03,2024-12-02,51000000,2131000,1648000,29.3,Mensual,Bancaseguros,15,Cancelada,2024-08-06,Falta de pago
POL-005228,CLI-91422,Auto,2023-07-14,2024/07/13,38000000,1430000,1333000,7.3,Mensual,BANCASEGUROS,0,Vencida,,
POL-007527,CLI-01810,Vida,2023/08/07,2024/08/06,219000000,862000,792000,8.9, Semestral ,Asesor comercial,5,Vencida,,
POL-000930,CLI-05069,SALUD,2025-02-25,2026-02-25,261000000,5676000,5270000,,Anual,Bancaseguros,5,Activa,,
POL-007305,CLI-04403,Hogar,2024-02-11,2025/02/10,133000000,555000,440000,26.1,Anual,Agencia,5,Renovada,,
POL-001638,CLI-03472,Salud,2025/01/27,2026/01/27,93000000,2120000,2050000,3.4,Anual,Bancaseguros,5,Activa,,
POL-005588,CLI-00270,  Auto,2023-11-19,2024-11-18,35000000,2012000,1955000,2.9,Anual,Bancaseguros,5,Renovada,,
POL-004220,CLI-02043,Auto,23/03/2022,2023-03-23,45000000,2158000,2200000,-1.9,Mensual  ,Asesor comercial,5,  Renovada,,
POL-008326,CLI-01525,Auto,2021-02-22,2022/02/22,48000000,2351000,2330000,0.9,Mensual, Agencia ,10,Vencida,,
POL-006257,CLI-01669,Hogar,2023-01-04,2024-01-04,481000000,1747000,1673000,4.4,Anual,Corredor,10,Vencida,,
POL-004147,CLI-01261,Seguro de Salud,2022-09-17,2023-09-17,182000000,2414000,2339000,3.2, Anual ,Asesor comercial,10,Renovada,,
POL-000931,CLI-00930,Salud,2025-06-29,2026/06/29,137000000,2951000,2787000,5.9,Mensual,Web,0,Activa,,
POL-004750,CLI-02145,Hogar,30/11/2023,29/11/2024,297000000,1419000,1370000,3.6,Trimestral,Asesor comercial,0,Renovada,,
POL-007529,CLI-00330,Vida,2024-06-28,2025/06/28,315000000,871000,816000,6.8,Mensual,BANCASEGUROS,0,RENOVADA,,
POL-001190,CLI-00752,Auto,2023-09-02,2024-09-01,52000000,1869000,1780000,5.0,Trimestral,Agencia,15,Renovada,,
POL-005196,CLI-04081,Auto,2022-09-02,02/09/2023,39000000,1122000,1084000,3.5,Anual,Asesor comercial,0,Vencida,,
POL-003168,CLI-03018,Auto,15/05/2025,15/05/2026,46000000,2603000,2580000,0.9,Mensual,Agencia,5,Activa,,
POL-006340,CLI-04602,auto,2024-09-24,24/09/2025,50000000,2870000,2822000,1.7,Anual,Corredor,5,Vencida,,
POL-005940,CLI-03365,Auto,2025/06/11,11/06/2026,25000000,876000,819000,7.0,Mensual,corredor,0,Activa,,
POL-005318,CLI-04991,Hogar,11/11/2022,2023-11-11,243000000,1066000,1006000,6.0,TRIMESTRAL,Agencia,0,Cancelada,09/10/2023,Venta/pérdida del bien
POL-005827,CLI-02495,Vida,03/02/2024,2025-02-02,386000000,139900000,1376000,1.7,Anual,Web,0,Renovada,,
POL-002135,CLI-03471,Salud,2023/03/24,2024-03-23,112000000,2610000,2379000,9.7,Trimestral,Asesor comercial,15,Renovada,,
POL-001329,CLI-03020, Hogar ,2025/02/23,2026-02-23,326000000,1078000,794000,35.7,Anual,Bancaseguros,15,Cancelada,2025-04-10,Precio
POL-006109,CLI-02514, Vida ,2024-07-16,2025-07-16,258000000,856000,820000,4.4,Anual,Asesor comercial,5,Renovada,,
POL-003197,CLI-00900,Auto,2023-04-15,2024-04-14,73000000,3467000,3160000,9.7,Mensual,Asesor comercial,5, Cancelada ,2024/04/10,Precio
POL-006477,CLI-04708,  Vida,2023-02-12,2024-02-12,514000000,2035000,1951000,4.3, Anual ,AGENCIA,5,Renovada,,
POL-001866,CLI-02297,AUTO,2022-08-06,2023-08-06,31000000,1547000,1422000,8.8,Anual,Bancaseguros,5,Vencida,,
POL-007479,CLI-04217, Auto ,2025-04-20,INVALID_DATE,50000000,2818000,2731000,3.2,MENSUAL,Corredor,5,Activa,,
POL-005589,CLI-01784,Auto,2025/01/20,2026-01-20,37000000,1620000,1534000,5.6,ANUAL,Agencia,15,Activa,,
POL-006154,CLI-03732,Hogar,2024/09/17,2025/09/17,267000000,1006000,950000,5.9,Semestral,Corredor,5,  Vencida,,
POL-005886,CLI-03966,Vida,2025-06-01,2026-06-01,79000000,234000,210000,11.2,Mensual,  Agencia,5,Cancelada,2025-07-06,Precio
POL-006185,CLI-01183,Seguro Auto,05/03/2024,2025-03-05,33000000,1342000,1271000,5.6,Trimestral,Asesor comercial,5,Renovada,,
POL-000961,CLI-03691,Auto,2024-12-10,2025-12-10,125000000,5042000,4752000,6.1,  Mensual,Bancaseguros,10,Renovada,,
POL-000200,CLI-00487,Salud  ,2024-12-13,2025-12-13,160000000,,2934000,3.8,Mensual, Web ,10,Vencida,,
POL-007339,CLI-04928,Salud,2022/03/29,29/03/2023,195000000,4532000,4527000,0.1,Mensual,Bancaseguros,10,Vencida,,
POL-002192,CLI-03610,salud,2022-08-25,25/08/2023,71000000,1391000,1365000,1.9,Mensual,Asesor comercial,15,Renovada,,
POL-004093,CLI-00926,SALUD,31/05/2021,2022-05-31,100000000,2318000,2113000,9.7,Trimestral,Asesor comercial,5,VENCIDA,,
POL-002408,CLI-01489,Hogar,26/03/2025,2026-03-26,203000000,902000,876000,3.0,Mensual,Web,0,Cancelada,2025-07-02,  Cambio de aseguradora
POL-006844,CLI-03384,  Vida,2023-11-06,05/11/2024,389000000,1043000,1026000,1.7,Anual,CORREDOR,0,Renovada,,
POL-005567,CLI-04456,  Vida,2025-01-17,17/01/2026,773000000,2417000,2306000,4.8,Mensual,Asesor comercial,5,Activa,,
POL-006365,CLI-01177, Salud ,2022-09-11,2023/09/11,133000000,2914000,2706000,7.7,Anual,Asesor comercial,15,Renovada,,
POL-007536,CLI-04032,Vida,2024-03-24,2025-03-24,108000000,424000,409000,3.6,Semestral,Asesor comercial,5,VENCIDA,,
POL-003871,CLI-04888,Hogar,2022-03-18,2023/03/18,185000000,779000,641000,21.5,Mensual,Corredor,5,Renovada,,
POL-006348,CLI-02160,Vida,2023/02/03,03/02/2024,442000000,2442000,1899000,28.6,Anual,Asesor comercial,10,Renovada,,
POL-006135,CLI-00892,Vida,2024-04-29,2025-04-29,131000000,435000,422000,3.1,Mensual,Bancaseguros,5,Cancelada,2025/04/20,Cambio de aseguradora
POL-004701,CLI-05152,Auto,2025/05/27,2026-05-27,56000000,2442000,2261000,8.0,Mensual,Bancaseguros,10,Activa,,
POL-002540,CLI-04288,salud,2021-11-27,2022-11-27,139000000,2107000,1912000,10.2,Anual,Asesor comercial,0,Renovada,,
POL-007487,CLI-00276,Salud,20/01/2024,2025/01/19,84000000,2210000,2052000,7.7,Anual,Asesor comercial,10,Renovada  ,,
POL-004107,CLI-03684,Auto,03/04/2025,2026-04-03,42000000,1385000,1303000,6.3,Anual,Asesor comercial,15,Activa  ,,
POL-000193,CLI-04920,auto,2023/09/09,2024-09-08,66000000,3027000,2816000,7.5,Mensual,Web,5,Renovada,INVALID_DATE,
POL-006821,CLI-01977,Auto,19/03/2022,19/03/2023,129000000,3752000,3682000,1.9,Mensual,CORREDOR,0,  Vencida,,
POL-003324,CLI-03250, Auto ,2023-04-06,2024-04-05,31000000,1198000,986000,21.5,Anual,Web  ,15, Vencida ,,
POL-007845,CLI-00852,Salud,2023-09-13,12/09/2024,132000000,3106000,2916000,6.5,ANUAL,  Corredor,5,Cancelada,2024/09/12,RECLAMO RECHAZADO / INSATISFACCIÓN
POL-002677,CLI-01770,Vida,2025-01-28,2026-01-28,392000000,1571000,1447000,8.6,Anual,Corredor,10,Activa  ,,
POL-007416,CLI-04709,Auto,2024-09-15,2025-09-15,51000000,1608000,1555000,3.4, Semestral ,Bancaseguros,0,VENCIDA,,
POL-005965,CLI-04744,Auto,2024-05-10,10/05/2025,63000000,1957000,1896000,3.2,Anual,  Asesor comercial,0,Renovada,,
POL-007867,CLI-02983,Vida,14/01/2025,2026-01-14,321000000,1312000,1279000,2.6,Anual,Corredor,0,  Activa,,
POL-005860,CLI-04654,Hogar,2022-10-15,2023/10/15,427000000,0,2009000,1.6,Mensual,Corredor,10,Cancelada,2023-08-09,Cambio de aseguradora
POL-003662,CLI-04506,hogar,22/01/2022,22/01/2023,150000000,720000,571000,26.0,Mensual,CORREDOR,0,cancelada,2022-12-21,Precio
POL-000772,CLI-00009,Vida  ,2024/10/03,2025-10-03,562000000,2199000,1997000,10.1,Mensual,Agencia,10,Renovada,,
POL-007577,CLI-03535, Salud ,19/07/2021,19/07/2022,76000000,1422000,1432000,-0.7,Trimestral,Bancaseguros,0,Renovado,INVALID_DATE,
POL-003821,CLI-01588,Auto,2025/05/23,2026/05/23,67000000,2891000,2655000,8.9,Mensual,Web,10,Activa,,
POL-005835,CLI-04878,auto,26/11/2021,2022/11/26,34000000,1303000,1268000,2.8,Anual,Asesor comercial,5,Renovada,,
POL-008233,CLI-01554,Auto,2022-01-29,2023-01-29,47000000,1534000,1472000,4.2,anual,Asesor comercial,0,Renovada,,
POL-007431,CLI-05096,Hogar,17/03/2025,2026-03-17,106000000,381000,344000,10.7,Trimestral,Asesor comercial,0,Activa,,
POL-003916,CLI-01427,Salud,2023/08/22,2024-08-21,103000000,2033000,1796000,13.2,Mensual,Web,0,Vencida,,
POL-007574,CLI-03642,Seguro Auto,2024-01-31,2025/01/30,52000000,1629000,1488000,9.5,Anual,Web,5,Cancelada,2024/08/15,Falta de pago
POL-005688,CLI-00937,Salud,2021/05/08,08/05/2022,57000000,1376000,1388000,-0.9,ANUAL,  Agencia,15,Renovada,,
POL-001540,CLI-01912, Auto ,03/11/2022,03/11/2023,38000000,1821000,1785000,2.0,Mensual,Web,15,Renovada,,
POL-007434,CLI-04594,Hogar,05/01/2025,05/01/2026,289000000,1103000,1045000,5.5,Anual,Asesor comercial,5,Activa,,
POL-001626,CLI-02076,Auto,2022-10-23,2023-10-23,66000000,2086000,1840000,13.4,Mensual,Bancaseguros,5,Cancelada,2023-08-05,Cambio de aseguradora
POL-006113,CLI-00109,Auto,2022/12/20,2023/12/20,48000000,1987000,1922000,3.4,Mensual,Asesor comercial  ,5,Renovada,,
POL-006555,CLI-04617,Salud,2023-01-17,2024/01/17,132000000,4610000,4704000,-2.0,Anual,asesor comercial,10,Renovada,,
POL-004268,CLI-04474,Salud,2023-10-14,13/10/2024,147000000,0,3622000,5.9,Mensual,Asesor comercial,5,Renovada,,
POL-001231,CLI-00609,Salud,2021/03/08,2022-03-08,101000000,1399000,1310000,6.8,Anual,Agencia,0,Renovada  ,,
POL-007652,cli-02725,Hogar,2024-01-08,07/01/2025,170000000,743000,563000,31.9,Mensual,Bancaseguros,0,Cancelada,2024-06-27,Precio
POL-001782,CLI-04238,Salud,09/04/2022,2023/04/09,54000000,1499000,1359000,10.3,anual,Agencia,0,Cancelada,20/03/2023,Cambio de aseguradora
POL-000415,CLI-04977,Auto,2021-04-26,2022/04/26,90000000,4110000,4061000,1.2,ANUAL,Corredor,5,Cancelada,2022-01-25,Reclamo rechazado / insatisfacción
POL-000399,CLI-02570,Salud,2022-06-14,2023-06-14,80000000,-1568000,1592000,-1.5,Mensual,Corredor,0,Vencida,,
POL-007397,cli-02506,AUTO,2022-10-16,16/10/2023,68000000,2575000,2529000,1.8,Anual,Corredor,5,Renovada,,
POL-002409,CLI-03175,auto,2025-03-25,2026-03-25,55000000,2283000,1859000,22.8,  Mensual,Bancaseguros,10,Activa,,
POL-005969,CLI-02247,Auto,12/02/2025,2026/02/12,55000000,2001000,1882000,6.3,Trimestral,Agencia,5, Activa ,,
POL-003480,CLI-00640,Auto,2023-11-04,2024-11-03,37000000,1437000,1231000,16.7,Trimestral,Corredor,10,Renovada,,
POL-003207,CLI-00017,SALUD,2023-05-11,2024-05-10,84000000,2082000,1854000,12.3,Semestral,Bancaseguros,10,RENOVADO,,
POL-006090,CLI-01151,Vida,2025-05-29,2026-05-29,262000000,1087000,1028000,5.7,Trimestral,Web,10,Suspendida,,
POL-000990,CLI-03642,VIDA,2024-11-10,10/11/2025,201000000,1032000,844000,22.3,Semestral,Bancaseguros,5,Cancelada,11/04/2025,precio
POL-007412,CLI-04895,  Vida,07/02/2022,2023-02-07,1040000000,4593000,4481000,2.5,Mensual,Asesor comercial,0,Cancelada,2022-10-24,Cambio de aseguradora
POL-004784,CLI-00108,Salud,27/04/2024,2025/04/27,192000000,4480000,4275000,4.8,Mensual,Web,15,Vencida,,
POL-000672,CLI-01667,HOGAR,2023-09-24,2024-09-23,406000000,1721000,1313000,31.1,Trimestral,agencia,5,Vencida,,
POL-001939,CLI-03402,Auto,2023-11-11,10/11/2024,46000000,1780000,1486000,19.8,Trimestral,Asesor comercial,0,Renovada,,
POL-002412,CLI-01293,HOGAR,14/04/2025,14/04/2026,119000000,519000,518000,0.2,Mensual,Web,0,Activa,,
POL-008012,CLI-01079,Salud,2024-02-16,2025-02-15,171000000,4796000,4495000,6.7,Mensual,Bancaseguros,0,Cancelada,2025-02-15,Cambio de aseguradora
POL-000004,CLI-04908,Auto,2023/10/04,2024/10/03,38000000,1362000,1293000,5.3,Semestral,Web,0,Renovado,,
POL-000238,CLI-00691,Salud,2021-04-23,2022/04/23,197000000,6201000,5774000,7.4,Mensual,Bancaseguros,10,Renovado  ,,
POL-004161,CLI-04007,Automóvil,30/09/2024,2025-09-30,60000000,1836000,1684000,9.0,Mensual,Agencia,15,Vencida,,
POL-005290,CLI-04566,SALUD,2022/02/11,2023/02/11,127000000,2435000,2373000,2.6,Anual,Agencia,5,Renovada,,
POL-007966,CLI-02183,Auto,2025-03-20,2026-03-20,93000000,4237000,4146000,2.2,Trimestral,Bancaseguros,5,Activa,,
POL-002733,CLI-04818,Auto,2025-06-09,2026-06-09,75000000,3258000,2675000,21.8,Semestral,Bancaseguros,10,Cancelada,2025-09-27,Precio
POL-000691,CLI-01542,Auto,28/11/2023,2024-11-27,56000000,1619000,1572000,3.0,Trimestral,Bancaseguros,0,Renovada,,
POL-001879,CLI-02439,  Hogar,2021/07/27,27/07/2022,215000000,1033000,1036000,-0.3,Mensual,Web,0,Renovada,,
POL-003870,CLI-01684,Auto,2022-05-11,INVALID_DATE,52000000,1870000,1712000,9.2,Trimestral  ,Web,10,Vencida,,
POL-000595,CLI-03302,Auto,2024-03-30,INVALID_DATE,39000000,1508000,1470000,2.6,Trimestral,Asesor comercial,15,Cancelada,16/08/2024,Falta de pago
POL-007031,CLI-02880,Salud,2023/12/18,2024-12-17,158000000,4130000,4037000,2.3,Anual,Bancaseguros,15,Vencida,,
POL-008110,CLI-00055,Auto,16/11/2024,2025/11/16,107000000,4384000,4116000,6.5,Trimestral,Agencia,5,Vencida,,
POL-002647,CLI-01072,Hogar,13/01/2023,2024-01-13,240000000,1085000,1038000,4.5,Mensual,Web,5,Renovada,,
POL-007822,CLI-03138,Hogar,2023/08/21,2024-08-20,164000000,595000,545000,9.1,Mensual,ASESOR COMERCIAL,10,Renovada,,
POL-003420,CLI-03629,Hogar,2023-01-13,13/01/2024,203000000,846000,792000,6.8,Mensual,Bancaseguros,0,Renovada,,
POL-005422,CLI-01951,Auto,2025-02-03,2026/02/03,75000000,2457000,1890000,30.0, Mensual ,Agencia,10,Cancelada,2025-12-10,Precio
POL-006842,CLI-00616,Auto,2025-03-20,2026/03/20,103000000,3361000,3017000,11.4,Mensual,  Agencia,10,Vigente,,
POL-005032,CLI-02177,Salud,2022-09-20,2023-09-20,56000000,1424000,1343000,6.0,Mensual,agencia,5,Renovada,,
POL-002017,CLI-00884,Salud  ,2022-06-01,01/06/2023,326000000,6010000,5459000,10.1,Mensual,Corredor,10,Vencida,,
POL-004137,CLI-02470,Salud,15/01/2024,2025/01/14,104000000,2317000,2315000,0.1,MENSUAL,Asesor comercial,10,Renovada,,
POL-007589,CLI-02859,  Auto,2025-02-12,12/02/2026,41000000,1618000,1599000,1.2,Mensual,Asesor comercial  ,15,Activa,,
POL-001848,CLI-03963,Auto,2024-05-30,30/05/2025,32000000,1438000,1362000,5.6,Trimestral,Agencia,5,Cancelada,2025-04-03,Falta de pago
POL-005070,CLI-00680,HOGAR,2022-06-20,2023-06-20,94000000,385000,371000,3.7,  Semestral,Web,5,Vencida,,
POL-003739,CLI-04143,Salud  ,2023-04-29,2024-04-28,141000000,2691000,2656000,1.3,Anual,Asesor comercial,10,Renovada,,
POL-000305,CLI-00073,Vida,2022/04/30,30/04/2023,615000000,2001000,2065000,-3.1,Mensual,Agencia,10,Renovada  ,,
POL-006015,CLI-00938,Salud,22/12/2023,2024-12-21,86000000,1467000,1204000,21.8,Anual, Corredor ,15,Renovada,,
POL-007937,CLI-01486,Hogar,2024-04-10,2025-04-10,423000000,1480000,1458000,1.5,Mensual,Bancaseguros,0,Renovada,,
POL-002918,CLI-00486,Hogar,2024/09/07,2025-09-07,268000000,1177000,1139000,3.3,Mensual,Asesor comercial,5,Renovada,,
POL-001986,CLI-00952,Hogar  ,2024-11-28,2025-11-28,231000000,1144000,1088000,5.1,anual,Web,0,Renovada,,
POL-006287,CLI-00501,Salud,2023/06/09,2024-06-08,54000000,1077000,923000,16.7,Mensual,Bancaseguros,5,Renovada,,
POL-005553,CLI-04930,Auto,23/08/2022,2023-08-23,81000000,2535000,2245000,12.9,Semestral,Web,0,Cancelada,06/05/2023,  Venta/pérdida del bien
POL-000421,CLI-04009,Auto,2022-12-10,2023-12-10,76000000,3162000,3067000,3.1,Mensual,Agencia,15,Renovada,,
POL-002004,CLI-04982,Vida,2024-11-23,2025-11-23,197000000,584000,559000,4.4,Mensual,Asesor comercial,5,VENCIDA,,
POL-007421,CLI-00048,Hogar,2024-03-31,2025-03-31,353000000,1362000,1278000,6.6,mensual,Bancaseguros,15,Renovada,,
POL-003751,CLI-01632,Salud,04/04/2025,2026/04/04,139000000,2764000,2632000,5.0,Anual,Agencia,5,Cancelada,2025-09-29,PRECIO
POL-005594,CLI-02322,Vida,09/08/2022,2023-08-09,234000000,720000,682000,5.6,Mensual,Corredor,5,Renovada,,
POL-001955,CLI-04363,Salud,2024-07-10,10/07/2025,79000000,1943000,1892000,2.7,Mensual,Agencia,15,Renovada,,
POL-000379, CLI-01707 ,salud,2023/09/14,2024-09-13,134000000,3473000,3216000,8.0,Semestral,Web,15,Renovada,,
POL-004050,CLI-00552,VEHÍCULO,26/07/2024,26/07/2025,20000000,762000,611000,24.7,Mensual,Asesor comercial,5,Renovada,,
POL-007665,CLI-99596,Salud,2023-08-26,,135000000,2448000,2180000,12.3,  Mensual,Web,0,Cancelada,23/06/2024,Otro
POL-007905,CLI-03646,Salud,15/06/2024,2025-06-15,249000000,4666000,4353000,7.2,Semestral,Web,5,Cancelada,26/01/2025,Cambio de aseguradora
POL-006079,CLI-03238,SALUD,08/08/2023,07/08/2024,79000000,2015000,1487000,35.5,Mensual,Web,10,Anulada,13/05/2024,Precio
POL-001547,CLI-00661,Hogar,2024/06/16,2025/06/16,221000000,899000,735000,22.3,trimestral,Asesor comercial,5,Vencida,,
POL-002895,CLI-04250,Salud,2021/09/06,2022-09-06,131000000,3501000,2662000,31.5,Anual,Web,5,Renovada,,
POL-001173,CLI-03062,Auto,2025/01/11,2026-01-11,105000000,4117000,3816000,7.9,Anual,Bancaseguros,0,Activa,,
POL-003140,CLI-05017,Hogar,2024-03-17,2025/03/17,273000000,1016000,1013000,0.3, Anual ,Corredor,15,Vencida,,
POL-002234,CLI-04615,Salud,2025-03-29,2026-03-29,95000000,2439000,2366000,3.1,Anual,Bancaseguros,0,Activo,,
POL-000482,CLI-02449,Salud,19/03/2025,2026-03-19,39000000,1229000,1161000,5.9,Trimestral,Corredor,10,Activa,INVALID_DATE,
POL-007774,CLI-03649,  Auto,01/05/2025,2026-05-01,89000000,,2808000,17.3, Anual ,Asesor comercial,0,Cancelada,05/10/2025,Cambio de aseguradora
POL-005858,CLI-02811,Vida,2023/08/26,INVALID_DATE,758000000,2247000,2156000,4.2,Trimestral,Bancaseguros,10,Vencida,,
POL-005432,CLI-01842,Vida  ,2021-10-11,2022/10/11,509000000,1643000,1396000,17.7,mensual,Web,15,Cancelada,2021-11-28,Precio
POL-001776,CLI-04286,Auto,2024-07-19,19/07/2025,39000000,1093000,1001000,9.2,Trimestral,Bancaseguros,5,Vencida,,
POL-007806,CLI-04735,  Auto,2025-02-12,2026-02-12,125000000,4955000,4648000,6.6,MENSUAL,Bancaseguros,10,Activa,,
POL-006710,CLI-01675,Seguro de Vida,2023-06-28,2024-06-27,577000000,2503000,2098000,19.3,Anual, Asesor comercial ,10,Renovada,,
POL-001526,CLI-04221,Auto,2024-09-07,2025/09/07,30000000,1040000,1037000,0.3,Anual,BANCASEGUROS,0, Renovada ,,
POL-001997,CLI-04822,Vida  ,2022-09-27,27/09/2023,340000000,1387000,1358000,2.1,Mensual,Web,10,Vencida,,
POL-003654,CLI-04559,Auto,,2025-09-02,71000000,2556000,2343000,9.1,Semestral,Asesor comercial,0,Renovada,,
POL-005435,CLI-00815,Salud,07/06/2024,2025-06-07,61000000,1581000,1449000,9.1,Mensual,Bancaseguros,10,Vencida,,
POL-006839,CLI-01611,Auto,2023/08/10,2024-08-09,54000000,2599000,2461000,5.6,Mensual,Bancaseguros,5,  Renovada,,
POL-005276,CLI-04957,Auto,2024-06-26,26/06/2025,22000000,646000,634000,1.9,MENSUAL,Web,10,Renovada,,
POL-003001,CLI-03711,Salud,06/03/2025,2026-03-06,157000000,4315000,4036000,6.9,Anual,Corredor  ,0,Activa,,
POL-004734,CLI-02552, Auto ,2025-05-31,2026-05-31,40000000,1698000,1645000,3.2,Mensual,Asesor comercial,5,Activa,,
POL-006665,CLI-00042,  Salud,28/09/2021,2022-09-28,180000000,3658000,2867000,27.6,Trimestral,Corredor,0,Cancelada,13/06/2022,Otro
POL-003623,CLI-02397,Hogar,2025/05/09,09/05/2026,354000000,1450000,1433000,1.2,Anual,Bancaseguros,5,Activa,,
POL-002308,CLI-03127,Hogar,2021/02/15,15/02/2022,350000000,1492000,,15.4,ANUAL,Asesor comercial,10,Cancelada,2021-06-18,PRECIO
POL-001906,CLI-01074,Salud,2024-01-11,2025-01-10,113000000,2357000,2304000,2.3,Anual,Agencia,5,Renovada,,
POL-001196,CLI-01490,Auto,2024-09-24,2025/09/24,29000000,945000,893000,5.8,Trimestral,Web,5,VENCIDA,,
POL-008145,CLI-01588,Salud,2022/02/10,2023/02/10,111000000,1893000,1645000,15.1,ANUAL,Web,0,Cancelada,2023-01-09,Precio
POL-001823,CLI-04813,Salud,2024-08-26,26/08/2025,111000000,2586000,2491000,3.8,Trimestral,Web,15,Vencida,,
POL-002359,CLI-03436,HOGAR,2023/12/25,2024/12/24,61000000,252000,185000,36.5,Trimestral,Bancaseguros,0,Renovada,,
POL-007384,CLI-04583,Auto,2024/04/15,15/04/2025,51000000,1549000,1475000,5.0,Anual,Asesor comercial,0,Renovada,,
POL-003744,CLI-02485,Hogar,2023/07/28,2024/07/27,163000000,527000,513000,2.8,Trimestral,Web,10,Renovada,,
POL-000579,CLI-04789,Salud,24/07/2023,2024-07-23,54000000,1431000,1107000,29.3,Mensual,Agencia,10,Vencida,,
POL-006850,CLI-02850,Vida,22/06/2024,2025-06-22,577000000,2105000,1977000,6.5,Semestral,Agencia,0,Renovada,,
POL-004657,CLI-03767,Hogar,20/02/2023,2024-02-20,228000000,,934000,7.9,Anual,Asesor comercial,10,Renovada,,
POL-003101,CLI-02467,Auto,2023-05-06,2024-05-05,47000000,1996000,1806000,10.5,Semestral,Web,5,Cancelada  ,2023-09-20,Falta de pago
POL-004921,CLI-04562,Auto,2025-04-01,2026-04-01,91000000,3936000,3777000,4.2,Trimestral,Asesor  comercial,15,Activa,,
POL-002034,CLI-05085,Salud,2022/09/03,2023-09-03,58000000,1442000,1383000,4.3,Mensual,Bancaseguros,15,Cancelada,11/06/2023,Cambio de aseguradora
POL-007147,CLI-03929,Vida,2022/01/18,18/01/2023,232000000,1065000,1042000,2.2,Mensual,Asesor  comercial,15,Vencida,,
POL-004500,CLI-00424,Hogar,2024-02-01,31/01/2025,164000000,719000,705000,2.0,Mensual,Bancaseguros,0,Vencida,,
POL-005104,CLI-05056,Salud,2021/05/06,06/05/2022,160000000,3308000,2830000,16.9,Mensual,Web,10,Cancelada,2021-11-11,Falta de pago
POL-000905,CLI-04245,VIVIENDA,2024/09/28,2025-09-28,508000000,1707000,1548000,10.3,Anual,Web,10,Renovada,,
POL-000614,CLI-03926, Salud ,2021/09/20,2022-09-20,175000000,4350000,4096000,6.2,Anual,Asesor comercial,5, Renovada ,,
POL-003189,CLI-03972,HOGAR,2024-11-05,2025-11-05,445000000,1681000,1342000,25.3,Mensual,Agencia,0,Renovada,,
POL-000408,CLI-04651,Auto,2024-03-28,2025-03-28,99000000,3289000,3162000,4.0,Anual,  Bancaseguros,15,Vencida,,
POL-000381,cli-03916,Salud,2025-01-06,2026-01-06,93000000,2345000,2208000,6.2,Trimestral,Asesor comercial,5,Activa,,
POL-003938,CLI-01089,Hogar,08/01/2021,2022-01-08,201000000,827000,861000,-4.0,Trimestral,Asesor comercial,5,Renovada,,
POL-007174,CLI-05100,Hogar,2021-07-03,2022/07/03,125000000,538000,385000,39.6,Mensual,Asesor comercial,0,Renovada,,
POL-004911,CLI-00335,Hogar,2022-07-12,2023-07-12,179000000,686000,666000,3.0,MENSUAL,Bancaseguros,15,Renovada,,
POL-004908,CLI-00104,Salud,2023/03/17,2024-03-16,137000000,2693000,2175000,23.8,Mensual,Corredor,10,Cancelada,2023-11-23,Reclamo rechazado / insatisfacción
POL-001536,CLI-03375,Auto,2024-03-26,26/03/2025,56000000,2416000,2321000,4.1,Anual,Bancaseguros,5,Vencida,,
POL-005015,CLI-03650,AUTO,2023-03-20,2024-03-19,59000000,1790000,1751000,2.2,TRIMESTRAL,Agencia,10,Renovada,,
POL-002424,CLI-02024,Salud,2021-08-07,2022-08-07,140000000,3862000,2838000,36.1,Mensual,Corredor,15,Cancelada,16/06/2022,Precio
POL-003422,CLI-01354,Vida,2021/03/31,31/03/2022,477000000,1432000,1405000,1.9,Anual  ,Corredor,0,Renovada,,
POL-000071,CLI-05133,Auto,2021-02-15,2022-02-15,163000000,7249000,6852000,5.8,Mensual,Asesor comercial,0,Renovada,,
POL-006156,CLI-02277,Seguro de Vida,10/07/2024,10/07/2025,246000000,750000,726000,3.3,Mensual,Asesor comercial,0,Renovada,,
POL-002876,CLI-01899,AUTO,2021-08-14,14/08/2022,77000000,3878000,3532000,9.8,Mensual,Agencia,15,Renovada,,
POL-007678,CLI-02904, Salud ,25/11/2023,24/11/2024,513000000,8972000,,6.8,Mensual,Asesor comercial,10,Vencida,,
POL-006569,CLI-03244,Vida,2021-12-22,2022-12-22,215000000,685000,666000,2.9,Mensual,Asesor  comercial,15,Vencida,,
POL-007892,CLI-03093,VIDA,2025-03-01,2026-03-01,273000000,651000,640000,1.7,Mensual,  Bancaseguros,10,ACTIVA,,
POL-006970,CLI-02132,Auto,2022-10-19,2023/10/19,32000000,1686000,1612000,4.6,Mensual,Asesor comercial,5,Vencida,,
POL-002184,CLI-02837,Auto,2023/09/17,2024-09-16,57000000,2726000,2745000,-0.7,Semestral,Bancaseguros,15,Vencida,,
POL-004254,CLI-00469,Auto,2024/06/07,2025-06-07,37000000,1264000,1194000,5.9,Mensual,Bancaseguros,5,Vencida,,
POL-004861,CLI-04440,Salud,15/10/2021,2022/10/15,134000000,3875000,3568000,8.6,Anual,Bancaseguros,15,Renovada,,
POL-003845,CLI-03980,Vida,2022/09/24,2023/09/24,213000000,913000,911000,0.2,Trimestral,Asesor comercial,15,Renovada,,
POL-004362,CLI-04820,Auto,2021-03-14,2022-03-14,38000000,1726000,1658000,4.1,Anual,Agencia,0,Renovada,,
POL-004086,CLI-01425,Auto,21/12/2024,2025-12-21,28000000,809000,762000,6.1,semestral,Bancaseguros,5,Vencida,,
POL-006881,CLI-04745,AUTO,2022/01/24,2023-01-24,83000000,3467000,3258000,6.4,Mensual,Asesor comercial,0,Vencida,,
POL-008016,CLI-02090,Auto,25/08/2024,2025-08-25,42000000,1926000,1757000,9.6,Semestral,Corredor,15,Vencida,,
POL-008056,CLI-04892,Auto  ,2021/01/31,2022-01-31,68000000,2644000,1906000,38.7,Anual,Asesor comercial,10,RENOVADA,,
POL-003530,CLI-01120,Salud,2021-01-11,2022/01/11,171000000,3635000,3338000,8.9,Anual,Bancaseguros,10,Vencida,,
POL-001168,CLI-04635,Vida,2021-08-18,2022-08-18,663000000,2635000,2583000,2.0,Mensual,Asesor comercial,10, Renovada ,,
POL-002730,CLI-03922,Salud  ,19/07/2022,2023/07/19,388000000,10344000,9758000,6.0,Mensual,Asesor comercial,0,Cancelada,2022/08/21,Venta/pérdida del bien
POL-006798,CLI-01366,Vida,2022-06-12,12/06/2023,738000000,3162000,2310000,36.9,Mensual,Bancaseguros,15,Cancelada,2023-04-29,Precio
POL-000082,CLI-04546,Salud,2023-05-08,07/05/2024,111000000,2384000,1980000,20.4,Mensual,Asesor comercial,15,cancelada,23/08/2023,Precio
POL-000454,CLI-05125,Auto,2022-04-15,2023-04-15,81000000,3026000,2602000,16.3,Anual,Asesor comercial,15,Vencida,,
POL-007163,CLI-03576,Hogar,2021-08-04,04/08/2022,118000000,465000,448000,3.7,  Anual,Corredor  ,5,Renovada,,
POL-006758,CLI-04064,Auto,2023-02-11,2024/02/11,64000000,1914000,1837000,4.2,Anual,Bancaseguros,5,RENOVADA,,
POL-002460,CLI-02717,Hogar,2023/10/02,2024/10/01,178000000,672000,659000,2.0,Anual,Asesor comercial,0, Vencida ,,
POL-001169,CLI-01559,Vida,2024-12-19,2025-12-19,429000000,2189000,2099000,4.3,Mensual  ,Web,10,Cancelada,2025-09-16,  Otro
POL-007168,CLI-02333,Auto,2024-11-16,2025-11-16,72000000,2887000,2686000,7.5,Anual,Asesor comercial,15,Cancelada,2025/08/06,Otro
POL-005560,CLI-00805,Vida,29/05/2024,2025-05-29,242000000,833000,761000,9.4,Trimestral,Corredor,10,Renovada,,
POL-001432,CLI-02856,Auto,2024/12/07,07/12/2025,75000000,224800000,2135000,5.3,Mensual,Asesor comercial,10,Vencida,,
POL-004252,CLI-01445,AUTO,2023/11/12,2024-11-11,96000000,2298000,2227000,3.2,Anual,Asesor comercial,15,Vencida,,
POL-006898,CLI-01531,Salud,03/06/2025,03/06/2026,73000000,1383000,1302000,6.2,Semestral,Web,5,Activa,,
POL-000558,CLI-02040,Auto,06/03/2024,,31000000,1095000,1050000,4.3,Anual,Bancaseguros,5,Renovada,,
POL-003604,CLI-01294,Auto,2025-01-26,2026/01/26,84000000,2590000,2059000,25.8,Mensual,ASESOR COMERCIAL,5,Activa,,
POL-006998,CLI-02255,Auto,18/07/2021,2022-07-18,27000000,828000,611000,35.5,Mensual, Web ,5,Cancelada,2022-06-05,Falta de pago
POL-003201,CLI-01528,Salud,2024-12-09,09/12/2025,91000000,2017000,1627000,24.0,Anual,Web,15,Renovada,,
POL-000202,CLI-01058,Auto,2025-04-20,2026/04/20,103000000,3726000,3767000,-1.1,Mensual,Web,0,Activa,,
POL-006543,CLI-04162,Salud,2022/08/13,2023-08-13,170000000,2994000,2979000,0.5,Mensual,Asesor comercial,15,Renovada,,
POL-000561,CLI-01992,Salud,12/07/2024,2025/07/12,94000000,1856000,1653000,12.3,Mensual,Bancaseguros,5,Renovada,,
POL-005141,CLI-03074,Hogar  ,2022/02/26,INVALID_DATE,226000000,1028000,996000,3.2,Mensual,Agencia,15,Vencida,,
POL-002662,CLI-02929,Auto  ,2025-02-02,2026-02-02,20000000,992000,711000,39.6,Semestral,Web,0,  Activa,,
POL-004905,CLI-01651, Salud ,2024-01-01,31/12/2024,83000000,1782000,1584000,12.5,Mensual,web,5,Renovada,,
POL-001893,CLI-00917,Hogar,2024-08-13,2025-08-13,218000000,870000,875000,-0.6,ANUAL,Corredor,0,Renovada,,
POL-007694,CLI-01332,auto,2024-08-12,2025-08-12,69000000,2605000,2476000,5.2,Trimestral, Corredor ,0,RENOVADA,,
POL-001643,CLI-04979,Hogar,2021-10-08,2022-10-08,204000000,827000,,15.7,Mensual,Corredor,5,Renovada,,
POL-001509,CLI-04916,Auto,2021-11-04,2022-11-04,55000000,2383000,2227000,7.0,MENSUAL,Bancaseguros,15,Vencida,,
POL-004768,CLI-02549,SALUD,2021/04/14,2022-04-14,112000000,2552000,2363000,8.0,Semestral,Web,10,Vencida,,
POL-005544,CLI-02279,Salud,2023-08-04,2024-08-03,104000000,1643000,1646000,-0.2,Mensual,Asesor comercial,0,VENCIDA,,
POL-001118,CLI-03175,SALUD,12/01/2025,12/01/2026,186000000,5069000,,20.8,Anual,Web,5,Cancelada,2025-11-09,Precio
POL-000272,CLI-05178,HOGAR,2024-02-08,2025-02-07,453000000,1968000,1665000,18.2,Trimestral,Bancaseguros,15,Anulada,2024-06-02,Precio
POL-004351,CLI-04678,Auto  ,28/07/2023,2024-07-27,68000000,2950000,2737000,7.8,Mensual,Corredor,5,RENOVADA,,
POL-001624,CLI-00053,Salud,2025-03-20,2026-03-20,179000000,4132000,3876000,6.6,Semestral,Asesor comercial,15,Activa,,
POL-000387,CLI-05083,Auto,2024-03-14,2025-03-14,36000000,1341000,1245000,7.7,Trimestral,Web,5,Vencida,,
POL-007705,CLI-04002,Auto,2025-03-26,2026-03-26,41000000,1753000,1652000,6.1,Trimestral,Asesor comercial,0,Activa,,
POL-006358,CLI-00292,Salud,2025-03-19,2026/03/19,116000000,,2617000,2.9,Anual,Web,10,Activa,,
POL-004485,CLI-02894,Vida,2021/09/07,2022-09-07,269000000,992000,944000,5.1,Mensual,Web,5,Renovada,,
POL-000188,CLI-03459,Auto,2023-07-31,2024-07-30,49000000,2623000,2508000,4.6,Anual,Bancaseguros,10,Renovada,,
POL-000733,CLI-00607,Salud,15/10/2023,14/10/2024,97000000,2193000,2113000,3.8,Anual,Bancaseguros,0,RENOVADA,,
POL-008379,CLI-00881,  Auto,2024-11-04,2025/11/04,18000000,644000,554000,16.3,Anual,Agencia,15,CANCELADA,2025-03-28,Otro
POL-004162,CLI-05158,Vida,2023/07/21,2024-07-20,1196000000,4887000,4488000,8.9,Mensual,Agencia,0,Renovada,,
POL-004479,CLI-04452,Hogar,2022-05-30,2023-05-30,128000000,435000,402000,8.2,Mensual,  Web,0,Vencida,,
POL-001948,CLI-05153,Vida,2025-06-09,2026/06/09,225000000,781000,748000,4.4,Trimestral, Web ,0,Activa,,
POL-007613,CLI-03492,SALUD,10/04/2025,2026-04-10,267000000,5728000,5643000,1.5,Anual,Asesor  comercial,15,Activa,,
POL-000857,CLI-02048,Salud,05/02/2025,2026-02-05,231000000,4940000,4583000,7.8,Mensual,Corredor,0,Cancelada,2025-06-05,Falta de pago
POL-001465,CLI-03461,  Hogar,18/05/2025,18/05/2026,253000000,974000,936000,4.1,Mensual,Bancaseguros,0,Activa,,
POL-002910,CLI-03344,Vida,2025-04-04,04/04/2026,212000000,699000,648000,7.9,Mensual,Asesor comercial,5,Cancelada,18/08/2025,Cambio de aseguradora
POL-001489,CLI-03826,Auto,2025/04/15,2026-04-15,49000000,2811000,2742000,2.5,TRIMESTRAL,Agencia,15,Activa,,
POL-006972,CLI-03816,Auto,20/07/2021,20/07/2022,49000000,2242000,1611000,39.2,Semestral,Web,5,vencida,,
POL-006737,CLI-00129,Auto,2021/12/23,2022-12-23,64000000,2578000,2479000,4.0,Trimestral,Web,0,Cancelada,11/05/2022,Precio
POL-004561,CLI-04845,HOGAR,2021-02-25,25/02/2022,106000000,499000,437000,14.2,Mensual,Asesor comercial,5,Cancelada,2021-06-07,Venta/pérdida del bien
POL-002739,CLI-04727,Auto,15/01/2024,2025-01-14,39000000,1797000,1508000,19.2,Mensual,Corredor,10,Vencida,,
POL-004996,CLI-03271,Vida,2021-07-02,2022/07/02,520000000,1755000,1678000,4.6,Mensual,Asesor comercial,0,renovada,,
POL-001500,CLI-02282,Salud,06/06/2023,2024-06-05,249000000,4101000,3851000,6.5,Semestral,Bancaseguros,15,cancelada,2023/10/15,Cambio de aseguradora
POL-006367,CLI-02583,Hogar,2021-05-03,2022-05-03,128000000,498000,487000,2.2, Anual ,Web,10,VENCIDA,,
POL-002827,CLI-00234,HOGAR,2024-05-04,2025-05-04,178000000,640000,623000,2.7,Semestral,Asesor comercial,0,Cancelada,2025-01-08,Cambio  de  aseguradora
POL-004497,CLI-04158,Vida,2025-03-10,10/03/2026,126000000,365000,336000,8.5,Mensual,Agencia,10,Cancelada,2025-05-11,Precio
POL-007550,CLI-02504,HOGAR,04/09/2023,2024/09/03,135000000,480000,392000,22.4,Anual,Asesor comercial,0,Renovada,,
POL-003309,CLI-04771,Vida,2024-01-29,,170000000,572000,567000,0.8,Mensual,Bancaseguros,10,Renovada,,
POL-003959,cli-01035,  Auto,25/04/2023,24/04/2024,39000000,1808000,1624000,11.3,Mensual,Bancaseguros,5,Cancelada,2024/02/02,Otro
POL-000227,CLI-03891,auto,2025-06-12,12/06/2026,81000000,2885000,2247000,28.4,anual,BANCASEGUROS,10,Cancelada,29/08/2025,Venta/pérdida del bien
POL-003960,CLI-03892,Salud,19/08/2024,2025-08-19,97000000,2091000,2009000,4.1,Mensual,AGENCIA,10,RENOVADA,,
POL-003511,CLI-00445,Auto,2023-09-04,2024/09/03,60000000,2012000,1946000,3.4,Anual,Asesor comercial,0,Renovada,,
POL-007268,CLI-02122,Salud,2025-06-09,09/06/2026,80000000,1802000,1822000,-1.1,Trimestral,Bancaseguros,5,Activa,,
POL-006787,CLI-03611,Hogar,20/07/2022,2023/07/20,296000000,958000,869000,10.2,Mensual,Corredor,5,Cancelada,04/10/2022,Falta de pago
POL-000398,CLI-04421,Auto,2022/04/17,17/04/2023,74000000,2424000,2456000,-1.3,Mensual,Asesor comercial,5,Vencida  ,,
POL-005630,CLI-04568,Hogar,2025-03-25,2026-03-25,228000000,1004000,933000,,Anual,WEB,10,CANCELADA,2025-10-01,Precio
POL-002027,CLI-03427,Auto,2023-11-04,2024-11-03,79000000,4040000,4000000,1.0,  Mensual,Web,5,Vencida,,
POL-008136, CLI-04429 ,Auto,2022/01/07,2023/01/07,26000000,980000,932000,5.1,Mensual,Agencia,5,Cancelada,2022-11-11,Venta/pérdida del bien
POL-003734,CLI-00875,Vida,2024/10/12,2025/10/12,552000000,1905000,1814000,5.0,Mensual,Agencia,5,Vencida,,
POL-003131,CLI-03388,Seguro de Vida,2022-03-25,2023-03-25,298000000,1275000,1153000,10.6,Trimestral,Asesor comercial,5,Vencida,,
POL-002179,CLI-00020,Vida,2025-02-16,2026/02/16,303000000,,1243000,1.9,Trimestral,AGENCIA,10,activa,,
POL-002770,CLI-04388,Auto,2025-06-06,2026-06-06,45000000,2007000,,4.6,Mensual, Web ,5,Activa  ,,
POL-005381,CLI-04958,AUTO,04/01/2022,2023-01-04,20000000,970000,853000,13.7,Mensual,Agencia,10,Vencida,,
POL-001369,CLI-03413,Salud,15/04/2021,2022-04-15,39000000,758000,711000,6.6,Mensual,Asesor comercial,5,Renovada,,
POL-003669,CLI-03174,Auto,21/05/2024,2025/05/21,117000000,5786000,5700000,1.5,  Anual,Agencia,5,Renovada,,
POL-000627,cli-02275,Auto,2025-03-24,2026-03-24,56000000,2379000,2344000,1.5,Anual,Corredor,0,Activa,,
POL-000390,CLI-00467,Auto,2025/01/13,2026/01/13,190000000,8583000,8341000,2.9,Trimestral,Asesor comercial,0,Activa,,
POL-000127,CLI-01582,Vida,17/11/2021,2022-11-17,622000000,2607000,2353000,10.8,Semestral,Corredor,0,Renovada,,
POL-000773,CLI-04586,auto,2024/11/06,2025/11/06,111000000,4717000,4510000,4.6,Anual,Bancaseguros,0,Renovada,,
POL-002498,CLI-01235,Vida,29/05/2025,2026/05/29,737000000,2794000,2737000,2.1,Trimestral,AGENCIA,5,Activa,,
POL-005238,CLI-04095,Hogar,2023-02-02,2024-02-02,373000000,1434000,1402000,2.3,Anual,Bancaseguros,15,Renovada,,
POL-006224,CLI-04188,Salud,2022-05-18,18/05/2023,49000000,1322000,1367000,-3.3,Anual,Bancaseguros,5,Renovada,,
POL-005628,CLI-04906,Auto,2023/07/02,2024-07-01,114000000,4574000,3671000,24.6,Mensual,Agencia,10,Renovada,,
POL-007712,CLI-03746,Auto,2022-07-24,2023/07/24,53000000,2904000,2676000,8.5,Anual,Corredor,0,Renovado,,
POL-005428,CLI-03941,Vida,2021-01-15,15/01/2022,396000000,1836000,1912000,-4.0,Anual,Asesor comercial,0,Renovada,,
POL-006265,CLI-00824,salud,12/11/2024,2025-11-12,124000000,2995000,2394000,25.1,Mensual,Bancaseguros,5,Renovado,,
POL-005323,CLI-02598,Auto  ,2025-03-23,23/03/2026,60000000,2214000,2089000,6.0,Semestral,Asesor comercial,0,Vigente,,
POL-007430,CLI-02440,Vida,14/03/2025,2026-03-14,362000000,1406000,1362000,3.2,Trimestral,Asesor comercial,10, Activa ,,
POL-004544,CLI-03798,Auto  ,2022-01-16,2023-01-16,39000000,1262000,,32.7,Anual,Agencia,10,Expirada,,
POL-001352,CLI-03392,Seguro de Salud,30/07/2023,2024-07-29,146000000,3299000,3043000,8.4,Anual,Bancaseguros,10,  Cancelada,2024-07-20,Otro
POL-001727,CLI-04016,Salud,11/06/2025,2026-06-11,161000000,3732000,3670000,1.7,Trimestral,  Asesor comercial,5,Cancelada,2025-09-24,Cambio de aseguradora
POL-007882,CLI-05103,HOGAR,03/11/2022,2023-11-03,199000000,688000,656000,4.8,Trimestral,Agencia,10,Vencida,,
POL-004818,CLI-03164,Vida,2021-04-22,2022-04-22,213000000,565000,533000,6.0,Anual,Corredor,0,Cancelada,2021-07-24,Falta de pago
POL-003323,CLI-02417,Seguro  de  Salud,2025-03-11,11/03/2026,284000000,4307000,4114000,4.7,  Anual,Asesor comercial,5, Activa ,,
POL-005067,CLI-01636,Vida,2024/09/10,2025-09-10,275000000,837000,826000,1.3,Mensual,Web,15,Renovada,,
POL-007332,CLI-02607,  Auto,15/07/2022,2023-07-15,67000000,3093000,2932000,5.5,MENSUAL,Bancaseguros,10,Renovada,,
POL-007023,CLI-01159,Auto,2025-05-30,2026/05/30,114000000,3844000,3556000,8.1,Anual,Agencia,5,Cancelada,2025/12/03,Precio
POL-006759,CLI-02027,Hogar,2025-06-23,2026/06/23,91000000,353000,327000,8.1,Anual,Bancaseguros,10,Activa,,
POL-000338,CLI-01389,Vehículo,2021/09/16,16/09/2022,27000000,1660000,1243000,33.6,Trimestral,Asesor comercial,0,Renovada  ,,
POL-001376,CLI-04041,AUTO,2021-09-02,2022-09-02,,4141000,3834000,8.0,Anual,Corredor,10,Renovada,,
POL-000345,CLI-01083,Vida,2022-11-01,2023/11/01,306000000,1279000,1166000,9.7, Anual ,Corredor,5,Renovada,,
POL-008264,CLI-00473,Salud,2023-10-16,2024/10/15,57000000,1154000,1087000,,Mensual,Bancaseguros,0,Vencida,INVALID_DATE,
POL-001538,CLI-00956,Auto,2024/08/08,2025-08-08,55000000,1596000,1154000,38.3, Anual ,Corredor,5,Cancelada,2025-02-22,  Cambio de aseguradora
POL-003909,CLI-03002, Automóvil ,2023/07/07,2024-07-06,48000000,2370000,2312000,2.5,Anual,ASESOR COMERCIAL,0,Vencida,,
POL-006089,CLI-04623,AUTO,2025-04-04,2026-04-04,46000000,1529000,1418000,,Trimestral,CORREDOR,10,CANCELADA,2025-12-18,PRECIO
POL-006077,CLI-04144,auto,05/01/2021,2022-01-05,69000000,2803000,2740000,2.3,Anual,Web,0,Renovada,,
POL-002914,CLI-03771,salud,08/08/2021,08/08/2022,108000000,1544000,1184000,30.4,Anual,Corredor,10,Cancelada,27/06/2022,Precio
POL-003812,CLI-04384,Salud,01/12/2022,2023-12-01,169000000,3968000,3804000,4.3,Mensual,Bancaseguros,0,Renovada,,
POL-000534,CLI-04297,Vida,2022-12-25,2023-12-25,319000000,1184000,1171000,1.1,mensual,Web,5,Expirada  ,,
POL-008011,CLI-01751,Hogar  ,2022-04-06,2023/04/06,134000000,633000,594000,6.5,Anual,Bancaseguros,10,Renovada,,
POL-004690,CLI-00524,Salud,2025-05-22,2026/05/22,67000000,0,1582000,5.1,Mensual,ASESOR COMERCIAL,0,  Activa,,
POL-004967,CLI-04780,Salud,2021-06-20,2022-06-20,81000000,1395000,1405000,-0.7,Anual,Bancaseguros,0,Renovada,,
POL-001991,CLI-03314,Salud,09/04/2024,2025-04-09,169000000,4462000,3245000,37.5,Mensual,Agencia,0,Cancelada,2024/12/08,Precio
POL-005459,CLI-00509,Auto,05/04/2022,05/04/2023,48000000,1485000,1381000,7.5,Mensual,WEB,0,Renovada,,
POL-007190,CLI-00033,Auto,01/08/2024,2025/08/01,48000000,1859000,1757000,5.8,  Mensual, Asesor comercial ,0,Vencida,,
POL-003948,CLI-03450,Auto,10/04/2024,2025/04/10,33000000,1277000,1055000,21.0,Mensual,Corredor,10,Renovada,,
POL-006323,CLI-02852,Salud,2024-02-01,31/01/2025,59000000,923000,902000,2.3,Mensual,Bancaseguros,15,RENOVADA,,
POL-002635,CLI-01046,Hogar,2024-12-20,2025-12-20,140000000,487000,376000,29.5,Trimestral,Corredor,10,Renovada,,
POL-001326,CLI-01533,Hogar,29/11/2023,28/11/2024,305000000,1185000,1158000,2.3,Anual,Asesor comercial,5,Renovada,,
POL-007732,CLI-02345,Auto,2022/09/26,26/09/2023,46000000,2029000,1929000,5.2,Anual,AGENCIA,0,Cancelada,2023-01-09,OTRO
POL-003615,CLI-01990,Hogar,2023-07-18,2024-07-17,168000000,643000,636000,1.1,Mensual,web,0,Vencida,,
POL-008261,CLI-00230,AUTO,18/11/2022,18/11/2023,37000000,1464000,1468000,-0.3,Trimestral,Agencia,10,Cancelada,01/06/2023,Precio
POL-000132,CLI-00499,Salud,2025-02-02,2026-02-02,121000000,2898000,2649000,9.4,Anual,Corredor,5,Activa,,
POL-008250,CLI-02288,Salud,30/07/2021,2022-07-30,62000000,1626000,1547000,5.1,Anual,Asesor comercial,5,Renovado,,
POL-002043,CLI-03518,Salud,2023-07-07,2024/07/06,126000000,2674000,2172000,23.1,  Mensual,Bancaseguros,10,Renovada,,
POL-006303,CLI-04452,Salud,18/06/2022,2023-06-18,352000000,8859000,8287000,6.9,Mensual,Asesor comercial,5,Renovada,,
POL-002170,CLI-04484,Seguro de Salud,2023/07/09,2024-07-08,191000000,4210000,4025000,4.6,Mensual,  Corredor,5,Renovada,,
POL-002472,CLI-04957,HOGAR,2024/02/19,2025-02-18,245000000,824000,784000,5.1,Trimestral,Bancaseguros,5,  Vencida,,
POL-001669,CLI-00488,Auto,2022/03/14,2023/03/14,35000000,1430000,1125000,27.1,Semestral,Asesor comercial,15,Cancelada,2023/02/21,Precio
POL-002519,CLI-00841,SALUD,2024-08-03,03/08/2025,86000000,1807000,1749000,3.3,Anual,ASESOR COMERCIAL,0,Cancelada,20/04/2025,Cambio de aseguradora
POL-008271,CLI-04928,Vida,2023-03-01,2024-02-29,279000000,1095000,806000,35.9,Mensual,Corredor,15,Expirada,,
POL-004478,CLI-01094,Hogar,2024-08-09,2025-08-09,168000000,698000,573000,21.8,Anual,Asesor comercial,15,Vencida,,
POL-006853,CLI-03525,Vida,2022-03-02,02/03/2023,351000000,1072000,1009000,6.2,Mensual,Web,15,Renovada  ,,
POL-000533,CLI-00928,Seguro de Salud,14/10/2023,13/10/2024,172000000,3032000,2938000,3.2,Mensual,Bancaseguros,10,Cancelada  ,2024-09-11,cambio de aseguradora
POL-003896,CLI-00350,Vida,2023-11-01,2024-10-31,384000000,1293000,1193000,8.4,Semestral,Agencia,10,Renovada,,
POL-007333,CLI-01284,Auto,11/11/2023,10/11/2024,92000000,2422000,2268000,6.8,Mensual,Corredor,15,Renovada  ,,
POL-005375,CLI-01264,Salud,2025-03-11,2026-03-11,61000000,1251000,1136000,10.1,  Anual,Corredor,5,Activa,,
POL-003137,CLI-01746,Salud,07/06/2024,2025-06-07,206000000,7590000,6652000,14.1,Trimestral,Bancaseguros,0,Renovada,,
POL-001273,CLI-03201,Auto,2024-07-16,INVALID_DATE,65000000,2845000,2704000,5.2,  Trimestral,Bancaseguros,15, Vencida ,,
POL-000282,CLI-02755,Salud,2024-12-06,06/12/2025,143000000,3904000,4000000,-2.4,Semestral,Agencia,5,Renovada,,
POL-001285,CLI-04251,Hogar,17/05/2024,2025-05-17,182000000,772000,744000,3.7,Mensual,Asesor comercial,10,Vencida,,
POL-007616,CLI-03617,Hogar  ,2024-03-02,2025/03/02,96000000,326000,315000,3.4,Mensual,BANCASEGUROS,0,Vencida,,
POL-003518,CLI-00731,AUTO,07/06/2024,2025-06-07,150000000,5432000,5294000,2.6, Mensual ,bancaseguros,15,Renovada,,
POL-008394,CLI-02330,Auto,2022-10-07,2023-10-07,79000000,3822000,3572000,7.0,Trimestral,Asesor comercial,0, Vencida ,,
POL-004348,CLI-03786,Auto,28/05/2022,28/05/2023,26000000,971000,896000,8.4,MENSUAL,AGENCIA,10,Vencida,,
POL-007299,CLI-00878,Salud,,27/04/2025,78000000,1842000,1802000,2.2,Trimestral,  Asesor comercial,0,Renovada,,
POL-007946,CLI-00749,Salud,2024-12-18,2025-12-18,361000000,8030000,7597000,5.7,Trimestral,Bancaseguros,0,Renovada,,
POL-007784,CLI-04020,Auto,2023/12/24,2024-12-23,41000000,1712000,1695000,1.0,Anual,Asesor comercial,0,Vencida,,
POL-008190,CLI-04687,HOGAR,2022-03-12,2023/03/12,415000000,1388000,1214000,,Mensual,Agencia,5,Renovada,,
POL-005120,CLI-01232, Vida ,05/10/2024,2025-10-05,776000000,2651000,2485000,6.7,Mensual,Asesor comercial,15,Vencida,,
POL-000592,CLI-01620,Auto  ,2024-08-18,18/08/2025,18000000,765000,700000,9.3,Anual,Corredor,0,Renovada,,
POL-006039,CLI-01517,  Hogar,2025/02/03,03/02/2026,108000000,380000,356000,6.6,Anual, Corredor ,10,activa,,
POL-003138,CLI-01833,  Salud,2024-02-13,2025/02/12,66000000,2000000,1495000,33.8,Mensual,Agencia,5,Renovada  ,,
POL-005219,CLI-03075,  Salud,08/08/2024,08/08/2025,76000000,1828000,1803000,1.4,MENSUAL,Web,5,Vencida,,
POL-002212,CLI-04856,Vida,2025/05/18,2026-05-18,482000000,1905000,1790000,6.4,Mensual,Bancaseguros,0,Activa,,
POL-007188,CLI-01425, Hogar ,2024-12-29,2025-12-29,160000000,686000,670000,2.4,Mensual,Agencia,10,Vencida,,
POL-007160,CLI-02731,  Auto,2023-07-02,2024-07-01,86000000,4064000,3882000,4.7,Anual,Asesor comercial,5,Renovada,,
POL-001853,CLI-02002,vida,2023/09/02,2024-09-01,298000000,921000,746000,23.4,  Mensual,Web,5,RENOVADA,,
POL-004484,CLI-96283,Auto,2024-03-25,2025-03-25,82000000,3673000,3740000,-1.8,Trimestral,Agencia,5,Vencida,,
POL-000565,CLI-04279,Auto,2024-01-26,25/01/2025,85000000,3713000,3560000,4.3,Trimestral,Asesor comercial,10,Renovada,,
POL-005724,CLI-00257,Auto,2024-08-31,2025-08-31,49000000,1486000,1427000,4.1,Mensual,BANCASEGUROS,10,Vencida,,
POL-003621,CLI-03073,Vida,2021-08-08,08/08/2022,456000000,1800000,1692000,6.4,Anual,Web,15,RENOVADA,,
POL-001516,CLI-05143,Hogar,2025/06/12,2026-06-12,191000000,738000,654000,12.9,Anual,Web,15,Activa  ,,
POL-004504,CLI-02165,SALUD,2023-09-27,2024-09-26,52000000,862000,812000,6.1,Mensual,Agencia,15,Vencida,,
POL-006658,CLI-01252,Hogar,05/06/2025,2026-06-05,295000000,1110000,931000,19.2,SEMESTRAL,Asesor comercial,0,Activa,,
POL-004795,CLI-04236,Auto,2024-12-31,2025-12-31,22000000,818000,734000,11.4,Trimestral,Bancaseguros,10,Vencida,,
POL-003678,CLI-01253,Vida,2024/06/28,2025/06/28,203000000,817000,766000,6.6,SEMESTRAL,Agencia,0,Renovada,,
POL-002585,CLI-04457,Vida,,2022-02-24,129000000,305000,265000,15.2,Anual,AGENCIA,10,Cancelada,2021-08-12,Precio
POL-002029,CLI-03453,Vida,2024-04-05,2025-04-05,437000000,1445000,1320000,9.5,Mensual,Agencia,0,Renovada,,
POL-008267,CLI-01610,Auto,2025-06-29,2026-06-29,76000000,2345000,2388000,-1.8,Anual,Bancaseguros,5,Activa,,
POL-007033,CLI-00652,Salud,2023-04-29,2024-04-28,144000000,3956000,3336000,18.6,Mensual,Bancaseguros,5,Cancelada,2024-04-17,Precio  
POL-008175,cli-03942,Hogar,2025-03-02,,202000000,819000,760000,7.8,Mensual,asesor comercial,5,Activa,,
POL-002839,CLI-01892,Vida,24/05/2024,2025/05/24,455000000,2319000,1878000,23.5,Trimestral,Asesor  comercial,15,CANCELADA,2025/02/27,Precio
POL-006332,CLI-00142,Auto  ,28/06/2025,28/06/2026,39000000,1219000,1130000,7.9,Mensual,Agencia,5,Cancelada,,Cambio de aseguradora
POL-000932,CLI-04265,Salud,2022/08/18,2023/08/18,78000000,1978000,1585000,24.8,Trimestral,Corredor  ,0,Cancelada,2023-04-02,Precio
POL-000269,CLI-05120,Auto,INVALID_DATE,2026-03-04,39000000,1132000,1042000,8.6,Anual,Web,5,Activa,,
POL-000451,CLI-01577,Salud,2025-03-16,16/03/2026,149000000,2818000,2626000,7.3,MENSUAL,Bancaseguros,15,Cancelada,2025/12/06,Precio
POL-000977,CLI-02350,Seguro de Vida,14/03/2023,2024/03/13,409000000,1522000,1409000,8.0,Mensual,Corredor,15,Cancelada,2023-11-16,CAMBIO DE ASEGURADORA
POL-007057,CLI-01492,Auto,13/01/2025,13/01/2026,112000000,4672000,4399000,6.2,Anual,Asesor comercial,5,Activa,,
POL-004880,CLI-03634,Salud,27/06/2024,2025-06-27,120000000,1900000,1792000,6.0,Mensual,Bancaseguros,10,Renovada,,
POL-006286,CLI-02650,HOGAR,2024-10-01,2025-10-01,254000000,906000,868000,4.4,Semestral,Asesor comercial,10,Renovada  ,,
POL-007490,CLI-04620,Hogar,2023-10-09,2024-10-08,192000000,883000,832000,,Mensual,Agencia,0,Renovada,,
POL-007154,CLI-03622,  Salud,2024/01/30,2025-01-29,109000000,3068000,3143000,-2.4,Anual  ,Asesor comercial,5,Cancelada,2024-06-24,Cambio de aseguradora
POL-001719,CLI-00009,Salud,,2025-11-04,133000000,4048000,3953000,2.4,Anual  ,Asesor comercial,5,Renovada,,
POL-001519,CLI-00214,Auto,2023-12-18,2024/12/17,65000000,2291000,2248000,1.9,Mensual,Asesor comercial,5,Renovada,,
POL-001450,CLI-01586,Vida,2023-12-20,2024/12/19,216000000,649000,614000,5.7,Semestral,Corredor,5,Vencida,,
POL-004962,CLI-04077,Salud,2023-05-12,11/05/2024,191000000,4373000,3441000,27.1,Anual,Bancaseguros,10,Cancelado,14/09/2023,PRECIO
POL-000032,CLI-05074,Auto,24/03/2025,24/03/2026,64000000,2442000,2355000,3.7,Anual  ,Asesor comercial,5,Activa,,
POL-001443,CLI-00260,Salud,07/11/2024,2025-11-07,82000000,2355000,1926000,22.3,Anual,Agencia,5,Renovada,,
POL-006060,CLI-01588,Vida,2021-12-22,22/12/2022,861000000,2660000,2090000,27.3,Mensual,Bancaseguros,5,  Vencida,,
POL-003540,CLI-02440,Hogar,03/06/2025,2026-06-03,179000000,786000,716000,9.8,Mensual,Asesor comercial,5,Activa,,
POL-007061,CLI-01361,Auto,29/06/2025,2026-06-29,70000000,2110000,1985000,6.3,Semestral,Web,10,Activa,,
POL-006427,CLI-00365,Salud,2021-05-18,2022/05/18,86000000,1692000,1310000,29.2,Mensual,Bancaseguros,5,Cancelada,2022-04-01,Otro
POL-002417,CLI-04600,Auto,2024-12-04,04/12/2025,27000000,1058000,998000,6.0,Anual,Web,15,  Renovada,,
POL-007888,CLI-02759,Auto  ,22/03/2024,2025-03-22,34000000,1614000,1493000,8.1,Mensual,Corredor,10,Renovada,,
POL-005543,CLI-02478,Hogar,2023/04/19,18/04/2024,167000000,645000,465000,38.8,Mensual, Asesor comercial ,0,Renovada,,
POL-007834,CLI-04911,Vida,2022-10-30,2023-10-30,110000000,414000,371000,11.7,Mensual,Corredor,0,Renovada,,
POL-002688,CLI-01091,Auto,2021-11-22,2022/11/22,54000000,3016000,2903000,3.9,Trimestral,Web,15,Renovada,,
POL-004010,CLI-00553,Auto,2023-10-22,2024-10-21,25000000,878000,856000,2.6,Mensual,Asesor comercial,5,Vencida,,
POL-002231,CLI-01443,Vida,2024-03-14,2025/03/14,211000000,1022000,788000,29.7, Anual ,Bancaseguros,0,Renovada,,
POL-004140,CLI-03592,Vivienda,14/11/2023,13/11/2024,153000000,598000,527000,13.5,Trimestral,Web,5,Vencida,,
POL-002582,CLI-04131,Hogar,2023-10-27,26/10/2024,202000000,983000,749000,31.2,Mensual,Bancaseguros,5,Vencida,,
POL-002378,CLI-02362,AUTO,28/01/2025,2026-01-28,51000000,1836000,1820000,0.9,Trimestral,web,5,Activa,,
POL-001344,CLI-03673,Auto,2025-03-30,2026-03-30,35000000,1770000,1579000,12.1,Mensual,Agencia,5,Cancelada,16/12/2025,Cambio de aseguradora
POL-007738,CLI-03398,AUTO,29/12/2021,29/12/2022,53000000,2882000,2062000,39.8,Anual,Corredor,0,Renovada  ,,
POL-003493,CLI-01811,Auto,2022/10/14,2023-10-14,97000000,4215000,4301000,-2.0,Mensual,Asesor comercial,5,Vencida,,
POL-000659,CLI-04577,Auto,2023/08/08,07/08/2024,33000000,1167000,1079000,8.2,Semestral,Asesor comercial,0,Renovado,,
POL-005696,CLI-00775,Salud,07/05/2023,2024/05/06,116000000,2887000,2696000,7.1,Mensual, Corredor ,0,Renovada,,
POL-003626,CLI-02757,Auto,2025-03-21,2026-03-21,55000000,2174000,2111000,3.0,Mensual,Corredor,15,Cancelada,2025-08-14,Cambio de aseguradora
POL-000541,CLI-02356,Auto,05/12/2022,2023/12/05,89000000,2663000,2668000,-0.2,Mensual,Corredor,0,renovado,,
POL-000520,CLI-03230,Auto,2022-11-26,2023-11-26,91000000,4256000,4222000,0.8,Anual,Corredor,10,VENCIDA,,
POL-003003,CLI-01089,Auto,2023-11-18,2024/11/17,43000000,1826000,1582000,15.4,Mensual,Corredor,10,Vencida,,
POL-001753,CLI-00818,Auto,2021/12/19,19/12/2022,49000000,2038000,1605000,27.0,Mensual,Agencia,0,Renovada,,
POL-000366,CLI-03176,Salud,2023-01-09,2024-01-09,190000000,4220000,4093000,3.1,Anual,Bancaseguros,15,Renovada,,
POL-004057,CLI-01458,Auto,19/06/2024,2025-06-19,,2392000,1953000,22.5,Mensual,Corredor,10,Cancelada,19/04/2025,Precio
POL-006688,CLI-04857,Vida,12/08/2022,2023-08-12,315000000,901000,874000,3.1,Mensual,Bancaseguros,15,CANCELADA,18/02/2023,Falta de pago
POL-000212,CLI-04517,Salud,,08/06/2022,98000000,1710000,1630000,4.9,Mensual,Bancaseguros,5,Renovada,,
POL-004973,CLI-03772,Salud,2021/12/08,2022-12-08,184000000,3989000,3033000,31.5,ANUAL,Asesor comercial,0,Expirada,,
POL-000557,CLI-01446,Auto,27/05/2024,2025-05-27,,3277000,3261000,0.5,Trimestral,Corredor,5,Renovada,,
POL-006385,CLI-04595,Auto,2021-03-05,2022-03-05,50000000,2510000,2437000,3.0,Mensual,web,15,Renovada,,
POL-007764,CLI-02956,Salud,2021-05-26,26/05/2022,86000000,2140000,2064000,3.7,Mensual,Agencia,0,Renovada,,
POL-005841,CLI-00713,Hogar,2022/04/23,23/04/2023,172000000,802000,726000,10.5,Anual,Agencia,0,Renovada,,
POL-006751,CLI-02396,Hogar,30/05/2023,2024-05-29,287000000,1019000,1031000,-1.2,Anual  ,  Bancaseguros,15,Cancelada,2023/08/15,Venta/pérdida del bien
POL-001302,CLI-05114,  Auto,18/03/2025,2026/03/18,52000000,1892000,1734000,9.1,Mensual,  Asesor comercial,5,Activa,,
POL-000107,CLI-00214, Salud ,2024-04-18,2025-04-18,71000000,1533000,1422000,7.8,Mensual,Corredor,10,Renovada,,
POL-007831,CLI-04882,Vida,05/11/2024,05/11/2025,148000000,394000,382000,3.2,Mensual,Web,5,Vencida,,
POL-000782,CLI-03884,Vida,2023-04-01,2024-03-31,143000000,528000,476000,11.0,Mensual,Asesor comercial,5,Vencida,,
POL-002936,CLI-03883,Hogar,2021-04-16,2022-04-16,153000000,641000,575000,11.5,Mensual,Agencia,10,Renovada,,
POL-001024,CLI-00983,Hogar,2024-06-23,23/06/2025,382000000,1507000,1501000,0.4,  Trimestral,Asesor comercial,10,RENOVADA,,
POL-005427,CLI-00085,Salud,09/02/2024,2025-02-08,168000000,2840000,2741000,3.6,Trimestral,Asesor comercial,5,Expirada,,
POL-000584,CLI-03503,VIDA,2021-08-05,2022-08-05,194000000,844000,799000,5.6,Mensual,Bancaseguros,5,Renovada,,
POL-002546,CLI-03006,Auto,2022-05-11,2023-05-11,35000000,1112000,1076000,3.3,Anual,  Bancaseguros,0,Renovada,,
POL-006046,CLI-05174,  Auto,26/06/2025,2026-06-26,44000000,1836000,1842000,-0.3,Trimestral,Asesor comercial,5,Cancelada,12/11/2025,Precio
POL-006424,CLI-01286,Salud,2021/02/08,2022-02-08,151000000,3109000,2301000,35.1,MENSUAL,Bancaseguros,10,  Cancelada,2021/12/11,Venta/pérdida del bien
POL-005394,CLI-02122,Salud,,31/10/2025,109000000,1797000,1472000,22.1,Trimestral,Asesor comercial,10,Cancelada,05/09/2025,PRECIO
POL-004600,CLI-03436,Salud,2025-02-19,,198000000,4617000,3797000,21.6,Anual  ,Asesor comercial,10,Activa,,
POL-002886,CLI-01371,Salud,04/02/2023,04/02/2024,135000000,4167000,4011000,3.9,Anual,Corredor,5,Vencida,,
POL-005156,CLI-00137,salud,2025/01/04,2026-01-04,102000000,2059000,1489000,38.3,Anual,Asesor comercial,15,ACTIVA,,
POL-004353,CLI-00896, Salud ,2024-12-08,2025/12/08,52000000,964000,940000,2.5,Anual,web,0, Renovada ,,
POL-000732,CLI-04584,Auto,2022-09-20,2023-09-20,51000000,2210000,2109000,4.8,Mensual,Asesor comercial,10,Renovado,,
POL-001160,CLI-04021,Auto,2024/04/08,08/04/2025,63000000,1580000,1596000,-1.0,mensual,Agencia,0,renovada,,
POL-006205,CLI-03752,Seguro Hogar,11/06/2023,2024/06/10,143000000,659000,602000,9.5,Mensual,Agencia,15,VENCIDA,,
POL-005625,CLI-04388,Salud,09/11/2024,09/11/2025,301000000,5607000,4153000,35.0,Mensual,Asesor comercial,15,CANCELADA,2025-09-09,Venta/pérdida del bien
POL-007987,CLI-04801,  Salud,2023/11/18,2024/11/17,31000000,434000,411000,5.5,Anual,Web,5,Renovada,,
POL-002527,CLI-01677,Auto,2023/04/25,24/04/2024,51000000,1717000,1368000,25.5,Anual,Asesor comercial,5,Renovada,,
POL-002474,CLI-00416,Auto,2023-06-04,03/06/2024,98000000,4108000,3965000,3.6,Trimestral  ,Asesor comercial,15,Vencida,,
POL-005360,CLI-03887,Salud,07/01/2025,2026-01-07,90000000,1293000,1220000,6.0,Mensual,Bancaseguros,5,Activa,,
POL-006630,CLI-03393,  Auto,2024/01/24,23/01/2025,39000000,1134000,1126000,0.7,Mensual,Asesor comercial,5,Vencida,,
POL-005442,CLI-00617, Vida ,2023/12/22,2024-12-21,351000000,1513000,1453000,4.1,Mensual,Corredor,5,Renovado,,
POL-007014,CLI-02563,Salud,2023/11/01,2024-10-31,93000000,2198000,1704000,29.0,Mensual,Web,5,Renovada,,
POL-005326,CLI-04774,Salud,,2026/02/28,51000000,1286000,1196000,7.5,Mensual,Agencia,0,Activa,,
POL-003337,CLI-00028,Auto,17/01/2025,2026-01-17,34000000,1295000,1295000,-0.0,Mensual,Agencia,5,Activa,,
POL-002969,CLI-04195,auto,2022-07-11,2023-07-11,41000000,1569000,1634000,-4.0,Mensual,Asesor comercial,15,Vencida,,
POL-005306,CLI-04340,Salud,2024/08/11,2025-08-11,85000000,1830000,1735000,5.5,Trimestral,Agencia,15,Vencida,,
POL-008237,CLI-03747,Auto,2024-10-06,2025-10-06,50000000,1945000,1859000,4.6,Mensual,Asesor comercial,15,Renovada,,
POL-005226,CLI-03435,vida,2025/04/12,2026/04/12,138000000,402000,309000,30.1,Mensual,Corredor,0,cancelada,2025/10/06,Precio
POL-004953,CLI-03951,Auto,2025-01-29,2026-01-29,57000000,214300000,2079000,3.1,Mensual,Corredor,5,Activa,,
POL-007513,CLI-04521,Salud,30/05/2022,2023/05/30,116000000,2364000,2293000,3.1,Mensual,Bancaseguros,5,Cancelada,21/04/2023,CAMBIO DE ASEGURADORA
POL-003603,CLI-02352,Salud,08/02/2021,08/02/2022,144000000,2758000,2578000,7.0,Anual,Bancaseguros,5,Renovada,,
POL-000083,CLI-03984,vida,23/04/2023,2024-04-22,725000000,3604000,3446000,4.6,Mensual,Agencia,10, Cancelada ,2023-11-10,Falta de pago
POL-000126,CLI-04748,Auto,2023-06-30,2024-06-29,110000000,4882000,4961000,-1.6,Trimestral,Asesor comercial,10,Cancelada,2024/02/26,Falta de pago
POL-001401,CLI-02887,Salud,2024-07-14,2025-07-14,118000000,1754000,1626000,7.9,ANUAL,Web,10,Renovada,,
POL-007730,CLI-02273,Salud  ,2022-03-30,2023/03/30,87000000,1796000,1540000,16.6,Semestral,Agencia,5,Cancelada,2023-03-02,Otro
POL-007537,CLI-02210,Auto,2024-12-31,2025/12/31,35000000,1528000,1513000,1.0,Mensual  ,Bancaseguros,10,Renovada,,
POL-000336,CLI-00866,Auto,,10/05/2022,80000000,3605000,2752000,31.0,MENSUAL,Asesor  comercial,15,Renovada,,
POL-001737,CLI-03784,vida,2023-12-05,2024-12-04,138000000,488000,457000,6.9,Anual,Agencia,5,Renovada,,
POL-006080,CLI-01553,Salud,2022-06-13,13/06/2023,172000000,2917000,2666000,9.4, Trimestral ,Corredor,5,Cancelada,2023/03/27,Precio
POL-005072,CLI-01139, Hogar ,2023-04-17,2024-04-16,217000000,752000,539000,39.6,Mensual,Web,10,Vencida,,
POL-006472,CLI-00668,Auto,20/12/2021,2022-12-20,59000000,2674000,2462000,8.6,Anual,Corredor,10,Vencida,,
POL-002510,CLI-00308,Vida,2024-09-19,2025-09-19,251000000,1096000,1072000,2.2,  Trimestral,Corredor,5,Renovada,,
POL-005908,CLI-03251,Salud,07/06/2025,2026/06/07,343000000,9425000,8483000,11.1,anual,Corredor,0,Activa,,
POL-003351,CLI-04314,Hogar,24/02/2023,2024-02-24,155000000,751000,557000,34.9,Mensual,Agencia,5,Renovada,,
POL-006317,CLI-03484,Auto,10/09/2021,2022-09-10,159000000,4669000,4794000,-2.6,Trimestral,Agencia,10,Renovada,,
POL-000430,CLI-04751,Auto,2024/11/06,2025/11/06,15000000,560000,401000,39.6,Anual,Asesor comercial,10,Cancelada,20/10/2025,Precio
POL-004281,CLI-01670,Vida,2022-08-04,04/08/2023,184000000,509000,496000,2.6,  Mensual,Agencia,10,Renovada,,
POL-000934,CLI-01294,auto,15/06/2024,15/06/2025,63000000,2031000,1846000,10.0,Trimestral,Asesor comercial,0,Cancelada,21/12/2024,Precio
POL-000886,CLI-02086,Auto,2024-06-03,03/06/2025,57000000,2437000,2172000,12.2,Mensual,Agencia,10,Renovada,,
POL-004060,CLI-00959,Auto,2024-11-09,2025-11-09,60000000,1983000,1914000,3.6,Mensual,Bancaseguros,10,Renovado,,
POL-005303,CLI-04077,Auto,15/01/2021,2022-01-15,31000000,1183000,1140000,3.8,Mensual,Agencia  ,0, Vencida ,,
POL-001398,CLI-00581,Auto,28/06/2022,2023-06-28,44000000,2280000,1828000,24.7,Mensual,Web,5,Cancelada,2023/03/15,Precio
POL-006638,CLI-00893,Vida  ,2022-06-08,2023-06-08,210000000,1005000,924000,8.8,mensual,Asesor comercial,10,Renovada,,
POL-001327,CLI-03227,Seguro de Salud,2024-08-01,01/08/2025,121000000,3201000,2950000,8.5,Semestral,Corredor,5,Renovada  ,,
POL-005183,CLI-02714,Hogar,2021/01/25,2022/01/25,259000000,1042000,864000,20.6,Mensual,Bancaseguros,15,Renovada,,
POL-007906,CLI-03626,Auto  ,2021/06/17,2022-06-17,76000000,2860000,2444000,17.0,Anual,BANCASEGUROS,10,Renovada,INVALID_DATE,
POL-002753,CLI-05108, Hogar ,2025/01/30,2026/01/30,162000000,593000,561000,5.7,Anual,Agencia,10,Activa,,
POL-001171,CLI-00229,Hogar,2023-09-28,2024/09/27,99000000,435000,409000,6.4,Mensual,Bancaseguros,10,Renovada,,
POL-003980,CLI-00449,Auto,04/11/2024,2025-11-04,105000000,4797000,4353000,10.2,Anual,ASESOR COMERCIAL,5,Vencida,,
POL-006715,CLI-04636,VIDA,04/08/2024,2025-08-04,624000000,1994000,1897000,5.1,Mensual,Asesor comercial,0,Vencida,,
POL-007090,CLI-04151,SEGURO HOGAR,2024/04/09,2025-04-09,394000000,1417000,1142000,24.1,MENSUAL,Web,5,Renovada,,
POL-007727,CLI-03297,Salud,2025-03-20,2026-03-20,336000000,8980000,8727000,2.9,Trimestral,Agencia,0,cancelada,2025/11/23,Venta/pérdida del bien
POL-007848,CLI-01862,Seguro de Salud,01/06/2025,01/06/2026,115000000,2491000,2534000,-1.7,Trimestral,Asesor comercial,10,Activa,,
POL-006976,CLI-01207,Auto,2024-01-02,01/01/2025,63000000,2892000,2111000,37.0,Anual,Asesor comercial,15,Vencida,,
POL-003488,CLI-03994,Salud,11/09/2023,2024-09-10,123000000,3306000,2688000,23.0,Mensual,Bancaseguros  ,0,Vencida,,
POL-001466,CLI-03819,Salud,25/01/2025,2026-01-25,54000000,1442000,1403000,2.8,Mensual,Web,10,Activa,,
POL-005623,CLI-01069,Salud,28/03/2021,28/03/2022,119000000,2515000,2515000,-0.0,Anual,  Agencia,0,Vencida,,
POL-003261,CLI-00681,Salud,15/02/2025,15/02/2026,87000000,1940000,1801000,7.7,Anual, Web ,0,Activa,INVALID_DATE,
POL-005788,CLI-01476,Salud,03/06/2025,2026/06/03,132000000,2496000,1811000,37.8,Mensual,Asesor comercial,15,Suspendida,,
POL-001927,CLI-00095, Auto ,2024/08/02,2025-08-02,71000000,3057000,2937000,4.1,Mensual,Asesor comercial,5,Renovada,,
POL-001081,CLI-02274,Auto,15/03/2025,15/03/2026,58000000,1577000,1205000,30.9,Anual,Bancaseguros,15,Cancelada,2025/12/31,Precio
POL-000249,CLI-02963,Auto,2024-02-21,2025/02/20,96000000,2300000,2164000,6.3,Mensual,asesor comercial,10,Renovada,,
POL-004791,CLI-01593,VIDA,2023-03-22,2024-03-21,627000000,1739000,1685000,3.2,Mensual,Corredor,5,Renovada,,
POL-006636,CLI-02581,Auto,2021-10-04,2022/10/04,80000000,2963000,2860000,3.6,Anual,Asesor comercial,5,Vencida,,
POL-000388,CLI-02131,Seguro de Salud,2025-01-16,2024/09/28,125000000,3615000,3000000,20.5,Mensual,BANCASEGUROS,0,Activa,,
POL-004831,CLI-02563,Seguro de Salud,2023-08-27,26/08/2024,60000000,1596000,1496000,6.7,anual,Bancaseguros,0,Renovada,,
POL-002859,CLI-00557,Hogar,20/11/2022,2023/11/20,235000000,1437000,1398000,2.8,Anual,Agencia,10, Renovada ,,
POL-002568,CLI-03745,Salud,2021-06-22,2022-06-22,90000000,1898000,1841000,3.1,Mensual,Agencia,5,Cancelada,2022/05/26,Precio
POL-000901,CLI-04112,Vida,2024-10-11,2025-10-11,169000000,497000,470000,5.8,Mensual,Corredor,10,Renovada,,
POL-007345,CLI-03748,Auto,2024-08-16,2025-08-16,47000000,1536000,1432000,7.3,Semestral,Agencia,10,Expirada,,
POL-008293,CLI-00214,Hogar,16/06/2024,2025-06-16,306000000,1283000,1150000,11.6,Mensual,Asesor comercial,5,Renovada,,
POL-002030,CLI-03519,Vida,24/03/2025,2026-03-24,849000000,3452000,3378000,2.2,Mensual,Asesor comercial,0,Activa,,
POL-008347,CLI-00528,Salud,2024/06/09,2025-06-09,179000000,396100000,3880000,2.1,Anual,Asesor comercial,5,Renovado,,
POL-003815,CLI-01483,HOGAR,2024/04/14,2025-04-14,231000000,1076000,988000,8.9,Anual,asesor comercial,0,Renovada,,
POL-000110,CLI-03589,Hogar,20/10/2023,2024/10/19,329000000,1293000,1279000,1.1,Mensual,Agencia,0,Renovada  ,,
POL-008290,CLI-02559,Salud,2024-12-12,12/12/2025,276000000,5502000,4988000,10.3,  Anual,Bancaseguros  ,10,Renovada,,
POL-002841,CLI-02703,Salud,03/03/2021,2022-03-03,171000000,4038000,3806000,6.1,Mensual,Asesor comercial,5,Renovada,,
POL-004543,CLI-00904,Auto,2025-04-08,2026-04-08,46000000,1809000,1746000,3.6,Mensual,Agencia,10,Vigente,,
POL-002446,CLI-01295,Vida,08/12/2024,2025/12/08,259000000,1097000,868000,26.4, Mensual ,Web,5,Renovada,,
POL-007004,CLI-01405,Salud,2024-10-24,2025/10/24,32000000,754000,707000,6.6,Mensual,Agencia,15,VENCIDA,,
POL-001017,CLI-02750,Auto,25/02/2025,2026-02-25,63000000,2091000,2046000,2.2,Mensual,Bancaseguros,15,Activa,,
POL-000860,CLI-04687,Vida,2023-11-03,02/11/2024,108000000,381000,371000,2.8,ANUAL,Web,10,Renovada,,
POL-000485,CLI-01808,Automóvil,2024-07-22,2025/07/22,58000000,1998000,1905000,4.9,Anual,Corredor,0,Renovada,,
POL-005740,CLI-04852,Salud,2021/05/06,06/05/2022,105000000,2075000,1995000,4.0,Mensual,Web,10,Cancelada,2022-04-07,Venta/pérdida del bien
POL-001928,CLI-02535,Hogar,2025-04-28,2026-04-28,190000000,619000,551000,12.3,Mensual,Bancaseguros,0,Activa,,
POL-002801,CLI-03514,Hogar,2024-11-15,15/11/2025,188000000,748000,719000,4.0,MENSUAL,  Web,5, Renovado ,,
POL-001437,CLI-04273,Auto,2021/05/15,2022-05-15,25000000,817000,794000,2.9,Mensual,Corredor,0,Renovada,,
POL-000232,CLI-02058,Hogar,2022-10-22,22/10/2023,181000000,621000,615000,0.9,Trimestral,Asesor comercial,5,Renovada,,
POL-008220,CLI-02265,Auto  ,2024-04-04,04/04/2025,36000000,1298000,1265000,2.6,Trimestral,Agencia,0,Vencida,,
POL-008129,CLI-05110,Hogar,11/06/2022,2023-06-11,395000000,1732000,1386000,,Semestral,Bancaseguros,0,Renovada,,
POL-006014,CLI-01534,SALUD,2023-08-17,2024-08-16,48000000,701000,659000,6.3,Anual,Agencia,5,Cancelada,2023-11-28,Cambio de aseguradora
POL-006064,CLI-04392,Vida,,2024-12-29,335000000,1155000,1106000,4.4,anual,WEB,10,Renovada,,
POL-007928,CLI-02563,hogar,2023/08/11,2024/08/10,368000000,1660000,1655000,0.3,Trimestral,Asesor comercial,5,Vencida,,
POL-004888,CLI-00371,HOGAR,2022-08-06,06/08/2023,237000000,975000,917000,6.3,Mensual,Asesor comercial,0,Renovada,,
POL-003498,CLI-01588,Hogar,27/03/2024,2025/03/27,172000000,687000,515000,33.5,Trimestral,Corredor,0,Cancelada,2025-03-03,Precio
POL-004758,CLI-01736,Hogar,2024-12-25,,295000000,1104000,1050000,5.1,Mensual,Web,5,Renovada,,
POL-008127,CLI-03363,Hogar,11/09/2024,2025-09-11,261000000,989000,932000,6.1,Mensual,Asesor comercial,0,Renovada,,
POL-000606,CLI-05026,Salud,2024/12/05,2025/12/05,84000000,1825000,1439000,26.8,Mensual,Agencia,5,Cancelada,09/10/2025,Cambio de aseguradora
POL-000420,CLI-00754,VIDA,2023-04-04,03/04/2024,343000000,860000,825000,4.3,Anual,Agencia,10,Renovada,,
POL-008313,CLI-00212,Auto,2024-11-25,2025-11-25,33000000,1110000,1006000,10.3,Mensual,Asesor comercial,5,Cancelada,2025-08-15,Cambio de aseguradora
POL-003947,CLI-02837,AUTO,26/06/2023,2024-06-25,40000000,2433000,2315000,5.1,Anual,Agencia,5,Renovada,,
POL-005223,CLI-00643,Auto,2024-07-09,2025-07-09,41000000,1432000,1143000,,anual,Bancaseguros,5,Renovada,,
POL-000097,CLI-05026,Auto,29/10/2023,28/10/2024,84000000,3588000,2638000,36.0,Mensual,Corredor,0,Anulada,31/08/2024,Precio
POL-004512,CLI-04509,Auto,04/01/2024,2025-01-03,89000000,0,2777000,5.6,mensual,Bancaseguros,10,Vencida,,
POL-003425,CLI-02275,Salud,2024/12/26,2025-12-26,197000000,4382000,3258000,34.5,Trimestral,Agencia,5,RENOVADA,,
POL-002346,CLI-04294,Auto,23/05/2021,2022-05-23,78000000,2436000,2386000,2.1,Anual,Agencia,10,Renovada,,
POL-004364,CLI-02764,Auto,2021/05/29,2022-05-29,69000000,2954000,2939000,0.5,Mensual,Web,5,Renovada,,
POL-006201,CLI-03715,AUTO,2021-05-31,2022-05-31,60000000,2130000,2068000,3.0,Anual,CORREDOR,10,VENCIDA,,
POL-002370,CLI-01148,Auto,2024-07-23,2025-07-23,70000000,2662000,2560000,4.0,Mensual,Asesor comercial,5, Renovada ,,
POL-003862,cli-01093,Auto,2025-05-06,2026-05-06,55000000,1927000,1813000,6.3,Anual,Asesor comercial,5,Activa,,
POL-007650,CLI-02147,  Hogar,,2026-04-07,168000000,853000,840000,1.6,Trimestral,Corredor,0,Activa,,
POL-008366,CLI-01304,Hogar,17/09/2021,2022-09-17,207000000,907000,887000,2.2,Semestral,Asesor comercial,5,Cancelada,2022/07/19,Venta/pérdida del bien
POL-007389,CLI-02416,Vivienda,2024-06-02,2025-06-02,308000000,1067000,911000,17.1,Anual,Agencia,0,  Vencida,,
POL-005436,CLI-00184,Salud,2024/06/04,2025-06-04,62000000,1634000,1579000,3.5,Mensual,Asesor comercial,10,Renovada,,
POL-001207,CLI-03981,Auto,09/04/2024,09/04/2025,53000000,2193000,1663000,31.9,Trimestral,Web,5,Cancelada,2024-11-29,Precio
POL-000422,CLI-00308,Auto,27/06/2021,27/06/2022,51000000,1525000,1419000,7.5,Semestral,Bancaseguros,5,Vencida,,
POL-005612,CLI-04449,Auto,17/05/2024,2025/05/17,58000000,2074000,1865000,11.2,MENSUAL,Asesor comercial,0,Renovada,,
POL-008251,CLI-02481,Vida,2022-06-17,2023/06/17,420000000,1727000,1397000,23.6,Mensual,Asesor comercial,0,Renovada,,
POL-002293,CLI-00136,Salud,2024/09/24,24/09/2025,80000000,1621000,1268000,27.8,anual,Web,0,  Renovada,,
POL-007781,CLI-01336,Auto,2023-05-26,25/05/2024,38000000,1874000,,7.9,Semestral,Asesor comercial,5,Cancelada,21/05/2024,Precio
POL-003295,CLI-02014,Salud,2022-03-03,2023-03-03,92000000,1509000,1376000,9.7,Mensual,Asesor comercial,5,Cancelada,2022-09-01,Cambio de aseguradora  
POL-003672,CLI-01127,Salud,2023/10/30,29/10/2024,55000000,1141000,1141000,0.0,Trimestral,Bancaseguros,0,Cancelada,07/06/2024,Cambio de aseguradora
POL-002072,CLI-01804,Salud,16/09/2023,2024-09-15,163000000,2284000,2125000,7.5,Anual,Web,15,Renovada,,
POL-003408,CLI-02945,Hogar  ,2022-07-24,24/07/2023,356000000,1434000,1374000,4.4,Anual,Bancaseguros,0,Vencida  ,,
POL-003824,CLI-04628,Salud,2024-05-26,2025/05/26,152000000,4246000,4280000,-0.8,Mensual,Corredor  ,10,Vencida,,
POL-007714,CLI-04075,Hogar,05/06/2023,2024-06-04,256000000,753000,749000,0.5,Semestral,Bancaseguros,5,Renovada,,
POL-000167,CLI-01189,AUTO,2023-08-02,01/08/2024,41000000,1667000,1527000,9.2,Trimestral, Asesor comercial ,15,Cancelada,2024/03/11,Cambio de aseguradora
POL-001517,CLI-05072,Auto  ,2022-12-21,2023-12-21,108000000,4896000,4325000,13.2,Anual,Corredor,0,Cancelada,2023/06/16,Cambio de aseguradora
POL-002870,CLI-01816,Auto,2023-02-20,20/02/2024,45000000,1928000,1661000,16.1,  Mensual,Corredor,0,Vencida,,
POL-007218,CLI-01751,Salud,2024/04/01,2025-04-01,88000000,1511000,1478000,2.2,Semestral,Asesor comercial,10,Vencida,,
POL-004058,CLI-02483,Salud,27/10/2023,2024-10-26,211000000,5152000,4240000,21.5,Mensual,Web,10,Cancelada,2024/08/01,Precio
POL-003919,CLI-04825,SALUD,03/02/2023,2024-02-03,92000000,2229000,1811000,23.1,Anual,Corredor,5,Renovada,,
POL-000341,CLI-02711,Vida,2024-06-27,2025-06-27,372000000,1634000,1618000,1.0,Mensual,Asesor comercial  ,15,Vencida,,
POL-005293,CLI-04686,Auto,12/04/2025,2026-04-12,31000000,1311000,1323000,-0.9,Mensual,Asesor comercial,0,Activa,,
POL-007025,CLI-01658,  Hogar,2025/04/09,,275000000,1014000,947000,7.1,Mensual,Agencia,0,Cancelada,,Cambio de aseguradora
POL-007457,CLI-03514,Salud,22/04/2025,22/04/2026,249000000,,4905000,8.0,mensual,Agencia,0,Cancelada,31/12/2025,Precio
POL-006493,CLI-01641,Vehículo,18/04/2025,18/04/2026,189000000,7364000,6831000,7.8,Mensual,Asesor comercial,5,Activa,,
POL-007366,CLI-02385,Auto,2021-03-21,21/03/2022,46000000,2261000,2139000,5.7,Anual,Agencia,0,Cancelada,INVALID_DATE, Cambio de aseguradora 
POL-001280,CLI-03013,  Vida,21/05/2024,21/05/2025,206000000,640000,588000,8.9,Anual,Corredor,5,Renovada,,
POL-006629,CLI-01862,Salud,2023-04-30,29/04/2024,46000000,1010000,960000,5.2,  Anual,Agencia,10,Vencida,,
POL-000443,CLI-00121,Auto,17/07/2022,2023-07-17,50000000,,2403000,5.2,Mensual,Agencia,0,Vencida,,
POL-004283,CLI-00825,  Auto,2025-05-29,29/05/2026,44000000,2009000,1910000,5.2,Anual,Agencia,0,Activa,,
POL-000009,CLI-02097,Hogar,2025-05-06,06/05/2026,260000000,959000,798000,20.2,ANUAL,Agencia,0,ACTIVA,,
POL-003063,CLI-04363,Auto,13/04/2025,2026/04/13,42000000,1483000,1072000,38.3,Semestral,Agencia,10,Activa,,
POL-005482,CLI-03303,Auto,2022-12-23,2023/12/23,32000000,921000,910000,1.2,Anual,Web,5,Cancelada,23/12/2023,Cambio de aseguradora
POL-004780,CLI-01342,Vida,06/02/2025,2026-02-06,171000000,679000,661000,2.8,Anual,Bancaseguros,10,Activa,,
POL-000296,CLI-04252,Auto,2021/07/19,2022-07-19,65000000,2882000,2676000,7.7,Anual,Bancaseguros,15,Cancelada,2022-03-24,Falta de pago
POL-002920,CLI-04117, Hogar ,2023/05/16,2024/05/15,276000000,1193000,1238000,-3.6,Semestral,Web,10,Vencida,,
POL-000821,CLI-00459, Salud ,2024/12/25,25/12/2025,45000000,-717000,671000,6.9,Semestral,Asesor comercial,10,Vencida,,
POL-005018,CLI-02591,Auto,2022/02/27,2023-02-27,29000000,1161000,875000,32.7,trimestral,Asesor comercial,5,Renovada,,
POL-007683,CLI-02566,Salud,,29/05/2025,270000000,5064000,4921000,2.9,Mensual,Web,15,Vencida,,
POL-000270,CLI-00434,Auto,INVALID_DATE,2025-03-25,32000000,1026000,991000,3.5,Anual,Asesor comercial,10,Vencida,,
POL-006795,CLI-00515,Auto,2024-05-25,2025-05-25,37000000,1816000,1502000,20.9,Trimestral, Bancaseguros ,5,Renovado,,
POL-003614,CLI-03493,AUTO,2024-06-10,2025/06/10,70000000,3021000,2947000,2.5,Trimestral,Asesor comercial,0,Renovada,,
POL-007884,CLI-04367,Hogar,2023/03/15,14/03/2024,251000000,1015000,1002000,1.3,Anual,Asesor comercial,10,Renovada,,
POL-001374,CLI-00832,Auto,2021/03/30,2022/03/30,88000000,2846000,2682000,6.1,MENSUAL,Agencia,10,Renovada,,
POL-000703,CLI-02077,AUTO,2025-04-19,2026-04-19,101000000,4751000,4453000,6.7,Mensual,Agencia,15, Activa ,,
POL-000426,CLI-03417,vida,29/11/2023,2024/11/28,212000000,823000,778000,5.8,Mensual,Web,10,Renovada,,
POL-006093,CLI-02843,Hogar,05/02/2022,2023-02-05,405000000,1455000,1348000,7.9,Mensual,Web,10,Vencida,,
POL-006283,CLI-00152,Salud,18/06/2024,2025-06-18,191000000,4996000,4592000,8.8,Trimestral,asesor comercial,10,Expirada,,
POL-008263,CLI-00705,Auto,04/06/2024,2025-06-04,55000000,2805000,2669000,5.1,Mensual,BANCASEGUROS,10,Renovada,,
POL-003465,CLI-01527, Hogar ,18/11/2024,18/11/2025,173000000,718000,688000,4.3,Anual,Web,0,Renovada,,
POL-005690,CLI-03071,Salud,11/04/2025,2026/04/11,89000000,1674000,1622000,3.2,anual,Asesor comercial,10,Activa,,
POL-000763,CLI-04545,Auto,2023-05-03,2024-05-02,43000000,1843000,1750000,5.3,Anual,Agencia,0,Renovada,,
POL-000799,CLI-02096,Hogar,06/05/2025,2026-05-06,212000000,1054000,973000,8.3,Mensual,Agencia,10,Activa,,
POL-005085,CLI-01307,Salud,,2022/03/09,136000000,2745000,2689000,2.1,Mensual,Agencia,5,Renovada,,
POL-002075,CLI-02397,SALUD,2024-09-17,INVALID_DATE,77000000,1822000,1451000,25.6,Mensual,Bancaseguros,0,Cancelada,16/07/2025,Precio
POL-001881,CLI-02291,Vida,24/12/2024,2025-12-24,160000000,692000,700000,-1.2,Anual,Corredor,0,Vencida,,
POL-003974,CLI-03263,Salud,2024-02-26,2025-02-25,83000000,2020000,1931000,4.6,Semestral,Bancaseguros  ,10,Renovada,,
POL-007745,CLI-00215,Auto,2022-09-09,2023-09-09,39000000,1984000,1996000,-0.6,Anual,Bancaseguros,5,RENOVADA,,
POL-002650,CLI-04444,Hogar,2023-03-25,2024/03/24,244000000,1191000,897000,32.8,Mensual,Web,0,Cancelada,2024-01-19,Falta de pago
POL-005506,CLI-04024,Salud,2024-06-03,2025-06-03,94000000,2653000,2461000,7.8,Mensual,AGENCIA,10,Vencida,,
POL-001075,CLI-01909,Auto,2025/04/22,2026-04-22,85000000,3566000,2846000,25.3,Semestral,Agencia,10,Activa,,
POL-003765,CLI-96003,Salud  ,2025-01-22,2026/01/22,122000000,2908000,2703000,7.6,Anual,Corredor,0,Activa,,
POL-004717,CLI-04836,Hogar,2021-02-15,2022/02/15,180000000,675000,643000,5.0,Mensual,Asesor comercial,0,Renovada,,
POL-006126,CLI-00410,Auto,2024-09-21,2025-09-21,43000000,1491000,1409000,5.8,Anual,Corredor,0,Vencida,,
POL-008103,CLI-02545,Hogar,2021-04-19,INVALID_DATE,219000000,775000,756000,2.5,Semestral,Agencia,5,Renovada,,
POL-003973,CLI-03162,Auto,2022/06/21,21/06/2023,41000000,1539000,1432000,7.5,Mensual,Bancaseguros,5,Renovada,,
POL-001632,CLI-00453,Seguro de Vida,17/07/2024,17/07/2025,114000000,397000,373000,6.3,Mensual,Bancaseguros,10,Renovada,,
POL-005253,CLI-03997,Auto,16/03/2025,2026-03-16,120000000,4204000,3918000,7.3,Trimestral,Corredor,10,Cancelada,2025/08/22,Cambio de aseguradora
POL-007486,CLI-00401,Auto,2025-04-23,23/04/2026,37000000,1217000,1106000,10.0,Mensual,Asesor comercial,10,Activa,,
POL-003064,CLI-01769,Auto,2023-02-13,13/02/2024,76000000,2827000,2603000,8.6,Mensual,Bancaseguros,5, Renovada ,,
POL-001249,CLI-03475,Vida,2025-05-25,25/05/2026,45000000,155000,149000,4.3,Mensual,Agencia,5,ACTIVA,,
POL-007713,CLI-04844,Vida,29/11/2021,2022-11-29,141000000,694000,669000,3.8,Anual,Agencia,0,Renovado,,
POL-002023,CLI-04365,Vida,2025/02/15,2026-02-15,154000000,382000,368000,3.9,Anual,Asesor comercial,10,Activa,,
POL-007388,CLI-00638,Vida,13/02/2025,13/02/2026,664000000,1615000,1636000,-1.3,TRIMESTRAL,Agencia,0,Activa,,
POL-005121,CLI-01394,Vida,2023/08/20,2024-08-19,239000000,983000,879000,11.8,  Anual,Web,0,Vencida,,
POL-003401,CLI-03775,Salud,2024/05/01,2025-05-01,,4086000,3766000,8.5,Mensual,Bancaseguros,10,Renovada,,
POL-001559,CLI-04516,Salud,27/08/2024,27/08/2025,629000000,12481000,9044000,38.0,Anual,Web,15,Renovada,,
POL-002211,CLI-03193,Hogar,2025-04-30,30/04/2026,440000000,1333000,1255000,6.2,Semestral,Bancaseguros,0,Activa,,
POL-008303,CLI-02832,  Salud,2022/06/18,2023-06-18,112000000,2008000,2000000,0.4, Anual ,Asesor  comercial,5,Renovada,,
POL-005977,CLI-01235,Vida,2023-10-17,2024-10-16,293000000,1294000,1228000,5.4,mensual,Bancaseguros,5,Renovada,,
POL-002145,CLI-03534,Salud  ,2023-03-15,14/03/2024,155000000,4705000,4182000,12.5,semestral,Asesor comercial,5,Renovada,,
POL-000241,CLI-04611,vida,20/07/2021,20/07/2022,278000000,679000,535000,26.9,Anual,Bancaseguros,15,Renovada,,
POL-002820,CLI-03418,Salud,2021-03-30,2022/03/30,54000000,1095000,,0.2,MENSUAL,Bancaseguros  ,15,Vencida,,
POL-003519,CLI-00695,Auto,11/12/2023,2024-12-10,57000000,2220000,1902000,16.7,Anual,Agencia,5,Vencida,,
POL-005218,CLI-04210,SALUD,2025-04-22,2026-04-22,268000000,5862000,5686000,3.1,mensual,Bancaseguros,15,ACTIVA,,
POL-002600,CLI-03025,Vida,06/02/2025,2026/02/06,339000000,1050000,844000,24.4,Anual,Corredor,15,Activa  ,,
POL-001772,CLI-01585,  Seguro Hogar,2024-09-23,23/09/2025,525000000,2032000,2117000,-4.0,Semestral,Agencia,10,Renovada,,
POL-002352,CLI-04658,Auto,06/08/2022,2023-08-06,52000000,1993000,1462000,36.3,Trimestral,Web  ,5,Vencida,,
POL-002684,CLI-04040,Salud,2021-07-27,,252000000,5170000,4914000,5.2,Mensual,Asesor comercial,10,Vencida  ,,
POL-002119,CLI-00282,Vida,2022-08-13,13/08/2023,236000000,733000,700000,4.7,Mensual,Asesor comercial,5,Renovada,,
POL-008280,CLI-00217,Vida,2023-06-06,2024/06/05,398000000,1869000,1777000,5.2,anual,Asesor comercial,10,Vencida,,
POL-004648,CLI-01030,Auto,2024/07/05,05/07/2025,49000000,1831000,1606000,14.0,Anual,Web,15,Renovada,,
POL-003741,CLI-00100,Salud,2022-05-20,20/05/2023,39000000,1293000,1119000,15.5,Mensual,Asesor comercial,10,Renovada,,
POL-004907,CLI-00643, Hogar ,02/06/2023,01/06/2024,261000000,1034000,1018000,1.6,Semestral,Bancaseguros,5,Cancelada,2024-04-08,CAMBIO DE ASEGURADORA
POL-001243,CLI-02138,AUTO,2024-12-02,02/12/2025,54000000,1789000,1652000,8.3,Trimestral,BANCASEGUROS,5,Renovada,,
POL-006335,CLI-00119,Vida  ,2023-09-15,2024-09-14,438000000,1730000,1728000,0.1,Mensual,Bancaseguros,5,RENOVADA,,
POL-007288,CLI-00945,Salud,2021-09-19,2022-09-19,198000000,3970000,3707000,7.1,Mensual,Agencia,0,Cancelada,2022-05-01,VENTA/PERDIDA DEL BIEN
POL-006602,CLI-02571,Hogar,08/09/2024,2025-09-08,276000000,1449000,1347000,7.6,Semestral,Asesor comercial,10,Vencida  ,,
POL-007001,CLI-03144,Vida,2021/01/24,24/01/2022,246000000,866000,900000,-3.8,Anual,  Asesor comercial,10,Renovada,,
POL-006200,CLI-01228,VIDA,2024-10-28,2025-10-28,198000000,757000,702000,7.9,Mensual,Web,0,Vencida,,
POL-006656,CLI-03300,Auto,2025/05/01,2026-05-01,51000000,2636000,1958000,,Trimestral,AGENCIA,10,Activa,,
POL-001641,CLI-01749,auto,2022/08/28,2023-08-28,77000000,2582000,2434000,6.1,Trimestral,Agencia,10,RENOVADA,,
POL-000556,CLI-04244,auto,2021-08-29,2022/08/29,34000000,1282000,1207000,6.2,Mensual  ,Web,10,Renovada,,
POL-003286,CLI-01136, Vida ,2025/05/28,2026-05-28,204000000,818000,,9.8,Mensual,Web,0,Cancelada,2025-08-09,Venta/pérdida del bien
POL-006470,CLI-00049,Hogar,2023/04/21,20/04/2024,312000000,1065000,977000,9.0,Mensual,Agencia,15, Renovada ,,
POL-005694,CLI-01748,Auto,18/11/2024,18/11/2025,,1186000,1088000,9.0,ANUAL,ASESOR COMERCIAL,5,Cancelada,2025-06-17,Cambio de aseguradora
POL-000155,CLI-03764,Salud,2021-10-06,06/10/2022,82000000,1310000,1242000,5.5,Mensual  ,Corredor,0,Vencida,,
POL-006668,CLI-00502,Auto,19/12/2024,2025-12-19,38000000,1495000,1471000,1.6,semestral,Asesor comercial,5,Renovada,,
POL-005471,CLI-03428,Vida,19/10/2022,19/10/2023,457000000,1537000,1507000,2.0,Mensual,Web,15,Cancelada,04/07/2023,  Otro
POL-007382,CLI-02380,HOGAR,07/10/2024,07/10/2025,214000000,811000,768000,5.6,SEMESTRAL,Corredor,10,Renovada,,
POL-006995,CLI-02084,salud,2022-01-15,15/01/2023,51000000,1140000,1124000,1.4,semestral,Bancaseguros,5,Renovada,,
POL-006932,CLI-00865,Auto,INVALID_DATE,2026/05/29,50000000,2107000,1949000,8.1,Anual,Web,5,activa,,
POL-007413,CLI-04039,Salud,2025-02-11,2026-02-11,95000000,2054000,1971000,4.2,Trimestral,Corredor,5,Activa,,
POL-007110,CLI-03601,HOGAR,2024-08-30,30/08/2025,626000000,2306000,2133000,8.1,Anual, Asesor comercial ,5,Renovada,,
POL-005915,CLI-04572,auto,14/05/2025,2026/05/14,84000000,3903000,3739000,4.4,Anual,Bancaseguros,5,Activa,,
POL-003588,CLI-01023,Salud,2025-06-14,2026/06/14,137000000,3016000,2928000,3.0,Trimestral,Asesor comercial,0,Activa,,
POL-004584,CLI-00220,Salud,,2026-02-04,172000000,2951000,2227000,32.5, Semestral ,Asesor comercial,10,Cancelada,2025-12-18,PRECIO
POL-002636,CLI-04167,Salud,2023/11/01,2024-10-31,155000000,4133000,3873000,6.7,Mensual,Corredor,0,Vencida,,
POL-001293,CLI-00211,Auto,05/07/2024,2025-07-05,63000000,2252000,2119000,6.3,Anual,Agencia,5,  Renovada,,
POL-007934,CLI-03288, Salud ,2024-01-20,19/01/2025,157000000,3486000,3339000,4.4,Mensual,Agencia,0,Cancelada,31/07/2024,Precio
POL-000919,CLI-05043,Salud,17/01/2025,17/01/2026,190000000,4534000,4511000,0.5,mensual,Web,10, Activa ,,
POL-006273,CLI-04524, Auto ,2022-09-27,2023-09-27,39000000,1608000,1271000,26.5,Semestral,Bancaseguros,15, Vencida ,,
POL-000060,CLI-00382,Vida,14/11/2024,14/11/2025,376000000,1278000,1250000,2.2,Anual,Asesor comercial,5,Vencida,,
POL-006568,CLI-01084,AUTO,2024/05/09,2025-05-09,70000000,2158000,2021000,6.8,Trimestral,Agencia,5,Renovada,,
POL-005135,CLI-00780,Seguro de Salud,23/10/2021,2022-10-23,54000000,1479000,1316000,12.4,Anual,Agencia,10,Renovada,,
POL-004172,CLI-00310,Auto,2022-11-12,2023-11-12,41000000,1783000,1836000,-2.9,Trimestral,Asesor comercial,5,Renovada,,
POL-007406,CLI-01421,Vida,2022/09/01,01/09/2023,843000000,3887000,3695000,5.2,  Mensual,Asesor comercial,5, Renovada ,,
POL-002533,CLI-02462,Auto,02/05/2024,2025-05-02,84000000,3995000,3716000,7.5,Semestral,Web,10,Expirada,,
POL-007323,CLI-01806,Vida,2024-12-28,2025-12-28,104000000,417000,416000,0.3,Anual,Agencia,5,Renovada,,
POL-005130,CLI-03353,Hogar,07/05/2024,2025/05/07,263000000,1372000,1221000,12.4,Trimestral,Asesor comercial,15,Renovada,,
POL-007807,CLI-00116,hogar,2022-11-27,2023-11-27,693000000,2696000,2536000,6.3,Semestral,Agencia,5,Renovado,,
POL-007246,CLI-03803,HOGAR,2021-07-21,2022/07/21,109000000,469000,458000,2.3,Anual,Asesor comercial,15,Expirada,,
POL-008005,CLI-00158,Auto,2023/06/10,2024/06/09,57000000,2730000,,9.9,Trimestral,Asesor comercial,5,Renovada,,
POL-000159,CLI-02758,SALUD,2024-11-04,2025-11-04,249000000,6923000,6612000,4.7,Semestral,Bancaseguros,10,Vencida,,
POL-004391,CLI-01590,Auto,2024-12-12,2025/12/12,64000000,2538000,1972000,28.7,Anual,Agencia,0,Renovada,,
POL-006105,CLI-03513,Salud,2022-10-11,2023-10-11,183000000,3602000,2664000,35.2,Anual, Web ,5,Cancelada,27/02/2023,Precio
POL-003186,CLI-03233,Auto,2025-04-29,29/04/2026,23000000,1236000,1155000,7.0,Mensual,Agencia,5,Activa,,
POL-000304,CLI-04721,Auto,13/06/2025,13/06/2026,35000000,1168000,1176000,-0.7,MENSUAL,Corredor,5,Activa,,
POL-007840,CLI-04486,Hogar,2024-11-22,2025-11-22,256000000,923000,919000,0.4,Mensual,Web,5,Vencida,,
POL-001010,CLI-03414,Auto,19/04/2025,2026-04-19,29000000,1184000,1162000,1.9,Mensual,Web,0,Activa,,
POL-001075,CLI-01909,Auto,2025/04/22,2026-04-22,85000000,3566000,2846000,25.3,Semestral,Agencia,10,Activa,,
POL-002917,CLI-02232,Salud,2023/06/22,21/06/2024,106000000,2060000,1953000,5.5,Mensual,Bancaseguros,5,Renovada,,
POL-007933,CLI-04715,Salud,06/09/2024,2025/09/06,270000000,6673000,5996000,11.3,Mensual,Asesor comercial,0,CANCELADA,05/09/2025,Cambio de aseguradora
POL-005084,CLI-03764,Hogar,2023/09/09,2024-09-08,156000000,687000,672000,2.2,Trimestral,Asesor comercial,10,Renovada,,
POL-004376,CLI-02640,Salud,2025-01-06,06/01/2026,196000000,5491000,5447000,0.8,Anual,Asesor comercial,10,Activa,,
POL-001876,CLI-00159,Auto,2024/01/01,2023-02-10,38000000,1574000,1488000,5.8,Trimestral,Bancaseguros,5,Vencida,,
POL-005734,CLI-02331,Auto,27/01/2022,27/01/2023,47000000,1691000,1615000,4.7,Semestral,Asesor comercial,0,Renovada,,
POL-006086,CLI-03517, Salud ,2022-08-24,2023-08-24,132000000,2721000,2440000,11.5,Anual,Bancaseguros,0, Renovada ,,
POL-003785,CLI-02846,Vida,2023-10-19,,542000000,1723000,1658000,3.9,Anual,Corredor,0,Renovada,,
POL-005991,CLI-01188,Hogar,19/02/2021,2022-02-19,239000000,1093000,1049000,4.2,Mensual,AGENCIA,0,Renovada,,
POL-003875,CLI-03986,Auto,2021-06-13,INVALID_DATE,102000000,4598000,4584000,0.3,Trimestral,agencia,10, Renovada ,,
POL-002462,CLI-04149,Salud,2023-02-17,INVALID_DATE,166000000,3396000,3369000,0.8,Mensual,AGENCIA,5,Cancelada,27/11/2023,Falta de pago
POL-000475,CLI-02319,auto,2025/04/22,2026/04/22,77000000,3536000,3583000,-1.3,Anual,Corredor,10,Activa,,
POL-008102,CLI-02685,Vida,2024-11-30,2025-11-30,279000000,,710000,6.4,Trimestral,Agencia,10,Vencida,,
POL-003231,CLI-04433,Vida,2023/11/29,28/11/2024,321000000,1209000,1218000,-0.7,Semestral,agencia,0,Renovada,,
POL-003854,CLI-01290,AUTO,2025/06/28,2026/06/28,80000000,2223000,2038000,9.1,Semestral,Corredor,0,Activa,,
POL-005775,CLI-02675,Auto,2024/11/07,2025-11-07,42000000,1438000,1133000,26.9,Anual,Agencia,10,Cancelada  ,07/11/2025,Precio
POL-001850,CLI-01225,Salud  ,2023/10/06,05/10/2024,74000000,1458000,1335000,9.2,Mensual,Corredor,5,RENOVADA,,
POL-003475,CLI-02642,Salud,2023-05-30,29/05/2024,164000000,2833000,2623000,8.0,Mensual,Bancaseguros,5,Renovada,,
POL-003930,CLI-00295,Automóvil,2025-02-27,2026-02-27,68000000,2299000,2163000,6.3,Mensual,Asesor comercial,10,Activa,,
POL-000999,CLI-01124,Vida,2023-02-15,INVALID_DATE,254000000,1267000,1194000,6.1,Mensual,  Agencia,10,Renovada,,
POL-007418,CLI-00443, Hogar ,2023-06-08,2024/06/07,871000000,3563000,3423000,4.1,Trimestral,Corredor,5,Vencida,,
POL-005036,CLI-03459,SALUD,2023-01-04,2024/01/04,126000000,2364000,2098000,12.7,Anual,Agencia,0,Vencida,,
POL-001191,CLI-03439,Hogar,2023/12/09,2024/12/08,349000000,1395000,1361000,2.5,Mensual,Asesor comercial,10,Vencida,,
POL-006813,CLI-02285,Vida,25/03/2025,25/03/2026,161000000,476000,435000,9.5,Trimestral,Agencia,15,Activa,,
POL-004142,CLI-00321,Salud,2024-10-13,2025-10-13,293000000,6877000,6822000,0.8,Trimestral,Agencia,0,Renovada,,
POL-003950,CLI-00413,Hogar,05/01/2021,2022/01/05,199000000,798000,779000,2.5,Mensual,Agencia,10,Renovada,,
POL-007664,CLI-03818,Automóvil  ,2022-03-04,04/03/2023,115000000,4557000,4158000,9.6,Semestral,Bancaseguros,0,Vencida,,
POL-002816,CLI-02878,Hogar,2024-06-01,2025-06-01,892000000,3514000,3448000,1.9,Mensual,Asesor comercial,5,Renovada  ,,
POL-005811,CLI-04602,Auto,18/08/2023,2024-08-17,40000000,2058000,1973000,4.3,Mensual, Bancaseguros ,0,Renovada,,
POL-000988,CLI-02191,Vida,2024/11/25,25/11/2025,488000000,1637000,1568000,4.4,Trimestral,Asesor comercial,15,Vencida,,
POL-003793,CLI-00054,Salud,2025-05-28,2026/05/28,235000000,3960000,,6.6,Anual,corredor,0,CANCELADA,2025-08-11,Cambio de aseguradora
POL-001967,CLI-04491,Salud,2021/10/17,2022/10/17,51000000,897000,847000,5.9,Anual  ,Asesor comercial,5,Renovado,,
POL-007302,CLI-03001,Auto,07/08/2023,2024-08-06,61000000,2017000,1979000,1.9,Anual,Asesor comercial,5,Renovada,,
POL-000746,CLI-01988,Salud,19/10/2024,2025-10-19,295000000,7948000,7463000,6.5,Mensual,ASESOR COMERCIAL,10,Vencida,,
POL-000044,CLI-05196,Hogar,02/03/2024,2025-03-02,294000000,1295000,1245000,4.0,mensual,Bancaseguros,10,Cancelada,2024-09-02,Cambio de aseguradora
POL-006996,CLI-03884,Seguro de Salud,2023-04-12,2024-04-11,65000000,1165000,1150000,1.3,Mensual,Bancaseguros,0,Cancelada,10/03/2024,Cambio de aseguradora
POL-006503,CLI-01678,Auto,2023-10-17,16/10/2024,39000000,1313000,1228000,6.9,Mensual,Bancaseguros,10,Renovada,,
POL-008146,CLI-05000,SALUD,14/06/2025,2026-06-14,85000000,2153000,2130000,1.1,Anual,Bancaseguros,10,Activa,,
POL-004929,CLI-02247,Salud,17/11/2023,2024-11-16,145000000,3492000,3335000,,MENSUAL,Agencia,10,Vencida,,
POL-000879,CLI-01126,Salud,2023-08-30,2024-08-29,64000000,1506000,1405000,7.2,Trimestral,Asesor comercial,10,Renovada,,
POL-000360,CLI-02834,Hogar,2023-06-20,2024-06-19,152000000,683000,643000,6.2,Trimestral,  Corredor,5,CANCELADA,03/12/2023,Precio
POL-000226,CLI-04116,Vida,2024-01-05,04/01/2025,278000000,718000,684000,5.0,Mensual,Agencia,0,Vencida,,
POL-007032,CLI-03514,Auto,2024/08/21,2025/08/21,45000000,1770000,1650000,7.3,Trimestral,Bancaseguros,0,Renovado,,
POL-003320,CLI-02296,Hogar,14/07/2022,2023/07/14,135000000,535000,505000,6.0,Mensual,Agencia,0,Anulada,2023/07/11,Falta de pago
POL-007177,CLI-03337,vehículo,,2024-06-07,46000000,1689000,1245000,35.7,Mensual  ,Asesor comercial,10,Cancelada  ,30/03/2024,Precio
POL-007619,CLI-05126,Salud,12/12/2022,12/12/2023,63000000,1228000,1226000,0.2,  Anual,Web,5,Vencida,,
POL-000251,CLI-05028,Auto,2021-11-27,2022-11-27,71000000,2795000,2682000,4.2,Mensual,Bancaseguros,5,Renovada,,
POL-000397,CLI-02084,Auto,24/12/2021,2022-12-24,70000000,2374000,2255000,5.3,Anual,corredor,15,CANCELADA,2022-05-11,Precio
POL-005743,CLI-04169,Salud,2025-03-21,2026/03/21,149000000,3290000,2485000,32.4,Mensual,Asesor comercial,0,Cancelada,24/12/2025,Precio
POL-004144,CLI-04064,Salud,04/10/2024,2025-10-04,90000000,1709000,1587000,7.7,Semestral, Agencia ,10,Renovada,,
POL-006910,CLI-00148,Hogar,09/11/2024,2025/11/09,228000000,845000,833000,1.4,Anual,WEB,5,Cancelada,2025-01-04,FALTA DE PAGO
POL-003838,CLI-01448,Auto,2025-03-17,2026/03/17,45000000,1997000,1904000,4.9,Mensual,Bancaseguros,5,Cancelada,29/04/2025,cambio de aseguradora
POL-006452,CLI-04728,Auto,08/05/2023,2024-05-07,52000000,1783000,1797000,-0.8,Anual,Asesor comercial,5,Vencida,,
POL-001072,CLI-03723,Auto,2024/01/25,24/01/2025,62000000,2796000,2031000,37.7,Anual,Web,0,Renovado,,
POL-004111,CLI-04473,Auto,2025-04-15,2026-04-15,61000000,2575000,2604000,-1.1,trimestral,AGENCIA,0,Cancelada,2025/07/19,Otro
POL-001009,CLI-00799,Auto,2023-09-10,2024/09/09,45000000,1745000,1663000,4.9,ANUAL,Asesor  comercial,10,Renovada,,
POL-006186,CLI-04146,Automóvil,2022/09/18,2023-09-18,69000000,2059000,1884000,9.3,Anual,Corredor,15,Renovada,INVALID_DATE,
POL-006626,CLI-02245,Hogar,2022/07/04,2023-07-04,375000000,1523000,1473000,3.4,Trimestral,Asesor comercial,10,Renovada,,
POL-000442,CLI-00767,Auto,2023-03-23,,59000000,2017000,1997000,1.0,Mensual,Web,15,RENOVADA,,
POL-006380,CLI-03201,Auto,2024/10/23,23/10/2025,126000000,5852000,5693000,2.8,Semestral,Bancaseguros,0,Renovado,,
POL-000468,CLI-00440,Auto,21/05/2022,2023-05-21,63000000,2564000,2423000,5.8,Anual,Asesor comercial,15,Renovada,,
POL-000590,CLI-00295,Vida,2025-06-08,08/06/2026,349000000,1175000,1173000,,Mensual,Agencia,10,Cancelada,2025-12-18,Cambio de aseguradora
POL-004049,CLI-01849,Hogar  ,22/04/2023,2024-04-21,249000000,1085000,850000,27.6,  Mensual,Bancaseguros,15,CANCELADO,2023/12/17,Falta de pago
POL-006497,CLI-02594,Auto,2025-05-12,2026/05/12,36000000,1633000,1196000,36.5,Mensual,AGENCIA,0,Cancelada,2025-12-16,Falta de pago
POL-002772,CLI-03265,Hogar,2022-03-06,06/03/2023,316000000,1547000,1125000,37.5,Mensual,Web,0,Cancelada,2022-05-22,precio
POL-004366,CLI-04202,Auto,2021-09-05,2022/09/05,53000000,2260000,2095000,7.9,Trimestral,Asesor comercial,10,Renovada,,
POL-003627,CLI-03312,  Auto,2024/02/26,2025/02/25,54000000,1822000,1720000,5.9,Mensual,ASESOR COMERCIAL,5,Cancelada,2025/02/25,Cambio de aseguradora
POL-002976,CLI-00494,Hogar,2025-05-11,11/05/2026,360000000,1526000,1452000,5.1,Mensual,CORREDOR,0,Activa,,
POL-000933,CLI-00410,Salud,2024-06-29,2025-06-29,91000000,2522000,2441000,3.3,Mensual,Bancaseguros,10,Vencida  ,,
POL-006124,CLI-04840,Seguro de Vida,2022/11/30,2023/11/30,849000000,2626000,2494000,5.3,Mensual,Asesor comercial,10,Vencida,,
POL-003813,CLI-04332,AUTO,18/01/2023,2024-01-18,37000000,1182000,1058000,,Trimestral,Agencia,10,Renovada,,
POL-002348,CLI-03402,Salud,2022-08-08,2023-08-08,237000000,3830000,3644000,5.1,  Trimestral,Asesor comercial,10, Renovada ,,
POL-005674,CLI-02505, Auto ,2023-03-04,2024-03-03,117000000,3841000,3744000,2.6,Trimestral,Agencia,5,Cancelada,2023-09-05,Precio
POL-001269,CLI-03311,Salud,13/07/2023,12/07/2024,172000000,5433000,5214000,4.2,Anual,Agencia,0,Vencida  ,,
POL-000117,CLI-04436,Auto,2025-03-18,2026-03-18,48000000,1492000,1420000,5.1,Anual, Bancaseguros ,0,ACTIVA,,
POL-005804,CLI-00971,Vehículo  ,2024/11/12,2025/11/12,68000000,2891000,2655000,8.9,Anual,Bancaseguros,5,Renovada  ,,
POL-007617,CLI-00306,Auto,2023-11-10,2024-11-09,60000000,2664000,2643000,0.8,Semestral,Web,5,Renovada,,
POL-002411,CLI-04460,auto,2022-10-05,2023-10-05,50000000,2364000,1722000,37.3,Mensual,Corredor,5,Cancelada,31/03/2023,Precio
POL-000696,CLI-00582,Auto,2025-01-02,2026-01-02,66000000,2930000,2708000,8.2,Semestral,Asesor comercial,0,Cancelada,2025-12-14,  Cambio de aseguradora
POL-003346,CLI-01973,Salud,18/06/2024,18/06/2025,125000000,3352000,2573000,30.3, Anual ,Asesor comercial,5,Renovada,,
POL-000521,CLI-03265,Auto,2022-07-17,17/07/2023,38000000,1559000,1508000,3.4,Mensual,Agencia,0, Renovada ,,
POL-000603,CLI-01537,Salud,23/06/2022,2023-06-23,97000000,2170000,2085000,4.1,Anual  , Web ,10,Vencida,,
POL-004850,CLI-01023,Auto,2024-12-31,2025-12-31,28000000,1093000,870000,25.7,Trimestral,Agencia,5,Vencida,,
POL-008354,CLI-01367,  Hogar,2025-06-11,2026/06/11,158000000,797000,746000,6.8,Mensual,Web,15,Activa,,
POL-007894,CLI-04645,  Salud,2021/06/30,2022/06/30,95000000,1601000,1518000,5.5,Mensual,  Asesor comercial,10,Renovada,,
POL-007559,CLI-03863,Auto,2024-05-11,2025/05/11,58000000,,2931000,15.6,Anual,Asesor comercial,5,Renovada,,
POL-006408,CLI-02999,AUTO,2022-04-27,27/04/2023,35000000,1453000,1342000,8.3,Trimestral,Bancaseguros,15,Renovada,,
POL-001562,CLI-04567,Salud,2022-07-03,2023-07-03,82000000,2379000,2179000,9.2,Mensual,Bancaseguros,5,  Anulada,2022/10/17,Venta/pérdida del bien
POL-002316,CLI-00525,Vida,2024/09/08,2025-09-08,223000000,1030000,964000,6.9,Mensual,Agencia,0,Vencida,,
POL-004838,CLI-02127,Auto,2025-04-05,2026-04-05,59000000,2243000,2176000,3.1,Mensual,Agencia,15,Activa,,
POL-007534,CLI-01076,auto,13/03/2025,2026/03/13,48000000,1987000,1492000,33.2,Trimestral,  Agencia,10,Cancelada,2025-08-27,Falta de pago
POL-002892,CLI-04944,Salud,2023/12/13,2024-12-12,66000000,1242000,1139000,9.0,Mensual,Asesor comercial,15,Renovada,,
POL-004844,CLI-02471,Salud,2024-10-31,2025-10-31,77000000,1747000,1633000,7.0,Trimestral,Web,5,renovada,,
POL-006442,CLI-00157,Auto,2021/12/26,2022-12-26,38000000,1115000,1051000,6.1,Mensual,Corredor,0,Vencida,,
POL-006788,CLI-00747,Vida,06/10/2024,2025-10-06,170000000,601000,433000,38.9,Mensual,Bancaseguros,0,Renovada,,
POL-005681,CLI-01482,Auto,26/07/2024,2025-07-26,58000000,2874000,2632000,9.2,  Mensual,Bancaseguros,5,Renovado,,
POL-001564,CLI-02844,Hogar  ,2022-10-15,2023-10-15,156000000,655000,633000,3.5,Anual,Bancaseguros,10,Renovada,,
POL-004573,CLI-04964,Hogar,2022-07-28,2023-07-28,241000000,925000,872000,6.1,Mensual,Web,0,Renovada,,
POL-004315,CLI-00859,Salud,2024-06-17,17/06/2025,79000000,1653000,1642000,0.7,Trimestral,Agencia,0,Renovada,,
POL-008077,CLI-03372,vida,2023/11/15,2024-11-14,296000000,1174000,940000,24.9, Trimestral ,Corredor,0,Renovada,,
POL-006517,CLI-00421,Auto,2025-05-04,2026/05/04,83000000,3936000,3836000,2.6,Anual,Agencia,5,ACTIVA,,
POL-007965,CLI-00666,Hogar,2025-04-01,INVALID_DATE,269000000,1169000,1143000,2.3,Anual,Bancaseguros,10,Cancelada,2025/11/03,Otro
POL-004418,CLI-00334,Auto,12/01/2024,11/01/2025,87000000,3356000,3172000,5.8,Anual,Bancaseguros,10,Renovada,,
POL-001086,CLI-03152,Salud,2022-04-12,12/04/2023,109000000,1833000,1780000,3.0,Anual,Bancaseguros,5,Renovada,,
POL-008193,CLI-03467,Hogar,2024-08-07,07/08/2025,296000000,1239000,1124000,10.2,Mensual,Bancaseguros,5,Renovada,,
POL-008107,CLI-01774,AUTO,2021/03/03,2022-03-03,36000000,1128000,1065000,5.9,  Anual,Agencia,0,Renovada,,
POL-000127,CLI-01582,Vida,17/11/2021,2022-11-17,622000000,2607000,2353000,10.8,Semestral,Corredor,0,Renovada,,
POL-001499,CLI-00326,Auto,2021/09/18,INVALID_DATE,50000000,2348000,2180000,7.7,Trimestral,Asesor comercial,15,Renovada,,
POL-000423,CLI-04417,Hogar,30/07/2024,2025-07-30,473000000,1722000,1643000,4.8,Anual,Web,10,Vencida,,
POL-001476,CLI-04619,Hogar,2021-05-21,2022-05-21,423000000,2040000,1896000,7.6,Mensual,Web,0,Cancelada,2021-10-26,Venta/pérdida del bien
POL-008285,CLI-04054,Salud,2021/01/08,2022-01-08,246000000,5877000,5608000,4.8,Anual,Asesor comercial,0,Vencida,,
POL-000048,CLI-01408,Hogar,2025-01-12,12/01/2026,259000000,939000,861000,9.0,Mensual,WEB,10,Activa,,
POL-002912,CLI-04278,Auto,2021-05-19,2022-05-19,48000000,2402000,2441000,-1.6, Trimestral ,ASESOR COMERCIAL,15,Renovada,,
POL-005416,CLI-00278,AUTO,2024/01/21,20/01/2025,28000000,1024000,969000,5.7,Anual,Asesor comercial  ,10,Renovada,,
POL-003032,CLI-02323,Auto,17/07/2022,17/07/2023,41000000,2007000,1486000,35.1,Trimestral,Asesor comercial,5,Vencida,,
POL-000156,CLI-04045,Vida,2023-04-18,2024-04-17,291000000,727000,679000,7.1,Mensual,Web,0,Renovada,,
POL-000174,CLI-01463,AUTO,2022-08-05,2023-08-05,24000000,907000,781000,16.2,  Anual, Web ,10,Renovada,,
POL-005068,CLI-04922,Auto,2024-09-22,2025/09/22,67000000,2542000,2360000,7.7,mensual,Web,10,Renovada,,
POL-007912,CLI-02360,Hogar,04/05/2022,04/05/2023,155000000,640000,615000,4.1,Mensual, Agencia ,0,Renovada,,
POL-006801,CLI-00738,Salud,22/04/2022,2023-04-22,90000000,1940000,1873000,3.6,Mensual,Web,0,RENOVADA,,
POL-001861,CLI-01880,Vida  ,2021/09/22,2022-09-22,151000000,-497000,469000,6.0,Trimestral,Agencia,0,Renovada,,
POL-004595,CLI-02980,Auto,2023/11/04,03/11/2024,143000000,6803000,6287000,8.2,Anual,CORREDOR,10,Vencida,,
POL-002653,CLI-00372,Vida,2021-09-14,14/09/2022,438000000,2228000,1977000,12.7,Mensual,Corredor,10,Renovada,,
POL-001713,CLI-00693, Vida ,2021-09-19,19/09/2022,411000000,1567000,1419000,10.4,Anual,ASESOR COMERCIAL,0,Renovada,,
POL-002506,CLI-01486,Auto,2022-10-31,2023/10/31,62000000,2143000,1988000,7.8,Mensual,Bancaseguros,15,Renovada,,
POL-007253,CLI-00412,Auto,15/12/2023,2024/12/14,30000000,1548000,1448000,6.9,Anual,Web,5,Renovada,,
POL-004432,CLI-02075,Hogar,2025/05/15,2026-05-15,382000000,1558000,1447000,7.7,Semestral,Agencia,5,Activa,,
POL-001951,CLI-04844,Auto,2021-07-25,25/07/2022,128000000,3947000,3836000,2.9,MENSUAL,Asesor comercial  ,5,Cancelada,15/07/2022,Cambio de aseguradora
POL-006356,CLI-00859,Salud,10/06/2023,2024-06-09,111000000,2164000,2004000,8.0,Anual,Bancaseguros,0,Vencida,,
POL-003499,CLI-02074,Vida,2023-04-08,07/04/2024,669000000,2028000,1996000,1.6,Anual,Agencia,10,Renovada,,
POL-007257,CLI-02630, Salud ,2023/12/01,2024-11-30,56000000,1449000,1418000,2.2,Mensual,Agencia,0,Renovada,,
POL-006281,CLI-01116,AUTO,2025/01/11,2026-01-11,46000000,2613000,2491000,4.9,Anual,Web,5,activa,,
POL-003931,CLI-00185,Auto,2025-01-11,11/01/2026,76000000,2774000,2622000,5.8,Mensual,asesor comercial,0,Activa,,
POL-004024,CLI-03490,Auto,2023-03-10,09/03/2024,49000000,1824000,1792000,1.8,  Mensual,Corredor,15,Vencida  ,,
POL-003684,CLI-03158,Auto,2022-06-21,2023-06-21,46000000,1742000,1680000,3.7,  Mensual,Web,10,vencida,,
POL-005043,CLI-04602,Hogar,07/07/2023,2024-07-06,289000000,1052000,985000,6.8,semestral,Bancaseguros,5,Renovada,,
POL-008162,CLI-04937,Hogar  ,2022-08-22,2023-08-22,315000000,1003000,971000,3.3, Anual , Web ,10,  Renovada,,
POL-005062,CLI-01648,Hogar,2025-05-23,2026/05/23,127000000,471000,433000,,  Anual,BANCASEGUROS,10,Activa,,
POL-008395,CLI-03385,Vida,,2025-05-21,292000000,1177000,1073000,9.7, Anual ,Asesor comercial,15,Vencida,,
POL-008116,CLI-00808,Seguro de Salud,2021-09-17,2022-09-17,76000000,1970000,1911000,3.1,Mensual,Agencia,5,Expirada,,
POL-006344,CLI-04259,Auto,21/06/2021,2022-06-21,29000000,1199000,1186000,1.1,Mensual,Bancaseguros,0,Renovada,,
POL-007522,CLI-04528,SALUD,28/05/2023,2024/05/27,192000000,4918000,4738000,3.8,Trimestral,Corredor  ,5,renovada,,
POL-003217,CLI-00353,Auto,2025-01-31,2026/01/31,53000000,1666000,1707000,-2.4,Semestral,corredor,0,Activa,,
POL-002438,CLI-01688,Hogar,2025-04-12,12/04/2026,247000000,985000,946000,4.1,Anual,Web,0,Activa  ,,
POL-000209,CLI-04444,Salud,2022-01-09,2023/01/09,327000000,7433000,7359000,1.0,Mensual,Agencia,0,Renovada,,
POL-004200,CLI-01317,Auto,2023-09-14,2024-09-13,98000000,3919000,3047000,28.6,Mensual,Corredor,10,Cancelada,2024-07-09,Precio
POL-000792,CLI-04058,salud,2024-10-02,02/10/2025,73000000,1377000,1305000,5.5,Semestral,Asesor comercial,10,Renovada,,
POL-003128,CLI-04806,salud,2021-03-20,2022-03-20,82000000,1571000,1275000,23.2,Mensual,ASESOR COMERCIAL,5,Vencida,,
POL-007477,CLI-02342,Auto,04/01/2025,2026/01/04,56000000,2165000,2037000,6.3,  Mensual,Bancaseguros,5,Activa,,
POL-000962,CLI-03562,Auto,19/06/2023,2024-06-18,96000000,3720000,3509000,6.0,Mensual  ,Bancaseguros,10,Renovada,,
POL-000096,CLI-00773,Vida,2025/03/09,09/03/2026,185000000,756000,680000,11.1,Mensual,Asesor comercial,5,Activa,,
POL-000883,CLI-01358,Hogar,2024-05-04,2025/05/04,117000000,472000,456000,3.4,  Anual,Corredor,15,Renovada,,
POL-005406,CLI-04231,Hogar,21/02/2025,2026-02-21,173000000,664000,647000,2.6,Mensual, Asesor comercial ,0,Activa,,
POL-007968,CLI-00972,Auto,2024-06-01,2025-06-01,31000000,1010000,960000,5.2,  Anual,Web,10,Cancelada,2025-03-12,Cambio de aseguradora
POL-000965,CLI-01144,Hogar  ,23/04/2025,2026/04/23,102000000,414000,346000,19.8,  Trimestral,Agencia,5,Activa  ,,
POL-000638,CLI-03786,Salud,2024/02/09,2025-02-08,135000000,2414000,2241000,7.7,Mensual,Asesor comercial,10,Renovada,,
POL-006050,CLI-00325,Hogar,2022/01/29,29/01/2023,126000000,469000,440000,6.5,TRIMESTRAL,Asesor comercial,0,Renovada,,
POL-004034,CLI-00547,Salud,2023/09/27,2024/09/26,96000000,1833000,1394000,31.5,Semestral,Bancaseguros,10,Renovada,,
POL-005365,CLI-03772,Hogar,2023-09-16,15/09/2024,84000000,336000,250000,34.5,Mensual,Web  ,5,Cancelada,2024-08-18,Cambio de aseguradora
POL-005399,CLI-03198,Hogar,2024/01/08,2025-01-07,344000000,1154000,1107000,4.2,Anual,Agencia  ,5,Vencida,,
POL-004899,CLI-00923,SALUD,17/11/2024,17/11/2025,97000000,2138000,2013000,6.2,Mensual,Web  ,5,Renovada,,
POL-003651,CLI-02393,Salud,2024/12/05,2025/12/05,113000000,2219000,2060000,7.7,Trimestral,Corredor,0,Renovada  ,,
POL-005631,CLI-01976,VIDA,15/09/2023,2024-09-14,99000000,424000,393000,8.0,Mensual,Corredor,10,Renovada,,
POL-005611,CLI-01956,Auto,2023-07-13,12/07/2024,48000000,1505000,1451000,3.7,Mensual,Corredor,5,Renovado,,
POL-002187,CLI-02968,Seguro de Salud,2024/05/06,06/05/2025,122000000,2257000,2221000,,Mensual,Web,10,Vencida,,
POL-002081,CLI-03387,Salud,2023-07-20,2024-07-19,168000000,3528000,3419000,3.2,Anual,Asesor comercial,10, Vencida ,,
POL-003319,CLI-00387,Hogar,2024-07-14,2025-07-14,139000000,512000,510000,0.3,Semestral,Agencia,10,Vencida,,
POL-005505,CLI-04525,Auto,2023-08-15,2024/08/14,52000000,2223000,2165000,2.7,Trimestral,Asesor comercial,10,Renovada,,
POL-005277,CLI-04667,Auto,2025-06-14,14/06/2026,49000000,1779000,1667000,6.7,Semestral, Asesor comercial ,0,Activa,,
POL-007795,CLI-03207,Hogar,2022-06-19,19/06/2023,173000000,72100000,520000,38.6,Semestral,  Web,5, Vencida ,,
POL-002214,CLI-02865,Vida,18/04/2023,2024-04-17,1554000000,6541000,6182000,5.8,Trimestral  ,Agencia,15,Renovada  ,,
POL-007380,CLI-03077,Auto,2024-09-20,20/09/2025,64000000,1853000,1692000,9.5,Anual,Bancaseguros,5,Renovada,,
POL-005483,CLI-00116,HOGAR,08/12/2023,2024-12-07,192000000,744000,,3.8,Trimestral,Web,5,Vencida  ,,
POL-007341,CLI-03234,Salud,08/11/2024,2025-11-08,48000000,765000,707000,8.2,Semestral,Asesor comercial,15,Renovada,,
POL-007696,CLI-02015,Hogar,2025-05-20,2026-05-20,213000000,732000,675000,8.5,Mensual,Corredor,15, Activa ,,
POL-003818,CLI-00758,Auto,2025-01-11,11/01/2026,146000000,6325000,5862000,7.9,Mensual,Corredor,10,Activa,,
POL-000157,CLI-00593,Salud,2024-09-26,26/09/2025,388000000,7648000,7686000,-0.5,MENSUAL,Agencia,0,Vencida,,
POL-006718,CLI-01273,Auto  ,2023-08-18,17/08/2024,85000000,3419000,2722000,25.6,Mensual,Bancaseguros  ,10,Cancelada,2024-01-09,Precio
POL-000359,CLI-01973,Salud,2021-12-22,2022-12-22,106000000,2921000,2881000,1.4,Trimestral,Web,15,VENCIDA,,
POL-005230,CLI-02920,Salud,2022-01-08,2023-01-08,117000000,3057000,2567000,19.1,Mensual,Asesor comercial,0,Vencida,,
POL-002698,CLI-05042,Salud,2025-02-26,2026-02-26,135000000,4231000,4080000,3.7,Anual,Asesor comercial,0,Suspendida,,
POL-001956,CLI-03013,Auto,2024-09-14,2025-09-14,75000000,3162000,3103000,1.9,MENSUAL,Web,5,Renovada,,
POL-005319,cli-00708,Hogar,2024-03-13,2025/03/13,375000000,1424000,1336000,6.6,Mensual,Corredor,5,Cancelada,11/11/2024,Venta/pérdida del bien
POL-006157,CLI-03817, Auto ,,2025-09-22,52000000,2164000,1832000,18.1,Trimestral,Agencia,0,Anulada,09/09/2025,Precio
POL-005298,CLI-00122,Hogar,2021-04-11,2022/04/11,250000000,865000,821000,5.3,Semestral,Asesor comercial,0,Vencida,,
POL-007952,CLI-00260,Hogar,2022-12-23,2023-12-23,106000000,595000,600000,-0.9,TRIMESTRAL,asesor comercial,10,Renovada,,
POL-005938,CLI-04182,Vida,03/03/2025,2026-03-03,215000000,641000,502000,27.7,Mensual,Agencia,10,Cancelada,15/10/2025,Precio
POL-004865,CLI-01808,Auto,2024-03-12,2025-03-12,79000000,3225000,3206000,0.6,Semestral,Bancaseguros,5,Renovada,,
POL-002725,CLI-05097,Vivienda,25/05/2024,2025-05-25,161000000,654000,653000,0.1,Mensual,Agencia,0,Renovada,,
POL-008376,CLI-01671,Hogar,2025-05-20,2026/05/20,175000000,782000,763000,2.5,Trimestral,Web,0,Activa,,
POL-004950,CLI-03143,Auto,14/04/2022,14/04/2023,136000000,4797000,4543000,5.6,Anual  ,Bancaseguros,5,Cancelada,,Precio
POL-003027,CLI-00050,Hogar,09/06/2023,2024/06/08,110000000,314000,286000,9.6,Anual,Asesor comercial,0,RENOVADA,,
POL-000649,CLI-02494,Hogar,2024-04-17,2025/04/17,147000000,638000,641000,-0.4,Semestral,Agencia,5,Vencida,,
POL-008365,CLI-03378,Salud,2021-12-31,2022-12-31,58000000,1162000,931000,24.8, Anual ,  Agencia,10,Renovada,,
POL-006912,CLI-02935,Salud,,2025-03-24,238000000,3685000,3500000,5.3,Trimestral,Web,0,Renovada,,
POL-005990,CLI-05101,Auto,2024-09-13,2025/09/13,44000000,1875000,1694000,10.7,Anual,Asesor comercial,15,Renovada,,
POL-007879,CLI-01854,Vida,2024/08/21,21/08/2025,120000000,320000,299000,6.9,Anual,Web,0,Vencida,,
POL-004716,CLI-04236,Hogar,13/03/2024,13/03/2025,186000000,899000,806000,11.6,Semestral  ,Agencia,0,RENOVADO,,
POL-008370,CLI-03885,Salud,27/12/2023,2024-12-26,59000000,1136000,1083000,4.9,ANUAL,Bancaseguros,5,Renovada,,
POL-001800,CLI-00834,Vehículo,06/11/2024,2025/11/06,35000000,1179000,1081000,9.1,Mensual,Bancaseguros,10,Renovada,,
POL-007081,CLI-00865,Vida,2023-01-04,2024/01/04,278000000,656000,651000,0.8,Trimestral,Bancaseguros,5, Renovada ,,
POL-002416,CLI-05084,Auto,2023-10-18,INVALID_DATE,21000000,,960000,3.9,Mensual,Asesor comercial,15,  Renovada,,
POL-005968,CLI-01780,Salud,26/02/2022,2023/02/26,193000000,3495000,3377000,3.5,Mensual,Asesor comercial,5,cancelada,2022-05-03,Precio
POL-008025,CLI-05154,Hogar,2024/03/29,2023-05-04,499000000,2300000,2237000,2.8,Mensual,Bancaseguros,5,Renovada,,
POL-004196,CLI-03274,Auto  ,2021-05-13,2022-05-13,115000000,,3952000,1.2,Anual,Corredor,5,Vencida,,
POL-000173,CLI-99468,Hogar,2024-12-06,2025/12/06,347000000,1470000,1531000,-4.0,Semestral,Asesor comercial,5,Renovada,,
POL-008182,cli-04189,Auto,02/06/2025,02/06/2026,36000000,1660000,1557000,6.6,Trimestral,Asesor  comercial,5,Activa  ,,
POL-002069,CLI-01274,Salud,02/03/2025,02/03/2026,263000000,0,5855000,5.8,Mensual,Agencia,5,Activa,,
POL-004114,CLI-04291,Hogar,2022-01-11,2023-01-11,210000000,825000,838000,-1.5,ANUAL,  Web,10,Renovado,,
POL-003347,CLI-00967,Hogar,2024-05-25,2025-05-25,237000000,1230000,1194000,3.0,Mensual,BANCASEGUROS,5,VENCIDA,,
POL-004852,CLI-01161,auto,2025-04-09,2026/04/09,56000000,2656000,2534000,4.8,Trimestral,corredor,5,Activa,,
POL-007941,CLI-02373,  Auto,2022-09-18,2023-09-18,63000000,2431000,2224000,9.3,Anual,Asesor comercial,10,Vencida,,
POL-006308,CLI-04804,Auto,2023-09-01,31/08/2024,61000000,2073000,1622000,27.8,Mensual,  Agencia,10,Renovada,,
POL-004304,CLI-00896,Auto,2024-08-09,2025-08-09,65000000,2758000,2786000,-1.0,Trimestral,CORREDOR,10, Renovada ,,
POL-007701,CLI-00792,Hogar,2025/03/21,2026-03-21,258000000,882000,818000,7.8,Anual,Web,5,Activa,,
POL-007763,CLI-03888,Salud,05/02/2024,04/02/2025,204000000,5545000,5368000,3.3,Anual,Bancaseguros,5,Renovada,,
POL-001483,CLI-04403,Salud,2023/07/22,2024/07/21,248000000,5954000,5601000,6.3,MENSUAL,Bancaseguros,15,Renovada  ,,
POL-007260,CLI-00942,Auto,2025-03-30,30/03/2026,63000000,2251000,2285000,-1.5,Trimestral,AGENCIA,10,Activa,,
POL-007321,CLI-04703,VEHICULO,2024-07-06,2025-07-06,75000000,2980000,2871000,3.8,Mensual,Asesor comercial,15,Vencida,,
POL-001983,CLI-05139,Auto,2025-06-01,01/06/2026,49000000,2181000,1990000,9.6,Mensual,Agencia,10,Activa,,
POL-003609,CLI-02279,Auto,2023/09/03,02/09/2024,34000000,1959000,1791000,9.4,Mensual,Agencia,10,Renovada,,
POL-003167,CLI-04250,Vivienda,22/04/2023,2024-04-21,183000000,708000,712000,-0.5,Semestral,Bancaseguros,10,Renovada,,
POL-006669,CLI-00500,Auto,,15/09/2022,57000000,,1529000,34.8,Anual,Asesor comercial,15,Renovada,,
POL-004542,CLI-93415,Auto,10/08/2021,10/08/2022,43000000,1665000,1581000,5.3,Anual,Bancaseguros,15,Cancelada,2022-06-26,Falta de pago
POL-006480,CLI-01557,Auto,05/06/2025,05/06/2026,38000000,1704000,1588000,7.3,Anual,Asesor  comercial,10,Activa,,
POL-004141,CLI-01429,Salud,24/05/2022,2023-05-24,293000000,8859000,8264000,7.2,Semestral,ASESOR COMERCIAL,10,Vencida,,
POL-007675,CLI-03623,Hogar,2023/03/31,2024-03-30,206000000,844000,823000,2.6,Mensual,Corredor,10,RENOVADO,,
POL-000389,CLI-03826,Auto,2024/03/12,12/03/2025,62000000,3065000,2830000,8.3,Anual,Asesor comercial,0,Renovada,,
POL-002466,CLI-01590,Auto,15/03/2024,15/03/2025,22000000,1061000,1045000,1.5,Anual,Agencia,10,Renovada,,
POL-005929,CLI-03522,Salud,2022-09-04,04/09/2023,268000000,4956000,3718000,33.3,Mensual  ,Web,5,Cancelada,25/05/2023,Precio
POL-003416,CLI-05066,Vida,2025-03-29,2026-03-29,158000000,664000,616000,7.8,Anual,Web,10,Activa,,
POL-005246,CLI-02443,Salud,04/05/2022,2023/05/04,152000000,2671000,2591000,3.1,Anual,Bancaseguros,10,Renovada,,
POL-007644,CLI-00728,Auto,2021-04-04,2022-04-04,32000000,1262000,1065000,18.5,Semestral,Web,10,Cancelada,04/04/2022,Precio
POL-002878,CLI-02874,Salud,19/11/2022,2023-11-19,78000000,1194000,1091000,9.4,Mensual,Corredor,0,Renovado,,
POL-006400,CLI-00834,Salud,27/01/2025,27/01/2026,107000000,2971000,2854000,4.1,Mensual,Asesor comercial,5,Activa,,
POL-006923,CLI-04607,Hogar,03/03/2023,02/03/2024,517000000,2213000,1688000,31.1,  Mensual,Bancaseguros,5,Cancelada,30/07/2023,Cambio de aseguradora
POL-005992,CLI-04794,Auto,2023-07-20,19/07/2024,43000000,1957000,1875000,4.4,Anual,Web,10,Vencida,,
POL-000026,CLI-04836,Salud,2024-01-15,2025-01-14,245000000,5650000,5417000,,Mensual,Asesor comercial,15,RENOVADA,,
POL-002553,CLI-00876,Hogar,2023-05-16,2024/05/15,345000000,1615000,1682000,-4.0,Semestral,Agencia,10,Renovada,,
POL-001964,CLI-05081,Auto,2024-11-15,15/11/2025,28000000,924000,,4.1,Mensual,Corredor,0, Renovada ,,
POL-002639,CLI-01352,VIDA,2025-04-10,10/04/2026,156000000,615000,565000,8.9,Trimestral,Web,10,Activa,,
POL-004777,CLI-03496,Vida  ,2025-05-02,2026-05-02,207000000,484000,455000,6.3,Semestral,Asesor comercial,15,Activa,,
POL-002997,CLI-05123,AUTO,2022-11-28,2023-11-28,65000000,2462000,2365000,4.1,Anual,Agencia,10,Expirada,,
POL-003288,CLI-01458,Vida,27/12/2024,27/12/2025,472000000,1105000,1049000,5.3,Anual,asesor comercial,5,Renovada,,
POL-006552,CLI-00086,Vida,2023-12-19,2024/12/18,175000000,644000,599000,7.5,Mensual,Bancaseguros,5,Renovada,,
POL-005074,CLI-00163,Salud,2023-01-16,16/01/2024,110000000,3347000,3228000,3.7,Trimestral,Asesor comercial,5,Renovada,,
POL-002942,CLI-01152,Auto,2022/09/29,2023-09-29,43000000,1708000,1653000,3.3,Mensual,Bancaseguros,15,Vencida,,
POL-003551,CLI-00059, Auto ,2022-11-17,2023-11-17,41000000,1844000,1514000,21.8,  Mensual,Agencia  ,0,Cancelada  ,06/11/2023,Cambio de aseguradora
POL-000891,CLI-03613,Salud,17/05/2023,2024/05/16,123000000,3327000,2979000,11.7,Mensual,Agencia,0,Cancelada,2024-01-03,Otro
POL-003898,CLI-02822,Salud,2024/10/07,2025-10-07,128000000,2680000,,,Mensual,Bancaseguros,0,Renovada,,
POL-001742,CLI-02915,Auto,2024-11-06,2025-11-06,46000000,1774000,1838000,-3.5,ANUAL,Agencia,5,Vencida,,
POL-000283,CLI-03405, Auto ,25/08/2024,2025-08-25,69000000,2972000,2785000,6.7,Trimestral,Asesor comercial  ,10,Vencida,,
POL-003371,CLI-01483,Hogar,2025/03/06,2026-03-06,288000000,1069000,1005000,6.4,Mensual,Asesor comercial,5,CANCELADA,2025-08-12,Cambio de aseguradora
POL-003639,CLI-04023,Hogar,18/06/2023,17/06/2024,346000000,1217000,1144000,6.4,Anual,Web,0,Cancelada,2024/05/11,Falta de pago
POL-006562,CLI-03993,AUTO,2023-03-06,05/03/2024,59000000,3043000,2411000,26.2,Mensual,Asesor comercial,5,Renovada,,
POL-003524,CLI-01635,Auto,2021-01-09,2022-01-09,62000000,2922000,2698000,8.3,Anual,Asesor comercial,0, Cancelada ,2021-08-05,Falta de pago
POL-002531,CLI-04237,  Auto,2022-05-20,2023-05-20,43000000,1512000,1443000,4.8,Anual,Bancaseguros,10,Renovado,,
POL-005038,CLI-03509,HOGAR,2024-07-10,2025/07/10,378000000,1495000,1443000,3.6,Semestral,Agencia,0,Cancelada,2025-07-09,Falta de pago
POL-001166,CLI-00389,AUTO,2023-01-23,2024/01/23,36000000,,1131000,3.4,Mensual,Asesor comercial,5,Renovada,,
POL-001415,CLI-02798,Auto,2024-03-25,2025-03-25,47000000,1815000,1711000,6.1,Mensual,Asesor comercial,5,RENOVADA,,
POL-003753,CLI-02320,Hogar,2023-04-08,2024-04-07,492000000,2031000,1934000,5.0,Mensual,Asesor comercial,10,Renovada,,
POL-001061,CLI-01423,Salud,2024/12/26,26/12/2025,64000000,2071000,1937000,6.9,Mensual,Asesor comercial,10,Vencida,,
POL-000739,CLI-04014, Vida ,11/03/2022,11/03/2023,381000000,1003000,1007000,-0.4,Anual,Web,0,Renovada,,
POL-007134,CLI-01053,Vida,13/09/2022,13/09/2023,307000000,1176000,1166000,0.9,Anual,Asesor comercial,0,CANCELADA,2023-04-09,Cambio de aseguradora
POL-004628,CLI-03178,Vida,2023-11-09,2024-11-08,186000000,706000,569000,24.0,Mensual,Web,0,Renovada,,
POL-003915,CLI-02985,Vida,14/03/2022,2023-03-14,287000000,806000,795000,1.4,Mensual,Web,0,Renovada,,
POL-001279,CLI-04572,Auto,29/04/2024,2025-04-29,53000000,2718000,2579000,5.4,Trimestral,Agencia,0,Renovada,,
POL-006693,CLI-03480,Vida,11/08/2022,2023/08/11,257000000,930000,906000,2.7,Mensual,Bancaseguros,5,Vencida,,
POL-004241,CLI-04536,AUTO,2022-10-15,2023-10-15,16000000,638000,639000,-0.2,Trimestral,Asesor comercial,5,Vencida,,
POL-002638,CLI-03161,salud,2023/01/03,2024-01-03,146000000,3231000,3095000,4.4,Mensual,Corredor,15,Vencida,,
POL-001214,CLI-01973,  Auto,2023-08-18,17/08/2024,51000000,1392000,1384000,0.6,Mensual,Agencia,15,Renovada,,
POL-007037,CLI-04281,auto,18/02/2021,18/02/2022,68000000,3065000,2794000,9.7,Mensual, Agencia ,5,Renovada,,
POL-003994,CLI-00183,Auto,2025-04-12,2026-04-12,27000000,906000,817000,10.9,Trimestral,Agencia,0,Activa,,
POL-007670,CLI-04887,Salud,2024-06-27,27/06/2025,296000000,8873000,8269000,7.3,Trimestral,Web,10,Cancelada,2025-04-29,Precio
POL-005317,CLI-02829,AUTO,2024-04-18,2025-04-18,103000000,3372000,3148000,,Mensual,Web,5,Renovada,,
POL-007381,CLI-01339,Hogar,2024-06-18,2025/06/18,152000000,771000,734000,5.1,Mensual,Asesor comercial,10,Renovada,,
POL-007337,CLI-03693,Vida,10/08/2024,2025-08-10,139000000,499000,485000,2.8,Trimestral,Web,5,Vencida,,
POL-008072,CLI-00202,Auto,2025-03-06,2026-03-06,54000000,2132000,2056000,3.7,Anual,Bancaseguros,5,Activa,,
POL-004790,CLI-03025,Auto,2024-05-01,2025-05-01,151000000,8148000,7572000,7.6,Mensual,web,5,Renovada,,
POL-000427,CLI-04628,Vida,2023-05-17,2024-05-16,177000000,705000,697000,1.1,Mensual,Asesor comercial,10,Vencida,,
POL-002347,CLI-00707,  Auto,2023-10-29,INVALID_DATE,129000000,4945000,4719000,4.8,Semestral, Bancaseguros ,5,Cancelada,2024/08/04,Cambio de aseguradora
POL-003334,CLI-02620,Auto,2021-04-15,2022/04/15,37000000,1563000,1347000,16.0,Mensual,Bancaseguros,0, Renovada ,,
POL-005873,CLI-02352,Salud,2021-06-13,2022-06-13,202000000,3795000,3642000,4.2,Mensual,Corredor,5,Anulada,2022/01/05,  Precio
POL-006311,CLI-04524,AUTO,,14/10/2023,59000000,3097000,3069000,0.9,Mensual,Agencia,10,Vencida,,
POL-008113,CLI-03493,Vida,2024-06-04,04/06/2025,267000000,796000,618000,28.7,Mensual,Asesor comercial,10,Vencida,,
POL-008180,CLI-05079,Hogar,2025-06-12,2026-06-12,139000000,601000,491000,22.3,Mensual,Asesor comercial,5,Activa,,
POL-004445,CLI-01566,Hogar,07/10/2023,2024-10-06,263000000,1255000,1001000,25.4,Anual,Agencia,10,Cancelada,24/06/2024,Precio
POL-002525,CLI-03609,Vida,2021-06-11,2022-06-11,260000000,992000,936000,6.0,Anual,Web,5,Renovada,,
POL-003801,CLI-01897,SALUD,2024-11-27,2025-11-27,120000000,2621000,2565000,2.2,Anual, Corredor ,0,Vencida,,
POL-002099,CLI-05029, Auto ,2024-04-18,18/04/2025,53000000,2840000,2135000,33.0,Mensual,Web,0,Cancelada,2024-06-09,Precio
POL-005420,CLI-03902,Auto,25/06/2025,2026-06-25,113000000,5578000,5374000,3.8,Anual,Web,5,activa,,
POL-000131,CLI-04785,AUTO,2023-08-26,25/08/2024,57000000,2828000,2134000,,Anual,Asesor comercial,5,Vencida,,
POL-002469,CLI-02690, Salud ,2023-08-01,2024/07/31,115000000,2488000,2434000,2.2,  Trimestral,Web,0,Renovada,,
POL-004881,CLI-01212,Auto,2025-01-28,28/01/2026,32000000,1215000,1176000,3.3,Anual,Agencia,15,activa,,
POL-001031,CLI-04468,AUTO,2021-10-06,06/10/2022,78000000,3074000,2873000,7.0,MENSUAL,Agencia,0,Renovada,,
POL-002626,CLI-01399,Auto,2024-07-26,2025/07/26,45000000,2215000,2153000,2.9,Mensual,Agencia,0,Renovada,,
POL-006212,CLI-02558,Salud,2024/08/16,2025-08-16,69000000,1556000,1518000,2.5,Mensual,Asesor comercial,15,Renovada,,
POL-005263,CLI-01649,Hogar,2022-08-25,25/08/2023,357000000,1440000,1379000,4.4,Trimestral,Bancaseguros,5,Vencida,,
POL-004730,CLI-01048,hogar,2025-06-05,05/06/2026,74000000,339000,302000,12.1,Anual,Asesor comercial,15,  Activa,,
POL-008373,CLI-00740,Salud,10/06/2023,09/06/2024,139000000,3364000,3241000,3.8,Mensual,Bancaseguros,10, Renovada ,,
POL-007746,CLI-02098,SALUD,12/03/2022,12/03/2023,75000000,1892000,1824000,3.7,Anual,Asesor comercial,0,Vencida,,
POL-007964,CLI-03505,auto,2025-03-04,2026-03-04,62000000,2459000,2266000,8.5,Mensual,Agencia,0,Suspendida,,
POL-003490,CLI-00069,Salud,2021/12/25,25/12/2022,167000000,3568000,3200000,11.5,SEMESTRAL,Agencia,10,Renovada,,
POL-008048,CLI-01142,HOGAR,10/02/2022,10/02/2023,226000000,895000,897000,-0.2,Mensual,Corredor,5,Renovada,,
POL-004539,CLI-03488,Hogar,INVALID_DATE,04/07/2024,104000000,344000,323000,6.6,anual,Asesor comercial,10,Renovada,,
POL-001314,CLI-01160,vida,2024-11-01,01/11/2025,240000000,777000,731000,6.3,Mensual,Asesor comercial,10,Renovada,,
POL-005191,CLI-00736,Hogar,2022-06-02,2023-06-02,297000000,1164000,1178000,-1.2,Semestral,Asesor comercial,5,  Renovada,,
POL-006023,CLI-01160,Vida,2025/02/24,24/02/2026,451000000,1580000,1360000,16.2,Mensual,Web,5,Activa,,
POL-004955,CLI-03534,Salud,2022/05/16,16/05/2023,158000000,,5701000,6.0,Mensual,Asesor comercial,5,VENCIDA,,
POL-001882,CLI-03696,Hogar,2024/04/02,2025-04-02,240000000,1110000,1121000,-1.0,Trimestral,Web,5,VENCIDA,,
POL-002028,CLI-04242,AUTO,08/04/2024,08/04/2025,28000000,1198000,1193000,0.4,Mensual,Web,15,Vencida,,
POL-003198,CLI-00254,Auto,08/02/2021,08/02/2022,38000000,1771000,1625000,9.0,Mensual,WEB,5,Vencida  ,,
POL-003795,CLI-03351,Salud,2024-05-22,2025-05-22,184000000,5190000,4129000,25.7,Anual,Asesor comercial  ,0,Vencida,,
POL-002059,CLI-02933,Auto,2024-02-29,2025-02-28,56000000,2219000,2089000,6.2,Anual,Bancaseguros,0,Renovada  ,,
POL-006140,CLI-03514,auto,13/12/2023,12/12/2024,87000000,4050000,3857000,5.0,Mensual,Bancaseguros,5,Vencida,,
POL-007391,CLI-00589,Auto,2021-10-23,2022-10-23,70000000,2971000,2419000,22.8,Mensual  ,Asesor comercial,15,Cancelada,23/07/2022,Precio
POL-004548,CLI-02265,Vida,31/12/2022,31/12/2023,462000000,1861000,1798000,3.5,mensual,Agencia,5,Vencida,,
POL-003446,CLI-01489,SALUD,2025-06-18,2026-06-18,174000000,4262000,3618000,17.8,Mensual,Agencia,15,Activa,,
POL-008099,CLI-04190,Salud,2025-01-31,2026-01-31,120000000,2173000,2095000,3.7,Mensual,Bancaseguros,10,Activa,,
POL-001298,CLI-01731,SALUD,2024/05/17,2025/05/17,97000000,1803000,1771000,1.8,Trimestral,Bancaseguros,5,Vencida,,
POL-006128,CLI-00320, Salud ,23/07/2023,22/07/2024,217000000,4504000,4373000,3.0,Anual,Asesor comercial,5,Vencida,,
POL-001695,CLI-03369,Auto,22/01/2025,2026-01-22,81000000,3321000,2751000,20.7,Mensual,Asesor  comercial,5,Activa,,
POL-001389,CLI-00504,Salud,2025-01-03,2026-01-03,86000000,2361000,2299000,2.7,Anual,Corredor,10,Activa,,
POL-003177,CLI-00179,Hogar,2024-07-01,2025/07/01,146000000,562000,408000,37.9,Mensual,Corredor,0,Vencida,,
POL-001944,CLI-03524,Hogar,09/01/2025,2026-01-09,96000000,336000,323000,3.9,Mensual,asesor comercial,5,Cancelada,2025/05/21,Venta/pérdida del bien
POL-002574,CLI-02748,salud,2024-10-29,29/10/2025,109000000,1777000,1644000,8.1,Trimestral,Agencia,10,Cancelada,2025-09-18,Venta/pérdida del bien
POL-006791,CLI-01162,Hogar,2024/12/10,2025-12-10,300000000,1280000,964000,32.8, Anual ,Agencia,5, Cancelada ,25/06/2025,Precio
POL-001267,CLI-04189,Auto,2024-12-04,04/12/2025,23000000,1084000,1010000,7.3, Anual ,Agencia,5,Renovada,,
POL-007108,CLI-02092,Vida,2022-05-21,21/05/2023,115000000,279000,244000,14.4,Mensual,Bancaseguros,5,Renovada,,
POL-005942,CLI-02242,Salud,14/06/2025,14/06/2026,120000000,1891000,1865000,1.4,Mensual,Asesor comercial,5,Activa,,
POL-002386,CLI-02490,Vida,2022-05-21,2023-05-21,337000000,951000,707000,34.5,Mensual,Bancaseguros,15,Cancelada,2022/12/31,Precio
POL-007501,CLI-02785,Seguro de Vida,25/04/2023,2024-04-24,395000000,1353000,1017000,33.1,Trimestral,Bancaseguros,0,Renovada,,
POL-000001,CLI-02734,Hogar,2022/08/03,2023-08-03,266000000,1079000,1030000,4.8,  Trimestral,AGENCIA,10,Cancelada,2023/01/25,Cambio de aseguradora
POL-001073,CLI-02441,Hogar,08/05/2025,2026-05-08,215000000,,835000,7.9,anual,Agencia,10,Activa,,
POL-002155,CLI-00080,Hogar,29/08/2023,28/08/2024,352000000,1343000,1265000,6.2,Mensual,Agencia,10,Renovada,,
POL-002297,CLI-02225,Salud,2025/04/03,2026-04-03,165000000,2904000,2779000,4.5,Anual, Corredor ,0,Activa,,
POL-004389,CLI-00018,HOGAR,2024-06-04,2025-06-04,352000000,1480000,1310000,13.0,Anual,Web,0,Renovada,,
POL-007059,CLI-02552,Salud,21/01/2024,2025-01-20,186000000,4669000,4319000,8.1,MENSUAL,Agencia,5,Renovado,,
POL-004312,CLI-00122,HOGAR,2021/01/22,2022-01-22,207000000,1100000,1039000,5.9,Anual,Agencia,0,Renovada,,
POL-003054,CLI-05036,Auto,2024-02-01,2025-01-31,57000000,2520000,2409000,4.6,Mensual,Corredor,5,Renovada,,
POL-001903, CLI-03916 ,Salud,24/08/2024,2025-08-24,181000000,3386000,3406000,-0.6,Anual,Web,5,  Renovada,,
POL-002916,CLI-00882,HOGAR,2021-03-03,2022-03-03,102000000,430000,417000,3.0,Semestral,Corredor,10,Renovada,,
POL-007418,CLI-00443, Hogar ,2023-06-08,2024/06/07,871000000,3563000,3423000,4.1,Trimestral,Corredor,5,Vencida,,
POL-007633,CLI-01705,Auto,2025/02/01,2026-02-01,39000000,1310000,1272000,3.0,Anual,Asesor comercial,5,ACTIVA,,
POL-003590,CLI-02628,Auto,2024-08-10,10/08/2025,64000000,2207000,1747000,26.3,Semestral  ,Asesor comercial,15,Renovada,,
POL-001586,CLI-01352,Auto,2022-09-17,17/09/2023,25000000,820000,792000,3.5,Anual,Web,10,Cancelada,13/09/2023,Precio
POL-003469,CLI-01929,Auto,16/07/2024,2025-07-16,28000000,1005000,780000,28.9,Mensual,Asesor comercial,10,Renovada,,
POL-005540,CLI-04730,Hogar,2024-10-19,19/10/2025,294000000,1223000,1187000,3.0,Mensual,Agencia,0,Expirada,,
POL-003191,CLI-01166,Auto,2024-05-30,30/05/2025,113000000,5151000,5235000,-1.6,Mensual,Corredor,0,EXPIRADA,,
POL-004631,CLI-02442,Salud,20/05/2024,2025-05-20,80000000,1859000,1742000,6.7,Mensual,Corredor,5,Vencida,,
POL-006543,CLI-04162,Salud,2022/08/13,2023-08-13,170000000,2994000,2979000,0.5,Mensual,Asesor comercial,15,Renovada,,
POL-006419,CLI-03315,Auto  ,23/07/2024,2025-07-23,44000000,2137000,1645000,29.9,Trimestral,Bancaseguros,5,Renovada,,
POL-008228,CLI-00956, Seguro Auto ,2024-04-16,2025/04/16,47000000,1733000,1723000,0.6,Mensual  ,Bancaseguros,5,Cancelada,09/04/2025,Cambio de aseguradora
POL-006145,CLI-02749,Salud,07/12/2024,07/12/2025,94000000,2006000,1511000,32.8,Semestral,Asesor comercial,5,RENOVADA,,
POL-007969,CLI-04403,Hogar,2024-05-08,2025-05-08,111000000,399000,369000,8.2,MENSUAL,Bancaseguros,0,Vencida,,
POL-006993,CLI-00535,Auto,13/05/2023,12/05/2024,39000000,1539000,1550000,-0.7,Anual, Agencia ,10,Renovada,,
POL-001912,CLI-01512,Auto,2025-05-17,17/05/2026,88000000,3498000,3203000,9.2,Trimestral,Asesor comercial,5,Activa,,
POL-002897,CLI-01328,HOGAR,2022-11-20,20/11/2023,325000000,1431000,1327000,7.8,Mensual,Asesor comercial,5,Vencida,,
POL-004195,CLI-00498,Hogar,11/07/2021,2022/07/11,247000000,1213000,1122000,8.1,Mensual  ,Agencia  ,5,Cancelada,2022/05/23,falta de pago
POL-002928,CLI-03750,AUTO,2024-08-24,24/08/2025,58000000,2317000,2256000,2.7,Mensual,Agencia,5,Cancelada,2025-04-03,Otro
POL-005282,CLI-01192,Vida,2024-05-05,2025/05/05,180000000,627000,514000,21.9,Mensual  ,Agencia,15,Vencida  ,,
POL-004051,CLI-01738,Seguro de Vida,2025-02-14,2026-02-14,364000000,1432000,1373000,4.3,Anual,Web,5,Activa,,
POL-001225,CLI-04941,Salud,17/06/2025,17/06/2026,176000000,4161000,3892000,6.9, Anual ,Web,15,Activa,,
POL-001917,CLI-02170,Hogar,2024-12-01,2025/12/01,355000000,1667000,1641000,1.6,Mensual,Agencia,5,Vencida,,
POL-007634,CLI-01018,AUTO,2025-04-06,06/04/2026,75000000,2746000,2682000,2.4,Anual,Agencia,15,  Activa,,
POL-002331,CLI-00854,Auto,2021-04-16,2022/04/16,49000000,1835000,1364000,34.5, Trimestral ,Web,10,Cancelada,17/03/2022,Precio
POL-005208,CLI-03635, Hogar ,2024/03/18,2025/03/18,123000000,481000,467000,3.1,Mensual,Agencia,10,Vencida,,
POL-007820,CLI-04841,Auto,02/06/2022,2023-06-02,28000000,1155000,1127000,2.5,Trimestral, Bancaseguros ,15,RENOVADA,,
POL-004943,CLI-00765,Auto  ,29/12/2024,29/12/2025,33000000,1442000,1241000,16.2,Mensual,Bancaseguros,5,Renovado,,
POL-003075,CLI-00811,auto,2022-08-05,2023-08-05,64000000,2076000,1872000,10.9,Anual,Corredor,15,VENCIDA,,
POL-000619,CLI-02584,Auto,20/01/2024,2025-01-19,41000000,1793000,1324000,35.4,SEMESTRAL,Asesor comercial,0,Renovada  ,,
POL-000871,CLI-03688,Auto,2024-06-25,25/06/2025,70000000,2113000,,0.3,Trimestral,ASESOR COMERCIAL,10,Renovada,,
POL-007046,CLI-03972,Auto  ,01/09/2023,2024-08-31,49000000,2024000,1895000,6.8,Mensual,WEB,10,RENOVADA,,
POL-002160,CLI-04838,Seguro de Salud  ,2024-06-24,24/06/2025,278000000,6827000,6351000,7.5,Trimestral,Agencia,5,Vencida,,
POL-003096,CLI-03055,Auto,06/10/2022,2023-10-06,16000000,741000,694000,6.7,MENSUAL,Bancaseguros,0,Renovada,,
POL-001851,CLI-02795,Automóvil,2024-08-26,2025-08-26,57000000,2404000,2164000,11.1,Mensual,Agencia,5,Renovada,,
POL-006770,CLI-03815,Auto,2023-09-03,02/09/2024,30000000,1131000,871000,29.9,Mensual,Web,10,Cancelada,2024-05-03,Precio
POL-001427,CLI-01211,Seguro Auto,2024-07-24,2025/07/24,49000000,2195000,2016000,8.9, Semestral ,Agencia,0,Renovada,,
POL-002927,CLI-04822,Salud,2023/02/14,2024/02/14,332000000,11642000,10891000,6.9,Mensual,Web,0,Cancelada,2024/02/06,Otro
POL-006696,CLI-04087,Hogar,2024/07/02,2025-07-02,225000000,1035000,775000,33.6,Semestral,Agencia,0,Vencida,,
POL-002041,CLI-04694,Auto  ,2025-04-29,2026-04-29,54000000,1863000,,6.3,Anual,Agencia,5,Activa,,
POL-008053,CLI-03979,auto,2024/12/04,2025-12-04,45000000,1793000,1680000,6.7,Mensual,Agencia,5,Renovada,,
POL-001630,CLI-02463, Seguro Auto ,2023-04-09,2024/04/08,73000000,3608000,3476000,3.8,Mensual,bancaseguros,10,Cancelada,2023/10/10,Falta de pago
POL-002129,CLI-02536,Hogar,29/07/2021,2022/07/29,172000000,753000,727000,,Anual,Agencia,0,Cancelada,2022-03-15,Venta/pérdida del bien
POL-001027,CLI-05192,Salud,2024-02-06,2025/02/05,316000000,4629000,4359000,6.2,Semestral,Asesor comercial,10,renovada,,
POL-005187,CLI-03121,Auto,2022/10/05,2023-10-05,52000000,2482000,2403000,3.3,Anual, Asesor comercial ,10,Renovada,,
POL-003440,CLI-02135,Auto,2025-01-25,2026-01-25,20000000,1062000,1007000,5.5,MENSUAL,Bancaseguros,5,Activa,,
POL-002508,CLI-02708,vida,20/11/2024,2025/11/20,162000000,440000,399000,10.4,mensual,Web,15,Cancelada,2025-03-10,Cambio de aseguradora
POL-008396,CLI-04215,AUTO,2024/05/11,2025-05-11,86000000,3395000,3243000,4.7,Anual,Agencia,15,Renovada,,
POL-006700,CLI-02228,AUTO,2025-05-12,2026/05/12,57000000,2120000,1917000,10.6, Anual ,Asesor comercial,0, Activa ,,
POL-001349,CLI-02864,Hogar,2022-07-30,2023-07-30,143000000,639000,625000,2.2,MENSUAL,Corredor,5,Vencida,,
POL-005801,CLI-02676,Auto,17/07/2024,2025-07-17,19000000,1039000,958000,8.4,Semestral,Corredor,5,Cancelada,2025/01/28,Venta/pérdida del bien
POL-000695,CLI-00426,Auto,2023/11/16,2024-11-15,92000000,3696000,2655000,39.2,Trimestral, Corredor ,10,Cancelada,2024/05/11,Precio
POL-002278,CLI-04961,Hogar,05/03/2024,2025/03/05,143000000,578000,491000,17.8,Trimestral,Asesor comercial,5,Vencida,,
POL-007241,CLI-02113,Salud,,2024/07/20,125000000,2438000,2383000,2.3,Semestral,Bancaseguros,5,Cancelada,2023-10-06,Falta  de  pago
POL-003855,CLI-04752,Auto,21/04/2025,21/04/2026,44000000,2370000,2188000,8.3,Anual,Bancaseguros,0,Activa,,
POL-007604,CLI-04294,Salud,05/02/2022,2023-02-05,134000000,3497000,3346000,4.5,Mensual,Corredor,5,Renovada,,
POL-006905,CLI-05001,Auto,2025-04-22,22/04/2026,99000000,2725000,2554000,6.7,Trimestral,Agencia,10,ACTIVA,,
POL-003983,CLI-03376,Salud,2024-02-19,18/02/2025,132000000,2703000,2262000,19.5,Mensual, Corredor ,10,Vencida,,
POL-003676,CLI-04364,Auto,2022/07/21,2023-07-21,30000000,1153000,831000,38.8,Anual,Agencia,0,Vencida,,
POL-004087,CLI-05053,Hogar,2025-02-14,2026/02/14,239000000,944000,923000,2.3,Mensual,Asesor comercial,10,Activa,,
POL-000129,CLI-02729,Salud,29/09/2021,2022-09-29,180000000,4141000,4005000,3.4,Mensual,Asesor comercial,10,Cancelada,2022-06-29,Precio
POL-006240,CLI-03771,  Salud,2024-07-05,05/07/2025,172000000,2841000,2550000,11.4,Trimestral,Bancaseguros,10,Renovada,,
POL-002699,CLI-00578,SEGURO DE SALUD,06/05/2025,2026-05-06,161000000,3507000,3284000,6.8,ANUAL,Bancaseguros,15,ACTIVA,,
POL-005331,CLI-04492,Salud,2023-02-21,2024-02-21,83000000,2113000,1742000,21.3,Anual  ,  Bancaseguros,15,CANCELADA,2023-10-27,Precio
POL-001837,CLI-01480,Hogar,2025-05-25,2026-05-25,249000000,1050000,847000,23.9,Mensual,Agencia,10, Activa ,,
POL-002594,CLI-02134,Auto,2024/03/29,2025-03-29,54000000,2419000,2075000,16.6,  Anual,Web,10,Vencida,,
POL-007830,CLI-01916, Auto ,2023-04-11,10/04/2024,68000000,2464000,2349000,4.9,Anual,Asesor comercial,5,Cancelada,23/07/2023,Falta de pago  
POL-002132,CLI-03763,Vida,2023/09/10,2024/09/09,208000000,675000,644000,4.8,  Anual,Bancaseguros,0,Vencida,,
POL-001818,CLI-04235,Hogar  ,2024-12-07,2025-12-07,380000000,1459000,1367000,6.7,Mensual, Corredor ,10, Vencida ,,
POL-002110,CLI-04754, Auto ,30/01/2021,2022-01-30,,3384000,3241000,4.4,Mensual,Asesor comercial,5,Vencida,,
POL-005479,CLI-01701,Auto,2021/07/11,2022-07-11,35000000,1519000,1472000,3.2,Anual,Bancaseguros,0,Vencida,,
POL-007943,CLI-02709,Salud,2025-04-20,2026-04-20,92000000,2406000,2325000,3.5,Trimestral,Agencia,0,Activa,,
POL-002270,CLI-02425,Vida,23/02/2025,23/02/2026,298000000,941000,888000,6.0,Trimestral,  Bancaseguros,5,Activa,,
POL-003279,CLI-00198,Hogar,2024-05-21,2025/05/21,343000000,1633000,1636000,-0.2,Anual,Agencia,5,Vencida  ,,
POL-004001,CLI-04479,Hogar,2023-08-29,2024/08/28,90000000,336000,262000,28.0,Anual,Web,15, Vencida ,,
POL-007137,CLI-02384,  Auto,2022-07-15,2023-07-15,80000000,2740000,2740000,-0.0,Mensual,Web,10,  Renovada,,
POL-005413,CLI-04694,Salud,18/06/2025,18/06/2026,67000000,1807000,1682000,7.4,Mensual  ,Web,15,Activa,,
POL-002467,CLI-00105,hogar,2023/09/21,20/09/2024,81000000,340000,299000,13.9,mensual,Corredor,5,Expirada,,
POL-003589,CLI-03153,  Vida,2024-09-17,2025/09/17,179000000,552000,516000,6.9,Mensual,Agencia,10,Vencida,,
POL-000116,CLI-00859,Vida,2025/03/02,2026-03-02,160000000,474000,451000,5.0,Anual,Corredor,5, Activo ,,
POL-003917,cli-02099,Hogar,21/02/2023,2024/02/21,108000000,405000,383000,5.7,Anual,Agencia,15,Vencida,,
POL-002198,CLI-01929,Auto,2021/11/01,2022-11-01,61000000,2511000,2242000,12.0,Anual,Web,5,Renovada,,
POL-005692,CLI-01552,Salud,02/09/2023,2024-09-01,179000000,3980000,3842000,3.6,Semestral,Asesor comercial,15,Renovada,,
POL-005200,CLI-01113,VIDA,15/11/2024,2025/11/15,90000000,319000,302000,5.7,Mensual,Corredor,15,Renovada,,
POL-003028,CLI-03872,auto,2024-12-27,27/12/2025,57000000,2599000,2571000,1.1,Semestral,Bancaseguros,10,Renovada,,
POL-004801,CLI-02975,auto,2023-06-23,2024-06-22,47000000,1592000,,4.5,Anual,Corredor,0,RENOVADA,,
POL-000261,CLI-04925,Auto,2023-03-04,03/03/2024,92000000,3183000,3099000,2.7,Semestral,Web,0,Renovada,,
POL-003397,CLI-04868,Hogar,2024-08-17,2025-08-17,196000000,707000,688000,2.7,Trimestral,Bancaseguros,15,Renovada,,
POL-005160,CLI-03921,Auto,25/11/2021,25/11/2022,98000000,5187000,5007000,3.6,  Mensual,Corredor,5,Renovada,,
POL-002858,CLI-02956,Vida,2022-01-19,2023-01-19,204000000,830000,812000,2.2,Anual,Agencia,10,Renovada,,
POL-007383,CLI-00057,Auto,2025-05-26,26/05/2026,44000000,2124000,2095000,1.4,Mensual,Asesor comercial,0,Suspendida,,
POL-004192,CLI-02156,AUTO,2024/10/04,2025/10/04,37000000,1473000,1394000,5.7,Semestral,Asesor comercial,10,Cancelada,2025/06/27,Precio
POL-004666,CLI-03476,Salud,2024/10/03,03/10/2025,117000000,2000000,1712000,16.8,Mensual,AGENCIA,10,Cancelada,2025-05-25,Precio
POL-001722,CLI-01921,Hogar,2024-08-06,2025-08-06,174000000,664000,625000,6.3,Semestral,Corredor,5,Renovada,,
POL-008117,CLI-04164,auto,19/05/2021,2022/05/19,47000000,2202000,2125000,3.6,Trimestral  ,Web  ,0,Renovada,,
POL-007237,CLI-02251,Vida,2022/04/07,2023/04/07,382000000,1219000,1083000,12.6,  Mensual,Web,10,  Renovada,,
POL-007387,CLI-04912,Salud,2025/01/04,2026-01-04,227000000,5221000,5216000,0.1,Anual,  Web,5,Activa,,
POL-003443,CLI-03481,Auto,2024/01/17,2025/01/16,111000000,4163000,3655000,13.9,Mensual,Web,5,renovada,,
POL-003112,CLI-01599,Hogar,11/06/2025,11/06/2026,268000000,1370000,1124000,21.9,Trimestral,Agencia,5,Cancelada,2025-08-03,Falta de pago
POL-006405,CLI-02104,Auto,14/06/2024,14/06/2025,86000000,2841000,2748000,3.4,  Semestral,Asesor comercial,10,Renovada,,
POL-007663,CLI-05056,Salud,03/07/2022,2023-07-03,161000000,3974000,3858000,3.0,Mensual,Web,5,Vencida,,
POL-007913,CLI-02114,Salud,09/02/2024,2025-02-08,93000000,1572000,1137000,38.3,Mensual,WEB,10,Cancelada,2024/05/31,Precio
POL-002583,CLI-01008,Hogar,2025/01/06,2026-01-06,295000000,922000,886000,4.1,Mensual,Bancaseguros,10,activa,,
POL-006117,CLI-04234,Auto,2025-02-10,2026-02-10,41000000,1705000,1673000,1.9,Trimestral,Web,5,Activa,,
POL-007206,CLI-01248,Vida,,04/01/2022,229000000,757000,609000,24.3,Anual,Agencia,0, Expirada ,,
POL-003582,CLI-04403,Auto,,2025-06-15,65000000,2152000,2015000,6.8,Mensual,Asesor comercial,5,Renovada,,
POL-004975,CLI-04902,Hogar,2022-05-28,2023/05/28,172000000,735000,703000,4.6,Mensual,Bancaseguros,5,Renovada,,
POL-000767,CLI-02587,Vida,2022-11-29,2023-11-29,286000000,1062000,1035000,2.6,Trimestral,Web,5,Renovada,,
POL-004092,CLI-01440,Auto,31/07/2022,31/07/2023,57000000,2969000,2239000,32.6,mensual,Agencia,10,RENOVADA,,
POL-007656,CLI-03379,Vida,2024/06/19,2025-06-19,241000000,905000,846000,7.0,Mensual,Agencia,5,Cancelada,2024-11-01,Venta/pérdida del bien
POL-000458,CLI-03987,Salud,18/04/2024,2025/04/18,102000000,2402000,2489000,-3.5,Trimestral,Web,5,Vencida,,
POL-005359,CLI-00844,Auto,2021-04-28,2022-04-28,72000000,3073000,2910000,5.6,Mensual,Corredor,5,Renovada,,
POL-000815,CLI-05056,Salud,2022-08-13,13/08/2023,96000000,2886000,2235000,29.1,Anual,Bancaseguros,10,Cancelada,26/03/2023,Precio
POL-007511,CLI-03651,Hogar,INVALID_DATE,2025-01-21,1046000000,4685000,4306000,8.8,Anual,Bancaseguros,0,Renovada,,
POL-001410,CLI-01904,Salud,21/05/2023,2024-05-20,174000000,4336000,4161000,4.2,Trimestral,Bancaseguros,0,Renovada,,
POL-006622,CLI-00311,Hogar,2023/12/10,2024-12-09,403000000,1622000,1499000,8.2,Mensual,Bancaseguros,5,Vencida,,
POL-003022,CLI-01584,Seguro de Salud,2022-12-02,2023-12-02,95000000,3007000,3044000,,  Mensual,Bancaseguros,0, Renovado ,,
POL-006119,CLI-01755,Auto,2024-01-30,2025/01/29,103000000,3743000,3475000,7.7,Anual,Asesor comercial,10,Renovada,,
POL-000444,CLI-01066,Salud,12/11/2023,INVALID_DATE,147000000,3717000,2893000,28.5,Trimestral,Web,10,Cancelada,2024-09-12,Precio
POL-002125,CLI-00224,Salud,19/09/2024,2025-09-19,81000000,1626000,,6.9,Trimestral, Agencia ,5,Renovada,,
POL-003190,CLI-01204,Auto,2022/01/12,12/01/2023,64000000,2136000,2062000,3.6,Anual,Bancaseguros,5,Cancelada,30/09/2022,Venta/pérdida del bien
POL-003597,CLI-01090,Auto,2023-08-19,2024/08/18,76000000,2614000,2482000,5.3,Mensual,Asesor comercial  ,10,RENOVADA,,
POL-002054,CLI-04597, Hogar ,23/03/2024,2025-03-23,300000000,1210000,1105000,9.5,Semestral,Corredor,10,Renovada,,
POL-004815,CLI-04770,Seguro Auto,2023-09-07,2024/09/06,101000000,3343000,3107000,7.6,Semestral,Agencia,0,RENOVADA,,
POL-004149,CLI-04806,Auto,07/12/2023,06/12/2024,70000000,3026000,2511000,20.5,Anual,Agencia,0,Renovada,,
POL-005603,CLI-03920,Salud,2022/07/06,2023-07-06,91000000,1362000,1128000,20.7,Mensual,Asesor comercial,10,CANCELADA,2022-11-19,Venta/pérdida del bien
POL-000192,CLI-01870,Auto,10/06/2025,10/06/2026,37000000,1001000,804000,24.5,Trimestral,Asesor comercial,0,Activa,,
POL-003749,CLI-03019,Auto,2024-10-24,2025-10-24,107000000,4495000,4330000,3.8,Anual,Corredor,5,Cancelada,2025/06/15,Venta/pérdida del bien
POL-000809,CLI-03858,Vida,14/02/2025,14/02/2026,511000000,1971000,1886000,4.5,Trimestral,Agencia,10,CANCELADA,2025/08/18,Venta/pérdida del bien
POL-006620,CLI-04805,Salud,2024-05-26,2025/05/26,64000000,1618000,1276000,26.8,Anual,Web,10,  Renovada,,
POL-007140,CLI-05048,Salud,2024-11-11,11/11/2025,192000000,3939000,3777000,4.3,MENSUAL,Agencia,5,Cancelada,2025/10/25,Cambio de aseguradora
POL-008316,CLI-04163,Salud,25/10/2024,2025-10-25,120000000,2997000,2427000,23.5,Anual,Bancaseguros  ,15,Cancelada,2025/09/21,Otro
POL-007395,CLI-00861,Vida,2024/10/13,2025/10/13,249000000,1142000,1143000,,Anual,Agencia,0,Renovada,,
POL-003335,CLI-04702,Salud,2024/03/25,25/03/2025,246000000,4226000,4002000,5.6,Mensual,Asesor comercial,5,  Vencida,,
POL-004321,CLI-03184,Auto,2025-03-22,2026-03-22,45000000,2389000,2382000,0.3,Mensual,Asesor comercial,5,Activa,,
POL-006783,CLI-01790,Hogar,2022-08-03,2023/08/03,220000000,892000,881000,1.2,Mensual,Bancaseguros,5,Renovada,,
POL-000699,CLI-03083, Auto ,2021-09-21,2022/09/21,60000000,2505000,2470000,1.4,Mensual  ,Agencia,5,RENOVADA,,
POL-006935,CLI-03163,AUTO,20/08/2024,2025-08-20,45000000,1820000,1738000,,Mensual,Agencia,0,Renovado,,
POL-005170,CLI-03721,Auto,2025-06-29,29/06/2026,98000000,3083000,2976000,3.6,Anual,Asesor comercial,5,Activa,INVALID_DATE,
POL-000081,CLI-05004,Salud,2022-07-07,07/07/2023,229000000,4051000,3516000,15.2,SEMESTRAL,Asesor comercial,0,Renovada,,
POL-002083,CLI-02914,Auto,2025-02-11,2026-02-11,26000000,1079000,977000,10.4,Trimestral,Agencia,15,Activa,,
POL-003705,CLI-03522,Vida,2021/06/14,2022-06-14,819000000,3170000,2977000,6.5,Anual,bancaseguros,10,Vencida,,
POL-004989,CLI-02601,Vida,2023/02/09,09/02/2024,98000000,293000,298000,-1.8,Mensual,Web,5,Renovada,,
POL-004980,CLI-02428,AUTO,2022/02/21,21/02/2023,41000000,1709000,1542000,10.8,Mensual,Bancaseguros,5,  Renovada,,
POL-000744,CLI-01373, Auto ,2025-02-28,2026-02-28,28000000,808000,796000,1.5,Anual,Agencia,5,Activa,,
POL-008374,CLI-05186,Salud,2024/11/29,29/11/2025,114000000,1995000,1909000,4.5,Trimestral,asesor comercial,0,RENOVADA,,
POL-006041,CLI-04629,Salud,15/05/2021,2022-05-15,246000000,5909000,4690000,26.0,Anual,Asesor comercial,0,Vencida,,
POL-004570,CLI-00961,Salud,2025/01/15,15/01/2026,178000000,5050000,4856000,4.0,Mensual,Bancaseguros,10,Activa,,
POL-001309,CLI-04830,Salud,2025-03-22,22/03/2026,64000000,1698000,1340000,26.7,Anual,Web,5,Activa,,
POL-006369,CLI-01476,Hogar,2024/05/28,28/05/2025,328000000,1369000,1070000,28.0,Mensual,WEB,0,Vencida,,
POL-003842,CLI-05054,Vida,23/07/2022,2023-07-23,152000000,530000,479000,10.6,Anual,Web,5,Renovada,,
POL-007614,CLI-03618,Auto,18/07/2024,2025/07/18,18000000,652000,575000,13.3,Trimestral,Agencia,15,Vencida  ,,
POL-002824,CLI-02929,Auto,2021-10-29,2022-10-29,27000000,1220000,1135000,7.5,Semestral,Agencia,5,  Cancelada,11/03/2022,Precio
POL-002581,cli-00152,Auto,2024/01/26,2025-01-25,49000000,1741000,1664000,4.6,Mensual,Asesor comercial,5,Renovada,,
POL-004326,CLI-05012,Vida,2023/06/08,2024-06-07,296000000,810000,800000,1.3,  Mensual,Bancaseguros,0, Vencida ,,
POL-004612,CLI-01489,Auto,24/10/2023,2024-10-23,24000000,735000,672000,9.4,Anual,AGENCIA,5,Cancelada,2023-11-25,Cambio de aseguradora
POL-000567,CLI-00774, Salud ,2025/03/28,2026-03-28,202000000,4503000,3721000,21.0,Mensual,Bancaseguros,0,Activa,,
POL-003400,CLI-04370,Vida,2023/02/22,2024/02/22,287000000,851000,660000,28.9,Anual,Web,10,Cancelada,2024/01/09,Precio
POL-008209,CLI-01586,Vida,2024-07-08,2025-07-08,192000000,437000,447000,-2.3,Mensual,Asesor comercial,15,Renovada,,
POL-003308,CLI-02401,Vida,2021-11-19,2022/11/19,346000000,1230000,908000,35.4,Mensual,Web,5,Renovada,,
POL-001189,CLI-00208,Seguro de Salud,2025-03-19,2026-03-19,140000000,4087000,3823000,6.9,Mensual,Web,0,Activa,,
POL-000742,CLI-02693, Hogar ,27/07/2024,INVALID_DATE,503000000,1783000,1337000,33.4,Anual,Agencia,15,Cancelada,21/11/2024,Precio
POL-006685,CLI-00471,Auto,19/05/2023,2024-05-18,75000000,2706000,2640000,2.5,Mensual,Web,0,Cancelada,23/06/2023,Falta de pago
POL-002493,CLI-04957,Automóvil,14/08/2024,2025-08-14,80000000,2043000,1704000,19.9,Anual,Web,10,  Vencida,,
POL-004043,CLI-00100,Seguro Auto  ,23/02/2025,2026/02/23,59000000,1467000,1375000,6.7,Mensual,Bancaseguros,10,ACTIVA,,
POL-001287,CLI-00679,Auto,24/09/2023,2024-09-23,74000000,3154000,2931000,7.6,Anual,Bancaseguros,0,Renovada,,
POL-005687,CLI-00431,Auto,2022/08/20,2023-08-20,52000000,2914000,2770000,5.2,Semestral,Asesor comercial,15,Renovada,,
POL-005923,CLI-03469,Hogar,26/10/2021,2022-10-26,123000000,606000,600000,1.0,Anual,Web,0,Vencida,,
POL-006217,CLI-02520,Hogar,,2025-10-06,527000000,1521000,1467000,3.7,Anual,Agencia,10,Renovada,,
POL-004082,CLI-03099,Auto,2024-07-09,09/07/2025,115000000,5621000,5229000,7.5,MENSUAL,Bancaseguros  ,5,Renovado,,
POL-006833,CLI-04201,Salud,2024-10-25,2025/10/25,118000000,1757000,1431000,22.8,Mensual,Bancaseguros,15,Cancelada,2025/10/17,Reclamo rechazado / insatisfacción
POL-005686,CLI-01397,Auto,2023/03/28,2024/03/27,20000000,1011000,744000,35.8,Semestral,Asesor comercial,0,Cancelada,2024/02/18,Otro
POL-000675,CLI-04817,HOGAR,2022-12-09,2023-12-09,229000000,1254000,1181000,6.2,Mensual,Corredor,5,vencida,,
POL-006707,CLI-03911,Auto,2024-05-18,18/05/2025,17000000,820000,766000,7.0,Anual,Agencia,10,Renovada,,
POL-002494,CLI-02632,Auto,2023/09/20,19/09/2024,33000000,1316000,1291000,1.9,trimestral,Agencia,10,Renovada,,
POL-006276,CLI-04866,Salud,2024/12/02,2025-12-02,162000000,2886000,2751000,4.9,Mensual,Bancaseguros,15,  Renovada,,
POL-005906,CLI-03504,  Hogar,2022-04-24,2023-04-24,741000000,3772000,3810000,-1.0,Mensual,Corredor,0,Vencida,,
POL-003622,CLI-01051,Salud,2023-08-19,2024/08/18,103000000,3102000,2963000,4.7,Mensual,Agencia,10,  Renovada,,
POL-002762,CLI-05105,Salud,2021/11/17,17/11/2022,95000000,2650000,2560000,3.5,Mensual,Agencia,10,Vencida,,
POL-002776,CLI-01586,Auto,04/06/2024,2025-06-04,180000000,7004000,6558000,6.8,Mensual,ASESOR COMERCIAL,0,CANCELADA,,Precio
POL-000553,CLI-02161,Hogar,25/04/2024,25/04/2025,338000000,1224000,1181000,3.6,Mensual,Asesor comercial,5,Vencida,,
POL-003702,CLI-04070,Salud,25/10/2024,25/10/2025,124000000,2055000,1968000,4.4,Trimestral,Bancaseguros,5,Renovada,,
POL-003927,CLI-04364,Hogar,01/11/2023,2024/10/31,221000000,894000,816000,9.6,Mensual,Asesor comercial,0,Cancelada,2024-06-17,Precio
POL-006229,CLI-03641,AUTO,2021-07-08,08/07/2022,56000000,1571000,1525000,3.0,  Mensual, Agencia ,15,Vencida,,
POL-001467,CLI-02568,Salud,2024-10-08,08/10/2025,79000000,1995000,1873000,6.5,Anual,Web,5,Cancelada,05/10/2025,Venta/pérdida del bien
POL-002691,CLI-03589,Auto,2023-07-02,2024-07-01,64000000,2962000,2933000,1.0,Anual,BANCASEGUROS,10,Renovada,,
POL-003694,cli-03660,Vida,22/01/2024,2025/01/21,237000000,756000,735000,2.8,Mensual,Agencia,0,Renovada,,
POL-002909,CLI-01834,Hogar,04/04/2024,2025/04/04,237000000,1094000,882000,24.1,Mensual,Agencia,0,VENCIDA,,
POL-005852,CLI-04738,Salud,2024-10-11,2025/10/11,278000000,5890000,5855000,0.6,Trimestral,Asesor comercial,5,Vencida,,
POL-006815,CLI-04959,HOGAR,02/06/2022,2023-06-02,106000000,493000,455000,8.3,Anual,Asesor comercial,5,Vencida,,
POL-006001,CLI-00881,Hogar,2022-12-05,05/12/2023,134000000,547000,518000,5.6,Mensual,Agencia,5,Cancelada,2023-10-08, Reclamo rechazado / insatisfacción 
POL-000076,CLI-04781,Hogar,2021-09-18,2022-09-18,346000000,1585000,1289000,23.0,Trimestral,Bancaseguros,15,  Vencida,,
POL-007193,CLI-03363,Salud,2022-05-21,2023-05-21,52000000,1125000,1156000,-2.7,Mensual,Bancaseguros,15,Vencida,,
POL-006352,CLI-02948,Auto  ,,2024/11/23,36000000,1370000,1285000,6.6,ANUAL,Asesor comercial,5,Renovada,,
POL-007707,CLI-03706,Auto,05/06/2025,2026-06-05,96000000,4103000,3113000,31.8,Mensual,Agencia,15,Activa,,
POL-001242,CLI-04061,Vida,2023/06/03,2024/06/02,213000000,797000,727000,9.6,Mensual,Corredor,0,  Vencida,,
POL-000444,CLI-01066,Salud,12/11/2023,INVALID_DATE,147000000,3717000,2893000,28.5,Trimestral,Web,10,Cancelada,2024-09-12,Precio
POL-007145,CLI-03830,Salud,2025-05-16,2026-05-16,69000000,1935000,1947000,,Mensual,Asesor comercial,0,ACTIVA,,
POL-003988,CLI-03423,  Hogar,16/04/2024,2025/04/16,71000000,280000,258000,8.7,Trimestral,Agencia,5,Renovada,,
POL-004771,CLI-03585,Auto,30/09/2024,30/09/2025,95000000,4415000,4189000,5.4,Mensual,AGENCIA,10,Renovada,,
POL-007444,CLI-03607,auto,2023-04-21,20/04/2024,64000000,2522000,2571000,-1.9,Trimestral,Corredor,15, Vencida ,,
POL-005953,CLI-00724,Auto,03/02/2025,2026-02-03,79000000,3366000,3137000,7.3,Trimestral,Agencia,15,Activa,,
POL-008274,CLI-03052,Auto,27/12/2024,2025-12-27,26000000,885000,802000,10.3,Mensual,Agencia,10,Vencida,,
POL-001970,CLI-03434,Auto,2025-03-25,2026/03/25,32000000,1314000,1208000,8.8,Trimestral,Agencia,10,Activa  ,,
POL-001113,CLI-01156,Auto,2022-06-22,22/06/2023,89000000,3638000,2794000,30.2,Semestral,ASESOR COMERCIAL,5,cancelada,23/05/2023,  Precio
POL-002423,CLI-03316,Hogar,27/08/2024,27/08/2025,127000000,479000,458000,4.5,Anual,Agencia  ,0,Vencida,,
POL-005905,CLI-02231,Seguro de Vida,2023/01/14,2024-01-14,219000000,680000,,10.6,Mensual,Corredor,10,Cancelada,2023-11-28,Precio
POL-000267,CLI-04456,Auto,2024/04/29,2025/04/29,64000000,3068000,2843000,7.9,Mensual,Corredor,5,Renovada,,
POL-004833,CLI-03690,salud,05/06/2022,05/06/2023,88000000,2138000,2186000,-2.2,Trimestral,Bancaseguros,5,Vencida,,
POL-006784,CLI-01564,Salud,2022/05/18,18/05/2023,111000000,3748000,3223000,16.3,Anual,Web,15,Cancelada  ,2022-10-10,Venta/pérdida del bien
POL-008272,CLI-03879,Auto,06/06/2024,2025-06-06,91000000,3735000,2750000,,Trimestral,agencia,10,Vencida,,
POL-005865,CLI-04011,Auto,28/02/2023,28/02/2024,20000000,1193000,1145000,4.2,Semestral,Bancaseguros,5,  Cancelada,,Precio
POL-005937,CLI-00392,salud,2021/04/07,07/04/2022,116000000,2421000,2374000,2.0,Mensual,Agencia,0,Vencida,,
POL-008065,CLI-02818, Seguro de Salud ,2025/06/22,2026-06-22,89000000,2781000,2716000,2.4,Anual,Asesor comercial,15,Activa,,
POL-001644,CLI-04885,Auto,2025/04/06,,74000000,2956000,2875000,2.8,Mensual,Asesor comercial,5,Activa,,
POL-006373,CLI-00919,Seguro de Vida,27/04/2023,26/04/2024,380000000,995000,999000,-0.4,Anual,Corredor,5,Vencida,,
POL-004430,CLI-00769,Salud,26/02/2021,01/07/2020,56000000,1270000,1194000,6.4,Mensual,Agencia,5,Renovada,,
POL-001295,CLI-02776,Hogar,17/06/2021,2022/06/17,749000000,3412000,3180000,7.3,Mensual,Agencia,0,VENCIDA,,
POL-003926,CLI-02953,auto,2021-09-12,2022-09-12,73000000,2777000,2559000,8.5,Mensual,Bancaseguros,0,  Renovada,,
POL-006574,CLI-02507,AUTO,2024-04-03,2025-04-03,37000000,1578000,1510000,4.5,Semestral,Bancaseguros,15,Renovada,,
POL-007463,CLI-02699,Auto,2024-09-28,28/09/2025,128000000,6862000,6238000,10.0,Anual,Bancaseguros,0,Renovada,,
POL-007105,CLI-03007,Hogar,2024-10-08,08/10/2025,147000000,705000,650000,8.5,Mensual,ASESOR COMERCIAL,0,Vencida,,
POL-000548,CLI-03758,Hogar,2023/12/19,18/12/2024,132000000,418000,405000,3.3,Semestral,Asesor comercial,5,Cancelada,2024-09-11,Precio
POL-000765,CLI-04685,Auto,2022/01/04,04/01/2023,66000000,3032000,,4.0,Semestral,agencia,5,Renovada,,
POL-003961,CLI-01743,AUTO,2025/04/30,30/04/2026,43000000,1872000,1802000,3.9,Trimestral,Asesor comercial,0,Activa,,
POL-007185,CLI-03201,Salud  ,2024-10-30,30/10/2025,110000000,2670000,2646000,0.9,Anual,Bancaseguros,5,  Cancelada,2025-05-03,Falta de pago
POL-004806,CLI-04108,Auto,2022-10-01,2023/10/01,66000000,3464000,3334000,3.9,Mensual,Asesor comercial,5,Renovada,,
POL-004634,CLI-99799,Vida,21/07/2024,2025-07-21,1267000000,4702000,3941000,19.3,Mensual,Web,15,Cancelada  ,17/10/2024,Otro
POL-003790,CLI-02093,Auto,2022-05-27,2023-05-27,80000000,2418000,1905000,26.9,Mensual,Agencia,0,Cancelada,11/07/2022,Precio
POL-004483,CLI-03405,Salud,2025/04/23,2026-04-23,256000000,7075000,6829000,3.6,Anual,Agencia  ,5,Activa,,
POL-007165,CLI-02022,Salud,2022/02/08,08/02/2023,121000000,3126000,2935000,6.5,Mensual,WEB,5,Renovada,,
POL-005041,CLI-00609,Vida,2023/01/05,2024-01-05,310000000,741000,715000,,Mensual,Bancaseguros,5,Vencida,,
POL-003294,CLI-01046,Vehículo,2024-07-10,2025-07-10,57000000,2130000,2111000,0.9,Mensual,Bancaseguros,15,Renovada,,
POL-001254,CLI-04976,Vida,2025-03-12,12/03/2026,308000000,891000,878000,1.5,Semestral,Bancaseguros,0,Activa,,
POL-003509,CLI-05159,Auto,2021/11/09,2022-11-09,97000000,4154000,3868000,7.4,Anual,AGENCIA,10,Renovada,,
POL-003515,CLI-01012,Salud,2024-11-20,2025-11-20,64000000,1611000,1600000,0.7,Trimestral,Agencia,10,VENCIDA,,
POL-002759,CLI-02755,Vida,2024-03-27,27/03/2025,189000000,901000,852000,5.8,Anual,Agencia,15,Renovada,,
POL-005780,CLI-04589,Salud,19/12/2021,2022-12-19,210000000,5381000,5144000,4.6,Mensual,Asesor comercial,10,Renovada,,
POL-000721,CLI-05150,salud,2024-11-27,2025-11-27,,2714000,2595000,4.6,Anual,Corredor,5,Renovada,,
POL-001038,CLI-01533,Auto,2025-01-02,2026-01-02,86000000,4323000,4048000,6.8,Trimestral,Bancaseguros,5,Cancelada,2025/10/15,Reclamo rechazado / insatisfacción
POL-000147,CLI-02197,Auto,2024-01-24,23/01/2025,31000000,1304000,1287000,1.3,Trimestral,Asesor comercial,5,Renovada,,
POL-003438,CLI-01244,Hogar,2022-02-02,2023-02-02,202000000,678000,623000,8.9,Anual,Web,15,Vencida,,
POL-002516,CLI-05108,Vida,2025-02-28,2026-02-28,221000000,622000,559000,11.3,mensual,Corredor,5,Activa,,
POL-005280,CLI-03230,Auto,2022/12/11,2023-12-11,42000000,2061000,1986000,3.8,Anual,  Agencia,15,Renovada,,
POL-001671,CLI-04392,Salud,2023-03-28,2024-03-27,53000000,806000,755000,6.8,Mensual,Agencia,0,Cancelada,2024-02-26,Cambio de aseguradora
POL-006514,CLI-00146,Hogar,2023-03-24,2024-03-23,270000000,1126000,1073000,,Mensual,Corredor,5,Cancelada,2023/08/21,Otro
POL-003653,CLI-01237,AUTO,19/01/2023,19/01/2024,39000000,1473000,1411000,4.4,Mensual,corredor,15,Vencida,,
POL-000840,CLI-03204,Vida,19/05/2025,2026-05-19,329000000,1071000,985000,8.7,Mensual,Bancaseguros,5,Activa,,
POL-005495,CLI-03549,Salud,2025-03-29,29/03/2026,281000000,8092000,7988000,1.3,Anual,Asesor comercial,5,ACTIVA,,
POL-000486,CLI-04196,VIDA,29/05/2025,2026-05-29,446000000,1112000,837000,32.9,Mensual,Asesor comercial,5,Cancelada,2025-10-17,Precio
POL-006982,CLI-04147,Vida,2024/09/21,21/09/2025,763000000,2584000,2330000,10.9,Anual,  Agencia,0,Renovada,,
POL-000985,CLI-04059, Auto ,15/04/2025,2026-04-15,74000000,3009000,2849000,5.6,Semestral,Bancaseguros,5,Activa,,
POL-007335,CLI-03913,Vida,2024-07-25,2025-07-25,418000000,1396000,1021000,36.7,Mensual,Asesor comercial,10,Cancelada,INVALID_DATE,Reclamo rechazado / insatisfacción
POL-000808,CLI-03836,Salud,2021-01-03,03/01/2022,121000000,2485000,2399000,3.6,Anual,Corredor,0,Vencida,,
POL-003517,CLI-02352,Vida,2022-08-21,2023-08-21,461000000,1286000,928000,38.6,Semestral,Web,10,Renovada,,
POL-001094,CLI-01573,Auto,2022-01-02,2023-01-02,24000000,1005000,942000,6.7,Trimestral,Asesor comercial,10,Renovado,,
POL-006462,CLI-03885,Auto,2024-06-02,02/06/2025,67000000,2985000,3093000,-3.5,Mensual,Asesor  comercial,5,Renovada,,
POL-007270,CLI-03202,AUTO,2024/11/13,2025/11/13,52000000,1477000,1199000,23.2,Mensual, Web ,15,Cancelada,2025-04-22,Otro
POL-004713,CLI-01924,Vida,2025/06/20,2026-06-20,183000000,491000,438000,12.0,Anual  ,Web,0,Activa  ,,
POL-004572,CLI-05148,Hogar,2025-02-12,12/02/2026,528000000,2108000,2085000,1.1,Mensual,Corredor,15,Cancelada,2025-12-31,Cambio de aseguradora
POL-006997,CLI-00307,Seguro de Salud,2024-02-23,2025-02-22,102000000,2670000,2545000,4.9,Anual,Agencia,10,Renovada  ,,
POL-004354,CLI-00386,Auto  ,2022-12-11,2023/12/11,74000000,3401000,3325000,2.3,semestral,Asesor comercial,15,Vencida,,
POL-005542,CLI-00352, Seguro de Salud ,2024-12-08,,230000000,3936000,3956000,-0.5,Semestral,Asesor comercial,5,Renovada,,
POL-002813,CLI-00416,Salud,2023-10-27,26/10/2024,206000000,4542000,4351000,4.4,Trimestral,Asesor comercial,5,Vencida,,
POL-001784,CLI-03729,Auto,01/12/2022,2023/12/01,66000000,1937000,1871000,3.5,Anual,Corredor,0,Renovada,,
POL-002195,CLI-04261,  Auto,2025-06-28,28/06/2026,42000000,2009000,1962000,2.4,Semestral,AGENCIA,10,Activa,,
POL-001304,CLI-04923,Hogar,24/08/2023,23/08/2024,442000000,2012000,1911000,5.3,Mensual,Asesor comercial,5,Cancelada,2024/05/04,Falta de pago
POL-007003,CLI-05083,Hogar,09/03/2025,09/03/2026,202000000,768000,732000,4.9,Mensual,Agencia,10,Activa,,
POL-001216,CLI-00711,Auto,2025-01-11,2026-01-11,69000000,3693000,3561000,3.7,Anual,Corredor,0,Activa,,
POL-000994,CLI-02171,Auto,2024/09/22,2025-09-22,53000000,,1624000,4.0,Mensual,Corredor,5,Renovada,,
POL-004437,CLI-01585,Auto  ,2023/11/07,2024/11/06,70000000,2075000,1780000,16.6,Semestral,Web,15,Vencida,,
POL-005311,CLI-03538,Salud,04/03/2025,04/03/2026,121000000,2955000,2223000,32.9,Mensual,Agencia,5,Activa,,
POL-000414,CLI-04510,Vida,2022/10/12,2023/10/12,250000000,880000,868000,1.4,Semestral,Web,10,Renovada,INVALID_DATE,
POL-002625,CLI-00382,HOGAR,04/10/2024,2025-10-04,162000000,593000,568000,4.4,Anual,Bancaseguros,15,Cancelada,2025-03-09,Precio
POL-005888,CLI-02754,Auto,2022-06-30,2023-06-30,25000000,785000,742000,5.8,Semestral,Bancaseguros,10,Vencida,,
POL-008066,CLI-04236,Hogar,2022-05-20,2023-05-20,107000000,519000,477000,8.9,Mensual,Bancaseguros,10,Vencida,,
POL-003428,CLI-00319,Auto,2024/10/15,15/10/2025,48000000,1636000,1548000,5.7,  Anual,Corredor,0,Renovada,,
POL-000469,CLI-03377,Salud,2024-08-01,2025/08/01,299000000,5786000,5469000,5.8,Mensual,CORREDOR,0,Renovada,,
POL-003165,CLI-05110,Auto,02/10/2023,01/10/2024,21000000,,624000,11.0,Anual,Bancaseguros,5,Renovada,,
POL-005808,CLI-03697,Auto,2024-07-10,10/07/2025,59000000,3091000,2905000,6.4,Mensual,  Web,10,Renovada,,
POL-006701,CLI-01347,Salud,2022-12-10,10/12/2023,153000000,3009000,2812000,7.0,Anual,Bancaseguros,15,Vencida,,
POL-004239,CLI-02302,Hogar,23/10/2024,2025-10-23,93000000,398000,377000,5.6,Anual,Asesor comercial,10,Renovada,,
POL-002394,CLI-01279,Salud,2025-04-02,2026-04-02,152000000,3141000,2930000,7.2,Mensual,Web,5,Cancelada,2025-12-31,Precio
POL-006958,CLI-01441,Auto,2022-09-10,10/09/2023,47000000,2069000,1918000,7.9,MENSUAL,Agencia,0,renovada,,
POL-003918,CLI-02183,Hogar,2024-08-31,2025-08-31,173000000,668000,631000,5.9,Mensual,Agencia,10,Renovada,,
POL-000785,CLI-01449,HOGAR,2021-05-26,2022/05/26,132000000,536000,499000,7.4,Mensual,ASESOR COMERCIAL,5,Renovada,,
POL-004409,CLI-01672,Hogar,19/01/2025,19/01/2026,109000000,452000,461000,-2.0,Mensual,Agencia,5,Activa,,
POL-006752,CLI-04472,Auto,2022/03/10,2023/03/10,178000000,10246000,10673000,-4.0,Mensual,Bancaseguros,10,VENCIDA,,
POL-002502,CLI-01947,Hogar,2022-11-10,10/11/2023,321000000,1195000,1094000,9.2,Mensual,Corredor,5,Vencida,,
POL-002152,CLI-05083,Hogar  ,05/06/2021,05/06/2022,228000000,881000,787000,12.0,Mensual,Corredor,10,Vencida,,
POL-005897,CLI-03065,Auto,2023-07-19,18/07/2024,70000000,2700000,2621000,3.0,Anual,Agencia,10,vencida,,
POL-003548,CLI-02402,Auto,2025-05-09,09/05/2026,53000000,2600000,2446000,6.3,Anual,Corredor,10,activa,,
POL-003076,CLI-03062,Salud,2022/09/29,2023-09-29,185000000,4612000,4174000,10.5,Mensual,ASESOR COMERCIAL,0,CANCELADA,2023/06/04,Venta/pérdida del bien
POL-006559,CLI-05057,Auto,2022-05-05,05/05/2023,105000000,4576000,4253000,7.6,trimestral,Web,10,Renovado,INVALID_DATE,
POL-002038,CLI-02836,SALUD,2023/07/29,28/07/2024,235000000,5432000,5006000,8.5,TRIMESTRAL,Asesor comercial,15,Renovada,,
POL-000624,CLI-01751,Salud,2022-02-22,2023-02-22,141000000,1700000,1598000,6.4,Semestral,Bancaseguros,10,RENOVADO,,
POL-000220,CLI-00013,Seguro de Salud,2025-04-28,2026/04/28,218000000,8018000,6187000,,Mensual,Corredor,5,CANCELADA,2025-06-12,Falta de pago
POL-000716,CLI-04489,Salud,10/08/2022,10/08/2023,74000000,1507000,1510000,,Mensual,Web,5,Renovada,,
POL-002674,CLI-02693,Auto,2025/04/27,2026-04-27,87000000,3831000,3652000,4.9,Trimestral,Corredor,15,Activo,,
POL-002477,CLI-02228,Auto,21/06/2022,21/06/2023,44000000,1474000,1405000,4.9,Anual,asesor comercial,5,Renovada,,
POL-005807,CLI-00493,Hogar,,2024-04-05,327000000,1315000,1179000,11.5,Anual,Bancaseguros,5,Vencida,,
POL-003243,CLI-02166,Vida,2024-03-08,08/03/2025,585000000,2216000,2156000,2.8,Mensual,Agencia,15,Vencida,,
POL-006528,CLI-02923,Salud,2025-03-05,05/03/2026,83000000,1945000,1803000,7.9,Anual,Bancaseguros,15,Activa,,
POL-002264,CLI-00650,AUTOMOVIL,2023-03-19,2024-03-18,55000000,2162000,2032000,6.4,Trimestral,Bancaseguros,10,Cancelada,16/11/2023,Cambio de aseguradora
POL-000224,CLI-02580,Salud,2022-07-01,2023-07-01,164000000,2425000,1900000,27.6,Mensual,Asesor comercial,15,Renovada,,
POL-001791,CLI-00653,Hogar,2025/01/12,12/01/2026,331000000,1364000,1310000,4.1,Mensual,Asesor comercial,5,CANCELADA,,Falta de pago
POL-003048,CLI-03887,Auto,2024-11-02,02/11/2025,77000000,3433000,3110000,10.4,Anual,Web,0,Cancelada,2024-12-18,Falta de pago
POL-003067,CLI-01700,Salud,2023/05/06,05/05/2024,46000000,719000,,8.9,Anual,Bancaseguros,5,Vencida,,
POL-002555,CLI-00366,Salud,2024-09-29,,98000000,2660000,2493000,6.7,Semestral,Asesor  comercial,15,renovada,,
POL-005834,CLI-02124,Auto,07/05/2025,2026/05/07,65000000,2293000,2203000,4.1,Mensual,Bancaseguros,15,Cancelado,2025/09/29,Falta de pago
POL-002779,CLI-02483,Salud,2023-03-23,2024-03-22,74000000,2013000,1589000,26.7,Mensual,Bancaseguros,5,Vencida,,
POL-003377,CLI-04356,Hogar,2025-02-20,20/02/2026,179000000,688000,627000,9.7,Trimestral,asesor comercial,5,Activa  ,,
POL-001631,CLI-04014,Auto,11/01/2022,11/01/2023,93000000,4392000,4101000,7.1,Mensual,Corredor,5,VENCIDA,,
POL-003964,CLI-04549,Vida,07/12/2024,07/12/2025,775000000,3132000,2809000,11.5,Mensual,Web,10,Renovada,,
POL-002570,CLI-00595,Auto,26/09/2023,25/09/2024,55000000,2137000,2190000,-2.4,Trimestral,Corredor,10,Renovada,,
POL-007679,CLI-01322,Hogar,02/06/2025,2026-06-02,233000000,814000,658000,23.7,Trimestral,Bancaseguros,10,Activa,,
POL-005711,CLI-02065,Vida,2022/02/19,2023-02-19,265000000,1068000,1031000,3.6,Mensual,Asesor comercial,0,Cancelada,2022-10-10,Precio
POL-003674,CLI-03958,Hogar,16/03/2021,2022-03-16,208000000,785000,748000,,Mensual, Asesor comercial ,5,Vencida,,
POL-002614,CLI-03675,Auto,2023/03/29,2024/03/28,107000000,4972000,5053000,-1.6,Anual,Asesor comercial,0,RENOVADA,,
POL-001922,CLI-05006,Vida,04/12/2021,2022-12-04,246000000,-947000,875000,8.2,Trimestral,Agencia,5,Vencida,,
POL-002221,CLI-05165,Vida,2023/02/13,13/02/2024,292000000,1090000,831000,31.1,Mensual,Agencia,5,Cancelada,10/04/2023,Cambio de aseguradora
POL-004245,CLI-00360,Auto,2024/11/04,04/11/2025,94000000,4644000,4663000,-0.4,Anual,Bancaseguros,10,Vencida,,
POL-007653,CLI-00149,VIDA,2025-03-25,2026/03/25,383000000,1384000,1361000,1.7,Mensual,Corredor,5,Activa,,
POL-004199,CLI-01210, Auto ,2025-02-16,16/02/2026,21000000,672000,636000,5.6,Semestral,Bancaseguros,10,VIGENTE,,
POL-002862,CLI-03713,Auto,18/04/2024,2025-04-18,64000000,2393000,2367000,1.1,Anual,Asesor comercial,10,Cancelada,2024-09-27,Falta de pago
POL-006732,CLI-04963,Hogar,2023/02/09,,297000000,1155000,1114000,3.7,Mensual,Corredor,10,Renovada,,
POL-007049,CLI-05063,Hogar,2025-01-29,2026-01-29,550000000,2207000,1899000,16.2,Mensual,Agencia,10,Cancelada,2025/06/13,Precio
POL-003136,CLI-02806,Salud,2021-07-11,2022-07-11,53000000,989000,925000,6.9,Semestral,AGENCIA,5,Renovada,,
POL-001085,CLI-03261,Vida,18/11/2024,2025/11/18,166000000,601000,544000,10.5,  Trimestral,Bancaseguros,10,Renovada,,
POL-003641,CLI-01314,Auto,2023-02-06,06/02/2024,39000000,,1391000,20.6,Mensual,Agencia,15,CANCELADA,2023-11-04,Precio
POL-007612,CLI-02807,Auto,2025-06-20,2026-06-20,24000000,754000,732000,3.0,Mensual,Agencia,5,Activa,,
POL-000149,CLI-02287,Salud,,2025/11/19,257000000,7192000,6610000,8.8,SEMESTRAL,Corredor,5,Renovada,,
POL-008224,CLI-02237,Salud,2023-05-04,2024-05-03,68000000,,1914000,1.8,Anual,Web,5,Vencida,,
POL-000146,CLI-02519,Hogar,2022-09-30,2023-09-30,305000000,1219000,1220000,-0.1,semestral,Asesor comercial,10,Renovada,,
POL-001023,CLI-01157,Hogar,06/01/2025,2026/01/06,706000000,3051000,2977000,2.5,Trimestral,Agencia,10,Activa,,
POL-003863,CLI-01899,Vida,01/06/2022,2023/06/01,455000000,1078000,1054000,2.3,Mensual,Bancaseguros,15,Cancelada,2022-12-07,Precio
POL-008161,CLI-01779,Auto,2023-01-12,2024-01-12,102000000,4361000,4087000,6.7,Mensual,BANCASEGUROS,5,Renovada,,
POL-000168,CLI-02720,Hogar,2021-12-28,2022-12-28,67000000,290000,266000,,Trimestral,Agencia,5,Renovada,,
POL-000493,CLI-02570,Hogar,21/05/2024,2025-05-21,287000000,1153000,1092000,5.6,Anual,Asesor comercial,5,Vencida,,
POL-004272,CLI-04331,Salud,07/05/2025,07/05/2026,100000000,1648000,1600000,3.0,Mensual,Web,5,Activa,,
POL-001932,CLI-00571,VIDA,2024/10/07,2025-10-07,419000000,1268000,1141000,11.1,Anual,ASESOR COMERCIAL,5,Renovada,,
POL-000295,CLI-00184,Auto,2025/05/07,2026-05-07,64000000,2837000,2733000,3.8,Anual,Bancaseguros,5,activo,,
POL-000494,CLI-00402,Vida,INVALID_DATE,2026-05-11,303000000,1025000,754000,36.0, Semestral ,  Asesor comercial,0,Cancelada,2025-06-28,Precio
POL-003934,CLI-01937,Salud,2023-07-25,24/07/2024,223000000,5367000,,7.7,Mensual,Web,10,CANCELADA,2023-11-04,Venta/pérdida del bien
POL-005305,CLI-03021,  Auto,11/10/2022,2023-10-11,53000000,2061000,2147000,-4.0,Anual  ,AGENCIA,5,RENOVADA,,
POL-001232,CLI-00917, Auto ,25/02/2025,25/02/2026,52000000,2594000,2478000,4.7,Mensual,  Web,0,Activa,,
POL-005721,CLI-05056,Vida,2025-04-07,07/04/2026,525000000,1955000,1829000,6.9,Mensual,Web,0,Activa,,
POL-003756,CLI-03584,Auto,2024-04-12,2025-04-12,110000000,3674000,3564000,3.1,Mensual,Bancaseguros,15,Renovada,,
POL-007936,CLI-00545,Auto,2023/01/01,2024/01/01,63000000,2444000,2253000,8.5,Mensual,Asesor comercial,10,Renovada,,
POL-000337,CLI-03763,Seguro de Salud,2022-06-20,2023-06-20,126000000,2961000,2660000,11.3,Anual,Asesor comercial,10,Renovada,,
POL-000790,CLI-03506,Salud,16/11/2023,2024-11-15,168000000,2957000,2843000,4.0,Mensual  , Asesor comercial ,0,  Vencida,,
POL-003737,CLI-01447,Salud,03/04/2023,2024-04-02,129000000,3098000,3011000,2.9,Anual,Agencia,5,Renovada,,
POL-005824,CLI-00322,Vida,2025-03-04,2026-03-04,981000000,2968000,2645000,12.2,Semestral,Asesor comercial,0,Activa,,
POL-006654,CLI-01378,Salud,17/08/2023,2024-08-16,59000000,1489000,1414000,5.3,Mensual,Asesor comercial  ,10,Renovada,,
POL-006294,CLI-01457,Hogar,2025-01-24,2026-01-24,267000000,1100000,1124000,-2.1,Anual,Bancaseguros  ,15,ACTIVA,,
POL-002176,CLI-02283,Hogar,04/01/2023,2024-01-04,193000000,847000,850000,-0.3,SEMESTRAL,Corredor,0,Renovada  ,,
POL-000822,CLI-03346,VIDA,27/09/2024,2025/09/27,132000000,411000,320000,28.5,Anual, Asesor comercial ,10,Cancelada,2025/08/09,Otro
POL-000059,CLI-02725,Auto,2023/04/19,2024/04/18,81000000,2657000,2547000,4.3,Trimestral,Web,15,Vencida,,
POL-002888,CLI-00335,Hogar  ,2021-08-12,12/08/2022,253000000,1199000,1172000,2.3,Mensual,Agencia  ,10,Cancelada,2022/07/01,Cambio de aseguradora
POL-007282,CLI-04616,Vida,2025-03-01,01/03/2026,238000000,802000,659000,21.7,Anual,Corredor,10,ACTIVA,,
POL-005245,CLI-03568,Vida  ,21/11/2023,2024-11-20,203000000,778000,745000,4.4,ANUAL,Bancaseguros,10,Renovada,,
POL-003171,CLI-02899,Salud,2025/01/30,2026-01-30,161000000,3123000,3062000,2.0,Anual,Bancaseguros,10,ACTIVA,,
POL-007779,CLI-04558,Auto,05/04/2025,2026-04-05,47000000,1894000,1851000,2.3,Trimestral,Bancaseguros,0,Activa,,
POL-006491,CLI-03107,Vida,2024-02-01,31/01/2025,1181000000,5272000,5118000,3.0,Anual,Asesor comercial,15,vencida,,
POL-004883,CLI-00725,Auto,09/06/2022,2023/06/09,45000000,1905000,1391000,37.0,Anual  ,Corredor,0,Cancelada,2023-06-09,Reclamo rechazado / insatisfacción
POL-005215,CLI-04154,  Auto,08/05/2024,2025/05/08,73000000,2538000,2450000,3.6, Mensual ,Bancaseguros,10,Renovada,,
POL-004314,CLI-00369,auto,03/09/2023,02/09/2024,106000000,4988000,4644000,7.4,Mensual,bancaseguros,10,VENCIDA,,
POL-007427,CLI-01560,Salud,2025-05-30,2026-05-30,91000000,2374000,2184000,8.7,  Semestral,Agencia,5,Cancelada,30/12/2025,Otro
POL-001030,CLI-03287,VIDA,2021/05/15,2022-05-15,263000000,768000,714000,7.5,Semestral,Web,10,Vencida,,
POL-007695,CLI-04656,Auto,2023-05-19,2024-05-18,26000000,1706000,,4.7,Trimestral,bancaseguros,0, Renovada ,,
POL-001714,CLI-00837,Auto,03/09/2022,03/09/2023,67000000,2262000,2083000,8.6,Anual,Web,5,Renovada,,
POL-006325,CLI-00042,Salud,2022/05/23,2023-05-23,157000000,3060000,2868000,6.7,Mensual  ,Asesor comercial,5,cancelada,27/03/2023,Venta/pérdida del bien
POL-003564,CLI-03759,Salud,2024-08-22,2023-10-18,98000000,1420000,1351000,5.1,Anual,Corredor,10,Renovada,,
POL-007755,CLI-04934,Auto,2023/12/03,02/12/2024,54000000,158500000,1377000,15.1,Trimestral,Corredor,5,Renovada,,
POL-006764,CLI-03600,HOGAR,28/11/2024,28/11/2025,441000000,1671000,1534000,8.9,Mensual,Bancaseguros,10,Vencida,,
POL-002624,CLI-03428,Seguro de Salud,10/06/2023,2024-06-09,81000000,1374000,1047000,31.2,Mensual,Asesor comercial,10,CANCELADA,17/10/2023,Precio
POL-004215,CLI-05047,Salud,2021-04-20,20/04/2022,102000000,2352000,2146000,9.6,Mensual,Corredor  ,5,CANCELADA,2021-10-26,Otro
POL-005664,CLI-03256,salud,08/09/2024,2025-09-08,127000000,4173000,3200000,30.4,Anual,  Agencia,0,Vencida,,
POL-001966,CLI-03029,Salud,30/11/2023,2024-11-29,242000000,3405000,2805000,21.4,Mensual,Agencia,15,Cancelada,2024-07-09,precio
POL-002448,CLI-02767,Vida,2024-09-11,2025-09-11,271000000,770000,724000,6.3,Mensual,Asesor comercial,10,Vencida,,
POL-005448,CLI-05192,AUTO,2025/06/18,2026/06/18,42000000,1484000,1117000,32.8,Semestral,Bancaseguros,10,Cancelada,23/11/2025,Precio
POL-000160,CLI-00637,Auto,2023/07/03,2024/07/02,51000000,1368000,1309000,4.5,MENSUAL,Asesor comercial,5,Cancelada,2024-01-19,Cambio de aseguradora
POL-004647,CLI-00957,Auto,2025-02-28,2026-02-28,33000000,1140000,1188000,-4.0,Mensual,Asesor comercial,0,Activa,,
POL-001176,CLI-04844,  Hogar,2021-11-29,29/11/2022,218000000,,786000,10.6,Anual,Web,0,Renovada,,
POL-001717,CLI-04487,Auto,,12/11/2024,76000000,3192000,3164000,0.9,Trimestral,Asesor comercial,0,Renovada,,
POL-006262,CLI-02902,Salud,2023/08/20,INVALID_DATE,190000000,5199000,4966000,4.7,Anual,Agencia,5,Renovada,,
POL-002637,CLI-05030,Auto,2023/12/03,02/12/2024,107000000,4342000,3856000,12.6, Anual , Agencia ,0,Renovada,,
POL-002476,CLI-02082,Auto,03/01/2024,2025/01/02,61000000,2320000,2311000,0.4,Mensual,Bancaseguros,5,Cancelada,2024-05-10,Cambio de aseguradora
POL-007658,CLI-03528,Salud,2021-01-09,09/01/2022,46000000,1248000,1262000,-1.1,Semestral,Corredor,10,Renovada,,
POL-006004,CLI-01995,SALUD,2025-06-17,2026-06-17,110000000,2626000,2513000,4.5,Mensual,Asesor comercial,0,Activa,,
POL-005513,CLI-00392,Salud,17/01/2022,2023/01/17,76000000,2169000,2056000,5.5,anual, Corredor ,5,Vencida  ,,
POL-004614,CLI-04276,Vida,14/07/2022,2023-07-14,583000000,1725000,1621000,6.4,Mensual,Asesor comercial  ,10,Renovada,,
POL-001377,CLI-02664,Salud,21/10/2022,2023-10-21,56000000,1035000,996000,3.9,Trimestral,Web,5,Renovada,,
POL-004168,CLI-00111,Automóvil,05/11/2024,05/11/2025,33000000,1365000,1328000,2.8,Trimestral,Agencia,15,Renovada,,
POL-004538,CLI-00448,Auto,2024-05-12,INVALID_DATE,68000000,2439000,2279000,7.0,Anual,Agencia,5,Vencida,,
POL-000466,CLI-04183,  Auto,2025-02-28,2026-02-28,73000000,3026000,3020000,0.2,Mensual,Bancaseguros,0,Activa,,
POL-002012,CLI-01193,Salud,24/05/2022,24/05/2023,92000000,1680000,1650000,1.8,Anual,Corredor,0,Renovada,,
POL-007639,CLI-03062,Auto,17/08/2024,2025/08/17,31000000,1014000,943000,7.5,Anual,Bancaseguros  ,10, Renovada ,,
POL-000670,CLI-00812,Salud,30/06/2021,2022-06-30,269000000,5781000,5485000,5.4,Anual,WEB,15,VENCIDA,,
POL-000536,CLI-00365,salud,2021-02-26,2022-02-26,135000000,2442000,2289000,6.7,Anual,Asesor comercial,0,Renovada,INVALID_DATE,
POL-002794,CLI-04255,Auto,2024/10/21,2025-10-21,29000000,1406000,1315000,6.9,Semestral,Corredor,10,Renovada,,
POL-001925,CLI-00254,SALUD,,03/10/2024,49000000,1387000,,7.9,Anual,Corredor,5,Renovada,,
POL-003260,CLI-02767,Vida,31/12/2024,2025-12-31,741000000,2511000,2353000,6.7,Mensual,Asesor comercial,5,Cancelada,2025-04-02,Falta de pago
POL-002953,CLI-00327,Auto  ,2023-03-16,15/03/2024,23000000,844000,634000,33.2,Semestral,Corredor,10,Cancelada,2023-07-29,Falta de pago
POL-001895,CLI-05083,Hogar,2024-02-09,2025-02-08,155000000,600000,595000,0.8,trimestral,Asesor comercial,0,Cancelada,2024-12-30,Cambio de aseguradora
POL-002220,CLI-04961,Auto,2024-12-07,07/12/2025,62000000,2743000,2535000,8.2,ANUAL,Corredor,0,Vencida,,
POL-007152,CLI-00705,Salud,2023-09-24,2024-09-23,109000000,1456000,1159000,25.6,Mensual,Asesor comercial,0,Vencida,,
POL-003198,CLI-00254,Auto,08/02/2021,08/02/2022,38000000,1771000,1625000,9.0,Mensual,WEB,5,Vencida  ,,
POL-005094,CLI-03235,Auto,2024-05-10,10/05/2025,80000000,2894000,2775000,4.3,Mensual,Corredor,5,Renovada,,
POL-005022,CLI-98409,  Auto,2021-06-27,2022-06-27,93000000,3491000,3309000,5.5,Mensual,Asesor comercial  ,10, Cancelada ,2022-05-23,Precio
POL-003100,CLI-03120,Salud,2025-06-14,2026/06/14,93000000,1832000,1362000,34.5,Mensual,Asesor comercial,5,Cancelada,2025-10-14,Otro
POL-007124,CLI-04105,Hogar,08/06/2024,2025-06-08,181000000,613000,592000,3.6,Mensual,Agencia,10,Renovada,,
POL-002863,CLI-00936,Vida,2024-01-06,2025-01-05,240000000,1009000,965000,4.6,  Mensual,Agencia,5,Renovado,,
POL-007401,CLI-01910,Vida,11/09/2024,2025/09/11,737000000,2534000,2306000,,MENSUAL,Asesor comercial,10,Renovada,,
POL-007360,CLI-01403,Salud,2022-06-11,2023/06/11,88000000,1933000,1495000,,Semestral,  Web,15,Cancelada,2022/12/19,Precio
POL-005401,CLI-01115,Salud,2023-06-17,2024-06-16,283000000,7708000,7483000,3.0,Semestral,Bancaseguros,15,Renovada,,
POL-007153,CLI-00284,Hogar,2025-01-10,2026/01/10,156000000,686000,647000,6.0,Anual,Web,5,Cancelada,2025/07/19,Cambio de aseguradora
POL-004527,CLI-05087,Salud,2025-06-23,2026-06-23,153000000,2318000,2201000,5.3,semestral,ASESOR COMERCIAL,15,Activa,,
POL-006561,CLI-00876,Salud,2022-07-08,08/07/2023,124000000,2156000,1573000,37.1,Mensual,Asesor comercial,15,Renovada,,
POL-001131,CLI-04816,Auto,2024/12/22,2025-12-22,71000000,3469000,3431000,1.1,Semestral,Bancaseguros,0,Cancelada,12/05/2025,Falta de pago
POL-006381,CLI-03374,Hogar,2025-03-26,2026-03-26,845000000,3493000,3277000,6.6,Anual,Corredor,5,Activa,INVALID_DATE,
POL-001180,CLI-04590,Salud,2024-12-21,2025/12/21,125000000,2252000,2115000,6.5,Anual,Agencia,0,Renovada,,
POL-005833,CLI-04737,Hogar,2021/10/23,2022-10-23,281000000,1266000,1198000,5.7,Anual,Agencia  ,5,Renovada,,
POL-002383,CLI-00466,Auto,2025/04/02,2026/04/02,64000000,2432000,2325000,4.6,Mensual,Agencia,5,Activa,,
POL-000626,CLI-04488,Hogar,2021-07-28,28/07/2022,197000000,950000,888000,7.0,Mensual,Agencia,10,Renovada,,
POL-007635,CLI-04712,Salud,26/02/2025,2026-02-26,102000000,2330000,2215000,5.2,Mensual,Asesor comercial,15,Activa,,
POL-007343,CLI-05020,Auto,2024/11/09,2025/11/09,17000000,443000,409000,8.4,Mensual,Agencia,5,  Cancelada,2025-09-01, Cambio de aseguradora 
POL-002218,CLI-04917,Vivienda,2022-03-21,2023-03-21,168000000,654000,468000,39.6,Mensual  ,Bancaseguros,5,Cancelada,22/12/2022,Cambio de aseguradora
POL-001078,CLI-01874,SALUD,2021-03-24,2022-03-24,176000000,4623000,4353000,6.2,Anual,Asesor comercial,0,Cancelada,2021/09/13,Falta de pago
POL-004551,CLI-03473,Auto,2024-01-01,2024-12-31,20000000,657000,644000,2.0,Trimestral,Agencia,5,renovado,,
POL-001130,CLI-03468,Salud,14/05/2021,INVALID_DATE,76000000,1844000,1394000,32.3,Semestral,Bancaseguros,0,Renovada  ,,
POL-000764,CLI-02349,Hogar,2024-07-31,2025-07-31,141000000,549000,532000,3.1,  Mensual,Agencia,0,Renovada,,
POL-003343,CLI-02425,Auto,28/08/2024,28/08/2025,33000000,1771000,1728000,,TRIMESTRAL,Bancaseguros,0,Cancelada,2025/07/22,Precio
POL-007539,CLI-01455,Vida,2024-11-25,25/11/2025,460000000,1563000,1480000,5.6,Trimestral,  Corredor,5,Renovada,,
POL-004295,CLI-01573,Salud,2024/04/24,2025-04-24,291000000,3933000,3683000,6.8,Mensual,Bancaseguros,0,Renovado,,
POL-005715,CLI-00321,Auto,13/12/2023,2024-12-12,24000000,901000,652000,38.1,Anual,Agencia,15,Renovada,,
POL-000760,CLI-02069,Vida,2024-04-26,2025-04-26,275000000,956000,694000,37.8,Mensual,Asesor comercial,15,Renovada,,
POL-000898,CLI-00275,Salud,2023-04-11,2024-04-10,174000000,4010000,3924000,2.2,Mensual  ,Agencia,0, Cancelada ,2024/04/10,Cambio de aseguradora
POL-000425,CLI-02862,Auto,2024-08-20,2025-08-20,46000000,1812000,1768000,2.5,mensual,Agencia,15,Vencida,,
POL-002396,CLI-03864,Auto,03/06/2021,2022/06/03,55000000,2544000,2380000,6.9,Anual,Corredor,15,Renovada  ,,
POL-005708,CLI-01799,Hogar,2024-01-16,2025-01-15,212000000,910000,857000,6.2,Anual,Agencia,0,Renovado,,
POL-000596,CLI-02188,Salud,2025/06/16,2026-06-16,78000000,2085000,2075000,0.5,Mensual,Corredor,15,Activa,,
POL-001264,CLI-03567, Vida ,2021-11-20,20/11/2022,200000000,459000,420000,9.2,Anual,Asesor comercial,5,Cancelada,2022/10/06,Falta de pago
POL-002251,CLI-01686,HOGAR,2023-01-06,,969000000,3934000,3690000,6.6,Semestral, Bancaseguros ,0,Renovado  ,,
POL-003700,CLI-03777,Salud,2025-06-14,14/06/2026,47000000,890000,826000,7.7,Anual,Bancaseguros,5,Activa,,
POL-001873,CLI-03456,SEGURO AUTO,2021-05-04,2022/05/04,23000000,836000,792000,5.6,Mensual,Web,5,Vencida,,
POL-004668,CLI-01153,Auto,21/07/2024,21/07/2025,77000000,2721000,2589000,5.1,Mensual,Agencia,5,Renovada,,
POL-007183,CLI-01725,Seguro de Vida,2022-05-07,07/05/2023,669000000,2565000,2411000,6.4,Mensual,Corredor,5, Vencida ,,
POL-007091,CLI-01073,Auto,2024-02-10,09/02/2025,90000000,2837000,2624000,8.1,Trimestral,Web,10, Cancelada ,15/08/2024,FALTA DE PAGO
POL-003794,CLI-00462,auto,23/10/2023,2024-10-22,63000000,2497000,2345000,6.5,Semestral,Bancaseguros,5,Cancelada,01/07/2024,Precio
POL-000031,CLI-02089,  Salud,2024-05-22,22/05/2025,170000000,4551000,3487000,30.5,MENSUAL,Asesor comercial,15,Cancelada,2025-05-08,Precio
POL-002612,CLI-00358,Auto,2023-10-29,2024-10-28,178000000,7475000,7059000,5.9,ANUAL,Web,5,Vencida,,
POL-007676,CLI-00691,hogar,2023/04/09,2024-04-08,146000000,676000,623000,8.5,MENSUAL,Bancaseguros,5,Cancelada,2023-12-13,Cambio de aseguradora
POL-003877,CLI-04826,Salud,2021-07-01,2022/07/01,92000000,2507000,2334000,7.4,Mensual,Agencia,10,Cancelada,2021-09-24,Falta de pago
POL-001265,CLI-01326,Auto,27/02/2025,2026-02-27,73000000,2917000,2449000,19.1,Trimestral,Asesor comercial,5,Activa,,
POL-004121,CLI-04793,Salud,19/04/2025,2026-04-19,126000000,2411000,2136000,12.9,Semestral,Web,5,Cancelada,30/11/2025,Falta de pago
POL-006859,CLI-03812, Vida ,2021-02-17,17/02/2022,447000000,1932000,1854000,4.2,  Mensual,Agencia,0,Vencida  ,,
POL-001601,CLI-04976,SALUD,2022-01-04,04/01/2023,194000000,3725000,3365000,10.7,Anual,Agencia,10,VENCIDA,,
POL-004672,CLI-01343,  Salud,19/10/2023,2024/10/18,,2352000,2231000,5.4,Anual,Bancaseguros,10, Renovada ,,
POL-004216,CLI-00436,Vida,29/12/2024,2025-12-29,272000000,786000,733000,7.2,Mensual  ,Web,15,  Renovada,,
POL-007493,CLI-00357,Auto  ,2024-11-21,2025-11-21,59000000,1769000,1623000,9.0,Mensual,Asesor comercial,0,Renovada,,
POL-001900,CLI-04168,Auto,2024-04-03,2025-04-03,64000000,2362000,2298000,2.8,Mensual, Corredor ,10,Vencida,,
POL-005371,CLI-01022,salud,2022/06/28,28/06/2023,102000000,2460000,1970000,24.9,Mensual,Asesor comercial,5,Cancelada,28/06/2023,Precio
POL-005281,CLI-01456,Salud,2024-11-21,21/11/2025,326000000,7285000,7242000,0.6,Semestral,Agencia,10,Vencida,,
POL-001663,CLI-01326,Vida,2022-07-22,2023/07/22,319000000,1130000,950000,18.9, Anual ,Agencia,0,Renovada,,
POL-003543,CLI-00761,Vida  ,04/02/2021,2022/02/04,227000000,646000,646000,-0.0,Mensual,Bancaseguros,5,Renovada,,
POL-004680,CLI-01077,Auto,12/05/2024,2025-05-12,82000000,3255000,3133000,3.9,Semestral,corredor,5, Cancelada ,2024/11/25,Otro
POL-001321,CLI-02474,Salud,08/11/2023,2024-11-07,137000000,3895000,3118000,24.9,Mensual,Asesor comercial,0,Renovado,,
POL-006153,CLI-03794,Vida,2022-12-22,22/12/2023,304000000,1189000,1100000,8.1,Mensual,Corredor,10,Renovada,,
POL-000264,CLI-91787,SALUD,2022/10/02,2023-10-02,105000000,2517000,2206000,14.1,Mensual,Agencia,0,Vencida,,
POL-002877,CLI-04843,Auto,2025/02/16,16/02/2026,99000000,2597000,2414000,7.6,Anual,Corredor,5,Activa,,
POL-003166,CLI-01128,salud,25/09/2021,2022/09/25,189000000,4068000,3977000,2.3,Anual,Web,5,Vencida,,
POL-000722,CLI-00768,Salud,2022-04-13,2023-04-13,160000000,4643000,4606000,0.8,Mensual,Asesor comercial,15,  Vencida,,
POL-006803,CLI-03128,Auto,15/02/2025,15/02/2026,52000000,1936000,1872000,3.4,Mensual  ,Agencia,10,Activa,,
POL-004384,CLI-04965,auto,2021-03-07,2022-03-07,35000000,1083000,993000,9.1,TRIMESTRAL,AGENCIA,5,Vencida,,
POL-006837,CLI-01278,Auto,28/05/2022,2023/05/28,34000000,968000,862000,12.3,Anual,Corredor,10,Vencida,,
POL-003652,CLI-01010,Vida,15/03/2025,2026-03-15,126000000,500000,,6.4,Anual,  Bancaseguros,5,Activa,,
POL-008259,CLI-02183,Auto,2025-04-24,24/04/2026,34000000,1654000,1343000,23.2,Mensual,  Agencia,5,Activa,,
POL-004036,CLI-03637,hogar,13/11/2024,2025/11/13,444000000,2080000,1901000,9.4,Anual,Asesor comercial,15,Renovada,,
POL-005668,CLI-04543,Hogar,2024-05-15,15/05/2025,284000000,1222000,1173000,4.2,trimestral,Asesor comercial,10,Cancelada,2024-08-03,Precio
POL-004802,CLI-01815,Vida,2022/09/23,23/09/2023,195000000,619000,596000,3.9,Anual,Corredor,0,Cancelada,INVALID_DATE,Cambio de aseguradora
POL-003135,CLI-01899, Auto ,2023-05-26,2024-05-25,41000000,1835000,1758000,4.4,Mensual,Asesor comercial,10,Cancelada,2024/01/05,Cambio de aseguradora
POL-003752,CLI-01272,Hogar,2024-07-08,08/07/2025,132000000,441000,440000,0.2,Mensual,Asesor comercial,10,Renovada,,
POL-001136,CLI-03720,Salud,2021-05-05,05/05/2022,191000000,3872000,2780000,39.3,Mensual,Corredor,5,Vencida,,
POL-004070,CLI-03287,Vida,2022-10-22,2023/10/22,287000000,920000,864000,6.5,Mensual,Asesor comercial,5,Vencida,,
POL-005736,CLI-04984,Hogar,2023-08-08,2024-08-07,191000000,644000,501000,28.6,Mensual,Corredor,15,Vencida,,
POL-000122,CLI-03673,Salud,23/12/2024,2025/12/23,191000000,3464000,2540000,36.4,Mensual,Web,5,  Renovada,,
POL-001765,CLI-05054,Auto,16/06/2024,16/06/2025,35000000,1541000,1493000,3.2,ANUAL,Bancaseguros,10,Renovada,,
POL-005405,CLI-04597,Salud,2025-02-28,28/02/2026,164000000,5102000,4773000,6.9,Mensual,Asesor comercial,0,  Anulada,2025/06/03,  Falta de pago
POL-003248,CLI-03829,hogar,01/10/2023,30/09/2024,223000000,710000,660000,7.5,Trimestral,Agencia,10,Renovada,,
POL-008380,CLI-03280,Vida,25/08/2024,2025-08-25,556000000,1560000,1477000,5.6,Mensual,Asesor comercial,15,Renovada,,
POL-007271,CLI-03070,Auto  ,29/01/2022,2023-01-29,53000000,1720000,1670000,3.0,Anual,Web,0,Cancelada,2022/12/11,Otro
POL-006379,CLI-02744,Salud,25/05/2025,2026-05-25,206000000,4715000,4427000,6.5,Anual,Asesor comercial,10,Activa,,
POL-005472,CLI-05065, Auto ,2024/03/15,15/03/2025,50000000,1596000,1211000,31.8,Anual,Corredor,15,Vencida,,
POL-005856,CLI-04671,Auto,18/05/2023,2024-05-17,68000000,2565000,2555000,0.4,Semestral,Web,0,Renovada,,
POL-003205,CLI-03487,Auto,2024-05-24,2025-05-24,74000000,2836000,2770000,2.4,Anual,Agencia,10,Renovada,,
POL-003829,CLI-03404,AUTO,01/03/2023,2024-02-29,45000000,2057000,1944000,5.8,Mensual,Web,0,Renovada,,
POL-003239,CLI-00485,Auto,2024-06-10,2025-06-10,42000000,1280000,1056000,21.2,Anual,Web,10,  Vencida,,
POL-006780,CLI-01213,Auto,2023-06-24,2024-06-23,42000000,2266000,2030000,11.6,Trimestral,Web,10,Vencida,,
POL-006581,CLI-02077,Auto,2024/12/17,2025/12/17,75000000,2805000,2825000,-0.7,Mensual,Bancaseguros,5,Expirada,,
POL-000106,CLI-00387,Vida,18/02/2022,18/02/2023,178000000,671000,640000,4.9,Mensual,Agencia,0,Renovada,,
POL-005698,CLI-03438,Salud,2023/02/08,2024-02-08,81000000,2302000,2257000,2.0,Anual,Bancaseguros,0,Renovada,,
POL-002799,CLI-04486,Hogar,14/12/2021,2022-12-14,126000000,572000,553000,3.4,Semestral,Asesor comercial,0,Cancelada,2022-04-24,Falta de pago
POL-002495,CLI-04550,Salud,28/10/2024,2025-10-28,94000000,1555000,1475000,5.4,Trimestral,Bancaseguros,15,Vencida,,
POL-000142,CLI-01513,Salud,2024-05-31,31/05/2025,323000000,7192000,7114000,1.1,Anual,Corredor,5,vencida,,
POL-001960,cli-04916,Auto,2023-03-07,06/03/2024,72000000,3079000,2872000,7.2,Mensual,Agencia,10,Vencida,,
POL-005391,CLI-02081,Vida,2023-01-29,29/01/2024,694000000,2107000,1622000,29.9,Anual,Web,0,Cancelada  ,2023-07-20,Falta de pago
POL-002933,CLI-01426,Auto,2025/02/04,04/02/2026,30000000,818000,846000,-3.3,SEMESTRAL,Web,5,Activa,,
POL-005878,CLI-03533,Hogar,2024-01-27,26/01/2025,416000000,1512000,1129000,33.9,ANUAL,Web,15,Vencida,,
POL-000686,CLI-03669,Auto,2024-09-23,2025/09/23,41000000,1969000,1870000,5.3,Anual,BANCASEGUROS,5,Vencida,,
POL-005334,CLI-00036,SALUD,2024-10-04,2025-10-04,279000000,8062000,6135000,31.4,Mensual,Web,0,  Cancelada,2025/03/31,Precio
POL-007423,CLI-03306,Auto,2025-01-21,2026/01/21,63000000,1756000,1658000,5.9,Anual,Agencia,5,Cancelada,2025/11/05,Precio
POL-006834,CLI-02518,SALUD,2024-03-07,07/03/2025,92000000,2163000,2018000,7.2,Mensual,Asesor comercial,5,Vencida,,
POL-002287,CLI-04228,Hogar,2022/01/03,03/01/2023,212000000,849000,816000,4.0,Mensual,CORREDOR,5, Renovada ,,
POL-004341,CLI-01777,Auto,2023-08-06,05/08/2024,60000000,3145000,2538000,23.9,  Anual,Bancaseguros,0,Renovada,,
POL-002943,CLI-02080,Salud,2024-06-07,,116000000,2833000,2724000,4.0,Semestral,BANCASEGUROS,10,CANCELADA,19/03/2025,Cambio de aseguradora
POL-004642,CLI-00894,Auto,2025-06-27,2026-06-27,40000000,1657000,1524000,8.7,Mensual  ,Web  ,5,Activa,,
POL-008219,CLI-05095,Salud,2024-06-30,30/06/2025,203000000,3614000,3400000,6.3,Trimestral,Asesor  comercial,0,Renovada,,
POL-000086,CLI-04711,Auto,2024-02-21,20/02/2025,39000000,1596000,1517000,5.2,ANUAL, Corredor ,0,Vencida,,
POL-006824,CLI-03157,Hogar,20/11/2021,2022/11/20,235000000,1118000,1068000,,Mensual,Web,5,Vencida,,
POL-005809,CLI-02018,Auto,2025-02-22,2026/02/22,71000000,2737000,2732000,0.2,Mensual,Web  ,5,Activa,,
POL-006595,CLI-04700,Salud,2024/01/26,2025-01-25,52000000,931000,911000,2.2,  Anual,Asesor comercial,15,Vencida,,
POL-001366,CLI-04205,Auto,21/06/2024,2025-06-21,78000000,3099000,2960000,4.7,Anual,Agencia,5,RENOVADA,,
POL-005236,CLI-02198,Salud,19/04/2024,2025-04-19,161000000,-2927000,2663000,9.9,Trimestral,Asesor comercial,15,Cancelada,2024-11-30,Precio  
POL-000261,CLI-04925,Auto,2023-03-04,03/03/2024,92000000,3183000,3099000,2.7,Semestral,Web,0,Renovada,,
POL-003042,CLI-02151,salud,2023-03-26,25/03/2024,133000000,2622000,2509000,4.5,Anual,Bancaseguros,5,Cancelada,2023-12-23,Cambio de aseguradora
POL-007224,CLI-03969,Hogar,2025/06/23,23/06/2026,221000000,908000,880000,3.2,Anual,Agencia,0,Vigente,INVALID_DATE,
POL-000213,CLI-03360,Salud,,2025-10-02,,2924000,2836000,3.1,Anual,Bancaseguros,10,Vencida  ,,
POL-007276,CLI-01351,Vida,16/03/2024,16/03/2025,513000000,1738000,1689000,2.9,Anual,Agencia,5, Renovada ,,
POL-004522,CLI-04899,Auto,2025/05/10,INVALID_DATE,50000000,2484000,2313000,7.4,Trimestral,Asesor comercial,10,Activa,,
POL-004410,CLI-04235,Vida,2024-02-16,15/02/2025,140000000,472000,355000,32.8, Mensual ,Asesor comercial,5,Vencida,,
POL-003591,CLI-03552,Salud,2023/06/15,2024/06/14,82000000,2087000,,6.0,Mensual,Bancaseguros,5,Renovada,,
POL-008150,CLI-00915,auto,23/06/2025,23/06/2026,46000000,1677000,1551000,8.1,Anual,Web,15,ACTIVA,,
POL-006249,CLI-00763,Auto,2024-04-06,2025-04-06,77000000,4039000,3455000,16.9,Anual,Agencia,10,Renovada,,
POL-002848,CLI-01306,  Hogar,30/10/2023,2024-10-29,276000000,1162000,1089000,6.7,Mensual,Asesor comercial,10,Renovada  ,,
POL-007015,CLI-00732,Salud,2021-09-11,2022/09/11,143000000,3002000,2816000,6.6,Mensual,Web,10,Cancelada,2022/05/26,Falta de pago
POL-003555,CLI-03354,Auto,2025-05-01,2026/05/01,62000000,2494000,2192000,13.8,Mensual,Asesor comercial,10,Activo,,
POL-005332,CLI-00186,Auto  ,05/02/2025,2026/02/05,57000000,1567000,1233000,27.1,mensual,Asesor comercial,0,Cancelada,2025/08/05,Precio
POL-001001,CLI-02042,Salud,2024/04/21,2025-04-21,237000000,4857000,4626000,5.0,Mensual,Web,0,Cancelada,17/03/2025,Cambio de aseguradora
POL-006735,CLI-03177,Auto,14/01/2023,2024/01/14,39000000,1341000,1227000,9.3,Anual,Bancaseguros,10,Renovada  ,,
POL-007535,CLI-02765,Salud,2023-08-19,2024-08-18,110000000,1719000,1684000,2.1,Semestral,Agencia,10,Renovada,,
POL-004463,CLI-01369,Auto,2024-03-28,2025-03-28,54000000,2488000,2338000,6.4,Mensual,Asesor comercial,10,Renovada,,
POL-006694,CLI-00450,HOGAR,23/10/2022,23/10/2023,242000000,1223000,1070000,14.3,Anual,Agencia,5,Expirada,,
POL-006550,CLI-00694,Auto,2024-03-14,2025/03/14,,1607000,1536000,4.6,ANUAL,Web,0,VENCIDA,,
POL-004992,CLI-01614,VIDA,16/02/2025,2026-02-16,114000000,384000,278000,38.3,ANUAL,Bancaseguros,10,  Vigente,,
POL-003149,CLI-02544,Hogar,27/06/2025,2026-06-27,170000000,655000,502000,30.5,mensual,Agencia,0,Activa,,
POL-006414,CLI-01469,Auto,2021-09-04,2022/09/04,33000000,1532000,1394000,9.9,Mensual,Bancaseguros,0,Cancelada,30/10/2021,Falta de pago
POL-008223,CLI-02139,Hogar,2022/12/18,18/12/2023,143000000,663000,538000,23.3, Mensual ,BANCASEGUROS,0, Cancelada ,23/04/2023,Precio
POL-004125,CLI-00779,Salud,2025-02-02,2026-02-02,88000000,1576000,1502000,4.9,Semestral,Agencia,0,Activa,,
POL-003083,CLI-02435,Salud,2024/10/16,16/10/2025,261000000,4497000,4168000,7.9,Mensual,Asesor comercial,5,Vencida,,
POL-003595, CLI-02816 ,Auto,09/06/2024,2025/06/09,88000000,3252000,3255000,,Mensual,Web,5,Renovada,,
POL-003460,CLI-03192,Hogar,08/02/2025,08/02/2026,385000000,1617000,1573000,2.8,MENSUAL,Bancaseguros,15,Activa,,
POL-004715,CLI-04100,auto,2025-02-13,2026-02-13,36000000,1468000,1402000,4.7,Mensual,Corredor,10,Suspendida,,
POL-007777,CLI-03699,AUTO,03/05/2021,2022/05/03,99000000,4439000,4164000,6.6,Semestral,Asesor comercial,5,Vencida,,
POL-002213,CLI-04933,Salud,2025/05/04,2026/05/04,323000000,7249000,6897000,5.1,Trimestral,Asesor comercial,0,Activa,,
POL-007856,CLI-01396, Auto ,11/05/2025,2026/05/11,69000000,2846000,2801000,1.6,Mensual,Agencia,5,Activa,,
POL-001953,CLI-00280,Auto,2024/10/24,24/10/2025,88000000,4390000,4088000,7.4,MENSUAL,Bancaseguros,5,Renovada,,
POL-002200,CLI-04555,Vivienda,2024-04-27,2025/04/27,159000000,578000,546000,5.9,Anual,Agencia,5,Vencida,,
POL-007655,CLI-04612,Salud,2023-06-26,2024-06-25,58000000,1178000,1122000,5.0,Anual,Corredor,10,Renovada,,
POL-000092,CLI-00084,Auto,2023/12/08,2024/12/07,71000000,2925000,2765000,5.8,Mensual,Asesor comercial,5,Cancelada,11/05/2024,Cambio de aseguradora
POL-007680, CLI-04642 ,Auto,2023-07-06,05/07/2024,17000000,654000,504000,29.7,Anual,Web,10,Vencida,,
POL-002289,CLI-03842,Auto,2024-11-06,2025-11-06,95000000,4642000,4178000,11.1,Mensual,Web,15,Vencida,,
POL-004289,CLI-02478,Salud,2022-04-09,09/04/2023,153000000,3843000,3240000,18.6,Trimestral,Asesor comercial,5,Cancelada,24/11/2022,Precio
POL-004624,CLI-01472,Auto,,2026-05-13,53000000,2622000,2036000,28.8,Anual,Bancaseguros,5,Activa,,
POL-008299,CLI-03341,Hogar,INVALID_DATE,24/05/2025,127000000,461000,451000,2.3,Mensual,Corredor,5,Renovada,,
POL-005749,CLI-02214,Auto,21/06/2025,21/06/2026,39000000,1315000,1260000,4.4,Anual,Agencia,10,Activa,,
POL-003844,CLI-00484,Automóvil,2023-05-01,2024-04-30,21000000,639000,630000,1.5,Mensual,Corredor,15,Renovada,,
POL-001527,CLI-04088,Salud,2024/02/13,2025-02-12,190000000,5423000,5102000,6.3,MENSUAL,Web,5,Renovada,,
POL-002032,CLI-02031,Salud,INVALID_DATE,2024-06-28,143000000,3215000,2980000,7.9,Mensual,Asesor comercial,15,Renovada,,
POL-005832,CLI-01149,Salud,31/12/2023,2024-12-30,91000000,1789000,1699000,5.3,Anual,Web,15,Renovada,,
POL-006284,CLI-01681,Salud,2024-12-18,2025/12/18,90000000,1574000,1190000,32.3,Mensual,Agencia,0,cancelada,08/12/2025,Falta de pago
POL-006187,CLI-00052,Auto,2024/09/25,25/09/2025,62000000,2330000,2180000,6.9,Mensual,Bancaseguros,0,Renovada,,
POL-002326,CLI-00094,HOGAR,2022/03/10,2023/03/10,219000000,730000,675000,8.2,Mensual,agencia,5,cancelada,2022-09-18,Precio
POL-002356,CLI-00336,Hogar,2023-07-14,13/07/2024,190000000,756000,,7.2,Mensual,Corredor,5,RENOVADA,,
POL-004524,CLI-03628,Hogar,2021/11/10,2022/11/10,146000000,570000,528000,7.9,Anual,Agencia,10,Renovada,,
POL-007623,CLI-01511,Auto,10/05/2025,2026-05-10,34000000,1288000,1275000,1.0,Mensual,Web,0,Cancelada,08/09/2025,Cambio de aseguradora
POL-007370,CLI-01335,Seguro de Salud,2022-12-18,2023-12-18,105000000,2139000,2069000,3.4, Mensual ,Asesor comercial,5,Vencida,,
POL-003188,CLI-02409,Salud,08/12/2024,08/12/2025,125000000,,2447000,1.4,Semestral,  Web,15,Cancelado,2025-12-03,Otro
POL-004042,CLI-00870,SALUD,28/09/2023,2024-09-27,251000000,5276000,4151000,27.1,Mensual,Bancaseguros,5,Renovada,,
POL-005561,CLI-02403,Automóvil,,2024/08/24,64000000,2728000,2631000,3.7,Mensual,Web  ,0,Renovada,,
POL-008160,CLI-01196,Salud,2023-01-05,05/01/2024,298000000,6647000,6510000,2.1,Mensual,AGENCIA,5,Vencida,,
POL-004789,CLI-02043,Auto,2022/01/21,21/01/2023,81000000,4277000,3173000,34.8,Mensual,Web,5,Renovada,INVALID_DATE,
POL-003462,CLI-03746,Salud,13/11/2022,2023-11-13,198000000,3782000,3630000,4.2,Mensual  ,Agencia,15,Cancelada,2023-08-17,Venta/pérdida del bien
POL-005469,CLI-01431,Auto,2021/07/26,26/07/2022,54000000,2509000,2522000,-0.5,Anual,Corredor,0,Vencida,,
POL-001292,CLI-00778,Vida,19/05/2023,18/05/2024,164000000,434000,405000,7.2,Mensual  ,Corredor,5,Cancelada,2024-02-21,Otro
POL-001234,CLI-03361,Vida,2022/09/06,2023-09-06,269000000,799000,825000,-3.1,Mensual,Asesor comercial,0,Vencida,,
POL-002020,CLI-04760,Seguro de Vida,2024/06/12,2025-06-12,522000000,1535000,,20.4,Trimestral, Web ,5,RENOVADA,,
POL-000546,CLI-00534,Salud,2024-09-15,2025-09-15,139000000,3099000,2885000,7.4,Semestral,Asesor comercial,5, Cancelada ,2025-03-20,Venta/pérdida del bien
POL-006670,CLI-03559,Auto,2024-01-31,30/01/2025,85000000,3255000,3077000,5.8,  Anual,Asesor comercial,0,Cancelada,23/10/2024,Otro
POL-005258,CLI-01507,AUTO,2023-09-09,2024-09-08,88000000,3107000,2240000,38.7,Mensual,Bancaseguros,0,Renovada,,
POL-006148,CLI-02488,Auto,2021-02-08,2022-02-08,30000000,1261000,1086000,16.1,Trimestral,Corredor,5,Cancelada,13/04/2021,Precio
POL-005239,CLI-00848,  Vida,06/05/2023,05/05/2024,242000000,844000,808000,4.4,Anual,Corredor,15,Renovada,,
POL-002746,CLI-01006,Hogar,2025/03/03,2026-03-03,337000000,1543000,1468000,5.1,Semestral,Web,5,Activa,,
POL-000959,CLI-00349,Hogar,2022-01-03,2023-01-03,98000000,355000,320000,11.0,Mensual,Web  ,0,Renovada,,
POL-002360,CLI-04723,Salud,12/05/2025,2026/05/12,72000000,1274000,1183000,7.7,Mensual,Agencia,5,Activa,,
POL-001162,CLI-00648,Salud,2023-01-26,2024-01-26,82000000,2282000,2190000,4.2,Mensual,  Agencia,0,Renovada,,
POL-000196,CLI-01185,Salud,2024-10-26,26/10/2025,82000000,1880000,1829000,2.8,Semestral,Web  ,5,Renovada,,
POL-001735,CLI-04470,Vida  ,05/09/2024,05/09/2025,,1839000,1627000,13.0,Mensual,Asesor comercial,5,Cancelada,2025-06-24,Precio
POL-000006,CLI-02937,AUTO,2025/01/06,2026-01-06,59000000,2576000,2417000,6.6,Anual,Web,0,Activa,,
POL-006123,CLI-04061,Auto,2023/11/16,15/11/2024,80000000,3564000,3543000,0.6,Anual,Asesor comercial,15,Renovada,,
POL-007930,CLI-04662,Auto,14/06/2025,14/06/2026,68000000,3220000,3151000,,Mensual,Agencia,0,Activa,,
POL-006896,CLI-00632,Vida,2024-04-25,25/04/2025,261000000,978000,953000,2.6,Mensual,Web,5,Vencida,,
POL-000298,CLI-03252,Vida,2022-01-21,21/01/2023,232000000,681000,642000,6.0,Trimestral,Asesor comercial,15,Renovada,,
POL-000547,CLI-04270,Auto,30/05/2024,INVALID_DATE,49000000,2247000,2167000,3.7,Mensual,Bancaseguros,15,Cancelada,28/08/2024,Precio
POL-003547,CLI-00642,Vida,25/09/2021,25/09/2022,262000000,1332000,1041000,28.0,Trimestral,Agencia,5,Renovada,,
POL-001029,CLI-03823,Salud,2023-12-25,2024-12-24,61000000,1050000,939000,11.8,Semestral,Web,0,Renovada,,
POL-008325,CLI-01020,Hogar,2022-12-05,2023/12/05,247000000,927000,858000,8.1,Anual,Web,10,Vencida,,
POL-004839,CLI-00405,Auto,2025-01-19,2026-01-19,31000000,1620000,1524000,6.3,Trimestral,Agencia,0,Cancelada,2025-06-22,  Precio
POL-006314,CLI-01197,Auto,2021-11-12,,58000000,1514000,1442000,5.0,anual,Agencia,10,Renovada,,
POL-002788,CLI-01372,Auto,02/09/2023,01/09/2024,52000000,1843000,1890000,-2.5,Mensual,Web,10, Renovada ,,
POL-003105,CLI-04737,Auto,2025/02/05,2026-02-05,21000000,763000,712000,7.1,Mensual,Bancaseguros,0, Activa ,,
POL-004230,CLI-00181,Vida,2023/12/11,10/12/2024,,1491000,1412000,5.6,Trimestral,Asesor comercial,10,Vencida,,
POL-007372,CLI-03154,salud,14/03/2022,2023-03-14,125000000,2624000,2548000,3.0,Anual,Corredor,0,RENOVADA,,
POL-006907,CLI-04157,Auto,27/11/2024,2025-11-27,35000000,1646000,1557000,5.7,Mensual,Agencia,5,Renovada  ,,
POL-001887,CLI-00604,Hogar,12/11/2023,2024/11/11,237000000,986000,927000,6.4,Anual,Bancaseguros,5,vencida,,
POL-007549,CLI-02194,Hogar,2024-05-23,2025/05/23,429000000,1565000,1530000,2.3,Mensual,Agencia,5,Renovada,,
POL-003154,cli-01171,Hogar,2023-11-27,2024-11-26,215000000,785000,753000,4.2,Anual,Corredor,10,Renovada,,
POL-006100,CLI-04505,Vehículo,2024-04-21,21/04/2025,79000000,3407000,2765000,23.2,Mensual,Asesor comercial,5,Renovada,,
POL-008082,CLI-03683,Auto,17/05/2025,17/05/2026,76000000,2771000,2354000,17.7,Trimestral  ,Corredor,5, Activa ,,
POL-001720,CLI-03180,Salud,2024-03-31,2025-03-31,219000000,5296000,3946000,34.2,Mensual,Bancaseguros,10,Renovada,,
POL-000979,CLI-03495,Salud,2024-02-18,17/02/2025,108000000,2321000,2155000,7.7,Anual,Asesor comercial,0,Renovada,,
POL-007756,CLI-04326,Salud,2023-09-12,INVALID_DATE,177000000,3162000,2909000,8.7,Semestral  ,Asesor comercial,0,Renovada  ,,
POL-000826,CLI-04650,Hogar,2024-03-16,2025-03-16,118000000,474000,465000,2.0,Anual,Asesor comercial,0,Renovada,,
POL-005476,CLI-00049,Auto,2025-03-12,2026-03-12,27000000,926000,732000,26.5,Mensual,  Asesor comercial,5,Activa,,
POL-004673,CLI-01394,Auto,2025/03/17,2026-03-17,73000000,2005000,1622000,23.6,Anual,Agencia,5,Cancelada,14/05/2025,Precio
POL-003258,CLI-03127,Salud,03/07/2024,2025-07-03,177000000,3717000,3090000,20.3,Semestral,AGENCIA,0,Cancelada,2025-05-11,Otro
POL-008078,CLI-01044,  Auto,2024-11-17,17/11/2025,26000000,748000,702000,6.6,TRIMESTRAL,Agencia,15,Vencida,,
POL-002480,CLI-02186, Auto ,25/02/2025,25/02/2026,79000000,2212000,1834000,20.6,Mensual,Corredor,0,Activa,,
POL-007322,CLI-01344,Salud,2022/05/14,2023-05-14,200000000,4100000,3758000,9.1,Trimestral, Asesor comercial ,5,Vencida,,
POL-001462,CLI-00084,Auto,2022-05-09,2023-05-09,33000000,1163000,1122000,3.7,Mensual,Agencia,0,Renovada,,
POL-003656,CLI-05005,SEGURO DE SALUD,2024/06/29,2025-06-29,117000000,2513000,2342000,7.3,Anual,Agencia,5,Renovado,,
POL-003657,CLI-04266,Hogar,2022-04-09,2023-04-09,214000000,716000,714000,0.3,Anual,Bancaseguros,10, Renovada ,,
POL-003361,cli-04975,Auto  ,2025/03/22,2026-03-22,34000000,1416000,1326000,6.8,  Mensual,BANCASEGUROS,0,Cancelada,01/10/2025,Otro
POL-005134,CLI-03821,  Auto,23/07/2021,2022-07-23,42000000,1538000,1480000,,Trimestral,Asesor comercial,5,Renovada,,
POL-007590,CLI-00210,Auto,2022/02/15,2023/02/15,42000000,1863000,1706000,9.2,Mensual,Bancaseguros,0,CANCELADA,22/01/2023,Cambio de aseguradora
POL-005188,CLI-00502,Auto,2024-11-08,17/11/2023,137000000,7109000,6713000,5.9,Mensual,Asesor comercial,0,vencida,,
POL-002311,CLI-01497,Auto,2021-12-13,13/12/2022,50000000,2088000,2012000,3.8,Anual,Web,15,Renovada,,
POL-007519,CLI-04725,Hogar,05/01/2024,2025-01-04,149000000,743000,663000,12.1,Mensual,Web,5,Renovada  ,,
POL-001354,CLI-03210,SALUD,2022/03/27,2023/03/27,247000000,4895000,4866000,0.6,Anual,Agencia,0,Vencida,,
POL-006191,CLI-01590,Auto,15/10/2024,15/10/2025,51000000,2060000,2146000,-4.0, Trimestral ,Agencia,5,Renovada,,
POL-001481,CLI-02517,Auto,12/06/2023,2024-06-11,28000000,1109000,929000,19.4,Anual,Asesor comercial,10,Vencida,,
POL-003016,CLI-03533,AUTO,25/06/2023,2024-06-24,54000000,2600000,2510000,3.6,Semestral,Web,5,Renovada,,
POL-005393,CLI-02823,Auto,2024-09-18,2025/09/18,58000000,2182000,2154000,,Semestral,CORREDOR,10,Renovada,,
POL-002628,CLI-00125,Vida,26/10/2023,25/10/2024,301000000,911000,833000,9.3,Trimestral,Asesor comercial,5,Renovada,,
POL-005214,CLI-01169,Hogar,2024-07-14,2025-07-14,168000000,804000,777000,3.5,Trimestral,Asesor comercial,10,Vencida,,
POL-005248,CLI-04068,SALUD,2024-05-14,14/05/2025,88000000,2443000,2372000,3.0,Mensual,Web,5,Renovada,,
POL-000041,CLI-04974,Hogar,30/11/2023,2024-11-29,209000000,953000,908000,5.0,Mensual,Bancaseguros,0,RENOVADA,,
POL-007483,CLI-02796,Auto,2024/04/06,2025-04-06,64000000,2717000,2532000,7.3,Mensual,Asesor comercial,5,Renovada,,
POL-001821,CLI-00944,Vida,25/08/2023,2024-08-24,164000000,663000,618000,7.2,Anual,Corredor,10, Cancelada ,2024/07/17,Cambio de aseguradora
POL-005481,CLI-02319,Hogar,2024/02/17,2025-02-16,258000000,,806000,3.5,Trimestral,Corredor,5,Renovada,,
POL-005362,CLI-01106,Auto,15/08/2021,2022-08-15,85000000,4150000,3811000,8.9,TRIMESTRAL,Bancaseguros,10,Renovado,,
POL-001698,CLI-04672,salud,2021-10-14,2022-10-14,95000000,2151000,1959000,9.8,Anual,Web  ,15,Vencida,,
POL-002692,CLI-04657,VIDA,INVALID_DATE,2023/07/03,754000000,2969000,2809000,5.7,Semestral,Agencia,5,Renovada,,
POL-007821,CLI-05183,AUTO,2021-10-01,2021-03-09,49000000,2641000,2443000,8.1,Trimestral,Bancaseguros,5,Renovada,,
POL-002704,CLI-00048,Vida,2025/05/06,2026-05-06,645000000,2413000,2305000,4.7, Semestral ,  Asesor comercial,10,Activa,,
POL-001025,CLI-03823,Salud,2024-11-29,2025-11-29,168000000,3354000,3182000,5.4,Semestral,Corredor,10,Renovada,,
POL-003682,CLI-01927,Hogar,2021-05-08,08/05/2022,201000000,914000,877000,4.2,Trimestral,Web,10,Cancelada  ,11/12/2021,Precio
POL-000079,CLI-00699,Vida,15/10/2023,2024-10-14,276000000,1011000,828000,22.1,Mensual,Bancaseguros,15,Vencida,,
POL-005700,CLI-04713,Hogar,2024-08-04,04/08/2025,157000000,478000,451000,5.9,Mensual,Asesor comercial,5,Vencida,,
POL-000755,CLI-03246,  Hogar,12/10/2024,2025-10-12,253000000,1242000,1246000,-0.3,Mensual,  Corredor,5,Renovada,,
POL-007648,CLI-03687,Auto,2025/06/17,2026-06-17,37000000,1523000,,7.4,Mensual,Asesor comercial,15,ACTIVA,,
POL-001153,CLI-05060,Salud,INVALID_DATE,2023/12/29,141000000,3109000,2288000,35.9,Mensual,Web,0,Renovada,,
POL-004979,CLI-05041,Hogar,2025-01-05,05/01/2026,241000000,975000,909000,7.3,Mensual,asesor comercial,0,Cancelada,2025-09-23,Otro
POL-007438,CLI-03953,Auto,2024-01-12,2025-01-11,47000000,1495000,1464000,2.1,trimestral,Asesor comercial,5,Vencida,,
POL-000818,CLI-00738,Auto,06/05/2025,2026/05/06,112000000,4147000,4026000,3.0,Mensual,Agencia,15,Activa,,
POL-005216,CLI-01134,Vida,2022-07-16,16/07/2023,196000000,529000,466000,13.4,Mensual,Asesor comercial,0,Renovada,,
POL-000378,CLI-00503,AUTO,2022-11-20,2023-11-20,57000000,2035000,1867000,9.0,Mensual,Bancaseguros,5,Renovada,,
POL-005107,CLI-00933,Auto,2023-05-12,2024-05-11,94000000,3869000,3643000,6.2,Semestral,Bancaseguros,5,Vencida,,
POL-001003,CLI-00567,Vida,2022-10-25,2023-10-25,235000000,1317000,1198000,9.9,Mensual,Asesor comercial,0,Renovada,,
POL-007338,cli-01537,Auto,28/02/2021,2022/02/28,41000000,1444000,1373000,5.2, Mensual ,Asesor comercial,5,Vencida,,
POL-003978,CLI-01045,Hogar,2023/04/12,2024-04-11,515000000,2296000,1993000,15.2,Anual,Web,5,Vencida,,
POL-006748,CLI-01963,Hogar,2023-11-22,2024/11/21,224000000,857000,835000,2.6,Trimestral,Web,0,Renovada,,
POL-003360,CLI-04068,Auto,2025-05-03,2026-05-03,24000000,741000,682000,8.6,Mensual,Agencia,0,Cancelada,2025-11-25,Cambio de aseguradora
POL-006036,CLI-00446,Auto,2024-09-08,08/09/2025,70000000,2882000,2862000,0.7,Mensual,Corredor,0,Cancelada,2025-07-08,Falta de pago
POL-007789,CLI-03402,Auto,2023/12/04,2024-12-03,39000000,1657000,1568000,5.7,Anual,Bancaseguros,10,Vencida,,
POL-003164,CLI-00914,Auto,03/12/2023,2024/12/02,50000000,2191000,2069000,5.9,Mensual,ASESOR COMERCIAL,15,Renovada,,
POL-001077,CLI-00103,Hogar,2024/12/08,08/12/2025,463000000,1859000,1508000,23.3,  Mensual,Asesor comercial,15,Cancelada,2025-06-21,PRECIO
POL-002743,CLI-03346,Salud,2024-10-01,2025-10-01,95000000,2492000,2530000,-1.5,Trimestral,Web,10,Renovada,,
POL-001388,CLI-00336,Auto,2025-03-28,28/03/2026,110000000,4876000,4790000,1.8,Trimestral,Agencia,5,Activa,,
POL-002717,CLI-00665, Auto ,2024/09/18,2025/09/18,65000000,1652000,1662000,-0.6,  Anual,Agencia,0,Vencida,,
POL-005390,CLI-02144,SALUD,2024-01-25,2025-01-24,130000000,,3218000,1.1,Anual,Bancaseguros,10,Cancelada,2024-08-06,Otro
POL-002087,CLI-00070,Vida,21/04/2025,21/04/2026,142000000,535000,528000,1.4,Mensual,Bancaseguros,5,Activa,,
POL-005217,CLI-05180,Salud,22/01/2024,2025-01-21,113000000,2123000,1977000,,Mensual,Web,5, Renovada ,,
POL-005012,CLI-03838,  Auto,2025-04-14,2026-04-14,106000000,3710000,3112000,19.2,Mensual,Web,10,Activa,,
POL-005898,CLI-01356,Auto,2022-01-03,03/01/2023,44000000,2040000,1848000,10.4,Mensual,Agencia,10,Vencida,,
POL-007393,CLI-02252,Hogar,06/12/2022,2023-12-06,190000000,684000,547000,25.1,Mensual,Corredor,15, Vencida ,,
POL-006755,CLI-02455,Auto,2022-02-26,26/02/2023,82000000,,3576000,5.9,Anual,Asesor comercial  ,15,Vencida,,
POL-002365,CLI-03066,Hogar,2025/01/04,2026-01-04,158000000,638000,,7.1,Mensual,Agencia,0,Activa,,
POL-001098,CLI-01644,Auto,2023-09-17,2024/09/16,29000000,827000,788000,5.0,Trimestral,Corredor,10,Renovada,,
POL-005344,CLI-00129,Auto,2024-10-06,2025-10-06,32000000,1377000,1064000,29.4,trimestral,Agencia,0,Expirada,,
POL-004751,CLI-01624,Vida,2024-08-31,2025/08/31,442000000,1411000,1378000,2.4,Mensual,Web,0,  Renovada,,
POL-000245,CLI-04810,Vida,2023/05/02,01/05/2024,483000000,1664000,1268000,31.2, Mensual ,Asesor comercial,10,Renovada,,
POL-000807,CLI-00107,Salud,21/10/2021,2022-10-21,62000000,2439000,2341000,4.2,Semestral,Asesor comercial,10,Vencida,,
POL-002938,CLI-03272,Vida,30/05/2021,30/05/2022,154000000,428000,381000,12.2,Semestral,Web,0,Renovada,INVALID_DATE,
POL-001560,CLI-00716,Salud,2024/08/23,23/08/2025,104000000,1959000,1523000,28.6,Anual,Agencia,5,Renovada,,
POL-004011,CLI-04710,Seguro Auto,2025/02/21,2026-02-21,76000000,2532000,2482000,2.0,Anual,Corredor  ,10,Activa,,
POL-008050,CLI-00222,Auto,2025-05-24,2026-05-24,42000000,1617000,1590000,1.7,Mensual,Web,5,Cancelada,2025-12-23,Falta de pago
POL-007262,CLI-01881, Auto ,04/12/2024,04/12/2025,51000000,1915000,1817000,5.4,Mensual,Corredor,5,Renovada,,
POL-003566,CLI-00200,Auto,27/08/2023,2024-08-26,93000000,4596000,4352000,5.6,Mensual,CORREDOR,15,Vencida,,
POL-005604,CLI-00604,Vida,2023/03/29,2024-03-28,585000000,1835000,1528000,20.1,Mensual,Agencia,5,Renovada,,
POL-002186,CLI-01186, Vida ,2024/09/27,2025-09-27,259000000,790000,713000,10.8,Anual,Agencia,5,Vencida,,
POL-004809,CLI-00037,Hogar  ,2024-04-18,18/04/2025,353000000,1345000,1094000,22.9,MENSUAL,Agencia,0,Expirada,,
POL-008323,CLI-04599,Salud,08/09/2024,2025-09-08,225000000,4810000,4295000,12.0,Mensual,Agencia,0,Vencida,,
POL-006624,CLI-02966,Salud,26/02/2024,2025/02/25,185000000,4470000,3287000,36.0,Anual,Bancaseguros,0,Cancelada,2024-09-16,Precio
POL-008084, CLI-04923 ,Hogar,2024/05/19,2025-05-19,353000000,1682000,1622000,3.7,Mensual,Bancaseguros,10,Cancelada,2025-02-17,RECLAMO RECHAZADO / INSATISFACCION
POL-004725,CLI-04718,AUTO,2021/03/15,2022-03-15,47000000,1769000,1650000,7.2,Trimestral,Bancaseguros,0,Renovada,,
POL-003271,CLI-04584,  Hogar,10/06/2022,10/06/2023,121000000,472000,453000,4.2,Trimestral,Asesor comercial,5,Cancelada,2023/05/24,Cambio de aseguradora
POL-005458,CLI-03298,Salud,31/05/2025,2026-05-31,110000000,1936000,1778000,8.9,MENSUAL,Corredor,10,Activa,,
POL-002142,CLI-01130,Hogar,,2025-02-18,127000000,568000,559000,1.6,Semestral,Corredor,10,Vencida,,
POL-003754,CLI-00086,Hogar,2024-06-03,03/06/2025,333000000,1818000,1748000,4.0,Mensual,Bancaseguros,10,renovada,,
POL-007285,cli-02240,Salud,2022/11/10,10/11/2023,112000000,2238000,2154000,3.9,Mensual, Bancaseguros ,0,Vencida,,
POL-004976,CLI-04891,  Vida,2025-02-02,2026-02-02,246000000,1009000,779000,29.5,Mensual,Agencia,10,  Cancelada,23/11/2025,Cambio de aseguradora
POL-007993,CLI-04104,  Auto,17/05/2022,2023-05-17,37000000,1988000,1793000,10.9,Anual,Corredor,10,Vencida,,
POL-005088,CLI-00323,Hogar,2025-04-29,29/04/2026,391000000,1767000,1665000,6.1,Trimestral,Corredor,15,Activa,,
POL-001587,CLI-05092,Salud,2021-03-09,2022/03/09,147000000,3399000,3174000,7.1,Mensual,Asesor comercial,5,Renovado,,
POL-000274,CLI-03604,Hogar,04/08/2021,2022-08-04,165000000,,566000,9.1,Anual,Web,10,Vencida,INVALID_DATE,
POL-004813,CLI-01445,Vida,INVALID_DATE,13/10/2025,174000000,673000,626000,7.5,Mensual,  Web,0,Renovada,,
POL-001948,CLI-05153,Vida,2025-06-09,2026/06/09,225000000,781000,748000,4.4,Trimestral, Web ,0,Activa,,
POL-001248,CLI-04092,Auto,2025-04-15,15/04/2026,16000000,557000,547000,1.8,Trimestral  ,Agencia,5,  Cancelada,2025/05/22,Otro
POL-000152,CLI-02381,Auto,2021/08/15,2022-08-15,58000000,2594000,2124000,22.1,Semestral,Asesor comercial,10,Vencida,,
POL-006388,CLI-04413,Hogar,2024-08-13,2025-08-13,117000000,581000,568000,2.3,Mensual,Bancaseguros,5,Expirada,,
POL-006922,CLI-01756,Hogar,2024-03-28,2025-03-28,269000000,1406000,1302000,8.0,Mensual,Asesor comercial,10,Renovada,,
POL-005633,CLI-02569,Auto,2025-01-30,2026/01/30,21000000,579000,569000,1.7,Mensual,  Web,10,activa,,
POL-002485,CLI-03328,Vida,2025-04-25,2026-04-25,457000000,1494000,1408000,6.1,Anual,Bancaseguros,0,ACTIVA,,
POL-006675,CLI-05080,Auto,20/04/2025,2026-04-20,23000000,658000,606000,8.5,Mensual,Corredor,5,Activa  ,,
POL-001891,CLI-04068,Auto,03/02/2024,2025-02-02,52000000,1662000,1467000,13.3,Anual,Corredor,5,Renovada,,
POL-007448,CLI-03050,Vida,2023/02/14,2024-02-14,153000000,670000,626000,7.0,Anual,Agencia,5,Renovada,,
POL-002266,CLI-03596,Salud  ,2024/07/31,2025/07/31,119000000,2907000,2136000,36.1,Mensual,Bancaseguros,5,cancelada,03/01/2025,Precio
POL-003529,CLI-00180,Salud,2022-08-31,2023-08-31,116000000,2751000,2501000,10.0,Anual,Asesor comercial,15,Vencida,,
POL-001862,CLI-02644, Hogar ,2023/11/22,2024/11/21,110000000,374000,364000,2.8,Mensual,Bancaseguros,15, Vencida ,,
POL-006677,CLI-02206,Hogar,2023/05/01,2024-04-30,144000000,537000,428000,25.6, Mensual ,Agencia,0,Renovada,,
POL-005732,CLI-03901,Auto  ,2025-03-06,2026-03-06,140000000,5096000,4858000,4.9,Mensual, Bancaseguros ,5,Cancelada,2025-09-24,CAMBIO DE ASEGURADORA
POL-003374,CLI-04144,Salud,19/06/2021,2022/06/19,116000000,2263000,1743000,29.8,Semestral,asesor comercial,0, Renovada ,,
POL-007039,CLI-03240,  Auto,2024-06-16,2025-06-16,112000000,4578000,3577000,28.0,Trimestral,Corredor,10, Renovada ,,
POL-004336,CLI-04809,Auto,10/04/2022,2023/04/10,26000000,1330000,1241000,7.2,  Anual,Asesor comercial,5,Renovada,,
POL-001989,CLI-01086,AUTO,2023-12-10,2024-12-09,73000000,2482000,,1.7,Mensual,Web,15,Vencida,,
POL-004224,CLI-01375,Auto,2022-01-30,2023/01/30,41000000,1520000,1133000,34.1,Trimestral,Asesor comercial  ,5,VENCIDA,,
POL-004318,CLI-00229,Vida,2024-11-20,2025-11-20,302000000,1403000,1367000,2.6,Anual,Web,10,RENOVADA,,
POL-003691,CLI-01607,Salud,08/11/2023,2024/11/07,133000000,2342000,2292000,2.2,Mensual,Corredor  ,0,Vencida,,
POL-005176,CLI-03343,Auto,2024-08-12,2025-08-12,24000000,878000,783000,12.1,SEMESTRAL,Agencia,15,Vencida,,
POL-008179,CLI-00636,Auto,2022-07-20,2023-07-20,37000000,1253000,1162000,7.8,Anual,BANCASEGUROS,5,Vencida,,
POL-007942,CLI-00824,Salud,01/07/2023,30/06/2024,104000000,2699000,2499000,8.0,TRIMESTRAL,Web,5,Renovada,,
POL-001370,CLI-00012,Auto,2024-07-30,2025-07-30,58000000,3071000,2515000,22.1,Anual,Web,5,Renovada,,
POL-004767,CLI-02227,Vida,2022-10-30,2023-10-30,443000000,1729000,1659000,4.2,Mensual,Corredor,0,Vencida,,
POL-007203,CLI-04226,  Auto,07/11/2021,07/11/2022,63000000,1922000,1736000,10.7,Mensual,Corredor,0,Cancelada,2022/08/19,Falta de pago
POL-002210,CLI-02118,SALUD,INVALID_DATE,2022/08/18,,2399000,2320000,3.4,Anual,Web,0,renovada,,
POL-007204,CLI-00418,Auto,2023-08-28,2024-08-27,89000000,3051000,2851000,7.0,Semestral,Asesor comercial,10,Renovada,,
POL-005826,CLI-04102,Auto,2023-01-24,2024/01/24,53000000,2098000,1756000,19.5,TRIMESTRAL,Web,0,Renovada,,
POL-008383,CLI-04109,  Auto,13/10/2023,2024-10-12,74000000,3154000,2962000,6.5,ANUAL,Asesor comercial,5,Renovada,,
POL-005901,CLI-05086,Salud,2023-04-04,2024-04-03,129000000,2823000,2590000,9.0,Mensual,Agencia  ,5,Cancelada,25/12/2023,Precio
POL-002284,CLI-01535,Hogar,2021-02-05,2022-02-05,502000000,1894000,1790000,5.8,Mensual,Corredor,15,Vencida,,
POL-004414,CLI-01201,Auto,2022-01-20,2023/01/20,73000000,1941000,1802000,7.7,Mensual,Bancaseguros,5,Renovada,,
POL-006152,CLI-01185,Vida,INVALID_DATE,15/10/2022,271000000,1069000,982000,8.9,Mensual,Bancaseguros,5,Vencida,,
POL-007368,CLI-02646,  Salud,26/12/2023,2024/12/25,113000000,2191000,2161000,1.4,Mensual,Bancaseguros,5,Vencida,,
POL-007603,CLI-01098,vida,2023-12-13,2024-12-12,194000000,1075000,781000,37.6,Anual,Agencia,10,Cancelada,2024-04-18,Precio
POL-001813,CLI-03581,Auto,22/06/2024,2025-06-22,31000000,1347000,1056000,27.5,Mensual,Agencia,0,Cancelada,2024-08-10,Precio
POL-002399,CLI-00519,Auto,2023-08-05,2024/08/04,56000000,2137000,1563000,36.7,Mensual,Web,5,Renovado,,
POL-001278,CLI-00200,Auto,2024-01-21,2025-01-20,62000000,1944000,1825000,6.5,Semestral,Bancaseguros,5,Renovada,,
POL-006778,CLI-00988,Hogar,2022/09/23,23/09/2023,375000000,1312000,1111000,18.1,Mensual,Corredor,10,Cancelada,2023-08-03,Precio
POL-002488,CLI-02016,Hogar,2024-12-12,2025/12/12,477000000,1557000,1500000,3.8,Trimestral,Corredor,5,Renovada,,
POL-005650,CLI-04591,Auto,2025-03-16,2026-03-16,42000000,1503000,1445000,4.0,Mensual,Agencia,0,Cancelada  ,2025-07-28,Cambio de aseguradora
POL-006024,CLI-00436,Salud,18/03/2025,2026-03-18,86000000,1616000,1523000,6.1,Semestral,Asesor comercial,10,Cancelada,2025-05-01,Precio
POL-003169,CLI-02431, Auto ,2024-11-06,2025-11-06,112000000,5504000,5232000,5.2,Mensual,Web,10,vencida,,
POL-005920,CLI-04310,Vida  ,27/04/2024,,329000000,1441000,1442000,-0.1,ANUAL,Web,5,Renovada,,
POL-002598,CLI-00408,Auto,26/05/2025,26/05/2026,48000000,1895000,1861000,1.8,Mensual,Agencia,5,Activa,,
POL-005555,CLI-01772,Vida,26/08/2022,26/08/2023,477000000,1229000,1169000,,Semestral,Bancaseguros,5,RENOVADA,INVALID_DATE,
POL-006238,CLI-04111,Auto,10/09/2024,2025-09-10,164000000,8120000,7861000,3.3,Anual,web,0,Renovada,,
POL-003728,CLI-02101,Auto,2021-04-06,2022-04-06,46000000,1746000,1605000,8.8,ANUAL,Bancaseguros,5,Renovada,,
POL-003439,CLI-03536,Seguro Auto,2025-03-04,04/03/2026,109000000,5023000,4830000,4.0,Mensual  ,Agencia,10,Activa,,
POL-004848,CLI-01048,Seguro de Salud,2025/06/23,23/06/2026,199000000,4546000,4350000,4.5,Anual,Asesor comercial,15,Cancelada,2025-10-16,Reclamo rechazado / insatisfacción
POL-002068,CLI-03081,Auto,23/02/2021,2022-02-23,87000000,3616000,3552000,1.8,Mensual, Agencia ,15,Renovada,,
POL-005893, CLI-02381 ,Salud,27/04/2022,2023-04-27,206000000,3974000,3603000,10.3,Semestral,Agencia,10,Renovada,,
POL-008202,CLI-01997,Salud,2023/03/09,2024-03-08,93000000,1596000,1568000,1.8,Anual,WEB,5,Vencida,,
POL-007573,CLI-00141,Auto,24/12/2024,INVALID_DATE,58000000,2317000,2184000,6.1,Trimestral,Web,5,Renovada,,
POL-001020,CLI-01683,auto,2024/01/03,02/01/2025,64000000,2378000,1949000,22.0,Anual,Agencia,10,Renovada,,
POL-005335,CLI-03875,Seguro de Vida,2022-09-13,13/09/2023,240000000,995000,822000,21.1,Semestral,Agencia,0,Cancelada,2022/11/09,Precio
POL-001730,CLI-04340,Auto,30/04/2025,2026-04-30,42000000,1890000,1816000,4.1,Mensual,Web,10, Activa ,,
POL-005324,CLI-02657,Salud,2023-02-22,2024-02-22,,2995000,2356000,27.1,ANUAL,Asesor comercial,15,Cancelada,2023-11-13,Precio
POL-000010,CLI-02438,Vida,2024-07-31,31/07/2025,448000000,2527000,2342000,7.9,Anual,Agencia,15,Renovada,,
POL-005552,CLI-00887,Auto,27/06/2025,2026-06-27,44000000,1728000,1668000,3.6,MENSUAL,Corredor,5, Activa ,,
POL-004294,CLI-01042,Hogar,2025-04-05,05/04/2026,391000000,1569000,1510000,3.9,Mensual,Web,0,Activa,,
POL-005562,CLI-00557,Hogar,2021-12-30,INVALID_DATE,384000000,1722000,1665000,3.4,Mensual,Agencia,10,RENOVADA,,
POL-008398,CLI-02405,  Vida,2021-04-29,29/04/2022,318000000,1153000,1046000,10.2,MENSUAL,  Web,5,Cancelada,2021-06-13,Precio
POL-001557,CLI-01630,Auto,2024/11/01,01/11/2025,51000000,2088000,1903000,9.7,Mensual,Agencia,10,Vencida,,
POL-006296,CLI-03093,hogar,16/11/2023,15/11/2024,613000000,2767000,2122000,30.4,Mensual,Agencia,0,Cancelada,2024-10-30,Precio
POL-007846,CLI-00666,Salud,2025-02-07,2026/02/07,94000000,2239000,2217000,1.0,Anual,Corredor,10,Activa,,
POL-005504,CLI-02846,Vivienda,08/05/2024,2025-05-08,136000000,583000,569000,2.5,Anual,  Corredor,15,Vencida,,
POL-007492,CLI-04810,Hogar,2025-06-29,2026-06-29,511000000,2317000,2190000,5.8,Mensual,Web,0,Activa,,
POL-002775,CLI-04025,Salud  ,2023/09/25,2024/09/24,108000000,2543000,2344000,8.5,Mensual,Bancaseguros,5,Expirada,,
POL-007800,CLI-00767,Vida,2024/05/02,02/05/2025,316000000,1194000,988000,20.8,MENSUAL,Asesor comercial,5,Vencida,,
POL-007684,CLI-00515,Hogar,2025-04-14,2026-04-14,456000000,2187000,2085000,4.9,Mensual,Bancaseguros,10,Activa,,
POL-006449,CLI-00465,  Auto,2021-09-01,2022/09/01,55000000,2122000,2082000,1.9,Mensual,CORREDOR,0,VENCIDA,,
POL-004342,CLI-02128,Auto,2021/09/04,04/09/2022,73000000,3189000,2923000,9.1,Anual,Bancaseguros,10,Vencida,,
POL-007202,CLI-03847,  Hogar,2024-07-04,04/07/2025,342000000,1566000,1569000,-0.2,MENSUAL,Agencia,0,Vencida,,
POL-004999,CLI-05128,Auto,23/12/2024,2025-12-23,24000000,751000,688000,9.1,Semestral,Agencia,5,Renovada,,
POL-000658,CLI-00451,Salud,02/08/2024,2025/08/02,140000000,3102000,2867000,8.2,Mensual,Web,5,Renovada,,
POL-007771,CLI-01326,Vida,2023-09-19,2024/09/18,170000000,669000,611000,9.5,Mensual,Agencia,15,Vencida,INVALID_DATE,
POL-003173,CLI-04098,Auto,2023-08-22,2024-08-21,41000000,1433000,1352000,6.0,Anual,Web,0,Renovada  ,,
POL-007320,CLI-01046,AUTO,02/05/2024,02/05/2025,46000000,1575000,1483000,6.2,Anual,Bancaseguros,15,Cancelada,12/10/2024,Cambio de aseguradora
POL-003857,CLI-03979,Salud  ,02/01/2025,2026-01-02,104000000,1811000,1798000,0.7,Mensual,BANCASEGUROS,0,Activa,,
POL-001472,CLI-00869,  Auto,2022-10-05,2023/10/05,31000000,1601000,1256000,27.5,Anual,Agencia,15,Expirada,,
POL-005598,CLI-04781,Auto,01/05/2024,2025/05/01,30000000,1020000,962000,6.0,Anual,Web,15,Vencida,,
POL-006886,CLI-01546,Auto,2023/04/03,02/04/2024,37000000,1390000,1372000,1.3,Mensual,Asesor comercial,10, Renovada ,,
POL-004626,CLI-00649,Auto,2022/09/27,2023/09/27,88000000,4042000,3371000,19.9,Trimestral,Agencia,10,Renovada,,
POL-003495,CLI-00765,Salud,2021-03-18,2022/03/18,121000000,3138000,3032000,3.5,Mensual,Agencia,0,vencida,,
POL-002592,CLI-01297,Salud  ,01/09/2022,2023-09-01,75000000,1678000,1576000,6.5,Anual,Asesor comercial  ,5,RENOVADA,,
POL-007065,CLI-02012, Salud ,INVALID_DATE,2025-08-09,104000000,2168000,1934000,12.1,mensual,asesor comercial,0,RENOVADA,,
POL-004345,CLI-03435,SALUD,2025-03-13,2026-03-13,129000000,2527000,2006000,26.0,Anual,Web,5,Cancelada,2025-09-06,cambio de aseguradora
POL-006298,CLI-01355,Salud,06/03/2022,06/03/2023,253000000,4985000,4590000,8.6,Trimestral,Asesor comercial,5,RENOVADA,,
POL-000884,CLI-01205,Auto,2024/07/21,21/07/2025,43000000,1375000,1017000,35.2,Trimestral,asesor comercial,15,CANCELADO,2025-05-07,Precio
POL-002659,CLI-02298,auto,2025/02/26,2026-02-26,53000000,2253000,2258000,-0.2,Mensual,Asesor comercial,10,Activa,,
POL-008384,CLI-02789,Vida,17/05/2025,2026-05-17,657000000,2287000,2242000,2.0,anual,Asesor comercial,15,Activa,,
POL-006206,CLI-00717,Auto,04/04/2025,04/04/2026,35000000,1171000,1103000,6.2,Mensual,Asesor comercial,5,Activa,,
POL-005748,CLI-02496,Hogar,2022-03-02,,225000000,773000,742000,4.2,Trimestral,ASESOR COMERCIAL,5,Vencida,,
POL-004626,CLI-00649,Auto,2022/09/27,2023/09/27,88000000,4042000,3371000,19.9,Trimestral,Agencia,10,Renovada,,
POL-008319,CLI-04799,Vida,2021-11-18,2022-11-18,663000000,1820000,1779000,2.3,Trimestral,Asesor comercial  ,0,Renovada,,
POL-003404,CLI-02465,Vida,2022/02/23,2023-02-23,136000000,471000,446000,5.5,Anual,Asesor comercial,0, Renovada ,,
POL-000578,CLI-04510,Vida,2022/07/27,2023-07-27,,846000,840000,0.7,Semestral,Bancaseguros,5,Renovado,,
POL-000601,CLI-02425,Salud,2025-01-12,2026-01-12,57000000,1101000,1071000,2.8,Anual,Asesor comercial,10,Activa,,
POL-002113,CLI-00415,Salud,2024-11-11,2025-11-11,146000000,2170000,2073000,4.7,Trimestral,Bancaseguros,0,Vencida,,
POL-000350,CLI-04184,Hogar,22/02/2025,2026/02/22,260000000,990000,995000,-0.5,Mensual,Bancaseguros,5,Activa,,
POL-005962,CLI-04262,Vida  ,13/01/2024,2025-01-12,175000000,592000,601000,-1.5,Anual,Bancaseguros,5,RENOVADA,,
POL-000321,CLI-02955,Vida,01/09/2021,2022-09-01,397000000,1360000,1073000,,Anual,Bancaseguros,0,Cancelada,17/10/2021,Precio
POL-006882,CLI-00803,Auto,2024-07-05,2025-07-05,51000000,1617000,1620000,-0.2, Anual ,Web,10,Renovada,,
POL-003109,CLI-03242,SALUD,2024/07/12,12/07/2025,70000000,2342000,2278000,2.8,Semestral,Asesor comercial,0,Anulada,2024/12/21,Venta/pérdida del bien
POL-000320,CLI-00474,Auto,2025-01-24,2026-01-24,84000000,,2152000,5.7,Mensual,Asesor comercial,0,Activa,,
POL-004621,CLI-03167,Auto,2021-12-25,2022-12-25,80000000,2518000,2421000,4.0,Mensual,Web,15,Vencida,,
POL-001678,CLI-01222,Vida,2023-06-23,INVALID_DATE,238000000,1039000,996000,4.3,Mensual,Web,5,  Vencida,,
POL-002509,CLI-04519,Seguro de Salud,18/05/2022,18/05/2023,41000000,1031000,965000,6.8,Trimestral,Asesor comercial,5,Cancelada,06/11/2022,Otro
POL-000713,CLI-00566,Auto,2024/03/25,2025/03/25,103000000,2981000,2773000,7.5,Semestral,Asesor  comercial,10,Renovada,,
POL-003709,CLI-01473,AUTO,,09/01/2024,36000000,1620000,1453000,11.5,  Trimestral,Web,15,Renovada,,
POL-001817,CLI-04395,Hogar,2023-05-25,2024-05-24,224000000,1082000,1031000,4.9,Mensual,Bancaseguros,15, Cancelada ,2023-10-17,Cambio de aseguradora
POL-005091,CLI-03882,Salud,2023-07-15,2024-07-14,243000000,6503000,6375000,2.0,Anual,Agencia,10,Renovada,,
POL-000248,CLI-01453,Auto,2024/06/16,2025-06-16,33000000,1823000,1712000,6.5,Anual,Asesor comercial,15,Renovada,,
POL-006366,CLI-04688, Vida ,10/07/2024,10/07/2025,181000000,746000,695000,7.4,Anual,Web,0,Renovada,,
POL-002242,CLI-00922,Salud,2025-02-15,2026-02-15,67000000,1330000,,3.6,Mensual,Asesor comercial,5,Cancelada,30/06/2025,Precio
POL-005172,CLI-01781,Vida,2021-08-09,2022-08-09,392000000,2056000,1992000,3.2,Mensual,Web,10,Cancelada,INVALID_DATE,Cambio de aseguradora
POL-008061,CLI-03483,Auto,2025-06-09,2026/06/09,45000000,1673000,1685000,-0.7,Semestral  ,agencia,10,Activa,,
POL-002414,CLI-02648,Hogar,2025-06-23,2026/06/23,204000000,755000,544000,38.8,Semestral,Agencia,0,Activa,,
POL-002588,CLI-00157,Hogar,2023-01-04,2024/01/04,367000000,1380000,1324000,4.2,Anual,Asesor comercial,5,Vencida,,
POL-001250,CLI-04879,Hogar,18/10/2023,2024-10-17,90000000,428000,394000,8.6,Trimestral,Asesor comercial,5,Renovada,,
POL-001913,CLI-03006,Hogar,06/06/2024,2025-06-06,166000000,688000,625000,10.0,Anual,Web,5,Vencida,,
POL-007895,CLI-02900,Salud,11/01/2021,2022/01/11,179000000,6400000,5882000,8.8,Semestral,corredor,0,Cancelada,2021-07-05,Falta de pago
POL-003587,CLI-01918,Salud,2025-01-27,2026/01/27,125000000,2757000,2569000,7.3,Mensual,Web,5,Cancelada,2025/08/05, Venta/pérdida del bien 
POL-002661,CLI-01959,Salud,20/06/2025,2026-06-20,102000000,1640000,1350000,21.5,Mensual,Web,0,Activa,,
POL-000803,CLI-03837,Seguro de Salud,2025-05-13,2026-05-13,93000000,2247000,2019000,11.3,Mensual,Web,10,Cancelada,18/07/2025,Cambio de aseguradora
POL-004998,CLI-02696,Vida,03/05/2023,2024-05-02,383000000,1439000,1347000,6.8,Mensual,Corredor,5,Vencida,,
POL-006118,CLI-03211,Vida,2021-03-12,2022-03-12,177000000,878000,668000,31.4, Mensual ,Agencia,5,Cancelada,09/07/2021,Precio
POL-002334,CLI-00590,Vida,23/06/2023,22/06/2024,70000000,265000,234000,13.1,  Mensual,Bancaseguros,15,Vencida,,
POL-001306,CLI-04520,auto,2024-07-10,2025-07-10,47000000,1205000,1230000,-2.0,Mensual,Agencia,5,Vencida,,
POL-005322,CLI-00258,HOGAR,2023-05-26,2024/05/25,91000000,364000,341000,6.9,Anual,Corredor,10,Vencida,,
POL-004448,CLI-03135,Salud,11/11/2022,2023/11/11,102000000,2344000,2209000,6.1,anual,  Corredor,10,cancelada,2023-10-10,Otro
POL-002577,CLI-02800,SALUD,2024/06/22,2025/06/22,239000000,4954000,4002000,23.8,Mensual,Asesor comercial,0,Cancelada,24/05/2025,precio
POL-004739,CLI-04631,hogar,14/09/2024,2025-09-14,161000000,603000,491000,22.9,Anual,Asesor comercial,15,Renovada,,
POL-004752,CLI-05178,Vida,2025-01-25,2026-01-25,232000000,856000,787000,8.8,Mensual,Corredor,15,Activo,,
POL-005815,CLI-01158,  Salud,2021-08-01,2022-08-01,72000000,1849000,1712000,8.0,Anual,Web,15,Expirada,,
POL-002934,CLI-01834,Salud  ,2023/10/21,2024-10-20,85000000,1860000,1482000,25.5,Mensual,Web,10,Renovada,,
POL-007978,CLI-03544,Vida,2023/11/17,,250000000,1326000,1266000,4.7,Anual,Agencia,5,Vencida,,
POL-000273,CLI-02694,Auto,2024-06-21,2025-06-21,38000000,1203000,1150000,4.6,Mensual,Corredor,15,Renovada,,
POL-004649,CLI-04338,Auto,04/06/2024,2025-06-04,88000000,2770000,2710000,2.2,Trimestral,  Web,0,Renovada,,
POL-002128,CLI-03239,Salud,2021/12/08,2022/12/08,65000000,,,1.4,Anual,Corredor,5,Renovada,,
POL-008119,CLI-03869,HOGAR,23/03/2024,2025/03/23,615000000,2288000,2181000,4.9,Anual,Corredor,0,  Renovada,,
POL-001503,CLI-04516,Salud,2024/02/18,2025-02-17,129000000,2800000,2764000,1.3,Anual,Agencia,10,Vencida,,
POL-003461,CLI-04339,Auto,2023-09-10,2024-09-09,60000000,3027000,2798000,8.2, Mensual ,Agencia,5,Renovada,,
POL-001039,CLI-01710, Hogar ,29/11/2023,2024/11/28,429000000,1624000,1242000,30.8,Mensual,Web,5,Cancelada,04/05/2024,Precio
POL-001802,CLI-00955,Auto,2022-04-29,2023-04-29,47000000,1796000,,2.0,Mensual,Corredor,15,Cancelada,2022/09/15,Otro
POL-005395,CLI-04064,Vida,2022-09-10,2023-09-10,265000000,867000,797000,8.8,Mensual,  Asesor comercial,10,Cancelada,2022-12-31,Precio
POL-006142,CLI-00944,Vida,16/11/2021,2022-11-16,621000000,2041000,1510000,35.2,Anual,Bancaseguros,5, Cancelada ,2022-09-24,Precio
POL-004175,CLI-01749,Salud,2024-06-26,2025-06-26,186000000,4754000,4638000,2.5,Mensual,ASESOR COMERCIAL,0,Renovada,,
POL-007814,CLI-01436,Salud,2024-01-17,16/01/2025,239000000,6073000,5628000,7.9,Semestral,WEB,0,Cancelada,14/10/2024,Falta de pago
POL-004169,CLI-00141,Hogar,2023-12-10,2024/12/09,98000000,461000,445000,3.6,Mensual,Asesor comercial,15,Vencida,,
POL-000839,CLI-04576,Hogar,2025-06-04,04/06/2026,183000000,731000,702000,4.1,Mensual,Web,0, Activa ,,
POL-006516,CLI-02831,Salud,2021-02-21,21/02/2022,88000000,1453000,1349000,7.7,Anual,Agencia,10,Renovada,,
POL-001647,CLI-04496,Salud,08/10/2024,2025/10/08,295000000,6745000,6257000,7.8,Mensual,Agencia,0,Vencida,,
POL-005862,CLI-01831,Auto,2025-06-29,2026-06-29,69000000,2441000,2314000,5.5,Mensual,Agencia,0,Activa,,
POL-007454,CLI-02733,HOGAR,2022-06-23,23/06/2023,123000000,487000,452000,7.8, Anual ,Web,5,Renovada,,
POL-005935,CLI-04424,Auto,05/02/2023,2024-02-05,47000000,2466000,2451000,0.6,Anual,Web,0,Renovada,,
POL-002413,CLI-04349,Auto,2025-04-30,2026-04-30,39000000,1303000,1250000,4.2,semestral,CORREDOR,5,Cancelada,10/09/2025,Venta/pérdida del bien
POL-004499,CLI-04860,Salud,2023-08-24,2024-08-23,40000000,807000,774000,4.3,Mensual,Corredor,10,Vencida,,
POL-008091,CLI-05144,Hogar,2024-07-26,26/07/2025,192000000,691000,529000,30.7,Anual,Agencia,0,Renovada,,
POL-003035,CLI-03703,SEGURO DE SALUD,2023-11-02,2024-11-01,214000000,4685000,3442000,36.1,Semestral,Asesor comercial,0,Cancelada,2024/05/08,Precio
POL-003145,CLI-04155,Auto,2023-12-05,2024-12-04,27000000,1185000,1155000,2.6,Anual,Agencia,10,Renovada,,
POL-001594,CLI-02379,Salud,2021-09-14,2022-09-14,43000000,964000,831000,16.0,Anual,Asesor comercial,5,Cancelada,19/03/2022,VENTA/PERDIDA DEL BIEN
POL-007801,CLI-02713,vida,2024-11-13,2025-11-13,291000000,991000,968000,2.4,Anual,Corredor,15,VENCIDA,,
POL-004323,CLI-04898,Hogar,2023-01-25,2024-01-25,254000000,892000,867000,2.9,Anual,Agencia,5,Renovada,,
POL-001167, CLI-01608 ,Vida,2024-11-04,2025-11-04,215000000,848000,811000,4.5,Trimestral,Asesor comercial,0,Renovada  ,,
POL-002155,CLI-00080,Hogar,29/08/2023,28/08/2024,352000000,1343000,1265000,6.2,Mensual,Agencia,10,Renovada,,
POL-001628,CLI-00827,Hogar,2022-10-17,2023-10-17,281000000,1208000,1188000,1.7,Mensual,Asesor comercial,5,Vencida,,
POL-008235,CLI-01899, Hogar ,2023-02-18,2024/02/18,61000000,212000,207000,2.6,Mensual,  Bancaseguros,10,Renovada,,
POL-004138,CLI-00813,Salud,13/08/2024,2025-08-13,148000000,3176000,3072000,3.4,Mensual,asesor comercial,5,Vencida,,
POL-007429,CLI-04335,Seguro de Vida,2024/05/07,2025-05-07,309000000,1320000,1210000,9.1,Mensual  ,Web,10,Renovada,,
POL-005885,CLI-01863,Salud,09/03/2023,08/03/2024,96000000,2058000,1765000,16.6,Mensual,Agencia,5,Renovada,,
POL-006108,CLI-02377,Hogar,06/03/2025,06/03/2026,365000000,1453000,1439000,1.0,Mensual,Bancaseguros,0,Vigente,,
POL-002249,CLI-04100,Hogar,21/11/2024,21/11/2025,484000000,2329000,2239000,4.0,Mensual,Bancaseguros,10,renovada,,
POL-000242,CLI-01390,Auto,2021-11-20,20/11/2022,32000000,1106000,1036000,6.8,Anual,Asesor comercial,15,  Renovada,,
POL-000997,CLI-02329,Salud,28/11/2024,2025/11/28,247000000,4751000,4888000,-2.8,Mensual,AGENCIA,10,Renovada,,
POL-000775,CLI-02724,Salud,30/03/2022,2023/03/30,158000000,4438000,4231000,4.9,Mensual,Agencia,5,Renovada,,
POL-000121,CLI-05115,Hogar,13/05/2025,2026-05-13,188000000,705000,666000,5.9,Mensual,Web,5,Cancelada,2025-12-25,Precio
POL-000643,CLI-02891,Auto,16/09/2024,2025-09-16,50000000,1370000,1334000,2.7,Mensual,Corredor,0,Vencida,,
POL-005337,CLI-00567,Seguro de Vida,13/05/2022,13/05/2023,107000000,512000,501000,2.2,Mensual,Web,5,Renovada,,
POL-003158,CLI-02965,Vida,2025/04/03,2026/04/03,138000000,517000,515000,0.3,Mensual,Agencia,5,Activa,,
POL-000102,CLI-01403,Auto,2023-11-30,2024/11/29,111000000,4187000,3924000,6.7,Anual,Bancaseguros,15,Renovada,,
POL-005943,CLI-05024,Salud,2022-10-25,25/10/2023,144000000,2761000,2726000,1.3,Anual,Bancaseguros,10,Renovada  ,,
POL-007551,CLI-04044,Vehículo,24/04/2025,2026-04-24,38000000,1437000,1223000,17.5,Anual,asesor comercial,0,Activa  ,,
POL-007915,CLI-01860,Hogar,2023-09-08,2024/09/07,316000000,1263000,1180000,7.0,Semestral,Agencia,0,Renovada,,
POL-006704,CLI-02976,Hogar,2024/10/20,2025-10-20,114000000,432000,319000,35.3,Mensual,Asesor comercial,0,Cancelada,21/11/2024,Precio
POL-003497,CLI-05070,Auto  ,2024/05/14,2025-05-14,55000000,2245000,1952000,15.0,Mensual,Agencia,0, Renovada ,,
POL-000849,CLI-02714,Auto,2023-07-26,2024-07-25,46000000,1780000,1611000,10.5,Semestral,Agencia,0,Vencida,,
POL-000093,CLI-00605,Vida,2024/11/01,2025/11/01,780000000,3442000,3371000,2.1,Mensual,Bancaseguros,15,Vencida,,
POL-001099,CLI-03196,Salud,2025-06-16,2026-06-16,120000000,3379000,3243000,4.2,Semestral,Agencia,5,Activa,,
POL-004826,CLI-00620,Hogar,2023-08-04,2024/08/03,331000000,1478000,1452000,1.8,Mensual,Agencia,5,renovada,,
POL-003491,CLI-04768,Auto,2021/07/29,2022-07-29,59000000,2426000,2300000,5.5,Mensual,Bancaseguros,5,Renovada,,
POL-007365,CLI-02618,Hogar,06/01/2024,05/01/2025,191000000,688000,569000,21.0,MENSUAL,Web,10,Renovada,,
POL-008008,CLI-02123,SALUD,03/11/2024,03/11/2025,162000000,4034000,3994000,1.0,Semestral,Agencia,10,RENOVADO,,
POL-000571,CLI-03563,Auto,2021-05-27,2022/05/27,45000000,1891000,1716000,10.2,Mensual,corredor,5,Cancelada,29/09/2021,CAMBIO DE ASEGURADORA
POL-005549,CLI-05094,Hogar,14/01/2023,14/01/2024,174000000,708000,691000,2.4,ANUAL,  Bancaseguros,0,VENCIDA,,
POL-005610,CLI-03462,Auto,2023-01-04,2024-01-04,39000000,1168000,973000,20.1,Anual,Asesor comercial,10,Cancelada,2023-04-24,Precio
POL-006750,CLI-00247,Vida,2022-12-03,2023-12-03,482000000,1576000,1424000,10.7,Mensual,Asesor comercial,5,Renovada,,
POL-005086,CLI-02883,Auto,2023/10/22,21/10/2024,40000000,1804000,1774000,1.7,Mensual,Web,10,  Renovada,,
POL-000123,CLI-05092,Salud,2025-05-29,29/05/2026,103000000,2358000,2256000,4.5,Anual  ,Web,0,Activa,,
POL-003782,CLI-02892,Hogar,2023/08/27,2024-08-26,93000000,361000,332000,8.8,Anual,Corredor,0,Vencida,,
POL-006601,CLI-01754,  Hogar,,2023/12/17,131000000,557000,409000,36.3,Anual,Web,5,Vencida,,
POL-002671,CLI-00454,Hogar,2022-12-18,2023-12-18,313000000,970000,753000,28.9,Mensual,Asesor comercial,15,Renovada,,
POL-007122,CLI-03072,Vida,2024-10-26,26/10/2025,244000000,871000,852000,2.2,Trimestral,Web,0,Renovada,,
POL-000434,CLI-02928,Vida,2024/12/31,2025/12/31,132000000,440000,424000,3.8,ANUAL,Asesor comercial,15,Renovada,,
POL-007080,CLI-00427,Vida,2021-10-26,2022-10-26,403000000,1207000,1097000,10.0,Mensual,Asesor comercial,5,Renovada,,
POL-003082,CLI-01765,Vida,2023-08-04,2024-08-03,250000000,897000,704000,27.4,Mensual,Asesor comercial,15,Renovada,,
POL-002521,CLI-04217,Auto,2021/11/25,2022-11-25,173000000,7583000,6989000,8.5,Mensual,Agencia,5,Vencida,,
POL-003504,CLI-01444,Auto,2023-01-29,29/01/2024,54000000,1791000,1720000,4.1,Mensual,Asesor comercial,5,Renovada,,
POL-004738,CLI-01898,Auto,2021-06-24,2022-06-24,44000000,942000,875000,7.6,Mensual,Web,5,Renovada,,
POL-005000,CLI-03031,Vida,2022/01/23,23/01/2023,300000000,1466000,1178000,24.5,Anual,WEB,10,Renovada  ,,
POL-006278,CLI-02524,Salud,22/02/2022,22/02/2023,91000000,1925000,1832000,5.1,Trimestral,Web,5,  Cancelada,03/11/2022,Cambio de aseguradora
POL-000743,CLI-01939,Auto,2023/12/12,11/12/2024,86000000,3116000,2853000,9.2,Mensual,Agencia,0,vencida,,
POL-000845,CLI-03258,hogar,05/03/2024,2025-03-05,224000000,984000,927000,6.2,Trimestral,Agencia,5,Vencida,,
POL-005289,CLI-03867,Hogar,08/02/2025,2026/02/08,185000000,797000,767000,3.9,mensual,Asesor comercial,10,Activa,,
POL-001554,CLI-01217,  Auto,2022-06-09,09/06/2023,75000000,3680000,3014000,22.1,Anual,Asesor comercial,0,Vencida,,
POL-002517,CLI-04746,Auto,2024-10-24,2025/10/24,38000000,1828000,1705000,7.2,Semestral,Agencia,5,Renovada,,
POL-002679,CLI-04360,Hogar,29/07/2023,28/07/2024,150000000,647000,594000,8.9,Trimestral,Corredor,15, Cancelada ,2023/10/27,Precio
POL-004961,CLI-02833,AUTO,2023-10-14,2024/10/13,57000000,2888000,2604000,10.9,Trimestral,Asesor comercial,0,Cancelado,,Falta de pago
POL-004919,CLI-02754,Salud,2022-10-25,2023/10/25,113000000,3066000,2912000,5.3,Anual,Bancaseguros,5,Vencida,,
POL-007142,CLI-03193,Hogar,2024-12-11,11/12/2025,298000000,1218000,1000000,21.8,Anual,Web,15,Cancelada,2025-06-12,Falta de pago
POL-003395,CLI-03983,Auto,2021-06-01,2022-06-01,58000000,2759000,2630000,4.9,Mensual,Bancaseguros,10,Renovada,,
POL-007605,CLI-05176,Salud,2024-01-10,09/01/2025,66000000,1473000,1411000,4.4,Semestral,Corredor,10,Vencida,,
POL-004447,CLI-01457,Seguro Auto,2022-09-18,2023/09/18,59000000,1797000,1421000,26.5,Mensual,Asesor  comercial,5,Renovada,,
POL-002419,CLI-00507,Auto,2025-02-18,18/02/2026,130000000,6707000,6443000,4.1,Anual,Bancaseguros,15, Activa ,,
POL-004075,CLI-04712, Auto ,10/05/2021,2022-05-10,88000000,2734000,2228000,22.7,Trimestral,AGENCIA,5,Cancelada,2021-08-28,Precio
POL-005113,CLI-03107,Vida,2023-07-24,23/07/2024,1088000000,3786000,3572000,6.0,Trimestral,Agencia,10,  Renovada,,
POL-006806,CLI-01972,Vida,2025-02-07,2026-02-07,498000000,1744000,1285000,35.7, Anual ,Web,5,Cancelada,13/11/2025,Precio
POL-005304,CLI-03508,Salud,2025-04-26,2026-04-26,149000000,2723000,2184000,24.7,MENSUAL,Web,10, Cancelada ,2025-09-07,Precio
POL-001226,CLI-04140, Salud ,2023-06-21,20/06/2024,160000000,2917000,2818000,3.5,Anual,Corredor,10,Renovada  ,,
POL-006884,CLI-00552,Hogar,2021/07/06,06/07/2022,345000000,1270000,1260000,0.8,Trimestral,Asesor comercial  ,10,renovada,,
POL-003525,CLI-03464,Auto,12/05/2025,2025-03-15,97000000,3028000,2347000,29.0,Mensual,Agencia,10,Activa,,
POL-003603,CLI-02352,Salud,08/02/2021,08/02/2022,144000000,2758000,2578000,7.0,Anual,Bancaseguros,5,Renovada,,
POL-000539,CLI-04650,Vehículo,2024-10-13,2024-01-09,119000000,4499000,4260000,5.6,Trimestral,Asesor comercial,10,Renovada  ,,
POL-007200,CLI-03569,Salud,2023/09/18,17/09/2024,97000000,2064000,1924000,7.3,MENSUAL,Asesor comercial,10,Renovada,,
POL-005023, CLI-01277 ,  Auto,2021-11-06,06/11/2022,47000000,1957000,1979000,-1.1,Mensual,Asesor comercial,10,vencida,,
POL-007408,CLI-03259,Salud,02/03/2025,02/03/2026,69000000,1890000,1807000,4.6,Anual,Agencia,15,Activa,,
POL-005078,CLI-00261,Vida,03/09/2024,03/09/2025,122000000,611000,571000,7.0,Anual,Asesor comercial,15,Vencida,,
POL-002045,cli-00227, Auto ,21/06/2023,2024-06-20,144000000,4505000,4242000,6.2,MENSUAL,Agencia,15,Renovada,,
POL-007069,CLI-01026,SALUD,2021-10-12,2022-10-12,141000000,2931000,2868000,2.2,Anual,Asesor  comercial,15,Renovada,,
POL-004836,CLI-02542,auto,2025/03/08,2026-03-08,44000000,1920000,1768000,8.6,Anual,Bancaseguros,5,Activa,,
POL-007102,CLI-00565,Hogar,2022-09-04,2023-09-04,156000000,831000,854000,-2.7,Trimestral,Bancaseguros,15,Renovada,,
POL-004694,CLI-03352,Vida,21/02/2021,2022/02/21,225000000,1161000,1135000,2.3,Anual,Bancaseguros,0,Cancelada,2022-02-21,Venta/pérdida del bien
POL-001312,CLI-01259,Salud  ,2023-08-14,13/08/2024,66000000,1274000,1160000,9.8,Anual,Agencia,5,Renovada,,
POL-002355,CLI-00823,Vivienda,2025-06-29,2026/06/29,157000000,566000,497000,13.9,Mensual,Web,10,Cancelada,21/11/2025,Precio
POL-000789,CLI-01858,Vida,2022/04/11,11/04/2023,646000000,2547000,2412000,5.6,Mensual,Agencia,5,Cancelada,2022-07-29,Falta de pago
POL-003873,CLI-04130,AUTO,2024-06-05,,60000000,2604000,2092000,24.5,Trimestral,Asesor comercial,15,Cancelada,2024-08-28,Precio
POL-003127,CLI-02332,Auto,2023/07/12,11/07/2024,53000000,2341000,1784000,31.2,Mensual,Bancaseguros,5,Renovada,,
POL-004285,CLI-00132,auto,2024-12-08,2025-12-08,44000000,1581000,1511000,4.6,Mensual,Asesor comercial,15,Renovada,,
POL-007358,CLI-04216,Auto,2025-01-01,2026-01-01,39000000,1935000,1819000,6.4,Anual,Asesor  comercial,5,Activa,,
POL-008201,CLI-03547,  Auto,08/12/2024,2025-12-08,66000000,2513000,2380000,5.6,Anual,Agencia,0,Renovada,,
POL-000854,CLI-05112,Salud,2022/11/22,2023-11-22,76000000,1591000,1522000,4.5,Anual,Web,5,Renovada,,
POL-000876,CLI-03854,Salud,08/12/2021,08/12/2022,136000000,3079000,2840000,8.4,Trimestral,Agencia,0,Vencida,,
POL-004514,CLI-01909,Salud  ,2025-04-09,09/04/2026,93000000,2374000,2276000,4.3,Mensual,Corredor,5, Activa ,,
POL-001764,CLI-04756,Hogar,26/02/2024,2025-02-25,232000000,1092000,1000000,9.2, Mensual ,Agencia,0,Renovada,,
POL-006679,CLI-04017,Vivienda,2024-05-13,2025/05/13,293000000,1064000,977000,8.9,SEMESTRAL,Bancaseguros,10,Renovada,,
POL-002114,CLI-05100,Salud,2021-08-22,2022-08-22,150000000,2767000,2562000,8.0,Mensual,Corredor,15,VENCIDA,,
POL-007318,CLI-01419,Auto,26/02/2025,2026-02-26,39000000,1850000,1759000,5.2,Mensual,Corredor,0,Cancelada,24/09/2025,Otro
POL-005519,CLI-03395,Vida,2023/07/07,06/07/2024,397000000,1023000,822000,24.5,Mensual,Agencia,10,Renovado,,
POL-001418,CLI-02497,Auto,2023/07/15,2024-07-14,37000000,1543000,1412000,9.3,Mensual,Corredor,5,RENOVADA,,
POL-000740,CLI-04398,Salud  ,2022/04/03,03/04/2023,65000000,1442000,1128000,27.8,Trimestral,Asesor comercial,15,Cancelada,02/07/2022,Cambio de aseguradora
POL-005034,CLI-04530,Vida,2023/10/28,2024-10-27,175000000,592000,563000,5.1,Trimestral,Bancaseguros,0, Vencida ,,
POL-000180,CLI-03565,Auto,17/05/2025,2026/05/17,97000000,2696000,2585000,4.3,Mensual,ASESOR COMERCIAL,0,Cancelada,26/12/2025,Precio
POL-007067,CLI-03032,Auto,2023-02-17,2024-02-17,22000000,904000,887000,1.9,Mensual,Asesor comercial,0,Renovada,,
POL-006051,CLI-01005,Salud,2024-08-17,2025/08/17,115000000,1806000,1701000,6.2,Anual,Bancaseguros,5,Renovada,,
POL-006111,CLI-03995,HOGAR,20/03/2025,2026-03-20,152000000,596000,612000,-2.6,Mensual,Agencia,15,Activa,,
POL-003433,CLI-03854,Salud,2023-12-05,2024-12-04,105000000,2437000,2166000,12.5,mensual,Corredor,15,Vencida,,
POL-006011,CLI-01784,salud,15/07/2024,15/07/2025,95000000,2310000,1878000,23.0,Mensual,Asesor comercial,0,Renovada,,
POL-005194,CLI-02890,Vida,2025/01/07,2026/01/07,280000000,906000,874000,3.7,Mensual,Asesor comercial  ,0,Activa,,
POL-003435,CLI-01374,Auto,2024-09-23,2025/09/23,63000000,1997000,1882000,6.1,Trimestral,  Bancaseguros,10, Renovada ,,
POL-002713,CLI-00260,Auto,2021/01/17,2022/01/17,54000000,1660000,1534000,8.2,Anual,Agencia,5,Renovada,,
POL-002556,CLI-04402,Salud,2024-04-06,06/04/2025,133000000,4291000,4291000,-0.0,Mensual,Corredor,10,RENOVADA,,
POL-007876,CLI-02261,Auto,2025-02-26,26/02/2026,47000000,2265000,2283000,-0.8,Anual,Agencia,5,Activa,,
POL-005055,CLI-01089,Hogar,04/11/2022,04/11/2023,189000000,576000,534000,,Anual,Bancaseguros,10,Vencida,,
POL-001468,CLI-04018,Hogar,16/12/2023,2024/12/15,491000000,1577000,1457000,8.2,Mensual,Asesor comercial,10,RENOVADA,,
POL-000588,CLI-02856,Vida,2022-04-08,2023-04-08,410000000,1665000,1566000,6.3,Anual  ,Bancaseguros,0,Cancelada,2023-01-08,Cambio de aseguradora
POL-006474,CLI-03870,Salud,2025-06-01,2026-06-01,108000000,1859000,1704000,9.1,Mensual,  Agencia,0,Activa,,
POL-002595,cli-01488,Hogar  ,16/07/2021,2022/07/16,292000000,1295000,1281000,1.1,Mensual,Agencia,15, Cancelada ,2021-11-04,Falta de pago
POL-006572,CLI-01485,Auto,19/06/2025,2026-06-19,49000000,2492000,2141000,16.4,Trimestral,Web,5,cancelada,17/09/2025,Precio
POL-005842,CLI-00951,  Salud,2025-05-23,2026-05-23,302000000,5816000,4470000,30.1,Semestral,Web  ,5,Activa,,
POL-006082,cli-01365,Auto,03/02/2025,2026-02-03,49000000,1832000,1568000,16.8,SEMESTRAL,Web  ,5,Activa,,
POL-001786,CLI-04533,Hogar,2022-02-06,06/02/2023,196000000,785000,776000,1.1,Mensual,Web,10,Renovada,,
POL-000975,CLI-02334,  Salud,2025/04/16,2026/04/16,154000000,4215000,4124000,2.2,Mensual,Agencia,10,Activa,,
POL-004939,CLI-02064,Salud,2025-01-01,2026-01-01,105000000,1831000,1689000,8.4,Anual,Corredor,15,Activa,,
POL-001212,CLI-00244,Auto,14/06/2023,2024-06-13,32000000,1059000,1007000,5.2,Semestral,Web,5,RENOVADA,,
POL-007769,CLI-01215,Auto,2024-04-11,11/04/2025,70000000,2235000,2087000,7.1,Mensual,Agencia,5,Cancelada,2024/05/13,otro
POL-007532,CLI-03318,Auto,2024/07/01,2025/07/01,55000000,1973000,2040000,-3.3,Mensual,Asesor comercial,15,Vencida,,
POL-003330,CLI-01370,VIDA,07/11/2023,06/11/2024,200000000,726000,689000,5.4,TRIMESTRAL,Web,5,Renovada,,
POL-000562,CLI-03203,Auto,24/02/2024,2025-02-23,73000000,2671000,2563000,4.2,Anual,Agencia,0,Cancelada,2024-10-17,Venta/pérdida del bien
POL-004419,CLI-02454,SALUD,2024-11-03,2025/11/03,230000000,4214000,3827000,10.1,Anual,Agencia,5,Renovada,,
POL-003952,CLI-04762, Hogar ,2024/03/02,2025-03-02,127000000,414000,426000,-2.8,Semestral,Asesor comercial,5,Renovada,,
POL-005095,CLI-03190,Auto,2025-03-19,2026-03-19,51000000,1410000,1380000,2.2,Mensual,Corredor,5,Activa,,
POL-002549,CLI-00601,Salud,14/07/2023,2024-07-13,118000000,2682000,2693000,-0.4,Mensual,Asesor comercial,5,Cancelada,2024-05-14,Precio
POL-008135,CLI-01794, Auto ,2023/12/28,2024/12/27,71000000,2791000,2182000,27.9,Trimestral,Corredor,15,Renovada,,
POL-006979,CLI-01099,hogar,2023-10-27,2024/10/26,222000000,848000,797000,6.4,Mensual,Agencia,0,Renovada,,
POL-001220,CLI-01266,Auto,2024-02-16,2025/02/15,27000000,965000,880000,9.6,Mensual,Agencia,5,RENOVADA,,
POL-000913,CLI-02367,Automóvil,2025/05/22,2026-05-22,111000000,6179000,5492000,12.5,Trimestral,Web,5,Activa,,
POL-007887,CLI-02627,Auto,2025-06-03,2026/06/03,63000000,3161000,3054000,3.5,Semestral,Asesor comercial,10, Activa ,,
POL-005643,CLI-02350,Auto,2024/09/22,22/09/2025,31000000,874000,849000,3.0,MENSUAL,Bancaseguros,0,Cancelada,2025-06-13,Cambio de aseguradora
POL-003241,CLI-05169,Seguro de Salud,20/12/2024,20/12/2025,180000000,2422000,2345000,3.3,Anual,Asesor comercial,15,Renovada,,
POL-003414,CLI-03587,Hogar,2025-06-24,2026-06-24,217000000,892000,826000,8.0,Mensual,Bancaseguros,0,Activa,,
POL-001471,cli-01706,  Hogar,2025-05-09,2026/05/09,221000000,840000,802000,4.8,mensual,Agencia,5,Activa,,
POL-003070,CLI-03353,SALUD,2023/12/05,04/12/2024,122000000,3745000,2793000,34.1,Mensual,Agencia,10,Cancelada,2024-07-06,Precio
POL-004821,CLI-02202,Vida,2024/10/06,2025/10/06,,1199000,1113000,7.7,Anual,Web,10,Renovada,,
POL-002002,CLI-00102,Hogar,2024-09-04,2025-09-04,150000000,649000,645000,0.6,Trimestral,Asesor comercial,5,Renovada,,
POL-004013,CLI-00839,Auto,10/10/2023,09/10/2024,89000000,3564000,3365000,5.9,Anual,Corredor,5,Cancelada,08/05/2024,Otro
POL-003905, CLI-04297 ,  Hogar,2021-03-31,31/03/2022,248000000,935000,877000,6.6,Mensual,Bancaseguros,10, Vencida ,INVALID_DATE,
POL-007956,CLI-04352,  Vida,07/11/2022,07/11/2023,230000000,558000,509000,9.7,Mensual,Asesor comercial,0,Renovada,,
POL-006724,CLI-04992,Salud,06/09/2022,2023-09-06,152000000,3791000,3652000,3.8,Trimestral,Agencia,5,Vencida,,
POL-005525,CLI-03106,Salud,17/03/2025,2026-03-17,82000000,1701000,1689000,0.7,Anual,Corredor,0,cancelada,2025-12-23,Falta de pago
POL-001404,CLI-00544,Auto  ,2024/08/14,14/08/2025,95000000,2954000,2843000,3.9,Mensual,Corredor,5,Renovada,,
POL-007553,CLI-00472,Vida,2021-01-19,19/01/2022,499000000,1719000,1617000,6.3,  Mensual,WEB,10,VENCIDA,,
POL-006992,CLI-00318,Vida,2023-10-12,2024-10-11,217000000,790000,666000,18.7,Mensual,Bancaseguros  ,5,Vencida,,
POL-003225,CLI-02960,salud,2025-06-12,2026/06/12,176000000,3954000,3706000,6.7,Mensual,Bancaseguros,10,Vigente,,
POL-001949,CLI-01263,Vida,19/09/2021,19/09/2022,801000000,2360000,2235000,5.6,Anual,Asesor comercial,5,Renovada,,
POL-003990,CLI-03490,Salud,2021-02-01,01/02/2022,107000000,2632000,,9.3,Semestral,Asesor comercial,0,Renovada,,
POL-007703,CLI-01764,Salud,2023-12-11,2024-12-10,160000000,5288000,5129000,3.1,Mensual,Agencia,5,Vencida,,
POL-000653,CLI-00961,Vida,2024-02-11,2025-02-10,522000000,1654000,1359000,21.7,Trimestral,Agencia,15,Renovada  ,,
POL-001537,CLI-01092,Auto,2024-09-26,2025-09-26,24000000,927000,917000,1.1,Semestral,Agencia,10,Renovada,,
POL-004797,CLI-01273,Auto,14/04/2024,14/04/2025,28000000,866000,740000,17.0,Mensual,Asesor comercial,15,Vencida,,
POL-000143,CLI-00554,Salud,22/03/2025,22/03/2026,80000000,1414000,1318000,7.3,Trimestral,Corredor,5,SUSPENDIDA,,
POL-004728,CLI-00359,Salud,2025-01-06,2026-01-06,137000000,2945000,2818000,,Mensual, Agencia ,15,Vigente,,
POL-007053,CLI-04094,Salud,2024/02/21,20/02/2025,116000000,2232000,2057000,8.5, Anual ,  Corredor,10,Cancelada,03/05/2024,Falta de pago
POL-002496,CLI-03156,Vida,INVALID_DATE,2024-01-21,672000000,2244000,2189000,2.5,Anual,Corredor,0,Vencida,,
POL-005247,CLI-00820,Salud,2023/07/15,2024-07-14,80000000,2321000,2232000,4.0,Anual,Agencia,0,Vencida,,
POL-002450,CLI-00812,Automóvil,2024-06-16,16/06/2025,49000000,1661000,1600000,3.8,Mensual,Web,10,Vencida,,
POL-001032,CLI-01013,Auto,11/08/2024,11/08/2025,96000000,3318000,3178000,4.4,Anual,Asesor comercial,5,RENOVADA,,
POL-003685,CLI-04257,Auto,2025-05-26,26/05/2026,45000000,1723000,,8.0,MENSUAL,Bancaseguros,10,Vigente,,
POL-001548,CLI-03898,Seguro  de  Salud,2023/10/26,25/10/2024,151000000,2693000,2424000,11.1,Mensual,Asesor comercial,0,Renovada,,
POL-004729,CLI-03103,Salud,27/07/2022,27/07/2023,122000000,3549000,3503000,1.3,Anual,Bancaseguros,5,Renovada,,
POL-000054,CLI-04254,Hogar,18/02/2021,2022-02-18,209000000,824000,817000,0.9,Mensual,Bancaseguros,5,Renovada,,
POL-006519,CLI-00802,Vida,2024-07-03,2025-07-03,96000000,462000,410000,12.6,Semestral,Bancaseguros  ,5,Renovada,,
POL-002599,CLI-04799,  Salud,28/03/2021,2022-03-28,108000000,1582000,1500000,5.5,Mensual,Asesor comercial,5,Renovada,,
POL-004299,CLI-01769,Salud,2025-01-04,2026-01-04,97000000,2680000,2560000,4.7,Anual,Corredor,5,Activa,,
POL-005551,CLI-01071,salud,12/04/2024,12/04/2025,161000000,2373000,2313000,2.6,Mensual,Agencia,0,Renovada,,
POL-007495,CLI-02740,Salud,2025/06/28,2026-06-28,78000000,2191000,,-3.9,Mensual,Asesor comercial,5,Activa,,
POL-002529,CLI-04996,Salud,2023-10-19,2024/10/18,110000000,2790000,2593000,7.6, Anual ,Bancaseguros,5,Vencida,,
POL-003567,CLI-01684,HOGAR,08/02/2023,2024-02-08,120000000,405000,379000,7.0, Mensual ,Bancaseguros,10,Renovado,INVALID_DATE,
POL-002915,CLI-04150,auto,2025-02-24,2026/02/24,28000000,1378000,1334000,3.3,Mensual,Asesor comercial,0,Activa,,
POL-006411,CLI-03540,Vida,13/11/2024,13/11/2025,256000000,865000,838000,3.2,Mensual,Asesor comercial,5,Renovada,,
POL-001182,CLI-00955,Salud,2025/02/23,23/02/2026,44000000,1065000,775000,37.4,Mensual,  Agencia,15,Cancelada,2025-06-11,Precio
POL-005636,CLI-02539,Hogar,26/01/2022,26/01/2023,94000000,395000,365000,8.2,Mensual,Asesor comercial,0,Renovado,,
POL-003613,CLI-04115,Vida,29/04/2022,2023-04-29,474000000,981000,932000,5.3,Mensual,Asesor comercial,5,Vencida,,
POL-003483,CLI-05076,Auto,30/07/2024,2025-07-30,61000000,2187000,2040000,7.2,Semestral,Web,0,Renovada,,
POL-004178,CLI-00394,Vivienda,2025-06-01,2026/06/01,247000000,979000,876000,11.7,Anual,Web,15,Activa,,
POL-000582,CLI-04678,Hogar,2024/05/29,2025-05-29,206000000,882000,809000,9.0,Anual,Agencia,5,Vencida,,
POL-000271,CLI-02135,Auto,19/02/2025,19/02/2026,38000000,1698000,1636000,3.8,Anual,Asesor  comercial,5,Activa,,
POL-002937,CLI-01407,Auto,2024-10-27,27/10/2025,39000000,957000,921000,3.9,Anual,Web,5,Renovada,,
POL-003901,CLI-03753,Auto,2024-02-02,01/02/2025,43000000,1430000,1353000,5.7,Mensual,Agencia,5,Vencida,,
POL-007584,CLI-00151,Vida,2024-10-18,2025-10-18,353000000,1161000,964000,20.4,SEMESTRAL,Corredor,5,VENCIDA,,
POL-005925,CLI-03330,  Vida,2024/11/21,2025/11/21,166000000,577000,522000,10.6,Mensual,Web,10,Renovada,,
POL-008018,CLI-02930,Salud,2025-05-27,2026-05-27,104000000,2184000,2092000,4.4,Anual,Asesor comercial,10,Activa,,
POL-008377,CLI-02611,Salud,2022/07/06,06/07/2023,84000000,1734000,,8.0,Anual,Bancaseguros,10,Vencida,,
POL-003463,CLI-00269,Auto,2023-06-06,05/06/2024,56000000,2133000,2085000,2.3,Mensual,Bancaseguros,10,Renovada,,
POL-000576,CLI-02055,Hogar,21/04/2024,21/04/2025,236000000,887000,890000,-0.3,  Mensual,Asesor comercial,10,Renovada  ,,
POL-007221,CLI-00356,SALUD,01/04/2025,2026-04-01,142000000,,2794000,0.9,Mensual,Web,15,Activa,INVALID_DATE,
POL-003843,CLI-04701,Salud,2023-12-01,2023/02/04,112000000,2441000,2345000,4.1,Semestral,Bancaseguros,10,Renovada,,
POL-005870,CLI-02123,Auto,2025-04-12,2026/04/12,43000000,1203000,1193000,0.8, Trimestral ,Bancaseguros,5,activa,,
POL-006612,CLI-02295, Auto ,2024-01-25,2025-01-24,33000000,1069000,1008000,6.1,Trimestral,Bancaseguros,10,Renovada,,
POL-008164,CLI-03853,HOGAR,03/04/2024,,148000000,576000,534000,7.9,Mensual,Asesor comercial,0,Renovada,,
POL-006582,CLI-03186, Auto ,2024/04/09,09/04/2025,58000000,2177000,1995000,9.1,MENSUAL,Agencia,5,RENOVADA,,
POL-006092,CLI-05022,Vida,25/09/2024,2025/09/25,293000000,1457000,1163000,25.3,Semestral,Corredor,10,Renovada,,
POL-004438,CLI-04733,Salud,16/02/2024,2025-02-15,245000000,4654000,4466000,4.2,Anual,Asesor comercial,15,Renovada,,
POL-005831,CLI-00556,VIDA,06/09/2021,2022-09-06,364000000,1009000,933000,8.2,Semestral,Bancaseguros,15,Vencida,,
POL-001484,CLI-03255,Hogar,2023-06-06,2024-06-05,144000000,627000,598000,4.9,Anual,  Asesor comercial,10,Renovada,,
POL-004526,CLI-00424,AUTO,2023/09/24,23/09/2024,62000000,2759000,2588000,6.6,Anual,Corredor,10,Renovada,,
POL-000757,CLI-03290,Hogar,20/06/2024,2025-06-20,182000000,650000,618000,5.2,Trimestral,Web,10,Cancelada,2025-03-04,Reclamo rechazado / insatisfacción
POL-005447,CLI-03442,Vida,2023-05-28,2024-05-27,130000000,535000,532000,0.5,Mensual,Agencia,10,Renovada,,
POL-003771,CLI-02892,Auto,2021/08/08,2022-08-08,95000000,3282000,2431000,35.0,Mensual,Web,5, Renovada ,,
POL-005837,CLI-01211,Auto,2025/03/10,2026-03-10,43000000,1917000,1797000,6.7,Anual,Corredor,15,Vigente,,
POL-001777,CLI-01207,Salud,2022/02/09,09/02/2023,120000000,1972000,1943000,1.5,Mensual,Bancaseguros,10,Cancelada,2023-01-11,cambio de aseguradora
POL-004486,CLI-03470,Auto,2024/04/21,2025-04-21,82000000,3419000,3086000,10.8,Mensual,Corredor,5,Renovada,,
POL-002079,CLI-03485,  Auto,2025/01/28,,86000000,2956000,2765000,6.9,Anual,Bancaseguros,0,Activa,,
POL-004677,CLI-01838,Auto,22/11/2023,21/11/2024,50000000,2025000,1903000,6.4,Anual,Web,10,Renovada,,
POL-000383,CLI-02003,Vida,02/05/2022,2023-05-02,308000000,899000,864000,4.0,Mensual,Bancaseguros,10,Vencida,,
POL-008188,CLI-03998,VIDA,2024-07-21,2025-07-21,752000000,2439000,2361000,3.3,Semestral,Bancaseguros,5,Vencida,,
POL-003340,CLI-01787,Hogar,03/02/2024,2025-02-02,122000000,611000,563000,,Anual,Bancaseguros,10,Vencida,,
POL-002121,CLI-03597,  Auto,2022/05/18,,81000000,3022000,2778000,8.8,Mensual,Bancaseguros,5,Cancelado,06/10/2022,Falta de pago
POL-008046,CLI-03974,Vida,2021-09-24,2022-09-24,1062000000,3050000,2930000,4.1,Anual,Asesor comercial,5,Cancelada,2022/02/27,Precio
POL-005771,CLI-01570,Salud,2022-08-25,2023-08-25,98000000,1830000,1787000,2.4,Trimestral,Corredor,0,Renovada,,
POL-005751,CLI-00558, Vida ,15/11/2024,2025-11-15,451000000,2178000,2125000,2.5,Mensual,Corredor,0,Vencida,INVALID_DATE,
POL-004711,CLI-02113,auto,2024-08-30,30/08/2025,39000000,1680000,1634000,2.8,Mensual,Asesor comercial,5,Renovada,,
POL-006194,CLI-05002,Vida,2024-07-10,10/07/2025,364000000,1267000,1184000,7.0,Anual,Asesor comercial,15,Renovado,,
POL-001012,CLI-01927,Salud  ,2022-03-19,2023-03-19,68000000,1413000,1072000,31.8,Trimestral,Corredor,5,Renovada,,
POL-007101,CLI-03563,Hogar,04/03/2025,INVALID_DATE,292000000,1212000,1138000,6.5,Mensual,Asesor comercial,10,cancelada,08/06/2025,Falta de pago
POL-004357,CLI-02540,Hogar,21/10/2022,21/10/2023,263000000,950000,911000,4.3,Trimestral,Web,10,  Expirada,,
POL-004016,CLI-03751,Salud  ,2024-02-03,2025/02/02,118000000,,2528000,2.6,Mensual,Asesor comercial,0,Renovada,,
POL-004464,CLI-01388,auto,2024-08-01,2025-08-01,66000000,2457000,2528000,-2.8,Anual,Asesor comercial,5,Renovada,,
POL-003953,CLI-00589,Auto,2025-02-13,13/02/2026,95000000,0,2854000,6.5,Trimestral,asesor comercial,5,Cancelada,30/11/2025,Otro
POL-007509,CLI-04287,Salud,2022-07-28,28/07/2023,221000000,3542000,3406000,4.0,Anual,  Web,5,VENCIDA,,
POL-001667,CLI-00927,Auto,2023-07-05,04/07/2024,78000000,3277000,3219000,1.8,Anual  ,Agencia,10,Renovada,,
POL-003761,CLI-00126,Vida,2025-06-06,06/06/2026,885000000,2491000,2388000,4.3,Mensual,Corredor,15,Activa,,
POL-002246,CLI-02838,Auto,01/03/2025,2026-03-01,103000000,4576000,4301000,6.4,SEMESTRAL,Web,0,Activa,,
POL-005645,CLI-01252,Vida,22/05/2025,2026/05/22,229000000,777000,714000,8.8,Trimestral,Agencia,0,Activa,,
POL-003796,CLI-00559,Salud,2023/11/29,28/11/2024,50000000,815000,775000,5.1,Anual,Agencia,10,Cancelada,05/06/2024,Cambio de aseguradora
POL-000098,CLI-04493,Vida,2023-10-16,2024/10/15,799000000,3045000,2919000,4.3,Mensual,Bancaseguros,10,Renovada,,
POL-001206,CLI-02002,Vida,2022/05/14,2023/05/14,470000000,1365000,1291000,5.7,Anual,Asesor comercial,5,  Vencida,,
POL-008019,CLI-05198, Vehículo ,2024-12-19,2025-12-19,49000000,1978000,1833000,7.9,Mensual,Bancaseguros,0,Renovada,,
POL-007324,CLI-03002,Auto,2025-06-20,INVALID_DATE,63000000,1923000,1806000,6.5,Mensual,  Agencia,0,Activa,,
POL-002535,CLI-01501,Hogar,2024/05/09,09/05/2025,131000000,699000,650000,7.5,Mensual,Asesor comercial,10,Renovada,,
POL-008351,CLI-04970,Hogar,31/05/2024,2025-05-31,257000000,1150000,1112000,3.4,Semestral,Asesor comercial,15,Vencida,,
POL-005722,CLI-01462,Hogar,2021/10/10,2022-10-10,272000000,1253000,1230000,1.9,Mensual,Agencia,0,Renovada,,
POL-008169,CLI-01784,Hogar,2025/04/18,2026-04-18,206000000,843000,678000,24.4,Trimestral,Asesor comercial,0,  Activa,,
POL-006505,CLI-00787,Vida,,10/09/2025,127000000,503000,497000,1.2,Semestral,Web,5,Renovada,,
POL-008106,CLI-02897,Salud,2025-02-14,2026-02-14,54000000,1287000,1188000,8.3,Mensual,Bancaseguros,0,Activa,,
POL-001089,CLI-04798,Salud,16/11/2024,16/11/2025,128000000,3451000,3195000,8.0,Mensual,Asesor comercial,10, Expirada ,,
POL-003797,CLI-04608,Hogar,14/01/2022,14/01/2023,203000000,737000,654000,12.7,  Anual,ASESOR COMERCIAL,10,VENCIDA,,
POL-003106,CLI-02573,Auto,2023-04-27,26/04/2024,91000000,4319000,4033000,,Mensual,Agencia,5,Renovada,,
POL-005445,CLI-02529, Auto ,14/05/2024,2025-05-14,76000000,2894000,2700000,7.2,Anual,Asesor comercial,0,Cancelada,2024-11-23,Otro
POL-004669,CLI-03871,Vida,04/04/2023,2024-04-03,1028000000,4871000,3721000,30.9,Mensual, Web ,5,Vencida,,
POL-000468,CLI-00440,Auto,21/05/2022,2023-05-21,63000000,2564000,2423000,5.8,Anual,Asesor comercial,15,Renovada,,
POL-007857,CLI-05178,Vivienda,09/10/2022,2023-10-09,361000000,1356000,1295000,4.7,Mensual,WEB,15,Renovada,,
POL-001634,CLI-00250,Salud,06/04/2024,06/04/2025,108000000,3298000,3094000,6.6,Anual,Web,0,Renovada,,
POL-001155,CLI-04780,Auto,2023-07-20,2024/07/19,47000000,2635000,2470000,6.7,Anual,Asesor comercial,15,Renovada,,
POL-006832,CLI-02112,Auto,06/03/2024,06/03/2025,55000000,2779000,2733000,1.7,MENSUAL,Agencia,15, Cancelada ,2024/05/19,Falta de pago
POL-006901,CLI-00644,Salud,2022-06-16,2023-06-16,177000000,3687000,3590000,2.7, Anual ,Web,5,Renovada,,
POL-004471,CLI-00785,Seguro de Vida,2023-06-20,2024-06-19,306000000,1485000,1102000,34.7,Mensual,Agencia,0,Cancelada,2023/12/24,Precio
POL-004253,CLI-01419,Salud,02/04/2024,2025-04-02,63000000,830000,832000,-0.3,Mensual,Bancaseguros,5,Vencida,,
POL-001141,CLI-02018,Auto,2024/07/03,03/07/2025,38000000,1153000,898000,28.4,Mensual,Bancaseguros,5,Renovada,,
POL-003962,CLI-03969,SALUD,22/03/2025,22/03/2026,136000000,3035000,2949000,2.9,trimestral,Corredor,5,Activa,INVALID_DATE,
POL-008030,CLI-01603,AUTO,2024-01-24,23/01/2025,51000000,1678000,1628000,3.1,Anual,Agencia,5,Renovada,,
POL-006831,CLI-04097,Auto,25/01/2025,2026-01-25,38000000,1865000,1795000,3.9,Anual,Corredor,15,Activa,,
POL-002778,CLI-00183,Vida,2025-01-17,2026-01-17,1133000000,3640000,3380000,7.7,Anual,Asesor comercial,5,Activa,,
POL-001788,CLI-02275,Salud,2025-04-18,2026-04-18,98000000,2244000,1626000,38.0,Anual,Agencia,5,Cancelada,2025/12/30,  Precio
POL-002992,CLI-00940,Auto,16/05/2024,2025-05-16,93000000,3467000,3195000,8.5,TRIMESTRAL,Corredor,0,Renovada,,
POL-004100,CLI-00101,Auto,09/11/2022,2023/11/09,37000000,1362000,1237000,10.1,Trimestral,Web,5,Renovada,,
POL-000360,CLI-02834,Hogar,2023-06-20,2024-06-19,152000000,683000,643000,6.2,Trimestral,  Corredor,5,CANCELADA,03/12/2023,Precio
POL-005952,CLI-03282,Vida,2025-06-26,2026-06-26,696000000,3421000,3090000,10.7,Mensual,Agencia,0,Activa,,
POL-002147,CLI-00250,AUTO,2024-10-27,2025-10-27,74000000,1917000,1574000,21.8,Trimestral,Bancaseguros,15,Renovada,,
POL-000987,CLI-01300,Salud,06/09/2023,05/09/2024,59000000,864000,821000,5.2,Mensual,BANCASEGUROS,0,Vencida  ,,
POL-006539,CLI-00214,  Salud,06/08/2022,06/08/2023,84000000,2407000,2018000,19.3,Mensual  ,Bancaseguros,10,  Cancelada,2023-02-25,Cambio de aseguradora
POL-004045,CLI-04191,AUTO,2023/11/06,05/11/2024,28000000,1156000,905000,27.8,Mensual,Web,5,Cancelada,2023/12/10,Precio
POL-003494,CLI-03015,Salud,2024-02-13,2025/02/12,62000000,2123000,1805000,17.6,Mensual,Bancaseguros,0,Vencida,,
POL-004840,CLI-01942,Vida,2024-09-25,2025-09-25,744000000,2235000,2116000,5.6,Anual,Agencia,15,Renovada,,
POL-005662,CLI-01847,Auto,2023-10-29,2024/10/28,31000000,1034000,870000,18.9,Anual,Bancaseguros,5,Cancelada,07/06/2024,Precio
POL-003535,CLI-02100,AUTO,2023-12-24,2024-12-23,68000000,2721000,2296000,18.5,Mensual,  Bancaseguros,15,Renovada,,
POL-002300,CLI-01853,Vida,2023-04-28,27/04/2024,938000000,3298000,3034000,8.7,Anual,Agencia,0,Renovada,,
POL-006099,CLI-02183, Salud ,2025-04-17,2026-04-17,87000000,1224000,1204000,1.7,Anual,bancaseguros,0,Activa  ,,
POL-004732,CLI-02802,Auto,2021-04-13,2022-04-13,67000000,2989000,2809000,6.4,  Semestral,Asesor comercial,0,Vencida,,
POL-002814,CLI-04381,Auto,2024/07/17,17/07/2025,74000000,2353000,2241000,5.0,Anual,Agencia,0,Renovada,,
POL-008071,CLI-04018,Auto,16/01/2023,2024/01/16,105000000,4691000,4384000,7.0,Mensual,BANCASEGUROS,5,VENCIDA,,
POL-004129,CLI-00986,Hogar,2025/03/30,2026/03/30,158000000,485000,486000,-0.3,Mensual,Asesor comercial,10,Cancelada,2025-06-14,Cambio de aseguradora
POL-005861,CLI-03095,hogar,2023/04/11,2024-04-10,109000000,427000,399000,7.0,Anual,Bancaseguros,5,Renovada,,
POL-003906,CLI-03926,AUTO,2024/06/02,2025-06-02,41000000,1802000,1741000,3.5,Mensual,Agencia,0,Renovado,,
POL-004764,CLI-03086,Vida,03/04/2021,2022-04-03,176000000,627000,537000,16.8, Trimestral ,Agencia,10,Renovada,,
POL-003922,CLI-01033,Salud,2025-03-10,2026/03/10,384000000,7602000,7519000,1.1,Trimestral,Agencia,10,Activa,,
POL-000697,CLI-04293,AUTO,2022/11/04,2023-11-04,118000000,,4388000,1.1,Trimestral,Agencia,0,Renovada,,
POL-002700,CLI-00673,Auto,2024-01-04,03/01/2025,45000000,1500000,1435000,4.5,Mensual,Agencia,5,Renovada,,
POL-000441,CLI-00516,Salud,2023-10-25,2024-10-24,245000000,7098000,6945000,2.2,Anual,Bancaseguros,0,Renovada,INVALID_DATE,
POL-007899,CLI-03063,Auto,2021-07-15,15/07/2022,56000000,1945000,1887000,3.1,Trimestral,Web,10,Renovada,,
POL-004053,CLI-00038,Auto,01/10/2022,2023-10-01,24000000,593000,458000,29.5,Semestral,Agencia,10,Cancelada,2023/09/15,Falta de pago
POL-001708,CLI-05158,Vida,2025/02/23,2026-02-23,439000000,1454000,1193000,21.9,Mensual,  Asesor comercial,15,Suspendida,,
POL-003713,CLI-04807,Auto,2022-12-24,2023/12/24,88000000,3539000,3483000,1.6,Mensual,Web,0,Renovada,,
POL-002562,CLI-00168,Salud,2022-06-13,13/06/2023,36000000,868000,803000,8.1,Mensual,Web,10,VENCIDA,,
POL-006121,CLI-00236,Automóvil,2021-08-23,23/08/2022,64000000,1921000,1387000,38.5,Anual,Agencia  ,5,CANCELADA,16/07/2022,precio
POL-004327,CLI-00786,Salud,2025/05/25,25/05/2026,78000000,1843000,1708000,7.9,Mensual,  Agencia,10,Activa,,
POL-005665,CLI-01466,Hogar  ,2023-07-28,2024-07-27,167000000,642000,643000,-0.1,  Mensual,Web,15,Renovada,,
POL-002790,CLI-02359,SALUD,2025-04-27,27/04/2026,178000000,2807000,2563000,9.5,Trimestral,Agencia,15,Suspendida,,
POL-002018,CLI-05119,Salud,2022-10-30,2023/10/30,220000000,4887000,4686000,4.3, Mensual ,Asesor comercial,10,Renovada,,
POL-006354,CLI-04954,Auto,07/09/2023,2024/09/06,66000000,2820000,2500000,12.8,Mensual,Bancaseguros  ,10,Vencida,,
POL-000254,CLI-03523,Vida,2024-06-25,25/06/2025,137000000,542000,509000,6.4,Anual,Bancaseguros,15,renovada,,
POL-008080,CLI-00087,Salud,22/03/2023,21/03/2024,165000000,3432000,3316000,3.5,Mensual,Web,15,Cancelada,2024-03-16,Cambio de aseguradora
POL-000589,CLI-03703,Vida,2021-05-17,2022-05-17,470000000,1694000,1725000,-1.8,Mensual,Corredor,10,Vencida,,
POL-002749,CLI-02817,Seguro Auto,,2024/09/16,134000000,6410000,6152000,4.2,Anual,Agencia,10,Vencida,,
POL-006512,CLI-00645,Salud,2022-01-29,2023/01/29,98000000,2252000,2125000,6.0,Anual,BANCASEGUROS,5,Renovada,,
POL-008093,CLI-00766,Vida,31/01/2023,2024-01-31,387000000,1248000,1273000,-2.0,Mensual,  Asesor comercial,5,Renovada,,
POL-005198,CLI-03148,Salud,INVALID_DATE,11/10/2025,120000000,3207000,,4.5,Trimestral,Bancaseguros,10, Vencida ,,
POL-007482,CLI-02603,Vida  ,09/04/2025,2026-04-09,950000000,3149000,2282000,38.0,Mensual,Web,10,CANCELADA,2025-07-16,Precio
POL-002455,CLI-02803,Auto,26/07/2021,2022-07-26,106000000,3545000,3347000,5.9,Anual,Asesor comercial,15,Renovada,,
POL-002304,CLI-00194,auto,2025-05-14,2026/05/14,38000000,1158000,,5.5,Mensual,Agencia,0,Activa,,
POL-008234,CLI-00762,Auto,30/01/2023,2024/01/30,49000000,1663000,1255000,32.5,Mensual,Asesor comercial,0,RENOVADA,,
POL-002946,CLI-04220,Auto  ,2024-11-01,01/11/2025,86000000,3544000,3347000,5.9,Mensual,Agencia,10,Renovada,,
POL-007692,CLI-02343,Hogar,28/01/2025,28/01/2026,241000000,1001000,923000,8.5,Mensual,Agencia,15,Activa,,
POL-003732,CLI-01313,Auto,23/02/2024,2025-02-22,89000000,4051000,3768000,7.5,Mensual,Bancaseguros,10,Expirada,,
POL-000530,CLI-03246, Auto ,2024-10-05,2025-10-05,87000000,3981000,3861000,3.1,Mensual,Asesor comercial,10,Cancelada,2025-10-03,Otro
POL-004319,CLI-04400,Auto,09/07/2021,2022/07/09,85000000,3366000,3161000,6.5, Anual ,Asesor comercial,5,renovada,,
POL-005918,CLI-00312,Salud,19/06/2025,19/06/2026,141000000,2357000,2262000,4.2,Semestral,Agencia,5, Activa ,,
POL-005781,CLI-02389,Auto,2024-11-23,2025/11/23,88000000,3454000,3403000,1.5,Mensual,Web,10,Vencida,,
POL-007849,CLI-03312,Auto,2024/07/16,16/07/2025,32000000,1081000,804000,34.5,Mensual,Agencia,5,Renovada,,
POL-005691,CLI-04396,Auto,2025-06-04,2026-06-04,45000000,1858000,1775000,4.7,Anual,Asesor comercial,15,Cancelada,29/10/2025,Reclamo  rechazado  /  insatisfacción
POL-001642,CLI-00933,Auto,24/04/2024,2025-04-24,108000000,3916000,3737000,4.8,Mensual,Corredor,5,Cancelada,2024-11-22,  Precio
POL-007364,CLI-04700,Salud,22/03/2025,22/03/2026,105000000,2427000,2454000,-1.1,Semestral,Web,5,Activa,,
POL-008124,CLI-00670, Auto ,2023/10/27,26/10/2024,82000000,5408000,5068000,6.7,Anual,Agencia,15,RENOVADA,,
POL-000501,CLI-03416,AUTO,2024-05-09,09/05/2025,28000000,1192000,1109000,7.5,Mensual,Agencia,0,Vencida,,
POL-004184,CLI-04867,Auto,2021/03/17,2022-03-17,108000000,5864000,5341000,9.8,Semestral,Corredor,10,Cancelada  ,10/09/2021,Cambio de aseguradora
POL-007526,CLI-01590,SALUD,2024/05/27,27/05/2025,197000000,4023000,3541000,13.6,Mensual,Corredor,5,Vencida,,
POL-004609,CLI-03928,AUTOMÓVIL,2022/10/10,10/10/2023,79000000,2730000,2251000,21.3,anual,Asesor comercial,0,vencida,,
POL-004251,CLI-04433,Salud  ,2021/01/24,2022-01-24,73000000,2114000,2006000,5.4,Semestral,Agencia,5,Vencida,,
POL-002009,CLI-04079,Salud,2023/01/24,2024/01/24,133000000,2642000,2490000,6.1,Anual  , Asesor comercial ,0,VENCIDA,,
POL-004528,CLI-01653,Hogar,2024-02-01,2025/01/31,223000000,764000,614000,24.5,Mensual, Bancaseguros ,5,Vencida,,
POL-001272,CLI-01416,SALUD,2025/01/01,2026-01-01,162000000,2816000,2374000,18.6,  Anual,ASESOR COMERCIAL,5,Activa,,
POL-006392,CLI-00889,Hogar,2025-06-14,14/06/2026,388000000,1569000,1486000,5.6,Anual,Asesor comercial,10,Activa,,
POL-006234,CLI-01510,Vida,2022/05/29,29/05/2023,409000000,1698000,1556000,9.1,Trimestral,Bancaseguros,5,Renovada,,
POL-007420,CLI-04722,Salud,2023-02-24,24/02/2024,62000000,1590000,1544000,3.0,  Semestral,Corredor,5,Renovada,,
POL-007897,CLI-01991,Auto,2025-04-05,2026-04-05,29000000,1667000,1314000,26.9,Mensual,Asesor comercial,0,Cancelada,2025-11-01,Precio
POL-007786,CLI-00024,Auto,2022-11-20,2023/11/20,51000000,2102000,1991000,5.6,Anual,Agencia,10,Vencida,,
POL-008254,CLI-02064, Salud ,16/03/2024,2025-03-16,,1384000,1014000,36.5,Mensual,Agencia,5,Cancelada,13/01/2025,otro
POL-004915,CLI-00329,Seguro Hogar,2023-10-06,05/10/2024,266000000,916000,843000,8.7,Anual,Corredor,10,Cancelada,04/01/2024,Cambio de aseguradora
POL-001383,CLI-00388,Hogar,2025-06-16,16/06/2026,195000000,850000,796000,6.8,Anual,Asesor comercial,0,Vigente,,
POL-000965,CLI-01144,Hogar  ,23/04/2025,2026/04/23,102000000,414000,346000,19.8,  Trimestral,Agencia,5,Activa  ,,
POL-007717,CLI-03687,Auto,12/06/2024,12/06/2025,28000000,1352000,1272000,6.3,Mensual, Asesor comercial ,5,Cancelada,12/03/2025,Precio
POL-003882,CLI-01834,Salud,2021-02-21,2022-02-21,65000000,1457000,1405000,3.7,Anual,Agencia,0, Vencida ,,
POL-000916,CLI-03254,AUTO,13/01/2022,2023-01-13,,5798000,5344000,,Mensual,Asesor comercial,10,renovada,,
POL-000577,CLI-04318,Vida,2024-08-14,2025-08-14,522000000,1542000,1478000,4.3,Mensual,Web,10,Renovada,,
POL-006460,CLI-04724,Salud  ,10/06/2024,2025-06-10,127000000,,2199000,12.3,Mensual,Asesor comercial,15,Cancelada,2025-03-08,Falta  de  pago
POL-001134,CLI-02817,Auto,2025/03/25,2026-03-25,134000000,6187000,5955000,3.9,TRIMESTRAL,bancaseguros,5,Activo,,
POL-001603,CLI-03542,Hogar,2022-06-09,,119000000,509000,466000,9.3,Mensual  ,Asesor comercial,0,Renovada,INVALID_DATE,
POL-003458,CLI-00216,Salud,2021-09-29,2022-09-29,279000000,7035000,6448000,9.1,Anual,Agencia,15,Cancelada,2022-09-29,  Cambio de aseguradora
POL-005613,CLI-02582,Salud,2025-01-09,2026-01-09,99000000,2107000,2038000,3.4,Anual,Asesor comercial,0,Cancelada,2025-12-21,Falta de pago
POL-001535,CLI-02684,Hogar,25/07/2022,2023-07-25,266000000,1235000,1194000,3.4,Anual,Agencia,0,Renovada,INVALID_DATE,
POL-003023,CLI-02115,AUTO,2022-07-03,2023-07-03,75000000,3536000,3326000,6.3,Mensual,asesor comercial,5,Renovado,,
POL-007594,CLI-04017,Salud,2025-03-07,2026-03-07,86000000,1065000,1032000,3.2,Trimestral,Agencia,5,Activa,,
POL-001940,CLI-01854,Hogar,2024/01/14,2025-01-13,279000000,1054000,974000,8.2,trimestral,Bancaseguros,5,Renovada,,
POL-003244,CLI-03193,Hogar,2025-04-14,2026-04-14,327000000,1017000,962000,5.7,Mensual,Agencia,0,Activa,,
POL-000024,CLI-00065, Auto ,2024/05/23,2025/05/23,60000000,2683000,2570000,4.4,Trimestral,Corredor,10, Vencida ,,
POL-006673,CLI-03173,Salud,12/02/2025,2026-02-12,104000000,2449000,1955000,25.3,Trimestral,Agencia,0,Activa,,
POL-006374,CLI-03938,AUTO,2022-08-22,2023-08-22,125000000,3535000,3313000,6.7,Anual,Agencia,10,VENCIDA,,
POL-005846,CLI-01586,HOGAR,2024-09-01,2025/09/01,307000000,1256000,1023000,22.8,Mensual,Web,15,Cancelada,2025-04-30,Reclamo rechazado / insatisfacción
POL-002049,CLI-00244,Auto,,2024-08-10,55000000,2218000,2102000,5.5,Mensual,Asesor comercial,10,Vencida,,
POL-008222,CLI-04569,Auto,04/11/2023,2024-11-03,114000000,5705000,5172000,10.3,Mensual,Asesor comercial,15,Renovada,,
POL-000897,CLI-00435,Vida,2024/03/15,2025-03-15,130000000,444000,416000,6.7, Mensual ,Web,5,Cancelada,2025-01-27,Falta de pago
POL-008212,CLI-03361,Automóvil,2025-06-02,2026-06-02,40000000,,2426000,2.7,Trimestral,Corredor,5,Activa,,
POL-003776,CLI-04321,Hogar,17/08/2024,17/08/2025,267000000,938000,864000,8.6,  Mensual,Corredor,10, Cancelada ,2025-06-25,Cambio de aseguradora
POL-008284,CLI-00968,Salud,2024/03/18,2025/03/18,81000000,1983000,1841000,7.7,Mensual,ASESOR COMERCIAL,5,Renovada,,
POL-006588,CLI-04170, Salud ,22/12/2024,2025-12-22,129000000,2206000,2105000,4.8,MENSUAL,Web,0,Renovada,,
POL-005329,CLI-02842,VIDA,11/01/2025,2026-01-11,292000000,1183000,1162000,1.8,Mensual,Agencia,0,Activa,,
POL-006448,CLI-02543,Vida,2023/08/08,07/08/2024,376000000,1475000,1319000,11.8, Mensual ,Asesor comercial,0,Renovado,,
POL-005411,CLI-02372,AUTO,24/02/2021,2022-02-24,28000000,942000,733000,28.5,Mensual,agencia,15,Vencida,,
POL-002597,CLI-00520,Vida,2022-12-29,2023/12/29,272000000,832000,813000,2.3,Anual,Web,15,cancelada,11/02/2023,Cambio de aseguradora
POL-006362,CLI-02172,Auto  ,2022-11-17,2023-11-17,68000000,2182000,2167000,0.7,Semestral,Agencia,5,Renovada,,
POL-006447,CLI-01080,Vida  ,03/07/2024,2025-07-03,281000000,835000,838000,-0.4,mensual,Corredor,0,Cancelada,2025/06/19,Otro
POL-003276,CLI-04964, Salud ,2022-11-10,10/11/2023,99000000,2790000,2630000,6.1,Mensual,Bancaseguros,10,Renovada,,
POL-001384,CLI-03550,Hogar,2024/10/27,2025-10-27,171000000,924000,845000,9.3,Mensual,Corredor,5,Cancelada,27/10/2025,Falta de pago
POL-005964,CLI-02628,Auto,18/09/2022,2023-09-18,75000000,3107000,2396000,29.7,Mensual,Agencia,10,CANCELADA,2023/09/18,Precio
POL-007988,CLI-01741,Auto,2023/07/10,2024-07-09,44000000,1755000,1678000,4.6,Semestral,Agencia  ,10,Renovada,,
POL-006587,CLI-02259,SALUD,2023/12/05,2024-12-04,309000000,7233000,6948000,4.1,Mensual,Bancaseguros,0,vencida,,
POL-004588,CLI-02364,SALUD,2023-02-17,2024-02-17,170000000,2788000,2665000,4.6,Mensual  ,Corredor,10,Renovada,,
POL-007977,CLI-02154,Auto,14/10/2024,2025/10/14,51000000,2147000,2134000,0.6,Semestral,Bancaseguros,5,Renovada,,
POL-000459,CLI-01156,Auto,2022-01-08,2023-01-08,65000000,2209000,2130000,3.7,Anual,Bancaseguros,5,Vencida,INVALID_DATE,
POL-003611,CLI-00897, Hogar ,2024/12/05,2025/12/05,159000000,596000,568000,4.9,Mensual,AGENCIA,10, Renovada ,,
POL-004003,CLI-03968,  Hogar,2024-08-15,15/08/2025,780000000,3415000,3300000,3.5,Trimestral,Web,0,Renovada,,
POL-006749,CLI-04063,Vida,2022-01-09,2023-01-09,344000000,804000,738000,9.0,Anual,Asesor comercial  ,5,Vencida,,
POL-005352,CLI-01506,Auto,2024-09-20,2025-09-20,80000000,3042000,2925000,4.0,Mensual,Web,15,Renovada  ,INVALID_DATE,
POL-000109,CLI-02792,Salud,2024-04-01,2025-04-01,,2383000,2215000,7.6,Anual,Corredor,15,Renovada,,
POL-006634,CLI-02016,HOGAR,2024-10-09,2025-10-09,205000000,758000,741000,2.3,Anual,Agencia,5,VENCIDA,,
POL-001395,CLI-04386,Auto  ,,05/01/2026,18000000,782000,777000,0.7, Trimestral ,Agencia,5,activa,,
POL-002483,CLI-03382,Salud,17/01/2023,2024/01/17,164000000,2626000,2613000,0.5,Anual,Corredor,15,Renovada,,
POL-000602,CLI-04790,Hogar,2024/12/24,2025-12-24,271000000,1127000,1091000,3.3,Anual,Agencia,10,Vencida,,
POL-004152,CLI-02759,Auto,2024-06-22,2025-06-22,45000000,2262000,2136000,5.9,Mensual,Bancaseguros,0,Renovada,,
POL-003423,CLI-04957,Vida,2023-12-21,20/12/2024,291000000,1298000,1093000,18.8,Mensual,Web,5,Renovada,,
POL-001007,CLI-01846,Auto,24/02/2025,2026-02-24,61000000,2150000,1956000,9.9,Trimestral,  Corredor,5,Activa,,
POL-006095,CLI-01221,Hogar,2021/08/24,2022-08-24,209000000,676000,513000,31.9,Mensual,Asesor comercial,5,Renovada,,
POL-003731,CLI-01491,Salud,04/11/2023,03/11/2024,71000000,1402000,1315000,6.6,TRIMESTRAL,Asesor comercial,5,Vencida,,
POL-004873,CLI-04090,Seguro de Salud,2024-09-01,2025-09-01,172000000,3431000,3417000,0.4,Anual,Corredor,5,Renovada,,
POL-006482,CLI-02549,Salud,2023/08/04,2024-08-03,209000000,4790000,4435000,8.0,Mensual,Asesor comercial,0,Vencida,,
POL-004726,CLI-01477,Hogar,2023-02-09,09/02/2024,209000000,775000,723000,,Trimestral,Agencia,10,Renovada,,
POL-008176,CLI-04414,Hogar  ,2023-04-15,2024-04-14,302000000,1342000,1290000,4.0,Anual  ,asesor comercial,0,Renovada,,
POL-007496,CLI-01938, Auto ,INVALID_DATE,17/07/2025,38000000,1718000,1411000,21.8,Semestral,Agencia,10,Renovada,,
POL-003220,CLI-00270,salud,2022-01-26,2023-01-26,49000000,891000,750000,18.8,Anual,Asesor comercial,0,Renovada,,
POL-005528,CLI-01590,Hogar,2024/03/28,2025-03-28,216000000,967000,742000,30.3,Anual,Agencia,0,Vencida,,
POL-002173,CLI-01951,hogar,2024-10-19,19/10/2025,214000000,819000,784000,4.5,Mensual,Asesor comercial,0,Vencida,,
POL-005213,CLI-02574,Hogar,2023-04-16,2024-04-15,390000000,1515000,1455000,4.1,Mensual,Asesor comercial,5,Vencida,,
POL-006927,CLI-01625,Vida,2023/11/03,2024-11-02,141000000,783000,779000,0.5,Anual,  Agencia,15, Renovada ,,
POL-002407,CLI-03682,Auto  ,2024-04-21,2025-04-21,67000000,2417000,2515000,-3.9,  Mensual,Bancaseguros,5,Vencida,,
POL-004454,CLI-00380,Salud,2023/08/17,16/08/2024,78000000,1330000,1256000,5.9,Anual,Asesor comercial,10,Renovada,,
POL-001639,CLI-02368,Hogar,,2025-03-18,145000000,584000,449000,30.2,Mensual,Web,10,Cancelada,2025/03/09,Precio
POL-007595,CLI-01741,VIDA,2023-09-11,INVALID_DATE,245000000,966000,938000,3.0,Mensual,Bancaseguros,10,Vencida,,
POL-000375,CLI-04454,Salud,2023/08/03,2024/08/02,81000000,2162000,1654000,30.7,Anual,web,5,Cancelada,2024-04-24,Precio
POL-003291,CLI-01933,Auto,2024/09/22,2025-09-22,49000000,1793000,1714000,4.6,Anual,Asesor comercial,15,Renovada,,
POL-005398,CLI-02940,Auto,2021-08-11,2022-08-11,52000000,2216000,1664000,33.2,Anual,Asesor comercial,15,Cancelada,2021-11-23,Precio
POL-002620,CLI-00901,Auto,2023-03-13,12/03/2024,36000000,1497000,1493000,0.3,Anual,Asesor comercial,10,Renovada,,
POL-005316,CLI-05064,Auto,2022-06-25,2023/06/25,50000000,2015000,1733000,16.3,Anual,Corredor,5,Cancelada,2022-12-17,Cambio de aseguradora
POL-007494,CLI-03177,Salud,2021-03-02,2022-03-02,138000000,3812000,3112000,22.5,Trimestral, Asesor comercial ,15,Vencida,,
POL-004947,CLI-92819,Auto,2022/01/08,2023-01-08,59000000,2679000,2527000,6.0,Mensual,Bancaseguros,5,Renovada,,
POL-003268,CLI-03090, Hogar ,2024-11-18,,164000000,70300000,644000,9.1,Mensual,Web,5,Renovada,,
POL-001868,CLI-00683,Vivienda,22/08/2023,21/08/2024,307000000,1418000,1377000,3.0,Mensual,Agencia,15,Vencida,,
POL-006637,CLI-04999,Auto,07/11/2024,2025-11-07,55000000,2302000,2266000,1.6,Semestral,Asesor comercial,5,VENCIDA,,
POL-004046,CLI-00551,Auto,22/06/2024,2025/06/22,53000000,2613000,2567000,1.8,Trimestral,Bancaseguros,15,Renovada,,
POL-006236,CLI-04802,Auto,2023/06/27,2024/06/26,66000000,3201000,2934000,9.1,Trimestral,Asesor comercial,5,Renovada,,
POL-004148,CLI-03046,Auto,2024-10-30,30/10/2025,54000000,2561000,2425000,5.6,Trimestral,Agencia,10,Vencida,,
POL-007289,CLI-01267,Hogar,2022-12-23,2023/12/23,107000000,55000000,505000,9.0,Trimestral,Web,10,Renovada,,
POL-003470,CLI-02771,Auto,2025-06-26,2026-06-26,73000000,2844000,2184000,30.2,Trimestral,Asesor comercial,5,Activa,,
POL-002989,CLI-01851,Auto,11/04/2025,11/04/2026,,1231000,1240000,-0.7,Trimestral,Corredor,10,Cancelado,2025/12/25, Precio 
POL-003328,CLI-00127,Auto,08/04/2024,2025-04-08,40000000,1728000,1665000,3.8, Semestral ,Bancaseguros,5,Renovada,,
POL-003178,CLI-03712,Vida,2025-03-14,2026/03/14,344000000,1222000,1143000,6.9,Anual,Asesor comercial,5,Activa,,
POL-007515,CLI-02035,Salud,2025-04-29,2026-04-29,184000000,4226000,3317000,27.4,Semestral,Corredor,15,Activa,,
POL-003262,CLI-01325,Auto,01/10/2022,01/10/2023,71000000,3168000,2997000,5.7,Mensual,Asesor comercial,0,VENCIDA,,
POL-001480,CLI-03481,Seguro Hogar,17/10/2021,17/10/2022,269000000,986000,932000,5.8,Anual,Bancaseguros,15,Vencida,,
POL-004480,CLI-02793,Seguro Hogar,2024-05-03,03/05/2025,376000000,1380000,1281000,7.7,Anual,web,5,Cancelada,21/12/2024,Otro
POL-000005,CLI-00714,Auto,2024-04-22,2025-04-22,49000000,1603000,1547000,3.6,Mensual,Web,0,Vencida,,
POL-006114,CLI-01384,Auto,2024/07/05,05/07/2025,26000000,,887000,7.7,Anual,Asesor comercial,5,Vencida,,
POL-001060,CLI-05084,Salud,30/07/2024,2025-07-30,83000000,1430000,1306000,9.5,Anual,Agencia,5,Renovada,,
POL-000446,CLI-02908,Auto,2023-01-07,2024-01-07,87000000,3319000,3042000,9.1,Anual,AGENCIA,5,Renovada,,
POL-000036,CLI-04100, Salud ,2022-07-26,2023-07-26,88000000,2021000,1694000,19.3,Semestral,Bancaseguros,0,Renovada,,
POL-005706,CLI-02404,Vida,2023/08/18,,304000000,1368000,1380000,-0.9,Semestral,Bancaseguros,0,Renovado,,
POL-002349,CLI-04448,Auto,2021/07/09,09/07/2022,41000000,1736000,1257000,38.1,Anual,Asesor comercial,5,Cancelada,03/06/2022,Cambio de aseguradora
POL-000938,CLI-04837,Salud,12/06/2024,2025-06-12,53000000,1570000,1251000,25.5,Mensual,Corredor,0,Cancelada,20/09/2024,Precio
POL-001796,CLI-03111,HOGAR,06/04/2022,,,676000,663000,2.0,Anual,Asesor comercial,0,Renovada,,
POL-003124,CLI-01142,Hogar,2024-11-11,11/11/2025,227000000,854000,776000,10.0,Anual,Asesor comercial,0,vencida,,
POL-002492,CLI-02073,Salud,2023-10-04,03/10/2024,114000000,2149000,1994000,7.8,trimestral,  Bancaseguros,5,  Renovada,,
POL-007407,CLI-04039,Salud,2022-01-05,2023-01-05,172000000,3646000,3617000,0.8,Anual,Asesor comercial,15,Cancelada,2022/09/05,Cambio de aseguradora
POL-006507,CLI-05016,Salud,2021-12-05,05/12/2022,122000000,3152000,2588000,21.8,MENSUAL,Web,0,Renovada,,
POL-003176,CLI-01561,Auto,16/03/2021,2022-03-16,74000000,2913000,2839000,2.6,Mensual,Web,0,Vencida,,
POL-002393,CLI-00440,Auto,2024-04-02,2025/04/02,45000000,1713000,1639000,4.5,Mensual,Asesor comercial,0,Renovada,,
POL-007724,CLI-04057,hogar,30/09/2021,30/09/2022,290000000,,839000,22.2,Mensual,Bancaseguros,5,Renovada,,
POL-003484,CLI-04640,  Auto,06/02/2024,2025/02/05,,3253000,3020000,7.7,Semestral,Asesor comercial,10,Vencida  ,,
POL-000540,CLI-04286,Auto,2025-05-24,24/05/2026,48000000,1520000,1467000,3.6,Anual,Web,15,Cancelada,2025-11-10,Falta de pago
POL-004633,CLI-04704,Salud,,2026-01-31,69000000,1660000,1585000,4.7,Mensual,Asesor comercial  ,15,cancelada,2025/09/24,Falta de pago  
POL-000663,CLI-04425,Auto,27/01/2025,2026-01-27,94000000,4133000,3174000,30.2, Mensual ,AGENCIA,10,Activa,,
POL-002258,CLI-01549,Hogar,2023/11/29,2024/11/28,229000000,1018000,1006000,1.2,Trimestral,Agencia,15,Vencida,,
POL-005064,CLI-02794,Auto,23/12/2022,23/12/2023,55000000,,1310000,10.7,Mensual,Web,15,Renovada,,
POL-002630,CLI-01088,Vida,18/10/2022,2023-10-18,170000000,740000,686000,7.9,Semestral,AGENCIA,0,Renovada,,
POL-006367,CLI-02583,Hogar,2021-05-03,2022-05-03,128000000,498000,487000,2.2, Anual ,Web,10,VENCIDA,,
POL-000020,CLI-01581,Auto,2024-06-03,03/06/2025,48000000,1688000,1595000,5.8,Mensual,Asesor comercial,10,Renovada,,
POL-007561,CLI-02919,Seguro de Vida,2024/11/09,2025/11/09,453000000,1561000,1404000,11.2,ANUAL,Asesor comercial,5,Vencida,,
POL-006610,CLI-02936,Salud,2022-03-18,2023-03-18,167000000,3411000,2915000,17.0,Anual,Corredor,5,Cancelada,2023-01-30, Precio 
POL-001975,CLI-02801,Auto  ,2021-12-09,2022-12-09,55000000,1811000,,7.6,Trimestral,Asesor comercial,10,Vencida,,
POL-004842,CLI-01964,Salud,2025-06-21,2026/06/21,184000000,4145000,4048000,2.4,Trimestral,Bancaseguros,10,Activa,,
POL-007336,CLI-03770,Auto,2024-03-01,2025-03-01,,1595000,1661000,-4.0,Anual,Corredor,10,Renovada,,
POL-004845,CLI-00263,Salud,2024-06-17,2025/06/17,109000000,3252000,3080000,5.6,Anual,Asesor comercial,10,Renovada,,
POL-005052,CLI-03739,Auto,2024/12/27,2025-12-27,37000000,1472000,1507000,-2.3,Semestral,Asesor comercial,10,Vencida,,
POL-003012,CLI-04955,AUTO,,2024-11-28,39000000,1554000,1496000,3.9,Semestral,Agencia,15,Renovada,,
POL-001258,CLI-04258,Hogar,2023-11-12,11/11/2024,211000000,855000,814000,5.1,Mensual  ,Web,15,Vencida,,
POL-007770,CLI-02357,Hogar  ,24/12/2021,2022/12/24,259000000,928000,750000,23.7,Anual,Corredor,0,Renovada,,
POL-003321,CLI-00403,SALUD,2023/07/05,2024/07/04,220000000,4035000,3223000,25.2,Anual, Asesor comercial ,5,Vencida,,
POL-003817,CLI-03707,Auto,2024/12/04,2025-12-04,,1207000,1094000,10.3,Mensual,Corredor,10,Vencida,,
POL-004876,CLI-04706,Hogar,2024-02-21,2025/02/20,134000000,485000,410000,18.4, Anual ,Bancaseguros,10,Renovado,,
POL-001790,CLI-00647,Auto,2022-08-02,02/08/2023,54000000,1910000,1809000,5.6,Semestral,WEB,10,Vencida,,
POL-007104,CLI-01161,Salud,2024-11-25,2025-11-25,127000000,2440000,2241000,8.9,Mensual,Asesor comercial,0,Cancelada,2025-06-03,Precio  
POL-006990,CLI-00851,Auto,2023/05/09,08/05/2024,49000000,1972000,1891000,4.3, Mensual ,Asesor comercial,0,Renovada  ,,
POL-005515,CLI-03556,auto,2024-03-26,2025/03/26,51000000,2100000,1987000,5.7, Anual ,Asesor comercial,10,  Vencida,,
POL-006416,CLI-03787,Vida,2024-05-29,29/05/2025,873000000,2351000,2349000,0.1,Mensual,BANCASEGUROS,15,Renovada,,
POL-004197,CLI-04666,Auto,2025-01-31,2026-01-31,57000000,2152000,2030000,6.0,Trimestral,Web,10,Cancelada,2025-07-04,Falta de pago
POL-007060,CLI-02495,Auto,08/12/2021,2022-12-08,25000000,787000,751000,4.8,Mensual,Asesor comercial,10,Renovada,,
POL-001224,CLI-03768,SALUD,2021-09-28,2022-09-28,165000000,4125000,4048000,1.9,Mensual,Asesor comercial,15,renovada,,
POL-002090,CLI-03222,Salud  ,2024/06/23,23/06/2025,134000000,2495000,2549000,-2.1,Semestral,Agencia,15,Renovada,,
POL-005426,CLI-00202, Auto ,2021-07-06,2022-07-06,67000000,2571000,2177000,18.1,Semestral,Corredor,10,Vencida,,
POL-003331,CLI-03682,Seguro Auto,2024-04-30,2025/04/30,70000000,2496000,2320000,7.6,Mensual,Bancaseguros,10,Renovada,,
POL-001375,CLI-00357,Auto,23/10/2022,2023-10-23,32000000,1029000,936000,9.9,Anual,Corredor,15,VENCIDA,,
POL-000573,CLI-03511,Auto,2025-04-18,2026-04-18,75000000,2879000,2311000,24.6,Semestral,Bancaseguros,5,Cancelada,2025-08-07,precio
POL-000882,CLI-00278,Salud,2023-03-20,2024-03-19,73000000,1673000,1663000,0.6,Anual,asesor comercial,5,Renovado,,
POL-008269,CLI-01604,Hogar,2023-06-04,2024-06-03,103000000,377000,365000,3.2,  Mensual,Agencia,15,Expirada,,
POL-001552,CLI-00586,Hogar,2025-05-26,2026-05-26,676000000,2968000,2797000,6.1,Mensual,Asesor comercial,5,Activa,,
POL-005099,CLI-01793,Vida,11/10/2023,10/10/2024,1278000000,4056000,4085000,-0.7,Mensual,Agencia,10,  Vencida,,
POL-004091,CLI-01418,Auto,2024-02-22,2025-02-21,83000000,3477000,2836000,22.6,Mensual,Web,0,Vencida,,
POL-006211,CLI-00422,Salud,2021-07-31,2022-07-31,89000000,2219000,2049000,8.3,Semestral,Bancaseguros,10,Renovada,,
POL-004002,CLI-03087,Auto,2024-09-17,17/09/2025,51000000,2115000,1885000,12.2,Mensual,Asesor comercial,15,Cancelada,09/01/2025,Venta/pérdida del bien
POL-007557,CLI-00546,Auto,08/02/2025,08/02/2026,62000000,2424000,2326000,4.2,Mensual,Asesor comercial,5,Cancelada,2025-11-10,Falta de pago
POL-005466,CLI-03495,Auto,2025-05-24,2026/05/24,59000000,2357000,2455000,-4.0,Trimestral,Agencia,15,Activa,,
POL-002350,cli-00412,Auto,22/07/2024,22/07/2025,32000000,1586000,1477000,7.4,Anual,Web,5,Vencida,,
POL-001972,CLI-02403,Salud,2024/05/24,2025-05-24,129000000,2557000,2519000,1.5,Semestral,  Corredor,10,Cancelada,2025-02-24,Falta de pago
POL-001957,CLI-01868,Auto,2025/04/05,2026-04-05,64000000,2084000,1935000,7.7,Trimestral,Asesor comercial,15,Activa,,
POL-005776,CLI-04337,Salud,24/05/2022,2023/05/24,165000000,2726000,,7.5,Anual,Web,0,Renovada,,
POL-002935,CLI-01540,Vida,19/05/2023,2024/05/18,380000000,1371000,1339000,2.4,TRIMESTRAL,Bancaseguros,5,Renovada,,
POL-000817,CLI-01905,Salud,2025/04/05,05/04/2026,171000000,3323000,3171000,4.8,Mensual,AGENCIA,0,Activa,,
POL-002257,CLI-03455,HOGAR,2024-10-13,2025-10-13,177000000,89700000,857000,4.7,Semestral,Asesor comercial,5,Vencida,,
POL-002354,CLI-03946,Hogar,30/07/2021,,167000000,684000,673000,1.7,Mensual,Agencia,0,Renovada,,
POL-001814,CLI-04188,Auto,27/10/2023,26/10/2024,80000000,2291000,2153000,6.4,Trimestral,Web,5,Cancelada,2024-09-12,Falta de pago
POL-007566,CLI-00782,Auto,17/09/2022,2023/09/17,128000000,4659000,4636000,0.5,Anual,Corredor,10, Vencida ,,
POL-007127,CLI-01240,Hogar,2024-11-11,2025-11-11,283000000,1172000,1127000,4.0,Mensual,Asesor  comercial,5,Renovado,,
POL-000973,CLI-04122,Salud,30/01/2024,2025/01/29,86000000,2605000,2209000,17.9,Anual,Asesor comercial,10,RENOVADA,,
POL-001935,CLI-03656,Hogar,2023/02/14,2024-02-14,168000000,709000,710000,-0.2,  Mensual,Agencia,0,Vencida,,
POL-006849,CLI-02708,Salud,23/09/2023,2024-09-22,383000000,7892000,7234000,9.1,Mensual,Agencia,10,renovada,,
POL-003868,CLI-01923,Salud,14/12/2021,2022/12/14,153000000,3375000,2515000,34.2,Mensual,Corredor,15,Cancelada,,Precio
POL-005082,CLI-01281,Salud,30/10/2021,2022-10-30,71000000,1613000,1484000,8.7,anual,Bancaseguros,0,Renovada,,
POL-001083,CLI-00129,Hogar  ,2024-11-20,2025-11-20,92000000,,313000,10.3,Semestral,Agencia  ,0,Cancelada,22/08/2025,Falta de pago
POL-007862,CLI-04494,Vida,18/02/2025,2026-02-18,209000000,996000,986000,1.0,Mensual,Corredor,10,Activa,,
POL-000858,CLI-01000,Auto,2021-11-13,2022-11-13,57000000,1487000,1438000,3.4,Semestral,Agencia,5,Vencida,,
POL-004197,CLI-04666,Auto,2025-01-31,2026-01-31,57000000,2152000,2030000,6.0,Trimestral,Web,10,Cancelada,2025-07-04,Falta de pago
POL-006946,CLI-03433,Salud,02/12/2024,,76000000,1508000,1444000,4.4,Mensual,Bancaseguros,5,vencida,,
POL-006005,CLI-01441,SALUD,2021-06-20,2022-06-20,38000000,726000,701000,3.6,Anual,Web,0,Vencida,,
POL-002280,CLI-04755,Auto,29/06/2024,29/06/2025,49000000,1645000,1577000,4.3,ANUAL,Agencia,5,Vencida,,
POL-003887,CLI-02388,Hogar,2025-05-17,2026/05/17,163000000,689000,580000,18.8,Anual,Web,5,Activa,,
POL-002632,CLI-02205,Auto,2023-07-08,2024-07-07,37000000,1527000,1461000,4.5,Mensual,Corredor,0,Vencida,,
POL-003043,CLI-00723,Salud,2022-08-22,2023-08-22,190000000,4901000,3744000,30.9,Anual,Asesor comercial,15,Vencida,,
POL-000084,cli-01788,Salud,2025-06-22,2026-06-22,215000000,5606000,4485000,25.0,Anual,BANCASEGUROS,10,Activa,,
POL-005621,CLI-00783,Vida,03/04/2022,2023/04/03,199000000,911000,832000,9.5,Mensual,Web,15,Renovada,,
POL-005508,CLI-04490,Auto,2024/07/22,2025/07/22,54000000,2879000,2823000,2.0,Anual, Bancaseguros ,5,Renovada,,
POL-008045,CLI-01154,Salud,2021-12-17,2022-12-17,358000000,8170000,7544000,8.3,Mensual,Agencia,5,Cancelada,2022-08-15,Cambio de aseguradora
POL-004986,CLI-02070, Salud ,2024-12-22,2025/12/22,69000000,2002000,1894000,5.7,Anual,Bancaseguros,5,  Cancelada,2025/08/17,Precio
POL-007274,CLI-04759,Vehículo,2023/10/28,2024-10-27,107000000,4861000,4460000,9.0,  Anual,Asesor comercial,0,RENOVADA,,
POL-003632,CLI-03418,Salud,24/01/2024,2025-01-23,260000000,5652000,5466000,3.4,Mensual,Agencia,5,Renovada,,
POL-001729,CLI-02780,auto,2025/01/04,2026/01/04,38000000,1569000,1489000,5.4,Semestral,asesor comercial,5,Activa,,
POL-004424,CLI-02077,  Auto,2023-11-18,2024-11-17,40000000,1319000,1048000,25.9,Mensual,Bancaseguros,15,Vencida,,
POL-005090,CLI-00736,auto,2021-05-03,03/05/2022,47000000,1585000,1492000,6.2,Mensual,Web,5,  Renovado,,
POL-006627,CLI-01533,Salud,2024/12/20,2025-12-20,294000000,5416000,5279000,2.6,Mensual,Agencia,10,Cancelada,2025-05-02,Reclamo rechazado / insatisfacción
POL-005638,CLI-02004,Salud,2021/10/27,2022-10-27,132000000,3748000,3733000,0.4,Mensual,Asesor comercial,0,Renovada,,
POL-007740,CLI-04934,SALUD,2023-10-27,2024-10-26,112000000,2944000,2746000,7.2,Anual,Bancaseguros,5,Renovada,,
POL-004329,CLI-01743,Auto,10/06/2024,2025-06-10,105000000,4274000,3250000,31.5,Mensual,Web,0,Cancelada,2024/10/05, Precio 
POL-000518,CLI-00828,Auto,2025-04-02,2026/04/02,45000000,1341000,1179000,13.7,mensual,Corredor,10,Activa,,
POL-003434,CLI-05096,Auto,26/06/2024,26/06/2025,29000000,1314000,1192000,10.2,Semestral,Web,5,Cancelada,2025-03-21,Precio
POL-001924,CLI-01029,Auto,2022-10-13,13/10/2023,70000000,2722000,2590000,5.1,Anual,Agencia,0,RENOVADA,,
POL-000280,CLI-01159,Seguro de Vida,27/04/2025,2026/04/27,428000000,1324000,946000,39.9,Semestral,Asesor comercial,5,CANCELADO,2025/10/19,Precio
POL-007149,CLI-01179,Salud,2022-04-23,2023-04-23,96000000,2219000,2097000,5.8,Mensual,Corredor,0, Renovada ,,
POL-001685,CLI-04558,Auto,2024-04-28,2025/04/28,36000000,1186000,1148000,3.3,Mensual,Agencia,15,Vencida,,
POL-006264,CLI-05053,Auto  ,2021-12-18,2022-12-18,73000000,2192000,2112000,3.8,Anual,Bancaseguros,5,Renovada,,
POL-004515,CLI-04541,Auto,02/02/2024,,39000000,1398000,1361000,2.7,Trimestral,Corredor,15,Vencida,,
POL-002853,CLI-04921,  Salud,2021-06-20,2022-06-20,132000000,3377000,2564000,31.7,Trimestral,Agencia,10,cancelada,2021-09-12,Precio
POL-007859,CLI-03241,SEGURO AUTO,25/10/2024,25/10/2025,28000000,1507000,1410000,6.9,Anual,Agencia,5,Renovada,,
POL-004455,CLI-00842,Automóvil,23/02/2024,2025-02-22,66000000,2591000,,7.5,Anual,Agencia,15,Vencida,,
POL-001683,CLI-02351,Vida,2025-04-26,2026-04-26,585000000,1740000,1605000,8.4,  Anual,Asesor comercial,10,ACTIVA,,
POL-005523,CLI-00201,Seguro de Vida,2024-07-24,24/07/2025,81000000,250000,233000,7.4,Mensual,Asesor  comercial,15,Renovada,,
POL-001409,CLI-01229,Vida,30/06/2023,2024/06/29,780000000,3576000,3336000,7.2,Mensual,Asesor comercial,0,Vencida,,
POL-007468,CLI-00607,Auto,15/06/2025,2026-06-15,76000000,3837000,3725000,3.0,Anual,Bancaseguros,15,Activa,,
POL-005150,CLI-01889,Auto,25/07/2023,2024-07-24,65000000,1976000,1830000,8.0,Anual,AGENCIA,15,Renovada,,
POL-008207,CLI-02774,HOGAR,19/05/2025,2026-05-19,103000000,344000,342000,0.5,Semestral,agencia,5,Activa,,
POL-004338,CLI-02679,Hogar,2022-11-07,2023-11-07,224000000,950000,920000,3.3,Mensual,Web,5,Cancelada,2023-04-29,Precio
POL-005338,CLI-01591,Salud,2023-12-01,2024-11-30,73000000,1569000,1534000,2.3,Mensual,Bancaseguros,5,Renovada,,
POL-002980,CLI-00838,vida,2023-04-29,2024/04/28,63000000,226000,216000,4.7,  Semestral,Agencia,0,Vencida,,
POL-000154,CLI-04567,Auto,2022-05-16,2023/05/16,16000000,557000,524000,6.3,Mensual,Agencia,10,Renovada,,
POL-005907,CLI-02587,Vida,24/07/2024,2025/07/24,328000000,887000,907000,-2.2,Anual,Corredor,0,Renovada,,
POL-004496,CLI-01872,Vida,2024-05-05,2025/05/05,349000000,1373000,1359000,1.0,Mensual,Asesor comercial,5,VENCIDA,,
POL-005244,CLI-04026,auto,2023/08/05,04/08/2024,51000000,2167000,2064000,5.0,Anual,Asesor comercial,5,Renovada,,
POL-002893,CLI-02905,Salud,10/04/2024,2025-04-10,61000000,163500000,1198000,36.5,MENSUAL,Asesor comercial,15,Renovada,,
POL-003708,CLI-01490,Auto,2025-04-04,2026/04/04,49000000,1742000,1249000,39.5,MENSUAL,Bancaseguros,5,Activa,,
POL-001479,CLI-04946,Salud,2023/09/25,24/09/2024,85000000,1907000,1384000,37.8,Mensual,Asesor comercial,5,Cancelada,2024/09/22,Venta/pérdida del bien
POL-003584,CLI-02280,Auto,2021-05-21,2022-05-21,,1409000,1359000,3.7,  Anual,Web,5,Renovada,,
POL-006703,CLI-01062,Auto,21/06/2024,2025-06-21,74000000,3421000,3390000,0.9,Mensual,Asesor comercial,5, Renovada ,,
POL-000358,CLI-04765,Salud,2023-03-10,09/03/2024,126000000,2597000,2529000,2.7,mensual,Corredor,5,Renovada,,
POL-002818,CLI-03952,Salud,2021/06/25,2022-06-25,195000000,4222000,4127000,2.3,Mensual,Bancaseguros,10,Renovado,,
POL-006406,CLI-00229,HOGAR,2021-11-24,2022-11-24,307000000,1307000,946000,38.1,Semestral  ,Corredor,0,Renovada,,
POL-006953,CLI-02572,Auto,2025/06/26,2026/06/26,49000000,2143000,1955000,9.6,Anual,Web,5,  Activa,,
POL-001246,CLI-00265,Auto,2023-08-15,2024-08-14,32000000,1223000,1169000,4.6,Anual,Asesor comercial,0,Vencida,,
POL-004756,CLI-04676,Vehículo,INVALID_DATE,2021/11/22,41000000,1277000,1138000,12.2,Anual,  Corredor,0,RENOVADA,,
POL-001674,CLI-03619,Salud,06/11/2023,05/11/2024,224000000,4610000,4471000,3.1,Trimestral,Web,5, Renovada ,,
POL-007028,CLI-01133,Hogar,08/03/2025,08/03/2026,313000000,1021000,887000,15.1,Anual,Agencia,0,Activa,,
POL-001497,CLI-02751,  Vida,2024-06-22,2025-06-22,609000000,1990000,2045000,-2.7,Mensual,Agencia,5,Vencida,,
POL-007938,CLI-03915,AUTO,2025/01/14,2026-01-14,31000000,1625000,1641000,-1.0,Mensual,Web  ,10,Activa,,
POL-004423,CLI-01936,Salud,2021-11-26,2022-11-26,142000000,2568000,2033000,26.3,Anual,Agencia,5,Renovado,,
POL-003246,CLI-04951,Salud,2021-04-25,2022/04/25,118000000,1743000,1304000,33.7, Mensual ,Bancaseguros,0,Cancelada,INVALID_DATE,VENTA/PÉRDIDA DEL BIEN
POL-002156,CLI-03919,Hogar,11/01/2022,2023/01/11,149000000,582000,581000,0.2,Trimestral,Web,10,Vencida  ,,
POL-005803,CLI-03043,Auto,23/01/2021,2022-01-23,120000000,4423000,4130000,7.1,Mensual,Web,0,Vencida,,
POL-003660,CLI-00131,SALUD,24/10/2024,2025-10-24,115000000,2000000,1986000,0.7,Anual,Corredor,0,RENOVADA,,
POL-002273,CLI-03058,Salud,2023-06-04,03/06/2024,170000000,3745000,3215000,16.5,SEMESTRAL,Bancaseguros,10,vencida,,
POL-006072,CLI-04955,Salud,12/07/2024,12/07/2025,,2608000,2428000,7.4,Anual,Bancaseguros,0,Renovada,,
POL-005930,CLI-04833,VIDA,2025/03/02,2026-03-02,116000000,363000,331000,9.7,Mensual,Bancaseguros,10,Activa,,
POL-000374,CLI-02133,Salud,2023-01-05,2024-01-05,58000000,1118000,1070000,4.5,Trimestral,Asesor comercial,5,  Vencida,,
POL-006698,CLI-00706,Auto,2023-11-28,2024/11/27,64000000,2967000,2943000,0.8,Mensual,Corredor,5,Renovada,,
POL-003026,CLI-00635,Auto  ,2022-09-07,2023/09/07,230000000,8065000,7762000,3.9,Trimestral,Web,0,Vencida,,
POL-007258,CLI-02046,Salud,2023-12-03,02/12/2024,118000000,2390000,2149000,11.2,Mensual,Asesor comercial,0,Cancelada,2024-10-06,Falta de pago
POL-001795,CLI-01893,AUTO,2021/09/09,2022-09-09,39000000,1651000,1622000,1.8,Anual,Asesor  comercial,10,  Renovada,,
POL-006518,CLI-02401,Auto,2022-02-24,2023/02/24,49000000,2029000,1993000,1.8,Mensual,Corredor,5,  Vencida,,
POL-002058,CLI-03907,SALUD,2023/05/01,30/04/2024,102000000,2680000,2620000,2.3,Anual,Asesor comercial,0,Renovada  ,,
POL-007498,CLI-03712,Auto,2025-04-30,2026-04-30,52000000,2811000,2586000,8.7,Anual,ASESOR COMERCIAL,10,Activa,INVALID_DATE,
POL-004550,CLI-04199,Auto,2022-11-06,2023/11/06,49000000,1444000,1337000,8.0,TRIMESTRAL,Corredor,5,CANCELADA,2023-07-17,Cambio de aseguradora
POL-001921,CLI-01125,Auto,2021-12-07,07/12/2022,95000000,4668000,4463000,4.6,Semestral,Asesor comercial,5,CANCELADA,2022-12-07,VENTA/PERDIDA DEL BIEN
POL-008341,CLI-04064,Auto,2023/10/21,2024-10-20,50000000,2056000,1871000,9.9,Semestral,ASESOR COMERCIAL,5,Renovada,,
POL-000616,CLI-04265,Auto,2022/09/09,2023-09-09,40000000,1490000,1402000,6.3,Anual,Asesor comercial,10,Vencida,,
POL-003031,CLI-03560,Salud,26/12/2024,2025-12-26,96000000,2087000,2032000,2.7,anual,Asesor comercial,5,Cancelada  ,2025-06-09,Falta de pago
POL-008236,CLI-03647,Vida  ,2022-02-14,2023/02/14,225000000,744000,546000,36.2,Mensual,Agencia  ,10,  Renovada,,
POL-003746,CLI-02710,Auto,2024/10/27,27/10/2025,68000000,2799000,2592000,8.0,Mensual,Agencia,5,Renovada  ,,
POL-002744,CLI-03289,  Hogar,,2025-07-09,352000000,1487000,1449000,2.6,Mensual,Corredor,0,Renovada,,
POL-000393,CLI-01735,Vida,2022/07/31,31/07/2023,288000000,1048000,782000,34.1,Mensual,Bancaseguros,0,Cancelada,11/12/2022,PRECIO
POL-007748,CLI-04234,AUTO,19/07/2023,2024-07-18,43000000,1567000,1501000,4.4,Mensual,Asesor comercial,10,Renovada,,
POL-005924,CLI-04936,  Vida,2023/11/26,2024/11/25,160000000,606000,577000,5.0,Mensual,Asesor comercial,5,Vencida,,
POL-000800,CLI-03973,Salud,2024-10-24,24/10/2025,101000000,1933000,1560000,23.9, Anual ,Agencia,10,Renovada,,
POL-002000,CLI-00871,  Auto,2024/05/21,2025/05/21,58000000,2550000,1870000,36.4,Semestral,Agencia,0,Cancelada,13/03/2025,Cambio de aseguradora
POL-004173,CLI-03148,Auto,30/04/2021,2022-04-30,99000000,3180000,3252000,-2.2,Anual,Web,5,Vencida,,
POL-002511,CLI-00562,Auto,2023-10-02,01/10/2024,22000000,788000,741000,6.4,Anual,Corredor,0,Renovada,,
POL-005825,CLI-04792,Salud,2025/02/06,06/02/2026,297000000,6700000,6221000,7.7,Trimestral, Asesor comercial ,0,Cancelada,2025-10-21,Precio
POL-002177,CLI-04690,Salud,23/06/2021,23/06/2022,96000000,2242000,2036000,10.1,Anual, Corredor ,5,Renovada,,
POL-001592,CLI-00891,Salud,09/01/2025,2026-01-09,144000000,2991000,2814000,6.3,Mensual,Corredor,10,Activa,,
POL-005972,CLI-03856,Auto,2024-02-12,2025-02-11,40000000,2229000,2119000,5.2,Anual,Web,5,Renovada,,
POL-006430,CLI-02110,salud,20/04/2025,2026/04/20,83000000,2090000,1873000,11.6,Trimestral,Bancaseguros,10,CANCELADA,INVALID_DATE,Cambio de aseguradora
POL-006645,CLI-00062,Auto,2025/02/06,2026-02-06,32000000,1412000,1338000,5.5,Mensual,Asesor comercial,5,Vigente,,
POL-001732,CLI-02972,Vehículo,2022-08-02,02/08/2023,28000000,1060000,973000,8.9,Anual,Corredor,15,Vencida,,
POL-000205,CLI-02718,Auto,2023/08/23,22/08/2024,38000000,1312000,1092000,20.1,Anual,WEB,5,Renovado,,
POL-000364,CLI-00551,Salud,11/10/2024,2025-10-11,137000000,2065000,2038000,1.3,Anual,Corredor,5,Renovada,,
POL-007170,CLI-03113,Salud,2021-06-25,2022-06-25,138000000,3066000,2368000,29.5,Anual,Bancaseguros,5,Renovada,,
POL-007116,CLI-01569,Hogar  ,2022-11-30,2023-11-30,140000000,566000,542000,4.5,Anual,Agencia,5,VENCIDA,,
POL-006838,CLI-03702,Vida,2024-01-25,2025-01-24,471000000,1541000,1427000,8.0,  Mensual,Web,15,Cancelada,2024-11-29,Cambio de aseguradora
POL-007266,CLI-03923,AUTO,2024-06-15,2025-06-15,84000000,3230000,3208000,0.7, Anual ,ASESOR COMERCIAL,5,Cancelada,2025-01-12,Otro
POL-005651,CLI-00797,Auto,22/08/2022,2023-08-22,42000000,1643000,1281000,28.3,Anual,Agencia  ,5,Renovada,,
POL-008226,CLI-02495,auto,2025-04-10,10/04/2026,39000000,1625000,1527000,6.4,Trimestral,Corredor,5,Activa,,
POL-002670,CLI-03948,Auto,2023/01/06,2024-01-06,155000000,5325000,5434000,-2.0,ANUAL,Asesor comercial,0,Renovada,,
POL-007743,CLI-01649,AUTO,2024-12-20,20/12/2025,38000000,1686000,1607000,4.9,  Semestral,Corredor,0,Vencida,INVALID_DATE,
POL-002705,CLI-05189,Hogar,2022/05/05,2023-05-05,339000000,1402000,1412000,-0.7, Anual ,Asesor comercial,5,cancelada,2023-05-05,Falta de pago
POL-004005,CLI-02360,Hogar,2024-12-30,30/12/2025,127000000,447000,399000,12.1,Anual,Bancaseguros,0,Cancelada,2025/03/08,Falta de pago
POL-004533,CLI-03427,  Hogar,2022-04-18,2023/04/18,176000000,909000,885000,2.7,ANUAL,Asesor comercial,5,Renovada,,
POL-008393,CLI-00676,  Auto,2022-07-10,2023-07-10,53000000,1867000,,4.1,Mensual,Agencia,10,Cancelada,29/06/2023,Cambio de aseguradora
POL-003010,CLI-03412,Seguro de Vida,28/03/2024,28/03/2025,203000000,681000,655000,4.0,Mensual,Agencia,10,renovada,,
POL-000306,CLI-02843,Auto,2023/06/20,2024-06-19,109000000,3105000,2401000,29.3,Mensual,Corredor,5,Cancelada,2024-02-25,Precio
POL-003958,CLI-04649,Hogar,2025-05-19,2026-05-19,257000000,1092000,900000,21.3,MENSUAL,Agencia,15,Activa,,
POL-002626,CLI-01399,Auto,2024-07-26,2025/07/26,45000000,2215000,2153000,2.9,Mensual,Agencia,0,Renovada,,
POL-002921,CLI-01994,Hogar,2023-12-17,16/12/2024,173000000,697000,653000,6.7,Trimestral,Corredor,5,Renovada,,
POL-007055,CLI-05177,VIDA,01/01/2024,2024-12-31,984000000,4196000,3925000,6.9,Anual,Asesor comercial,0,Renovada,,
POL-007506,CLI-03933,Seguro de Salud,2024-10-14,2025-10-14,64000000,1394000,1359000,2.6,Mensual,Asesor comercial,0,Vencida,,
POL-005599,CLI-04065,Salud,2021-01-02,,123000000,3923000,3308000,18.6,Mensual,Corredor,5,Cancelada,15/07/2021,Precio
POL-000231,cli-01848,Auto,2022/08/20,20/08/2023,88000000,3140000,3016000,4.1,Anual,web,0,Vencida,,
POL-001423,CLI-00906,Salud,2023/01/16,16/01/2024,91000000,2098000,2115000,-0.8,Anual,Asesor comercial,10,Renovada,,
POL-006031,CLI-02283,Auto,2024-06-13,13/06/2025,41000000,,1435000,4.4,Mensual,Bancaseguros,5,Renovado,,
POL-007239,CLI-04903,Vida,30/08/2023,29/08/2024,204000000,735000,671000,9.5,Anual,Agencia,15,Vencida,,
POL-003921,CLI-02484,Auto,2024/11/17,2025/11/17,56000000,2017000,1631000,23.7,Semestral,Asesor comercial,5,  Renovada,,
POL-005030,CLI-01900,Vida,27/05/2022,2023-05-27,124000000,452000,364000,24.2,TRIMESTRAL,Bancaseguros,10,Cancelada,24/03/2023,Precio
POL-005587,CLI-03916,Salud,2025-06-14,14/06/2026,159000000,3271000,2939000,11.3,Anual,Agencia,0,Activa,,
POL-006511,CLI-03229,Hogar,25/02/2025,25/02/2026,170000000,568000,567000,0.2,Anual,Asesor  comercial,15,Activa,,
POL-006547,CLI-01317,Salud,2024-11-28,2025-11-28,70000000,1734000,1308000,32.6,Anual,Agencia,5,Renovada,,
POL-004071,CLI-05149,Auto,2022-04-14,2023-04-14,49000000,1744000,1648000,5.8,Anual,Asesor comercial,10,Renovado,,
POL-001428,CLI-05022,Hogar,2022-08-23,2023-08-23,200000000,758000,742000,2.1,Anual,Bancaseguros,15,Renovada,,
POL-003985,CLI-02130,Auto,15/04/2022,2023-04-15,37000000,1067000,1004000,6.3,Semestral,Asesor comercial,10,Vencida,,
POL-003229,CLI-03260,Auto,02/03/2024,2025-03-02,108000000,3543000,2619000,35.3,Anual,Bancaseguros,5, Renovada ,,
POL-000199,CLI-02075,Hogar,2024/12/29,,118000000,498000,460000,8.3,Mensual,Web,15,Vencida,,
POL-000648,CLI-01021,Auto,2022/09/29,2023-09-29,60000000,2361000,1987000,18.8,Trimestral,Bancaseguros,15,Renovada,,
POL-004970,CLI-02332,Hogar,2023-01-29,2024-01-29,161000000,856000,792000,8.1,Anual,Web,0,Vencida,,
POL-005538,CLI-03407,Hogar,04/09/2021,2022-09-04,253000000,1036000,988000,4.9,Mensual,Asesor comercial,10,Cancelada,2022-05-29,  Cambio de aseguradora
POL-006867,CLI-03953,Hogar,2024-07-03,2025/07/03,56000000,200000,192000,4.4,Mensual,Asesor comercial,5,Renovada,,
POL-000138,CLI-00488,Auto,2023/10/27,26/10/2024,48000000,2253000,2190000,2.9,Semestral,Asesor comercial,5,Cancelada,2024-09-04,Cambio de aseguradora
POL-003661,CLI-01399,Salud,2022/11/29,2023-11-29,62000000,1128000,1117000,1.0,Anual,Web,5,Renovada,,
POL-000937,CLI-01816,Vida  ,2023/06/24,23/06/2024,87000000,208000,199000,,Mensual,Asesor comercial,0,renovada,,
POL-000998,CLI-00898,Vida,2025/01/09,2026/01/09,401000000,1608000,1467000,9.6,Mensual,Corredor,5,Activa,,
POL-001324,CLI-00430,VIDA,2024-02-09,2025-02-08,341000000,1122000,1052000,6.7,Anual,Asesor  comercial,0,Cancelada,26/04/2024,Otro
POL-000314,CLI-03006,AUTO,29/08/2023,2024-08-28,44000000,1278000,1223000,4.5,Mensual,Asesor comercial,10,Renovada,,
POL-000384,CLI-01550,Auto,2023-08-04,03/08/2024,40000000,1403000,1374000,2.1,Mensual,Corredor,0,  Renovada,,
POL-002874,CLI-03796,SEGURO AUTO,2023-01-14,2024-01-14,51000000,2311000,1844000,25.3,Anual,Bancaseguros,10,Renovada,,
POL-001351,CLI-01360,Vida,2022/08/22,2023/08/22,590000000,2169000,2050000,5.8,Mensual,Agencia,5,cancelada,09/07/2023,Cambio de aseguradora
POL-004176,CLI-03556,Vida,2023/08/10,2024/08/09,1190000000,3150000,2471000,27.5,Semestral,Web,5,Vencida,,
POL-004807,CLI-01346,Salud,21/05/2024,2025-05-21,100000000,1572000,1452000,8.3,MENSUAL,Asesor comercial,5,renovada,,
POL-006010,CLI-00260,Seguro de Salud,2022-08-20,2023/08/20,135000000,3375000,2444000,38.1, Trimestral ,Asesor comercial,10,Cancelada,29/07/2023,Precio
POL-006280,CLI-00145,VEHÍCULO,01/09/2023,2024-08-31,43000000,2031000,,0.1, Trimestral ,bancaseguros,5,CANCELADA,23/07/2024,Falta de pago
POL-001435,CLI-03149,Auto,2024/04/23,2025-04-23,66000000,2846000,2665000,6.8,Semestral,Corredor,5,Renovada,,
POL-001331,CLI-04055,VIDA,2025-04-24,24/04/2026,526000000,1534000,1434000,7.0,Trimestral,Asesor comercial,5,Activa,,
POL-004417,CLI-04776,Salud,2022-07-20,2023-07-20,71000000,1507000,1406000,7.2,Anual,Bancaseguros,0,Cancelada,21/01/2023,Falta de pago
POL-005830,CLI-02239,Auto,2024-09-14,2025-09-14,54000000,1863000,1832000,1.7,ANUAL,Agencia,0,Vencida,,
POL-006489,CLI-01350, Salud ,2024/05/25,2025/05/25,242000000,5982000,5808000,3.0,Mensual,Asesor comercial,10,Renovada,,
POL-005058,CLI-03416,Salud,2022-05-14,2023-05-14,210000000,4621000,,5.7,Anual,Agencia,5,RENOVADA,,
POL-006399,CLI-03219,Seguro Auto  ,2022/06/08,2023/06/08,80000000,3572000,3435000,4.0,MENSUAL,Asesor comercial,10, Cancelada ,2022-12-28,Venta/pérdida del bien
POL-007135,CLI-04460,Hogar,2024-05-07,2025-05-07,343000000,1342000,1371000,-2.1,Mensual,  Agencia,5,Cancelada,2025/04/07,Falta de pago
POL-006210,CLI-00982,Auto,28/11/2023,2024-11-27,72000000,2442000,2276000,7.3,Anual,Web,10,  Vencida,,
POL-006230,CLI-02131,Salud,2025/05/08,2026-05-08,51000000,1319000,1228000,7.4,Mensual,Web,5,Cancelada,2025-12-27,Venta/pérdida del bien
POL-001026,CLI-01865,VIDA,2022-05-31,2023-05-31,317000000,924000,881000,4.9,Anual,Agencia,0,Vencida,,
POL-001963,CLI-01861,Salud,2021-06-29,2022/06/29,195000000,4540000,4267000,6.4,Semestral  ,Bancaseguros,10,Renovada,,
POL-004924,CLI-04062,Auto,2023-04-01,31/03/2024,111000000,4534000,4222000,7.4,Mensual,Asesor comercial,5,Renovada,,
POL-008114,CLI-00267, Automóvil ,23/05/2025,2026-05-23,36000000,1612000,1577000,2.2,Mensual,Agencia,5,Activa,,
POL-004495,CLI-00988,Auto,2023-01-18,,47000000,1491000,1106000,34.8,Anual,Asesor comercial,5,Renovada,,
POL-007833,CLI-01694,Salud,2021-02-20,INVALID_DATE,78000000,1943000,1656000,17.3,Mensual,Bancaseguros,5,Vencida,,
POL-002271,CLI-05026,Auto,2025/02/07,2026/02/07,58000000,2624000,2516000,4.3,Anual,Web,0,Activa,,
POL-002101,CLI-02004,salud,2023-11-06,2024-11-05,87000000,2213000,2098000,5.5,Trimestral,Web,5,Renovada  ,,
POL-000342,CLI-00480,  Hogar,10/08/2022,2023-08-10,98000000,456000,366000,24.7,Anual,Asesor comercial,0,Renovado,,
POL-006136,CLI-01828,Salud,2025/06/28,2026-06-28,95000000,1615000,1482000,9.0,Mensual,Agencia,10,Activa,,
POL-006413,CLI-03841,Salud,INVALID_DATE,2024-04-23,225000000,4749000,4476000,6.1,Mensual,Asesor comercial,10,Renovada,,
POL-001323,CLI-01091,Hogar,02/04/2021,02/04/2022,298000000,1048000,999000,4.9,Anual,Asesor comercial,10,Renovada,,
POL-000462,CLI-04769,  Salud,2022-05-06,2023-05-06,228000000,-4911000,4460000,10.1,Semestral,Web,5,Vencida,,
POL-005704,CLI-00693,Auto,16/01/2023,2024/01/16,29000000,-1251000,917000,36.4,Trimestral,Corredor,0, Cancelada ,26/04/2023,Precio
POL-003541,CLI-04032,Salud,2023-04-17,2024-04-16,119000000,2432000,1787000,36.1,Mensual,Agencia,15,Cancelada,2024-03-13,Falta de pago
POL-002571,CLI-04315,Hogar,2024-07-29,2025-07-29,347000000,1219000,1126000,8.3,Anual,Web,0,Cancelada,08/11/2024,Reclamo rechazado / insatisfacción
POL-000507,CLI-01728,Salud,03/11/2023,2024-11-02,119000000,3578000,3391000,5.5, Semestral ,Agencia,5,Vencida,,
POL-007464,CLI-00995,auto,INVALID_DATE,2024-05-16,87000000,3547000,3391000,4.6,Mensual,Asesor comercial,5,Renovada,,
POL-002385,CLI-05192,Hogar,2024/10/17,17/10/2025,152000000,492000,463000,6.3,Trimestral,Asesor comercial,5,Renovada,,
POL-001261,CLI-00531,Auto,2023-09-21,2024-09-20,59000000,2531000,2335000,8.4,Mensual,Web,0,Renovada,,
POL-008200,CLI-00853,Vida,2024/06/13,2025/06/13,146000000,487000,400000,21.6,Anual,Corredor,5,Renovada,,
POL-000362,CLI-02386,Auto,2021-06-17,2022/06/17,72000000,2225000,2188000,1.7,Mensual,  Asesor comercial,10, Renovada ,,
POL-001294,CLI-00407,Auto  ,2023/10/08,2024-10-07,50000000,1823000,1690000,7.9,Trimestral,ASESOR COMERCIAL,0,Renovado,,
POL-005206,CLI-00372,Auto,2021-09-19,2022-09-19,257000000,7667000,6481000,18.3,Mensual,Asesor comercial,0,Renovada,,
POL-006526,CLI-00898,Auto,2023/11/06,2024/11/05,36000000,1052000,1007000,4.5,Trimestral,Asesor comercial,0,Renovada,,
POL-004052,CLI-04907,  Vida,2023-10-04,2024-10-03,496000000,1928000,1857000,3.8,Mensual, Asesor comercial ,10,Renovada,,
POL-002561,CLI-02208,Hogar,2024/12/30,,338000000,1422000,1416000,0.4,Mensual,Corredor,10,Vencida,,
POL-001676,CLI-00364,Auto,2025-06-12,12/06/2026,63000000,2243000,2230000,0.6,Mensual,Agencia,5,Activa,,
POL-006954,CLI-04452,Hogar,16/04/2022,2023-04-16,135000000,410000,386000,6.1,Semestral,Bancaseguros,15,Vencida,,
POL-003562,CLI-03967,Auto,20/05/2025,2026/05/20,48000000,2496000,2421000,3.1,Mensual,Asesor comercial,15,Activa,,
POL-003696,CLI-01947,  Auto,31/12/2022,2023/12/31,74000000,2307000,2193000,5.2,Trimestral,Web,5,Renovada,,
POL-004610,CLI-04865,Auto,2023-12-26,25/12/2024,62000000,2880000,2877000,0.1,Anual,Agencia  ,5,Vencida,,
POL-000299,CLI-02822,Hogar  ,23/05/2025,2026/05/23,622000000,2554000,2356000,8.4,Mensual,Asesor comercial,10,Activa,,
POL-005307,CLI-04919,Auto,07/05/2025,2026/05/07,52000000,1884000,1960000,-3.9,Mensual,Corredor,10,Cancelada  ,2025-12-11,Cambio de aseguradora
POL-000120,CLI-03998,Auto,27/07/2023,2024-07-26,45000000,2500000,2485000,0.6,  Trimestral,Web,10,Expirada,,
POL-000250,CLI-02465,Salud,2021-07-25,25/07/2022,124000000,2752000,2099000,31.1,Mensual,Corredor,15,Cancelada,2022-04-25,Falta de pago
POL-000824,CLI-02786,Salud,2025/04/16,16/04/2026,110000000,2572000,2025000,27.0,Mensual,  Bancaseguros,15,Activa,,
POL-004090,CLI-01907,Hogar,2024-09-13,2025-09-13,147000000,492000,360000,36.8,Anual,Asesor comercial,0,Cancelada,2025-03-26,Precio
POL-002593,CLI-01789,Salud  ,18/11/2023,17/11/2024,94000000,1979000,1908000,3.7,Mensual,web,5,Renovada,,
POL-005872,CLI-02530,Salud,2024-12-31,2025-12-31,115000000,2220000,2196000,1.1,Mensual,Asesor comercial,5,Renovada,,
POL-004529,CLI-00873,Vida,29/04/2022,2023-04-29,70000000,423000,378000,11.9,Anual,Bancaseguros,0,Renovada,,
POL-001892,CLI-01935,Hogar,18/03/2025,18/03/2026,249000000,1303000,1298000,0.4,Mensual,Bancaseguros,5,Activa,,
POL-004029,CLI-03452,SALUD,2022/04/19,2023-04-19,135000000,2838000,2830000,0.3,Semestral,Asesor comercial,0,Renovada,,
POL-002322,CLI-03078,Hogar,10/09/2023,,138000000,553000,524000,5.6,ANUAL,Agencia,5,Vencida,,
POL-003199,CLI-05162,Automovil,2021-12-15,15/12/2022,49000000,2039000,1944000,4.9,Anual,Web,15,Renovada,,
POL-005205,CLI-04968,Hogar,05/09/2023,04/09/2024,240000000,1028000,869000,18.3,MENSUAL,Bancaseguros,5,Vencida,,
POL-002898,CLI-00560,Auto,2024-07-19,2025-07-19,37000000,1179000,1123000,5.0,Semestral,Corredor,0,Vencida,,
POL-002108,CLI-01887,Salud,2022-02-04,2023-02-04,83000000,2208000,2103000,5.0,TRIMESTRAL,Agencia  ,0,Renovada,,
POL-003500,CLI-01146,Auto,2021-12-03,2022/12/03,92000000,398200000,3667000,8.6,Mensual,Asesor comercial,15,Vencida,,
POL-005382,CLI-03928,Salud,29/04/2022,2023-04-29,210000000,4562000,3359000,35.8,Mensual,Agencia,10,Renovada,,
POL-005640,CLI-01734,Salud,2024-06-15,15/06/2025,134000000,3103000,2903000,6.9,Mensual,Asesor comercial,10,Vencida,,
POL-008001,CLI-00064,Auto,2021-09-21,2022-09-21,21000000,841000,797000,5.5,Anual,Web,5,Vencida,,
POL-000407,CLI-02568,Salud,12/08/2022,2023/08/12,117000000,2749000,2548000,7.9,Anual,AGENCIA,10,Renovada,,
POL-005575,CLI-01105,Auto,2024-01-21,20/01/2025,103000000,3381000,3235000,4.5,  Anual,Bancaseguros,10,Renovada,,
POL-001993,CLI-01274,Auto,2022-03-05,2023/03/05,33000000,1183000,1072000,10.4,ANUAL,Web,10,Cancelado,2022-12-06,Cambio de aseguradora
POL-001901,CLI-00068,Salud,2024-03-15,2025-03-15,107000000,1947000,1900000,,Mensual,Corredor,0,Renovada,,
POL-007092,CLI-03786,Hogar,2022/11/13,2023/11/13,138000000,474000,473000,0.3,Mensual,Corredor,10,Vencida,,
POL-004242,CLI-03729, Hogar ,2024/11/09,2025-11-09,205000000,718000,700000,2.5,Mensual,Web,5,Cancelada,2025-05-04,  Falta de pago
POL-006804,CLI-04982,AUTO,2025-01-15,15/01/2026,30000000,1241000,1139000,9.0,Mensual,Bancaseguros,0,Activa,,
POL-003837,CLI-02458,Salud,29/01/2024,2025-01-28,74000000,2297000,2163000,6.2,SEMESTRAL,Agencia,10,Renovada,,
POL-003778,CLI-02254,Salud,2024-02-08,2025-02-07,196000000,4132000,4111000,0.5, Semestral ,Agencia,0,VENCIDA,,
POL-005368,CLI-04290,Auto,24/10/2024,2025-10-24,34000000,1167000,926000,26.0,Anual,Web,0,Vencida,,
POL-003933,CLI-02815,Auto,2025-01-27,2026-01-27,29000000,1337000,1246000,7.3,Mensual,Asesor comercial,0,Activa,,
POL-008172,CLI-02566,Hogar,2022-06-01,01/06/2023,163000000,562000,508000,10.6,Mensual,agencia,10,Cancelada,10/07/2022,Otro
POL-004109,CLI-03835,Salud,24/12/2024,2025-12-24,94000000,1865000,1699000,9.8,Mensual,Agencia,5, Renovada ,,
POL-007251,CLI-00585, Vida ,2025-02-03,2026-02-03,117000000,367000,,12.3,Anual,Corredor,10,Cancelada,2025-03-30,Precio
POL-001120,CLI-05185,Salud,,12/04/2023,68000000,1632000,,4.9,Mensual,Asesor comercial,5,Vencida,,
POL-008240,CLI-02601,Vida,2024-02-05,04/02/2025,483000000,1518000,1404000,8.1,Mensual,Web,0,Renovada,,
POL-003412,CLI-03251,Hogar,2024-09-24,2025-09-24,331000000,1548000,1423000,8.8,Semestral,Asesor comercial,5,RENOVADA,,
POL-008372,CLI-04389,Seguro Auto,2022/05/07,2023-05-07,32000000,950000,784000,21.1,Anual,Bancaseguros,5,Vencida,,
POL-001219,CLI-03364,Hogar,2022-09-16,2023/09/16,155000000,698000,646000,8.0,Anual,Corredor,5,Renovada,,
POL-000621,CLI-00570,Hogar,26/03/2021,2022-03-26,749000000,2939000,,1.1,Mensual,Web,5,RENOVADA,,
POL-003970,CLI-00799,Vida,2025/05/11,2026-05-11,291000000,1026000,1067000,-3.8,Anual,bancaseguros,10,Activa,,
POL-003298,CLI-04643,Hogar,27/06/2023,2024-06-26,258000000,1040000,988000,5.3,Mensual,Agencia,0,Vencida,,
POL-003121,CLI-01023,Auto,30/04/2025,2026-04-30,107000000,3509000,2563000,36.9,Mensual,agencia,0,Cancelada,27/11/2025,Precio
POL-004917,CLI-00862, Hogar ,2023/01/24,2024/01/24,168000000,715000,694000,3.0,Anual,Asesor comercial,0,Vencida,,
POL-005193,CLI-00381,Auto,2023-01-20,2024-01-20,60000000,1938000,1519000,27.6,  Anual,Web,0,Renovada,,
POL-007223,CLI-00272,Auto,2024/09/20,20/09/2025,101000000,3711000,3408000,8.9,Mensual,  Asesor comercial,15,Renovada,,
POL-005593,CLI-03299,Auto,2022-03-31,2023-03-31,45000000,1359000,1309000,3.8,Anual  ,Agencia,0,Vencida,,
POL-005822,CLI-01327,Salud,13/04/2025,2026-04-13,104000000,1697000,1665000,1.9,Mensual,Agencia,0,Activa,,
POL-000018,CLI-04351,AUTO,INVALID_DATE,2024/04/23,80000000,2833000,2658000,6.6,Anual,Bancaseguros,5,Renovado,,
POL-005875,CLI-01750,Salud,2025/01/21,2026-01-21,71000000,1150000,1102000,4.4,Mensual,Asesor comercial,15,Cancelada,2025-12-01,Precio
POL-001054,CLI-02589,Auto,2024-02-17,16/02/2025,,2472000,2339000,5.7,Mensual,Asesor comercial,0,Renovada,,
POL-007298,CLI-04200,Auto,2024-10-18,2025-10-18,90000000,3298000,2990000,10.3,Anual,Asesor comercial,15,Vencida,,
POL-007085,CLI-04552,Seguro Auto,17/07/2024,2025-07-17,81000000,2628000,2479000,6.0,Semestral,Bancaseguros,0,Renovada,,
POL-007373,CLI-00777,salud,2022-11-05,2023-11-05,68000000,1338000,1303000,2.7,MENSUAL,Asesor comercial,0,Cancelada,2023-04-06,Cambio de aseguradora
POL-004720,CLI-03778,Salud,2021-07-15,2022-07-15,222000000,6511000,6291000,3.5,Trimestral,Bancaseguros,0,Cancelada,03/02/2022,Reclamo rechazado / insatisfacción
POL-006433,CLI-02610,Hogar,2023-02-16,2024/02/16,146000000,515000,386000,33.5,Mensual  ,Bancaseguros,10,Anulada,14/02/2024,Precio
POL-004914,CLI-02261, Salud ,2023-12-27,26/12/2024,37000000,624000,567000,10.1,Mensual,Web,0,Cancelada,2024-12-26, Venta/pérdida del bien 
POL-001315,CLI-00189,Salud,2024-02-08,2025-02-07,89000000,2075000,1937000,7.1,Mensual,Agencia,10,Cancelada,2024-10-16,Cambio de aseguradora
POL-000165,CLI-00745,Auto,2024/10/20,2025-10-20,45000000,2152000,2028000,6.1,Mensual,Corredor,5,Renovada,,
POL-002224,CLI-00917,vida,2024-12-17,2025-12-17,241000000,924000,870000,6.2,Mensual,  Asesor comercial,10,RENOVADO,,
POL-005112,CLI-04900,Hogar,2023-02-15,2024-02-15,194000000,743000,719000,3.3,Mensual,Agencia,10,Renovada,,
POL-001910,CLI-00598,Salud,2021-04-23,,159000000,3265000,3095000,5.5,Anual  ,Asesor comercial,5,RENOVADA,,
POL-008154,CLI-02812,Hogar,2025-04-19,2026-04-19,192000000,674000,658000,2.5,Mensual,Asesor comercial,5,Cancelada,2025-09-07,Venta/pérdida del bien
POL-003575,CLI-04373, Auto ,2024/12/01,2025-12-01,82000000,3417000,3469000,-1.5,Mensual,Bancaseguros,0, Cancelada ,2025-06-18,Otro
POL-006343,CLI-01987,Hogar,17/09/2022,2023-09-17,259000000,,935000,0.3,anual,Corredor,0,Renovada,,
POL-002107,CLI-03327,Hogar,26/01/2024,2025-01-25,85000000,307000,257000,19.4,Mensual,Agencia,0,Cancelada,2024/11/29,Falta  de  pago
POL-002240,CLI-02918,Auto,2025-02-25,25/02/2026,33000000,1443000,1400000,3.1,Mensual,Asesor comercial,0,Activa,,
POL-005295,CLI-01348,Auto,2024/02/17,16/02/2025,40000000,1623000,1490000,8.9,Trimestral,Asesor comercial,0,vencida,,
POL-005252,CLI-02185,Auto,2022/02/08,2023-02-08,70000000,2525000,2556000,-1.2,Anual,Agencia  ,5,Renovada,,
POL-003466,CLI-03917,Seguro de Salud,2025-01-22,2026-01-22,125000000,3460000,3470000,-0.3,Anual,Agencia,15,Activa,,
POL-007250,CLI-04223,Salud,2023-07-30,29/07/2024,162000000,4038000,3963000,1.9,Mensual, Agencia ,15,Renovada,,
POL-004603,CLI-01489,Auto,2024-10-10,2025-10-10,56000000,2079000,2109000,-1.4,Mensual,Asesor comercial,0,Vencida,,
POL-002096,CLI-00299,Auto,2023-04-22,2024-04-21,97000000,3198000,3234000,-1.1,Trimestral,Asesor comercial,15,  Vencida,,
POL-005139,CLI-03822,Auto,,2024-11-14,50000000,2160000,1781000,21.3,Trimestral,Asesor comercial,5,Cancelada,2024-08-21,Precio
POL-003892,CLI-04493, Salud ,2022-01-21,21/01/2023,155000000,3315000,3119000,6.3,Mensual,Bancaseguros,10,Vencida,,
POL-007350,CLI-02830,Vehículo,2021-12-01,2022/12/01,105000000,3805000,3730000,2.0,Trimestral,Web,0,  Renovada,,
POL-005093,CLI-01932,Auto,2024-11-09,2025-11-09,61000000,2592000,2233000,16.1,  Trimestral,  Asesor comercial,15,RENOVADA,,
POL-004997,CLI-00144,Vida,2023/01/26,2024-01-26,273000000,1110000,1064000,4.3,Anual,Bancaseguros,15,Renovada,,
POL-005653,CLI-03381,Vivienda,2024-04-04,2025-04-04,179000000,634000,613000,3.5,Semestral,Asesor comercial,10,Renovada,,
POL-005533,CLI-00262,Auto,11/12/2023,2024-12-10,78000000,2379000,2377000,0.1,Semestral,Bancaseguros  ,0,Renovada,,
POL-007068,CLI-03539,Salud,21/06/2021,2022-06-21,219000000,4946000,,,  Semestral,Bancaseguros,0,  Renovada,,
POL-004547,CLI-04603,Salud,06/12/2021,2022-12-06,90000000,2645000,2611000,1.3,Mensual,Agencia,15,Vencida,,
POL-003099,CLI-05154, Salud ,2023/04/20,2024/04/19,323000000,9294000,9085000,2.3,Mensual,Asesor comercial,0,Renovada,,
POL-001605,CLI-02190,Salud,2023-07-14,2024-07-13,277000000,4948000,4771000,,Anual,Web,0,Cancelada,2024-05-21,Otro
POL-005797,CLI-01705,Salud,2024/12/03,2025-12-03,78000000,1763000,1790000,-1.5,Mensual,Asesor comercial,0,  Vencida,,
POL-005750,CLI-00797,  Auto,2025/03/05,2026/03/05,139000000,4459000,4057000,9.9,Anual,Bancaseguros,10,Activa,,
POL-007006,CLI-04640,hogar,2021-10-28,28/10/2022,311000000,1029000,1021000,0.8,Anual,Bancaseguros,5,Renovada,,
POL-000050,CLI-04955,Seguro de Salud,2023-07-15,2024-07-14,210000000,6451000,6294000,2.5,Trimestral,Web,15,Renovada,,
POL-005154,CLI-03446,Vida,2023-06-26,2024-06-25,436000000,1550000,1509000,2.7,Semestral,Web,5, Renovada ,,
POL-005770,CLI-03431,Hogar,2023/08/01,2024/07/31,97000000,318000,306000,3.8,Mensual,Asesor comercial,5,RENOVADA,,
POL-005857,CLI-01817,Salud,17/02/2021,17/02/2022,155000000,3555000,,9.9,Anual,Asesor comercial,10,Vencida,,
POL-003581,CLI-04998,  Hogar,2024-02-29,2025/02/28,124000000,475000,438000,8.4,Anual,Corredor,15,Vencida,,
POL-003185,CLI-01704,Vida,2025-05-28,,147000000,692000,667000,3.7,Trimestral,Bancaseguros,10,Activa,,
POL-001355,CLI-05129,Auto,2021-02-04,2022-02-04,54000000,2298000,1843000,24.7,Mensual,Bancaseguros,0,Renovada,,
POL-008368,CLI-03758,Vida,27/05/2025,2026-05-27,109000000,330000,317000,4.1,Anual,Agencia,5,Activa,,
POL-003457,CLI-02645,Salud,08/11/2021,2022/11/08,198000000,3857000,3108000,24.1,MENSUAL,Agencia,10,Vencida,,
POL-002272,CLI-01342,Auto,2024-10-09,2025/10/09,64000000,1473000,1456000,1.2,Anual,agencia,10,Renovada,,
POL-006175,CLI-01217,Auto,14/08/2022,2023-08-14,71000000,3422000,3253000,5.2,Semestral,Web,0,Vencida,,
POL-006078,CLI-01809,Salud,2024-03-01,01/03/2025,174000000,4367000,4139000,5.5,Semestral,BANCASEGUROS,10,Renovada,,
POL-000061,CLI-02723,Auto,2024-06-16,2025/06/16,110000000,4699000,4737000,-0.8,Mensual,Agencia,10,Renovada,,
POL-005325,CLI-00363,  Auto,2024-01-09,2025-01-08,72000000,2646000,2452000,7.9,Mensual,Corredor,5,Renovada,,
POL-001006,CLI-01520,Salud,2022-10-28,28/10/2023,172000000,3526000,3326000,6.0,Anual,Web,10,Cancelada,27/09/2023,Otro
POL-002005,CLI-04694,Auto,21/01/2025,21/01/2026,59000000,1798000,1615000,,Trimestral,Asesor comercial,0,Activa,,
POL-002344,CLI-04365,Hogar  ,09/02/2025,09/02/2026,105000000,476000,454000,4.9,Mensual,Agencia,0,Cancelada,26/09/2025,Precio
POL-006081,CLI-02045,Hogar,2023/03/26,2024-03-25,121000000,399000,368000,8.3,semestral,asesor comercial,5,Renovada,,
POL-002497,cli-03152,Vehículo,2025/05/22,2026-05-22,63000000,2800000,2756000,1.6,Mensual,Web,15,Activa,,
POL-000787,CLI-02936,Auto,2022-05-23,2023/05/23,103000000,4502000,4375000,2.9,Semestral,Web,10,Renovada,,
POL-001148,CLI-01969,Hogar,2023/03/14,13/03/2024,,495000,502000,-1.4,Anual,Corredor,10,VENCIDA,,
POL-008020,CLI-02654,auto,2023-03-31,30/03/2024,60000000,1905000,1866000,2.1,Semestral,Bancaseguros,0,Cancelada,2023-12-07,Falta de pago
POL-002668,CLI-04597,Salud,15/02/2024,2025-02-14,51000000,1764000,1639000,7.6,Anual,Asesor comercial,5, Renovada ,,
POL-005060,CLI-02749,Auto,07/01/2021,2022-01-07,59000000,2402000,2502000,-4.0,Mensual,Agencia,5,Renovada,,
POL-003390,CLI-04251,  Hogar,2022-03-12,2023-03-12,260000000,1080000,1053000,2.6,Mensual,Web,5,Renovada,,
POL-003115,CLI-03065,Auto  ,2023-03-31,30/03/2024,74000000,2420000,2394000,1.1,Trimestral,Web,10,  Vencida,,
POL-006594,CLI-00638,salud,13/01/2025,2026-01-13,291000000,4787000,4404000,8.7,Mensual,Asesor comercial,10,Activa,,
POL-000016,CLI-01944,Auto,2024/05/11,2025-05-11,222000000,8242000,7754000,6.3,Anual,Bancaseguros,15,Renovada,,
POL-002591,CLI-01034,Vida,2023/04/06,2024/04/05,332000000,1508000,1300000,16.0,Trimestral, Agencia ,10,Renovado,,
POL-007690,CLI-03430,Auto,2022-05-01,01/05/2023,85000000,-3386000,3333000,1.6,Anual,Bancaseguros,5,Renovada,,
POL-006604,CLI-04537,Vehículo,2024-10-26,26/10/2025,33000000,833000,778000,7.1,Mensual,Agencia,15,Vencida,,
POL-006717,CLI-02670,Auto,2025/04/01,01/04/2026,75000000,2902000,2777000,4.5,Mensual,Corredor,10,Activa,,
POL-007411,CLI-03029,Hogar,2025/05/22,2026-05-22,265000000,805000,676000,19.0,Mensual,Agencia,0,Activa,,
POL-008248,CLI-01487,Auto,2025-02-18,18/02/2026,35000000,1295000,1271000,1.9,Anual,Asesor comercial,15,Cancelada,2025/05/25,Cambio de aseguradora
POL-003798,CLI-02247,SALUD,2024-09-27,27/09/2025,202000000,5770000,5377000,7.3,Mensual,Asesor comercial,10,Renovada,,
POL-007424,CLI-03097,auto,12/08/2023,2024/08/11,52000000,1877000,1708000,9.9,Mensual,Bancaseguros,15,Renovada,,
POL-007709,CLI-01595,Hogar,21/07/2023,20/07/2024,314000000,1383000,1357000,1.9,Anual,Corredor,5,Renovada,,
POL-000505,CLI-00920,Vida,2024/09/17,2025-09-17,184000000,492000,355000,38.5,Mensual,Web,0,  Cancelada,2024/10/24,Precio
POL-006557,CLI-03331,Seguro de Vida,2021-10-23,2022/10/23,492000000,1503000,1201000,25.1,Trimestral,Asesor comercial,5,Renovada,,
POL-007191,CLI-01585,AUTO,2023-05-26,INVALID_DATE,46000000,1327000,1302000,1.9,Mensual,agencia,5,Cancelada,2024-04-09,Precio
POL-000124,CLI-01249,Salud,2024/05/02,2025-05-02,218000000,6725000,6291000,6.9,Anual,Agencia,5,Vencida,,
POL-003957,CLI-03355,Hogar,2024-11-22,2025/11/22,419000000,1570000,1167000,34.5,Mensual,Asesor comercial,5,Cancelada,07/04/2025,Falta de pago
POL-007228,CLI-02688,Auto,2025-06-20,20/06/2026,100000000,2797000,2592000,7.9,Anual,Agencia,5,Activa,,
POL-007367,CLI-01494,Salud,,13/12/2025,95000000,1910000,1882000,1.5,Anual,Bancaseguros,0,Renovada,,
POL-006162,CLI-01760,auto,12/11/2024,2025/11/12,57000000,2224000,2016000,10.3,Anual,Corredor,5, Renovada ,,
POL-007793,CLI-00549,Auto,2025/03/31,2026-03-31,85000000,2644000,2610000,1.3,Mensual,Corredor,10,Activa,,
POL-007471,CLI-01031,Auto,2023-03-16,2024-03-15,35000000,952000,928000,2.6,Mensual,Corredor,5,Vencida,,
POL-001348,CLI-00750,Vida,2023/01/06,06/01/2024,145000000,607000,601000,1.0,Trimestral,Web,5,Renovada,,
POL-005065,CLI-04557, Auto ,2023/02/12,2024-02-12,25000000,1108000,1032000,7.4,  Semestral,Asesor comercial,15,Renovada,,
POL-008302,CLI-00678,auto,2023-06-10,2024-06-09,31000000,1335000,1242000,7.5,Anual,Agencia,0,VENCIDA,,
POL-008229,CLI-00410,Auto,30/10/2023,2024/10/29,36000000,106600000,1044000,2.1,Semestral,Asesor comercial,15,Renovada,,
POL-006328,CLI-00457,Hogar,2022-08-22,2023/08/22,192000000,740000,716000,3.3,Mensual,Web,15,Renovada,,
POL-000343,CLI-01406,vida,2023/11/22,2024/11/21,350000000,1130000,843000,34.1,Trimestral,Corredor,0,anulada,03/04/2024,Precio
POL-006971,CLI-01567,  Auto,2023/10/08,07/10/2024,64000000,2794000,2663000,4.9,Mensual,Bancaseguros,10,Renovada,,
POL-004536,CLI-04459,AUTO,2024-07-01,2025/07/01,67000000,2024000,1928000,5.0,Mensual,Web,10,Renovada,,
POL-007194,CLI-03935,Hogar,2022-11-15,2023-11-15,272000000,772000,770000,0.2,Anual,Asesor comercial,10,Vencida,,
POL-002840,CLI-03181,Auto,05/10/2024,2025-10-05,58000000,2817000,2770000,1.7,Mensual,Agencia,15,Vencida,,
POL-001766,CLI-01151, Salud ,01/02/2025,2026-02-01,118000000,2900000,2775000,4.5,Semestral,AGENCIA,10,  Activa,,
POL-007709,CLI-01595,Hogar,21/07/2023,20/07/2024,314000000,1383000,1357000,1.9,Anual,Corredor,5,Renovada,,
POL-003192,CLI-03322,Hogar,25/07/2022,2023-07-25,323000000,1382000,1133000,22.0,Anual,Web,0,Renovada,,
POL-003341,CLI-02411,Auto,2022-11-06,06/11/2023,61000000,1902000,1919000,-0.9,Mensual,Agencia,0,Vencida,,
POL-000569,CLI-04859,Seguro Auto,2022-07-28,2023-07-28,33000000,1464000,1326000,10.4,Mensual,WEB,0,Cancelada,12/03/2023,Falta de pago
POL-005163,CLI-01791,Auto,2025-04-03,2026/04/03,65000000,2649000,2623000,1.0,Semestral,Agencia,15,Activa,,
POL-003442,CLI-03708,Salud,2022-06-09,2023-06-09,72000000,1567000,1527000,2.6,  Mensual,Corredor,15,cancelada,2022-11-08,Otro
POL-002373,CLI-00980,Auto,2024-12-01,2025-12-01,100000000,4103000,3908000,5.0,Anual,Agencia,5,Renovada,,
POL-007598,CLI-02264,vida,06/08/2024,2025/08/06,187000000,404000,384000,5.1,Mensual,Asesor comercial,10,Vencida,,
POL-007926,CLI-01338,Auto,2025/03/21,21/03/2026,49000000,2205000,2055000,7.3,Mensual,Asesor comercial,15,Activa,,
POL-004503,CLI-04211,Salud,2022-01-22,2023-01-22,135000000,2744000,2025000,35.5,Semestral,Asesor comercial,0,CANCELADA,23/07/2022,Falta de pago
POL-006756,CLI-00275,  Salud,2023-03-23,2024-03-22,118000000,2937000,2660000,10.4,Anual,  Bancaseguros,5,Renovada,,
POL-002209,CLI-04118,Hogar,2024-02-26,2025-02-25,127000000,489000,364000,34.5,Semestral,Agencia,5,Renovada,,
POL-005520,CLI-04211,Hogar,16/05/2022,2023/05/16,213000000,813000,653000,24.5,Anual,Asesor comercial,5,Renovada,,
POL-004102,CLI-03493,Auto,2024/09/16,16/09/2025,46000000,1627000,1521000,,Mensual,Asesor comercial,10,Renovada,,
POL-001884,CLI-04072,  Salud,2024-10-19,2025-10-19,138000000,3032000,3047000,-0.5,Mensual,Bancaseguros,10,Vencida,,
POL-007281,CLI-00461,Auto,2022/02/27,2023-02-27,60000000,2643000,2512000,5.2,Mensual,Asesor comercial,10,  Vencida,,
POL-006709,CLI-00948,Vida  ,29/01/2024,2025/01/28,1743000000,4563000,4354000,4.8,Semestral,Agencia,5,Renovada,,
POL-008327,CLI-00112,Auto,28/02/2023,2024-02-28,68000000,2665000,2461000,8.3,Mensual,Corredor,5,Renovada,,
POL-003468,CLI-04180,Auto,2021-09-28,2022/09/28,45000000,1722000,1708000,0.8,Mensual,Agencia,15,Vencida,,
POL-000838,CLI-01060,Salud,2025/01/06,06/01/2026,40000000,650000,629000,3.4,Mensual,web,10,ACTIVA,,
POL-004618,CLI-03442,Salud,09/08/2022,2023-08-09,43000000,1050000,786000,33.6,Anual,Asesor comercial,5,Vencida,,
POL-002998,CLI-02225,Auto,2022/11/06,2023-11-06,55000000,2679000,2593000,3.3,Mensual,Agencia,5,Vencida,,
POL-000058,cli-02173,AUTO,2025-01-16,2026-01-16,28000000,1201000,1168000,2.8,  Mensual,Web,10,Activa,,
POL-005644,CLI-04374,Auto,2025/02/01,2026/02/01,36000000,1364000,1251000,9.0,Anual,Asesor comercial,0,ACTIVA,,
POL-007109,CLI-03419,Auto,2025/06/28,2026-06-28,48000000,1955000,1839000,6.3,trimestral,Agencia,10,Activa,,
POL-004317,CLI-00192,Auto,2024/05/05,2025-05-05,39000000,1331000,1253000,6.2,Anual,Bancaseguros,0,Vencida,,
POL-003409,CLI-04718,Vida,17/03/2025,2026/03/17,295000000,1097000,1019000,7.7,Mensual,Asesor comercial,10,Activa,,
POL-000769,CLI-04415, Auto ,15/02/2022,2023/02/15,45000000,1696000,1238000,37.0,Anual, Bancaseguros ,5,Vencida,,
POL-003521,CLI-01285,Hogar,2024/07/16,2025/07/16,128000000,453000,426000,6.3,Anual,Web,5,Renovada,,
POL-001941,CLI-02157,Auto,2025/04/20,2026/04/20,81000000,4041000,3838000,5.3,mensual,Bancaseguros,15,Cancelada,2025-12-01,Cambio de aseguradora
POL-005350,CLI-01435,Hogar,03/11/2021,2022-11-03,94000000,378000,300000,26.1,Anual,  Web,5,Cancelada,29/07/2022,Precio
POL-001779,CLI-01905,Hogar,2025-03-24,24/03/2026,255000000,1124000,1034000,,Mensual,Bancaseguros,5,Suspendida  ,,
POL-000777,CLI-01458,Vida,2025/02/02,2026-02-02,507000000,1512000,1446000,4.6,Anual,CORREDOR,5,activa,,
POL-003292,CLI-01944,Auto,2023-03-10,2024/03/09,50000000,2247000,2274000,-1.2,Trimestral,Asesor comercial,15,Vencida,,
POL-004296,CLI-01886,Auto,03/01/2024,02/01/2025,55000000,2080000,1629000,27.7,Mensual,Web,5,Cancelado,2024-05-19,Cambio de aseguradora
POL-006944,CLI-01782,Salud,2022-08-16,16/08/2023,117000000,3426000,3260000,5.1,Mensual,Web,0,Vencida,,
POL-003058,CLI-00457,Salud,2023/11/28,2024/11/27,231000000,5430000,5403000,0.5,Mensual,Corredor,0,Vencida,,
POL-000634,CLI-04771,Salud,2024-10-17,2025/10/17,136000000,3379000,3146000,7.4,Mensual,Asesor comercial,15,Renovada,,
POL-007949,CLI-03110,Hogar,2023-01-19,2024-01-19,267000000,1068000,1014000,5.3,Trimestral,Corredor,0,Vencida,,
POL-000284,CLI-02282,Hogar,2022-04-21,2023/04/21,204000000,827000,790000,4.7,Mensual, Corredor ,5,Vencida,,
POL-004412,CLI-01518,Auto,2024/02/16,15/02/2025,18000000,905000,909000,-0.4,Mensual,Corredor,10,Renovada,,
POL-000908,CLI-03088,Salud,12/11/2024,2025-11-12,142000000,3808000,3609000,5.5,Mensual,Corredor,5, Renovada ,,
POL-002658,CLI-01289,VIDA,2024-11-12,12/11/2025,632000000,2045000,1938000,5.5,Trimestral,Bancaseguros,10,Renovada,,
POL-000233,CLI-05034,Auto,2023-12-03,2024-12-02,93000000,2989000,2516000,18.8,Anual,Asesor comercial,10,  Renovada,,
POL-004804,CLI-00219,Auto,2025-03-04,2026/03/04,32000000,1095000,1009000,8.5,Anual,Asesor comercial,0,Activa,,
POL-006431,CLI-04414,Salud,2022-04-25,25/04/2023,127000000,3704000,3555000,4.2,Anual,Corredor,5,Renovada,,
POL-004144,CLI-04064,Salud,04/10/2024,2025-10-04,90000000,1709000,1587000,7.7,Semestral, Agencia ,10,Renovada,,
POL-001291,CLI-02948,Seguro Hogar,2022-04-19,19/04/2023,301000000,981000,888000,10.5,mensual,CORREDOR,10,Renovada,,
POL-004395,CLI-04916,Salud,2025-06-01,2026-06-01,84000000,1497000,1083000,38.2,Mensual  ,Asesor comercial,0,Cancelada,2025/10/07,Precio
POL-007651,CLI-01890,Auto,19/02/2022,2023/02/19,27000000,896000,752000,19.1,Mensual,  Agencia,5,Cancelada,2022-07-09,Precio
POL-004396,CLI-02285, Auto ,2025/02/04,2026-02-04,30000000,1212000,1155000,4.9,trimestral,Asesor comercial,0,Activa,,
POL-001640,CLI-03014,Auto,2024-11-25,2025-11-25,86000000,3318000,3107000,6.8,Trimestral,Agencia,10,Cancelada,18/09/2025,Reclamo rechazado / insatisfacción
POL-002687,CLI-00197,auto,2024/08/23,23/08/2025,58000000,1852000,1718000,7.8,  Semestral,Agencia,5,Cancelada,21/03/2025,Precio
POL-004394,CLI-00826,Auto,2021/06/08,2022-06-08,92000000,3833000,3814000,0.5,Mensual,Asesor comercial,0,Renovada,,
POL-006484,CLI-02212,Auto,2023-12-31,2024-12-30,33000000,1275000,1225000,4.1,Mensual,Web,15,EXPIRADA,,
POL-003954,CLI-02164, Salud ,2024/12/06,2025-12-06,122000000,2712000,2352000,15.3,Anual,Web,5,Vencida,,
POL-003788,CLI-00603,Auto,18/11/2023,2024-11-17,21000000,717000,713000,0.6,Mensual,Asesor comercial,5,Vencida,,
POL-005526,CLI-04014,Hogar,13/12/2021,13/12/2022,117000000,551000,550000,0.2,Trimestral,Bancaseguros,5,Renovada,,
POL-004032,CLI-04431,Vida,2025-01-14,14/01/2026,1022000000,3772000,3572000,5.6,Mensual,Web,10,Activa,,
POL-003850,CLI-02555,auto,2023-10-23,2024-10-22,48000000,2874000,2722000,5.6,Mensual,Web,15,Renovada,,
POL-003228,CLI-04774,Salud,2025-04-23,2026-04-23,181000000,3879000,3744000,3.6,Mensual,Agencia,10,Cancelada,,Otro
POL-006435,CLI-04486,vida,11/11/2023,2024-11-10,204000000,961000,907000,6.0,  Anual,Asesor comercial,5,RENOVADA,,
POL-005425,CLI-04898,Auto,2021-06-15,2022-06-15,20000000,,749000,8.2,Mensual,Asesor comercial,0,Vencida,,
POL-006053,CLI-01319,Salud,28/12/2024,28/12/2025,104000000,2552000,2442000,4.5,Mensual,Agencia,15,Renovada,,
POL-008033,CLI-01565,Hogar,2024-01-15,2025-01-14,137000000,480000,,5.8,Mensual,Web,5,Renovada,,
POL-002042,CLI-00299,Auto,08/09/2023,07/09/2024,91000000,3226000,3175000,1.6,Mensual,Agencia,15,  Vencida,,
POL-006487,CLI-04125,Auto,2021-08-29,2022-08-29,41000000,1673000,1634000,2.4,Anual,ASESOR COMERCIAL,5,Renovada,,
POL-003527,CLI-02047,SALUD,25/05/2025,2026-05-25,77000000,1575000,1427000,10.4,Mensual,Asesor comercial,0,Activa,,
POL-000184,CLI-01859,Hogar,05/05/2023,2024/05/04,192000000,795000,654000,21.5,Trimestral,Asesor comercial,5,Renovada,,
POL-007009,CLI-00187,AUTO,2022-05-19,19/05/2023,106000000,,3861000,5.4,Anual,Bancaseguros,10,Renovada,,
POL-002697,CLI-01379,Salud,2021/05/29,,311000000,,6269000,7.3,Semestral,bancaseguros,0,Cancelada,10/04/2022,Cambio de aseguradora
POL-001114,CLI-04477,Auto,28/11/2024,2025-11-28,92000000,4593000,4584000,0.2,Semestral,Corredor,5,Renovada,,
POL-000070,CLI-03285,Seguro de Salud,2025-02-17,2026/02/17,89000000,2054000,2024000,1.5,Anual,Asesor comercial,0,Activa,,
POL-005867,CLI-04406,Vida,2023-07-26,2024-07-25,293000000,1026000,984000,4.3,Anual,Asesor comercial,5,Renovada,,
POL-005149,CLI-01369,Auto,2025/01/28,2026-01-28,104000000,3070000,3198000,-4.0,Anual  ,Bancaseguros,0,Activa,,
POL-001794,CLI-01627,Auto,10/06/2022,10/06/2023,84000000,2772000,2715000,2.1,Mensual,Agencia,15,Renovada,,
POL-007581,CLI-05021,salud,2022-07-05,2023-07-05,70000000,1689000,1659000,1.8,Semestral,Corredor,5,Renovada,,
POL-008191,CLI-00075,  Salud,21/10/2024,21/10/2025,106000000,2379000,2120000,12.2,Anual,Bancaseguros,0,Cancelada,21/10/2025,Cambio de aseguradora
POL-002059,CLI-02933,Auto,2024-02-29,2025-02-28,56000000,2219000,2089000,6.2,Anual,Bancaseguros,0,Renovada  ,,
POL-007425,CLI-05079,Hogar,2022-12-02,2023/12/02,167000000,605000,573000,5.5,Mensual,Corredor,0, Cancelada ,2023/08/07,Precio
POL-002490,CLI-03233,Vida,11/11/2024,2025-11-11,103000000,414000,372000,11.4,Mensual,Asesor comercial,0,Cancelada,2025-04-12,Otro
POL-000974,CLI-01737,Auto  ,2025-04-16,2026-04-16,53000000,2133000,1982000,7.6,Anual,Web,5,activa,,
POL-004020,CLI-94077,Salud,2023-09-26,2024/09/25,56000000,1508000,1428000,5.6,Mensual,Web,0,Cancelada,05/08/2024,Precio
POL-004783,CLI-02158,Hogar,29/08/2021,29/08/2022,266000000,1060000,1006000,5.4,Anual,Asesor comercial  ,5,  Renovada,,
POL-007805,CLI-00721,SALUD,26/06/2022,2023/06/26,132000000,2397000,2307000,3.9,Mensual,Web,10,Renovada,,
POL-000405,CLI-00343,Auto,16/08/2024,2025-08-16,72000000,3025000,2878000,5.1,Anual,Asesor comercial,5,Vencida,,
POL-004179,CLI-01294, Hogar ,2023-05-15,2024-05-14,110000000,484000,458000,5.6,Mensual,Asesor comercial,0,Vencida,,
POL-000611,CLI-05083,Salud,2021/02/26,2022-02-26,152000000,4138000,3919000,5.6,Anual,Agencia,5,Renovada,,
POL-003804,CLI-03763,Auto,2022-09-23,23/09/2023,77000000,3072000,2626000,17.0,Mensual,Web,5,Vencida,,
POL-006664,CLI-03378,Salud,2025-03-14,2026-03-14,126000000,2526000,2361000,7.0,Anual,Agencia,5,Activa,,
POL-007843,CLI-04960,Vida,22/01/2021,2022/01/22,157000000,423000,399000,6.0,Anual,Asesor comercial,5,Renovada,,
POL-006800,CLI-03454,Hogar,14/07/2024,14/07/2025,90000000,268000,256000,4.8,Trimestral,Agencia,0,Renovada,,
POL-002201,CLI-01232,Hogar,2024-08-16,16/08/2025,300000000,1073000,1026000,4.6,  Trimestral,Asesor comercial,5,Vencida,,
POL-003763,CLI-01001,Vida,2025-05-18,18/05/2026,879000000,2690000,2589000,3.9,MENSUAL,Agencia,5,Activa,,
POL-002613,CLI-00307,auto,2025/01/31,2026-01-31,80000000,3320000,3205000,3.6,Semestral,Asesor comercial,15,Activa  ,,
POL-001421,CLI-04634,Hogar,2021-08-02,INVALID_DATE,108000000,345000,287000,20.1,Mensual,Web,0,renovado,,
POL-008159,CLI-00016,Vida,26/02/2021,2022-02-26,425000000,1241000,976000,27.2,Mensual,Asesor comercial,0,Vencida,,
POL-001590,CLI-03899,Auto,2025-04-08,2026/04/08,87000000,3085000,2227000,38.5,Mensual,bancaseguros,5,Activa,,
POL-007586,CLI-04144,Salud,2024/03/15,15/03/2025,71000000,1491000,1417000,5.2,Mensual,Bancaseguros,0,Renovada,,
POL-002431,CLI-04170,Vida,05/03/2025,2026/03/05,121000000,371000,353000,5.0,Anual,Bancaseguros,10,ACTIVA,,
POL-005202,CLI-02515,Auto,2023-04-01,2024-03-31,72000000,2490000,2441000,2.0,Mensual,Corredor,10,Renovada,,
POL-005314, CLI-00034 ,AUTO,2022-10-17,17/10/2023,115000000,4825000,3642000,32.5,Mensual,Web,0,Renovada,,
POL-001672,CLI-04939,Auto,2022-11-02,2023-11-02,141000000,6407000,6288000,1.9,Mensual,Agencia,0,Renovada,,
POL-006292,CLI-02311,Vida,09/01/2022,2023-01-09,255000000,895000,652000,37.2,Trimestral,Corredor,5,RENOVADA,,
POL-007359,CLI-00572,Auto,2024-03-19,19/03/2025,85000000,4662000,4539000,2.7,Mensual,Corredor,0,Renovada,,
POL-002960,CLI-01564,VIDA,2022-03-05,2023-03-05,447000000,2028000,2044000,-0.8,Mensual,  Bancaseguros,0, Renovada ,,
POL-002165, CLI-03738 ,Salud,2023-03-17,2024/03/16,141000000,4224000,4125000,2.4,Anual,BANCASEGUROS,5,Renovada  ,,
POL-007489,CLI-05160,HOGAR,2024-07-21,2025-07-21,151000000,681000,662000,2.9,Anual,Asesor comercial,5,Renovada,,
POL-000549,CLI-02121,Vida,2024/01/07,2025-01-06,321000000,1117000,1117000,0.0,Anual,Asesor comercial,5,Vencida,,
POL-001263,CLI-03194,Auto,28/11/2021,2022-11-28,35000000,1323000,1252000,5.7,Mensual,Agencia,10, Renovada ,,
POL-006708,CLI-01641,Auto,2025-02-27,2026/02/27,31000000,1351000,1307000,3.4,Trimestral,Bancaseguros,0,Suspendida,,
POL-001330,CLI-01054,Vida,2024-01-31,2025/01/30,431000000,1706000,1593000,7.1,Mensual,  Web,5,Renovada,,
POL-003886,CLI-03880,Vida,2025-01-15,2026-01-15,316000000,657000,629000,4.4,Mensual,Agencia,10,Activa,,
POL-003889,CLI-03566,Auto,2024/01/11,2025-01-10,69000000,3750000,3555000,5.5,Mensual,Corredor,10,RENOVADA,,
POL-005532,CLI-01837,Vida,2024-12-07,2025-12-07,208000000,989000,970000,2.0,Mensual,BANCASEGUROS,10,Renovada,,
POL-003735,CLI-02138,Auto,19/08/2022,19/08/2023,29000000,1440000,1330000,8.3,Mensual,Agencia,5,Renovada  ,,
POL-000145,CLI-04312,Hogar,23/04/2023,2024-04-22,267000000,994000,738000,34.6,Mensual,Asesor comercial,0,Cancelada,05/09/2023,Precio
POL-002491,CLI-00099,Auto,2021-08-21,21/08/2022,80000000,3109000,2939000,5.8,Anual,Asesor comercial,10,Cancelada,2022-02-04,Falta de pago
POL-007329,CLI-02118,Salud,2024-01-26,25/01/2025,176000000,2986000,2302000,29.7,MENSUAL,Web,5,Cancelada,2024-07-12,Falta de pago
POL-003129,CLI-03730,Vida,2023-10-05,04/10/2024,352000000,1162000,1074000,8.2,Anual,Asesor comercial,15,VENCIDA,,
POL-005287,CLI-04312,VIDA,2023-06-01,31/05/2024,642000000,2300000,2216000,3.8,Anual,Asesor comercial,15,renovada,,
POL-000535,CLI-03515,Vehículo  ,2021-02-17,17/02/2022,28000000,1327000,1195000,11.0,Mensual,Bancaseguros,5,Cancelada,2021-12-09,Otro
POL-006263,CLI-04221,Salud,2024/05/17,2025/05/17,122000000,2920000,2816000,3.7,Mensual,Agencia,0,Cancelada,2025-05-14,Reclamo rechazado / insatisfacción
POL-002987,CLI-02446,Hogar,2023/09/24,2024-09-23,139000000,568000,440000,29.0,ANUAL,Agencia,0,Renovada,,
POL-007026,CLI-05010,Salud,2025-06-07,2026-06-07,93000000,3004000,2914000,3.1,Anual,Agencia,5,activa,,
POL-001517,CLI-05072,Auto  ,2022-12-21,2023-12-21,108000000,4896000,4325000,13.2,Anual,Corredor,0,Cancelada,2023/06/16,Cambio de aseguradora
POL-005976,CLI-01477,Salud,07/12/2024,2025-12-07,126000000,2392000,2223000,7.6,Mensual,Asesor comercial,10,Vencida,,
POL-001821,CLI-00944,Vida,25/08/2023,2024-08-24,164000000,663000,618000,7.2,Anual,Corredor,10, Cancelada ,2024/07/17,Cambio de aseguradora
POL-005880,CLI-04869,Auto,2024-11-15,15/11/2025,36000000,1619000,1470000,10.1,Anual,Web,10,Vencida,,
POL-002226,CLI-03613,Vida,16/09/2023,2024-09-15,155000000,602000,566000,6.3,ANUAL,Asesor  comercial,15,Cancelada,30/08/2024,Falta de pago
POL-006246,CLI-03603,Hogar,2023-04-07,2024/04/06,277000000,1342000,1238000,8.4,Anual,Agencia,0,Renovada,,
POL-005019,CLI-01698,  Auto,2022-08-29,2023-08-29,53000000,2815000,2741000,2.7,Anual,Asesor comercial,5, Renovada ,,
POL-001307,CLI-02636,Auto,2024-03-06,2025-03-06,41000000,1412000,1371000,3.0,ANUAL,agencia,5,Renovada,,
POL-005299,CLI-03855,Hogar,2023-08-30,2024-08-29,122000000,623000,581000,7.2,Mensual, Bancaseguros ,5,Renovada,,
POL-007523,CLI-01897,Auto,2025-05-19,2026/05/19,39000000,1364000,1287000,6.0,Mensual,Asesor comercial,0,Activa  ,,
POL-003338,CLI-00814,Auto,02/11/2022,2023-11-02,,1313000,1236000,6.2,MENSUAL,Bancaseguros,0,Renovada,,
POL-007062,CLI-01138,Auto,14/03/2025,2026-03-14,92000000,3211000,2696000,19.1,Anual,Web,10,Activa,,
POL-005374,CLI-02894, Auto ,2021-02-17,2022-02-17,66000000,2436000,2296000,6.1,MENSUAL,Asesor comercial,5,Renovada,,
POL-008361,CLI-03760,Salud,11/06/2024,11/06/2025,229000000,4589000,4621000,-0.7,Trimestral,Web,15,Renovada,,
POL-001342,CLI-02801,Salud,2021-11-19,19/11/2022,79000000,1651000,1566000,5.4,Trimestral,Web,0,cancelada,2022/04/03,Cambio de aseguradora
POL-002832,CLI-02588,Vida,2024-11-24,24/11/2025,81000000,232000,223000,3.9,Mensual,Web,10,Renovada,,
POL-002225,CLI-00800,Salud  ,2023-11-24,2024-11-23,112000000,2569000,2188000,17.4, Mensual ,Corredor,0,cancelada,28/05/2024,Cambio de aseguradora
POL-007815,CLI-01878,Salud,17/12/2022,2023/12/17,222000000,4430000,3966000,11.7,Anual,Asesor comercial,10,Renovada,INVALID_DATE,
POL-001576,CLI-01871,Hogar,2024-11-06,2025-11-06,284000000,1027000,1048000,-2.0,Anual,Bancaseguros,5,Vencida,,
POL-000680,CLI-00669,Hogar,2024-07-10,2025/07/10,75000000,303000,293000,3.3,Mensual, Agencia ,5,Renovada,,
POL-000894,CLI-04637,Vida,2022-06-23,,498000000,1601000,1480000,8.2,Mensual,Asesor comercial,5,Vencida,,
POL-004401,CLI-00719, Hogar ,2023/09/08,2024-09-07,218000000,749000,742000,1.0,Semestral,Bancaseguros,5,Vencida,,
POL-000487,CLI-01007,  Vida,2025-03-02,2026/03/02,263000000,874000,801000,9.1,Mensual,Bancaseguros,0,Activa,,
POL-003327,CLI-02427,AUTO,2024-12-01,2025-12-01,22000000,840000,824000,2.0,MENSUAL,CORREDOR,5,Renovada,,
POL-002686,CLI-01459,Vida,14/07/2021,2022/07/14,154000000,678000,627000,8.2,Mensual,Bancaseguros,10,Renovada,,
POL-003858,CLI-03650, Vida ,2025-03-03,03/03/2026,216000000,874000,830000,5.3,Trimestral,Asesor comercial,5,Activa,,
POL-006864,CLI-00311,Salud,29/06/2024,2025-06-29,129000000,2731000,2441000,11.9,Trimestral,Web,10,Renovada,,
POL-004305,CLI-01023,Auto,2024/10/18,18/10/2025,27000000,1037000,971000,6.8,Trimestral,Web,10,Vencida,,
POL-003424,CLI-04337,Auto,22/06/2021,2022/06/22,34000000,1577000,1521000,3.7,Mensual,Bancaseguros,10,Vencida,,
POL-000333,CLI-03334,Vida,2025-03-29,2026/03/29,213000000,793000,733000,8.2,Mensual,Asesor comercial,5,Cancelada,2025/12/09,Venta/pérdida del bien
POL-001771,CLI-03312,Auto,11/05/2025,11/05/2026,53000000,2062000,1561000,32.1,Trimestral,Agencia,15,cancelada,2025-10-30,Precio
POL-001988,CLI-03282,Salud,2022-03-01,2023-03-01,82000000,2014000,1610000,25.1,Anual,ASESOR COMERCIAL,0,Renovada,,
POL-003554,CLI-02912,Auto,2025/05/12,2026-05-12,23000000,1188000,1074000,10.6,Mensual,Bancaseguros,5,Activa,,
POL-007315,CLI-04653,Salud,19/05/2021,2022-05-19,106000000,3185000,2310000,37.9,Mensual,Corredor,15,Vencida,,
POL-004257,CLI-01258,Salud,21/07/2023,20/07/2024,83000000,1316000,1034000,27.3,Mensual,Agencia,0,Vencida,,
POL-001123,CLI-05108,Auto,2024-10-26,2025-10-26,80000000,3205000,3058000,4.8,Mensual,Agencia,10,renovada,,
POL-006143,CLI-04681,Salud,21/11/2024,2025/11/21,104000000,2595000,2457000,5.6,Anual,Bancaseguros,10,Renovada,,
POL-000325,CLI-05037,Auto,16/02/2025,16/02/2026,45000000,1828000,1716000,6.5,Mensual,Web,10,Activa,,
POL-005256,CLI-03268,Vida,2024-09-10,10/09/2025,111000000,308000,296000,,TRIMESTRAL,Bancaseguros  ,10,Renovada,,
POL-004933,CLI-03254,Vida,2022-05-17,2023-05-17,874000000,2887000,2493000,15.8,  Semestral,agencia,0, Cancelada ,11/08/2022,Cambio de aseguradora
POL-001656,CLI-01949,Salud,2024-10-02,02/10/2025,59000000,1559000,1531000,1.8,Mensual,Web,15,Renovada,,
POL-004123,CLI-00155, Vida ,2023/09/21,2024-09-20,644000000,1743000,1626000,7.2,Semestral,Web,15,Vencida,,
POL-004011,CLI-04710,Seguro Auto,2025/02/21,2026-02-21,76000000,2532000,2482000,2.0,Anual,Corredor  ,10,Activa,,
POL-007541,CLI-03177,Auto,2024-08-20,2025-08-20,126000000,4718000,4537000,4.0,Mensual,Agencia,10,Vencida,,
POL-002830,CLI-00810,Salud,01/01/2025,2026/01/01,80000000,1890000,1855000,1.9,  Semestral,Web,5, Activa ,,
POL-002305,CLI-02443,VIDA,29/01/2025,29/01/2026,264000000,783000,766000,2.2,Anual,Asesor comercial,0,Activa,,
POL-002437,CLI-04697,Auto,2021-06-30,2022-06-30,40000000,1557000,1519000,2.5,Anual,Asesor comercial,0,RENOVADA,,
POL-000907,CLI-02824,Salud,25/05/2025,25/05/2026,122000000,2781000,2671000,4.1,Mensual,Corredor,0,Activa,,
POL-005356,CLI-00315,Vida,21/10/2023,20/10/2024,487000000,1502000,1420000,5.8,Mensual,Web,5,Renovada,,
POL-005535,CLI-02965,Auto,2025-02-18,2026-02-18,113000000,3661000,3520000,4.0,Semestral,Asesor comercial,5,Activa,,
POL-004122,CLI-03438,Salud,2022/05/01,2023/05/01,104000000,2231000,2039000,9.4,Mensual,Corredor,5,Renovada,,
POL-002829,CLI-00419,Auto,12/06/2023,2024/06/11,85000000,3448000,3448000,-0.0,Trimestral,Asesor comercial,0,Renovada  ,,
POL-000318,CLI-96700,Hogar,2024/05/03,2025-05-03,318000000,1308000,968000,35.1,Mensual,Asesor comercial,10,  Cancelada,2024-10-27,PRECIO
POL-004890,CLI-00793,Auto,2021-05-21,21/05/2022,37000000,1121000,1104000,1.5,Mensual, Web ,5,Renovada,,
POL-001367,CLI-03836,Salud,10/04/2025,2026/04/10,,1878000,1767000,6.3,Mensual,Agencia,10,Cancelada,27/06/2025,Otro
POL-002566,CLI-04865,Hogar,2021-10-08,2022-10-08,201000000,822000,799000,2.9,Mensual  ,CORREDOR,5,Cancelada,2021-11-17,Otro
POL-000566,CLI-01873,Vida,2023-08-18,2024/08/17,174000000,622000,594000,4.8,Trimestral,Asesor comercial,5,  Renovada,,
POL-007409,CLI-05179,Seguro de Vida,2024-01-29,28/01/2025,133000000,514000,505000,1.7,Anual,Asesor comercial,15,Vencida,,
POL-000923,CLI-02666,Salud,03/01/2025,03/01/2026,48000000,858000,,39.2, Trimestral , Web ,5, Activa ,,
POL-000351,CLI-00143,Hogar,2022-10-19,2023-10-19,182000000,708000,672000,5.4, Trimestral ,Asesor comercial,0,Renovada,,
POL-006686,CLI-03812,Hogar,2022-03-26,2023-03-26,103000000,479000,449000,6.8,Trimestral,Asesor  comercial,10,  Renovada,,
POL-006906,CLI-02705,Hogar,2021-11-28,2022-11-28,130000000,530000,410000,29.3,Trimestral,Corredor,5,Cancelada,2022/09/30,Precio
POL-000410,CLI-02766,Seguro  de  Vida,2022-08-17,2023/08/17,81000000,229000,221000,3.5,Mensual,Bancaseguros,5,Renovada,,
POL-002900,CLI-01566,Auto,2024-08-25,25/08/2025,112000000,4848000,3549000,36.6,Semestral,Corredor,0,Cancelada,2025-07-24,Precio
POL-007608,CLI-00414,Vida,2024-07-30,30/07/2025,427000000,1470000,1412000,4.1,Anual,Bancaseguros,0,Renovada,,
POL-002518,CLI-01294,Auto,2023-05-30,29/05/2024,118000000,5473000,4371000,25.2,Mensual,Agencia,10,Renovada,,
POL-006198,CLI-04871,Auto,19/12/2024,2025/12/19,94000000,4350000,4430000,-1.8,Mensual,Bancaseguros,10,Renovada,,
POL-007328,CLI-01684,Hogar,2023-12-19,2024-12-18,125000000,533000,473000,12.7,Anual,Agencia,10,Renovada,,
POL-005488,CLI-00507,Vida  ,2021/07/26,26/07/2022,162000000,593000,428000,38.6,Mensual,Corredor,5,Renovada,,
POL-005370,CLI-00993,Salud,09/01/2022,2023-01-09,137000000,2730000,2466000,10.7,Mensual,Asesor comercial,15,Vencida,,
POL-003807,CLI-04198,Vida,24/02/2023,24/02/2024,282000000,933000,788000,18.4,Mensual,ASESOR COMERCIAL,5,Renovada,,
POL-000586,CLI-03570,Salud,2022/02/24,2023/02/24,78000000,1352000,1266000,6.8,Anual,Corredor,5,Renovado,,
POL-004702,CLI-01117,Hogar,2025/05/02,,174000000,918000,852000,7.8,trimestral,AGENCIA,10,Cancelada,2025/10/03,Cambio de aseguradora
POL-003505,CLI-03606,Salud,2021/06/18,2022-06-18,232000000,6419000,6178000,3.9,Mensual,Agencia,5,Cancelada,2022/04/13,Cambio de aseguradora
POL-006746,CLI-04338,AUTO,2023-05-04,03/05/2024,36000000,1371000,1230000,11.5,Anual,Bancaseguros,10,Renovada,,
POL-003936,CLI-00597,Auto,27/02/2021,2022-02-27,33000000,1162000,861000,35.0,Mensual,Bancaseguros  ,15,Renovada,,
POL-001461,CLI-04514,auto,2024/04/06,2025-04-06,58000000,2454000,2251000,9.0,TRIMESTRAL,Corredor,5,renovada,,
POL-007811,CLI-02947,AUTO,2024/06/18,2025-06-18,54000000,2489000,2364000,5.3,Mensual,Bancaseguros,5,Renovada,,
POL-001412,CLI-03351,Salud,2021/04/28,2022-04-28,77000000,1858000,1705000,9.0,Anual,Agencia,0, Renovada ,,
POL-004658,CLI-02709, Vida ,2024-08-02,02/08/2025,146000000,713000,673000,6.0,Mensual,Bancaseguros,0,Renovada,,
POL-003182,CLI-02969,Auto,2025/06/24,2026/06/24,60000000,1992000,1856000,7.3,Anual,Web,0,Activa,,
POL-002993,CLI-01107,Salud,28/04/2022,2023-04-28,251000000,5625000,5302000,6.1,Semestral,Web,0,Renovada,,
POL-002037,CLI-04211,AUTO,2022/10/13,2023-10-13,27000000,1034000,1050000,-1.5,Semestral,Bancaseguros,5,Renovada,,
POL-004889,CLI-00119,Seguro de Salud,24/12/2023,2024-12-23,147000000,3625000,3513000,3.2,Mensual,Asesor comercial,5,Renovada,,
POL-005132,CLI-04662,Hogar,2024-09-30,30/09/2025,159000000,620000,576000,7.6,Mensual,Agencia,5,cancelada,02/01/2025,Otro
POL-001067,CLI-01187,Vida,2023-05-07,06/05/2024,94000000,316000,302000,4.7,Mensual,  Agencia,15,Vencida,,
POL-008397,CLI-04295,Auto,2023-07-02,01/07/2024,45000000,1609000,1630000,-1.3,Mensual,Bancaseguros,0,Renovado,,
POL-002123,CLI-00182,Salud,2025/03/01,01/03/2026,52000000,744000,744000,0.0,ANUAL,Corredor,5,Activa,,
POL-006981,CLI-03613,Auto,16/01/2024,2025-01-15,36000000,1243000,1234000,0.7,Trimestral,  Asesor comercial,10,Renovada,,
POL-000372,CLI-00824,auto,2022/07/01,2023-07-01,48000000,2066000,,3.5,Anual,Asesor comercial,5,Anulada,2023-02-05, Reclamo rechazado / insatisfacción 
POL-002999,CLI-04194,Hogar,2021-04-21,2022-04-21,941000000,4337000,4174000,3.9,Mensual,Asesor comercial,0,Renovada,,
POL-001063,CLI-02530,Vida,2024/09/14,2025-09-14,183000000,617000,571000,,Mensual,Web,5,Cancelada,2025-03-17,Cambio de aseguradora
POL-004910,CLI-00314,Salud,16/09/2023,2024-09-15,84000000,2300000,2214000,3.9,Semestral,Bancaseguros,0,Vencida,,
POL-004663,CLI-03446,Vida,2021/12/21,2022/12/21,353000000,0,1001000,5.4,Mensual,Bancaseguros,15,VENCIDA,,
POL-003081,CLI-03167,Seguro de Vida,2023-08-21,20/08/2024,161000000,633000,593000,6.7,Anual,Web,0,Renovada,,
POL-008390,CLI-02439,Salud,2024-07-26,2025/07/26,92000000,1681000,1593000,5.5,Mensual,Asesor comercial,10,Renovada,,
POL-000698,CLI-00710,Salud,27/11/2022,2023-11-27,56000000,1146000,855000,34.1,Mensual,asesor comercial,5,Renovada,,
POL-000088,CLI-04952,SALUD,2024-04-28,2025/04/28,164000000,3136000,2830000,10.8,Trimestral,Corredor,5, Vencida ,,
POL-000915,CLI-00978,Hogar,2024-04-25,2025-04-25,259000000,994000,956000,4.0,Trimestral,Agencia,5,Renovada,,
POL-006115,CLI-01676,Vida,2023-08-21,2024-08-20,246000000,796000,723000,10.1,Trimestral  ,Corredor,5,Cancelada,2024/07/31,Precio
POL-000179,CLI-04833,hogar,2025-04-12,2026-04-12,199000000,768000,725000,5.9,Mensual,Asesor comercial,10,Activa,,
POL-004985,CLI-02104,Auto,2023/04/03,2024-04-02,42000000,1687000,1263000,33.6,Semestral,Web,10,CANCELADA,,Precio
POL-000940,CLI-03139,Auto,2024/03/18,18/03/2025,50000000,2127000,1816000,17.1,Anual,Agencia,15,Cancelada,09/01/2025,Reclamo rechazado / insatisfacción
POL-006103,CLI-01527,Salud,2024-12-27,2025/12/27,84000000,2100000,1961000,7.1,Mensual,Bancaseguros,0,Cancelado,2025-05-03,Cambio de aseguradora
POL-008336,CLI-00289,  Hogar,2022-12-28,28/12/2023,215000000,964000,906000,6.4,Mensual,Web,5,Anulada,2023-02-19,Cambio de aseguradora
POL-005204,CLI-03636,Auto,05/06/2024,05/06/2025,26000000,943000,943000,-0.0,MENSUAL,Agencia,15,Renovada,,
POL-002966,CLI-04757,Auto  ,2024-09-11,2025-09-11,61000000,2516000,2419000,4.0,Semestral,Asesor comercial,10,Renovada,,
POL-004686,CLI-01820,  Auto,2022-12-10,2023-12-10,61000000,2470000,2562000,-3.6,Anual,Corredor,0,Renovada,,
POL-001104,CLI-00937,Auto,2021/12/05,2022/12/05,39000000,1464000,1476000,-0.8,Semestral,AGENCIA,5,Cancelada,2022/06/20,Venta/pérdida del bien
POL-006034,CLI-01921,Salud,05/09/2022,2023-09-05,135000000,2830000,2633000,7.5,Anual,Agencia,5,Renovada,,
POL-001773,CLI-00362,Hogar,06/03/2025,2026-03-06,238000000,1086000,964000,12.7,Anual,Asesor comercial,0,Activa,,
POL-002569,CLI-01410,Auto,2022-03-30,,50000000,1567000,1263000,24.1,Mensual,Corredor,10,Vencida,,
POL-007096,CLI-00241, Salud ,2023/10/28,2024/10/27,135000000,3310000,3229000,2.5,Semestral,AGENCIA,0,Renovada,,
POL-007631,CLI-03467,Auto,17/12/2021,2022/12/17,39000000,1537000,1443000,6.5,Trimestral,Bancaseguros,0,Renovada,,
POL-000708,CLI-02906,  Hogar,2022/07/28,2023-07-28,134000000,614000,561000,9.5,Mensual, Asesor comercial ,10,Renovada,,
POL-003222,CLI-00821,Salud,12/02/2023,12/02/2024,128000000,3331000,3070000,8.5,ANUAL,Bancaseguros,0,Renovada,,
POL-006471,CLI-02960,Auto,11/08/2022,2023-08-11,,1706000,1381000,23.5,Mensual,Asesor comercial,5,Cancelada,2023/06/19,Precio
POL-006158,CLI-00084,Auto,2025/04/02,2026-04-02,45000000,1924000,1813000,6.1,Anual,ASESOR COMERCIAL,15,Activa,,
POL-003692,CLI-01486,Auto,2023-06-28,27/06/2024,76000000,2978000,2747000,8.4,Mensual,Asesor comercial,10,renovada,,
POL-003602,CLI-04353,Hogar,2024-08-16,2025-08-16,287000000,1213000,957000,26.7,Semestral,Corredor,0,Renovada,,
POL-007838,CLI-04380,Salud,2022-10-29,2023/10/29,126000000,2873000,2165000,32.7,Semestral,Bancaseguros,15,Vencida,,
POL-004743,CLI-00340, Vida ,2022-12-01,01/12/2023,368000000,1873000,1834000,2.1,Mensual,Asesor comercial,5,Renovada,,
POL-002062,CLI-04272,Salud,2023-12-31,2024-12-30,89000000,2134000,2038000,4.7,  Mensual,Web,5,Renovada,,
POL-006962,CLI-00084,Hogar,01/02/2022,2023/02/01,245000000,975000,961000,1.5,Mensual,Agencia,0,Renovada,,
POL-002712,CLI-02968,Salud,2025/02/14,14/02/2026,122000000,2207000,2096000,5.3,Mensual,  Asesor comercial,15,Activa,,
POL-000861,CLI-03985,Vida,24/10/2024,2025-10-24,208000000,868000,839000,3.4,Mensual,Asesor comercial,10,Vencida,,
POL-002013,CLI-00382,Salud,2024-12-24,2025-12-24,81000000,2140000,1544000,38.6,Mensual,Corredor,10,Renovada,,
POL-004774,CLI-00819,Salud,2024-10-25,2025-10-25,106000000,1549000,1502000,3.1,Mensual,Asesor comercial,15,Renovada,,
POL-008036,CLI-05065,Vida,2021-08-20,20/08/2022,184000000,763000,736000,3.6,Trimestral,Bancaseguros,0,Renovada,,
POL-006828,CLI-04281,Hogar,31/08/2023,30/08/2024,162000000,,545000,5.4,Mensual,Bancaseguros,0,Cancelada,30/08/2024,Precio
POL-007798,CLI-01443,Salud,2022/08/31,INVALID_DATE,75000000,2042000,1928000,5.9,Mensual,Asesor comercial,5,Cancelada,2023/05/22,Precio
POL-006678,CLI-04292,  Vida,16/01/2023,2024/01/16,280000000,998000,976000,2.3,Semestral,  Asesor comercial,5,Vencida,,
POL-002728,CLI-01720,VIDA,2021-12-25,25/12/2022,363000000,1397000,1375000,1.6,Semestral,Bancaseguros,10,Vencida,,
POL-002150,CLI-03199,Vehículo,12/07/2022,2023-07-12,86000000,3555000,3703000,-4.0,Trimestral,Asesor comercial,5,Renovada,,
POL-002008,CLI-04882,HOGAR,2024/10/01,2025-10-01,171000000,756000,705000,7.2,  Mensual,Web,10,Cancelada,2025/02/08,Precio
POL-004250,CLI-02686,Auto,22/09/2024,22/09/2025,37000000,1593000,1529000,4.2,Semestral,Web,10,Vencida,,
POL-000450,CLI-02219,Salud,2023/11/04,2024/11/03,118000000,1910000,1462000,30.6,Anual,Agencia,5,Renovado,,
POL-002964,CLI-02995,Salud,18/07/2023,17/07/2024,70000000,0,2085000,3.4,mensual,Agencia  ,10,Renovada,,
POL-003045,CLI-03755,Auto,2024-02-01,31/01/2025,43000000,2073000,1958000,5.9,  Anual,Asesor comercial,10,Renovado,,
POL-002691,CLI-03589,Auto,2023-07-02,2024-07-01,64000000,2962000,2933000,1.0,Anual,BANCASEGUROS,10,Renovada,,
POL-008152,CLI-04872,Auto,14/04/2025,14/04/2026,64000000,2040000,1887000,8.1,Mensual,Corredor,10,Cancelada,2025-10-09,Reclamo rechazado / insatisfacción
POL-001621,CLI-01422,VIDA,2024-11-11,11/11/2025,218000000,1002000,727000,37.9,Anual,Corredor,10,Renovada,,
POL-004869,CLI-02313,Salud,2022/10/16,16/10/2023,217000000,4616000,4525000,2.0,Anual,Bancaseguros,5,Renovada,,
POL-000575,CLI-02602,Auto,2025-03-24,24/03/2026,48000000,1649000,1593000,3.5,Anual,Corredor,15,ACTIVA,,
POL-007301,CLI-03403,Salud,2025-04-12,12/04/2026,70000000,1621000,1689000,-4.0,Anual,Agencia,5,Activa,,
POL-003363,CLI-04781,Auto,2024-05-27,2025/05/27,65000000,2500000,2228000,12.2,Anual,Asesor comercial,5,VENCIDA,,
POL-001833,CLI-01246,Hogar,2023-02-16,16/02/2024,121000000,522000,519000,0.5,Trimestral,Asesor comercial,5,Vencida,,
POL-008049,CLI-01881,Salud,11/02/2025,2026/02/11,134000000,3731000,3063000,21.8,Anual,Asesor comercial,5,Cancelada,2025-12-31,Reclamo rechazado / insatisfacción
POL-006415,CLI-03877,Salud,2024-12-29,2025-12-29,196000000,5267000,4207000,25.2,Mensual,Bancaseguros,5,Vencida,,
POL-002978,CLI-00083,auto,2021-12-05,2022-12-05,36000000,1906000,1883000,1.2,Trimestral,Asesor comercial,5,VENCIDA,,
POL-007567,CLI-01894,Hogar,2023/03/18,17/03/2024,109000000,426000,397000,7.4,Mensual,Bancaseguros,10,Cancelada  ,2024-03-17,Otro
POL-005203,CLI-00895,Auto,15/01/2025,15/01/2026,77000000,3099000,2867000,8.1,Mensual,Web,5,Activa  ,,
POL-000137,CLI-05188,Auto,2022-10-14,2023/10/14,59000000,1860000,1851000,0.5,Mensual,Corredor,15,Anulada,2023/10/08,Falta de pago
POL-002766,CLI-02997,Auto,2024-10-20,2025-10-20,37000000,1597000,1497000,6.7,Anual,Bancaseguros,0,Renovada,,
POL-002983,CLI-00025,SALUD,2022/09/29,29/09/2023,132000000,3992000,3824000,4.4,Anual,Bancaseguros,10,Renovada,,
POL-003359,CLI-01358,Auto,01/01/2023,2024/01/01,45000000,1665000,1634000,1.9,Anual,Bancaseguros,5,Vencida,,
POL-005073,CLI-05110,Auto,2025-03-25,2026/03/25,85000000,2656000,2584000,2.8,Anual,WEB,10,Activa,,
POL-006570,CLI-00018,Vida,05/03/2021,2022/03/05,645000000,2628000,2663000,-1.3,Mensual,Agencia,15,Vencida,,
POL-005321,CLI-04103,HOGAR,2023-12-10,2024-12-09,266000000,1094000,1066000,2.6,Mensual,Web  ,5,Vencida,,
POL-004661,CLI-04801,Auto,2024-08-13,2025-08-13,68000000,3484000,3409000,2.2,Trimestral,Asesor comercial,5,Vencida,,
POL-003277,CLI-01636,Salud,2024-07-23,2025/07/23,142000000,3315000,2836000,16.9,Mensual,Agencia,15,  Vencida,,
POL-002470,CLI-03226,HOGAR,2021-12-14,14/12/2022,236000000,1008000,955000,5.6,Mensual,Asesor comercial,15,Renovada,,
POL-004334,CLI-02446,Auto,2023/08/24,23/08/2024,29000000,1204000,1104000,9.1,Mensual,Agencia,0,Vencida,,
POL-002400,CLI-04649,Vivienda,10/03/2021,2022-03-10,257000000,1131000,1111000,1.8,Semestral,Asesor comercial,0,Renovada,,
POL-006888,CLI-04483,Auto,2025-01-28,28/01/2026,60000000,3266000,3143000,3.9,Trimestral,Bancaseguros,5,  Activa,,
POL-001796,CLI-03111,HOGAR,06/04/2022,,,676000,663000,2.0,Anual,Asesor comercial,0,Renovada,,
POL-007405,CLI-02526,Salud,2022/11/26,26/11/2023,24000000,547000,543000,0.8,Mensual,Web,5,Cancelada,2023-10-15,Reclamo rechazado / insatisfacción  
POL-003347,CLI-00967,Hogar,2024-05-25,2025-05-25,237000000,1230000,1194000,3.0,Mensual,BANCASEGUROS,5,VENCIDA,,
POL-002454,CLI-03551,Vida,2024-02-10,2025-02-09,1248000000,4156000,4215000,-1.4,Semestral,Web  ,10,Renovada,,
POL-006037,CLI-04452,  Salud,2023-09-01,2024-08-31,129000000,2860000,2745000,4.2,Mensual,Agencia,15,Renovada,,
POL-000868,CLI-00960,Salud,INVALID_DATE,29/04/2026,89000000,2077000,2001000,3.8,Mensual,Agencia,15, Suspendida ,,
POL-007284,CLI-02644,Vida,29/08/2023,2024-08-28,488000000,1311000,1102000,19.0,Semestral,Corredor,5,Renovada,,
POL-000022,CLI-05142,Seguro de Vida,01/02/2025,2026-02-01,404000000,1606000,1174000,36.8,Trimestral,Corredor,5,ACTIVA,,
POL-004018,CLI-02297,AUTO,2022-05-24,2023-05-24,63000000,3485000,3313000,5.2,Semestral,Asesor comercial,10,Vencida,,
POL-001962,CLI-03965,Salud,17/01/2024,16/01/2025,164000000,5033000,,2.4,Semestral,Asesor comercial,15,Renovada,,
POL-001715,CLI-01715,Hogar,2025/01/14,2026-01-14,110000000,480000,470000,2.1,Anual,Web,5,Activa,,
POL-008291,CLI-02084,Hogar,2021/08/07,2022/08/07,285000000,1230000,1132000,8.7,Mensual,Asesor comercial,5,Vencida,,
POL-007854,CLI-04423,Seguro de Salud,2021-01-05,2022-01-05,75000000,1694000,1566000,8.2,Mensual,Web,5,Renovada,,
POL-000508,CLI-02998,Auto,2021/07/01,2022-07-01,30000000,820000,755000,8.6,Semestral,CORREDOR,10,Renovada,,
POL-008350,CLI-03717,Auto,2025-01-21,2026-01-21,64000000,2260000,2130000,6.1,MENSUAL,Agencia,5,Activa,,
POL-000679,CLI-00214,Auto,2023-12-16,2024-12-15,42000000,1738000,1692000,2.7,MENSUAL,Asesor comercial,10,Renovada,,
POL-001700,CLI-03441,Auto,INVALID_DATE,2025/10/22,34000000,1686000,1583000,6.5,Anual,Bancaseguros  ,0,Renovada,,
POL-002390,CLI-03027,Vida,2025-03-27,2026/03/27,136000000,556000,512000,8.6,Semestral,Agencia,15,Cancelada,2025/10/09,Cambio de aseguradora
POL-003230,CLI-01751,Salud,16/07/2021,2022-07-16,254000000,4856000,4660000,4.2,Anual,Agencia,5,RENOVADA,,
POL-000895,CLI-00766,Auto,2025-01-26,26/01/2026,53000000,1872000,1773000,5.6,Semestral,Asesor comercial,0,Activa,,
POL-006192,CLI-01438,Hogar,2024-07-14,2025-07-14,266000000,1050000,1031000,1.8,Mensual,Corredor,10,Cancelada,2024-10-02,Precio
POL-002685,CLI-00227,Vida,2024-07-17,17/07/2025,101000000,397000,364000,9.2,Mensual,Web,5,CANCELADA,2024-10-26,Venta/pérdida del bien
POL-006592,CLI-03337,Auto,08/04/2024,2025-04-08,41000000,1621000,1486000,9.1,  Mensual,Bancaseguros,10,  Renovada,,
POL-003907,CLI-03605,AUTO,2023-09-23,2024-09-22,39000000,1607000,1293000,24.3,Semestral,Agencia,10,Renovada,,
POL-005195, CLI-01129 ,Auto,2024-05-08,08/05/2025,59000000,2970000,2797000,6.2, Trimestral ,Bancaseguros,0,Vencida,,
POL-006684,CLI-01800,AUTO,2025-05-19,2026-05-19,48000000,1806000,1793000,0.7,Mensual,Bancaseguros,0,activa,,
POL-006336,CLI-03634,Auto,13/03/2025,2026/03/13,53000000,2176000,2125000,2.4,Trimestral,Agencia,5,Activa,,
POL-003348,CLI-01759,HOGAR,2023-12-12,2024-12-11,146000000,641000,611000,4.9,Anual,Asesor comercial,15,Cancelada,2024-04-19,Cambio de aseguradora
POL-005802,CLI-03924,Vida  ,,2025/09/19,253000000,978000,979000,-0.1,Mensual,Agencia,15,Vencida,,
POL-006439,CLI-02942,Vida  ,12/07/2021,INVALID_DATE,340000000,1517000,1102000,37.7,Mensual,Bancaseguros,10,Cancelada,23/10/2021,Precio
POL-000806,CLI-03516,Salud,2024/05/01,2025-05-01,40000000,874000,848000,3.1,Anual,Agencia  ,15,Cancelada,2024-10-10,Cambio de aseguradora
POL-000158,CLI-03070,Auto,2023-04-29,2024-04-28,67000000,2513000,2544000,-1.2,Anual,Agencia,5,Renovada,,
POL-007244,CLI-04298,Vida,2023-02-19,2024-02-19,411000000,2207000,1974000,11.8,Anual,Corredor,0,Renovada,,
POL-002263,CLI-01287,Auto,23/06/2022,2023/06/23,19000000,792000,639000,23.9,Anual,Corredor,0,Vencida,,
POL-004390,CLI-01661,Auto,2024-01-25,2025/01/24,65000000,2298000,2210000,4.0,Semestral,Corredor,10,Renovada,INVALID_DATE,
POL-007992,CLI-04895,Auto,01/01/2023,2024-01-01,33000000,1245000,1225000,1.6,Mensual,Bancaseguros,0,Renovada,,
POL-007280,CLI-01132,Auto,20/04/2024,2025-04-20,31000000,1012000,1040000,-2.7,Trimestral  ,Corredor,10,VENCIDA,,
POL-005364,CLI-03943,Auto,2025-01-04,04/01/2026,99000000,3725000,3571000,4.3,Mensual,Asesor comercial,10,Activa,,
POL-008069,CLI-00135,HOGAR,2024-03-07,2025-03-07,513000000,1802000,1684000,7.0,Anual,Asesor comercial,10,Vencida,,
POL-002894,CLI-04138,Hogar  ,2024/06/06,2025-06-06,167000000,632000,605000,4.4,Anual,Asesor comercial,15,Vencida,,
POL-000290,CLI-02212,Salud,2022-06-11,2023-06-11,44000000,1114000,1034000,7.7,Mensual,Asesor comercial,5,Cancelada,2022-12-01,Otro
POL-007150,CLI-02513,SALUD,28/11/2023,2024-11-27,389000000,13284000,12651000,5.0,Anual,Bancaseguros,5,Renovada,,
POL-003982,CLI-03849,Vida,28/09/2024,2025-09-28,213000000,850000,669000,27.0,  Mensual,Bancaseguros,5,Cancelada,2025-03-02,Precio
POL-005038,CLI-03509,HOGAR,2024-07-10,2025/07/10,378000000,1495000,1443000,3.6,Semestral,Agencia,0,Cancelada,2025-07-09,Falta de pago
POL-006391,CLI-03752,Auto,2024-10-24,2025-10-24,44000000,2169000,2054000,5.6,  Anual,Agencia,5,Vencida,,
POL-000829,CLI-03206,Vida,18/08/2024,2025-08-18,177000000,576000,446000,29.2,Mensual,Bancaseguros,5,Renovada,,
POL-004651,CLI-01545,AUTO,2023-05-07,06/05/2024,118000000,6298000,6279000,0.3,Mensual,Bancaseguros,5,Vencida,,
POL-007075,CLI-03989,Vida,2024-03-10,2025-03-10,194000000,662000,605000,9.4,Mensual,BANCASEGUROS,5,Renovada,,
POL-005577,CLI-00026,Auto,2024-11-11,11/11/2025,35000000,1258000,1281000,-1.8,Mensual,Agencia,10,Vencida,,
POL-007344,CLI-04997,Auto,2024/02/14,2025/02/13,68000000,2923000,2737000,6.8,Trimestral,Corredor,0,Vencida,,
POL-004193,CLI-04983,Vida,23/04/2024,23/04/2025,604000000,2720000,2720000,0.0,Semestral,Agencia,10,Renovado,,
POL-006863,CLI-04164,Auto,2023-08-09,2024-08-08,75000000,3057000,2900000,5.4,Mensual,Asesor comercial,10,VENCIDA,,
POL-005136,CLI-01305,Vida,13/11/2022,13/11/2023,707000000,2248000,2145000,4.8,Trimestral, Bancaseguros ,15,Renovada,,
POL-003033,CLI-00204,Auto,2022-03-17,2023-03-17,64000000,2528000,2324000,8.8,Mensual,Asesor comercial,10,Renovada  ,,
POL-001129,CLI-00637,Hogar,18/11/2021,2022/11/18,140000000,564000,550000,2.5, Mensual ,Web,5,Cancelada,2022-07-01,Precio
POL-006478,CLI-00474,Auto,02/03/2024,2025/03/02,65000000,2465000,2477000,-0.5,Mensual,Asesor comercial,10,Renovada,,
POL-001541,CLI-00552,Vida,19/06/2022,19/06/2023,187000000,803000,695000,15.5,MENSUAL,BANCASEGUROS,10,Cancelada,2023-02-27,Venta/pérdida del bien
POL-000637,cli-01067,Auto,12/12/2024,2025-12-12,121000000,5436000,5598000,-2.9,Trimestral,Asesor comercial,5,Renovada,,
POL-006510,CLI-04487,Salud,25/06/2021,25/06/2022,176000000,3990000,3807000,4.8,Mensual,  Bancaseguros,15,Vencida,,
POL-003743,CLI-02832,  Vida,2025-01-13,2026/01/13,202000000,565000,552000,2.3,Trimestral,Asesor comercial,0, Activa ,,
POL-002252,CLI-01095,Hogar,03/04/2022,03/04/2023,205000000,859000,795000,8.1,Anual,Bancaseguros,5,Renovada,,
POL-001741,CLI-01214,  Auto,2024-11-30,30/11/2025,29000000,1202000,1149000,4.6,Anual,Asesor comercial,0, Vencida ,,
POL-002783,CLI-02793,Hogar  ,19/03/2025,19/03/2026,256000000,1078000,1032000,4.5,Trimestral,Asesor comercial,5,Activa,,
POL-002196,CLI-00850,Vida,2024-08-06,2025-08-06,413000000,1391000,1293000,7.6,Trimestral,Asesor comercial,15,Vencida,,
POL-000645,CLI-00370, Hogar ,2023-09-28,2024-09-27,343000000,1501000,1362000,10.2,Mensual,Web,5,Renovada,,
POL-000628,CLI-02768,Hogar,24/10/2023,23/10/2024,227000000,892000,862000,3.5,Anual,Bancaseguros,0,Renovada,,
POL-007571,CLI-01491,Hogar,06/09/2024,06/09/2025,306000000,1226000,902000,35.9,Anual,Corredor,5,Cancelada,09/07/2025,Precio
POL-000993,CLI-00595,Auto,2023-08-17,2024-08-16,59000000,3138000,3053000,2.8,mensual,Agencia,15,Cancelada,2024-01-13,Cambio de aseguradora
POL-005980,CLI-03132,salud,2021-01-08,08/01/2022,182000000,3464000,3234000,7.1,Mensual,Asesor comercial,15,Vencida,,
POL-002763,CLI-01969,Vida,2022/08/06,INVALID_DATE,204000000,791000,757000,4.5,Anual,Corredor,0,Renovada,,
POL-003293,CLI-03046,Salud,2023-06-25,24/06/2024,143000000,2321000,2089000,11.1,Anual,Corredor,5,Cancelada,2023-12-02,Cambio de aseguradora
POL-000635,CLI-01224,SALUD,2024-10-20,2025/10/20,102000000,2125000,2061000,3.1,Anual,Agencia,5,Vencida,,
POL-003349,CLI-00492,Salud,2023/11/23,2024-11-22,78000000,1986000,1972000,0.7,Mensual,Asesor comercial,0,Renovada,,
POL-007379,CLI-01953,Auto,13/03/2024,2025-03-13,124000000,3716000,3701000,0.4,Trimestral,Agencia,10,Renovada,,
POL-001670,CLI-03943,Salud,2024/06/27,2025/06/27,107000000,2251000,2192000,2.7,Semestral,Agencia,10,Vencida,,
POL-007426,CLI-01876,  Vida,2023-02-28,2024-02-28,413000000,1368000,1309000,4.5,Mensual,Bancaseguros,0,  Cancelada,2024-02-25,Cambio de aseguradora  
POL-004695,CLI-04992,Hogar,2021/09/02,2022/09/02,104000000,389000,399000,-2.4,Trimestral,Web,10,Vencida,,
POL-001942,CLI-04763,Vida,17/04/2024,17/04/2025,539000000,2134000,2032000,5.0,Trimestral,Bancaseguros,5,Vencida,,
POL-007891,CLI-00487,Salud,2024-11-15,2025-11-15,45000000,760000,736000,3.3,Anual,Bancaseguros,10,Renovada,,
POL-000112,CLI-00843,  Auto,15/06/2025,2026/06/15,87000000,5017000,3665000,36.9,Mensual,Corredor,15,  Cancelada,2025-10-28,Cambio de aseguradora
POL-003630,CLI-00118,Auto,2024/10/28,2025-10-28,74000000,2795000,2487000,12.4,Mensual,Web,15,Renovada,,
POL-007117,CLI-01464,Salud,2025-01-15,2026-01-15,51000000,922000,837000,10.2,ANUAL,Agencia,0,Cancelada,2025-06-06,Otro
POL-005201,CLI-00872,Salud,02/04/2023,01/04/2024,72000000,1940000,1827000,6.2,Trimestral,Web,5,Vencida,,
POL-000875,CLI-00203,salud,2024-12-09,2025-12-09,133000000,4181000,4051000,3.2,Semestral,Web,0,Renovada,,
POL-005979, CLI-03510 ,Vida,12/01/2021,2022-01-12,259000000,924000,888000,4.1,ANUAL,Bancaseguros,10,renovada,,
POL-005507,CLI-03367,Auto,12/09/2024,2025-09-12,68000000,3086000,2855000,8.1,Semestral,Agencia,5,Renovada,,
POL-007036,CLI-03799,  Vida,2022/06/05,05/06/2023,362000000,1032000,816000,26.5,Mensual,Web,10,Vencida,,
POL-001515,CLI-02341,Auto,2025-03-23,2026/03/23,31000000,1435000,1314000,9.2,Trimestral,Web,0,Activa,,
POL-007855,CLI-03904,Auto,2025-06-10,2026/06/10,81000000,3146000,3133000,0.4,Mensual,Asesor comercial,5,Activa,,
POL-008087,CLI-03145,Hogar,2023/07/01,2024-06-30,321000000,1375000,1245000,10.4,Trimestral,ASESOR COMERCIAL,5,Vencida,,
POL-000500,CLI-00883,AUTO,2025-06-20,INVALID_DATE,67000000,2282000,2329000,,Trimestral,asesor comercial,15, Activa ,INVALID_DATE,
POL-000488,CLI-00964,Vida,2024-08-18,2025-08-18,139000000,605000,616000,-1.8,Trimestral,Web,10,Vencida,,
POL-001319,CLI-00574,Auto,26/02/2025,2026-02-26,136000000,5113000,4902000,4.3,Anual,Asesor comercial,5,Activa,,
POL-004191,CLI-05046,Vida,2024-03-05,2025-03-05,168000000,510000,486000,5.0,Anual,Bancaseguros  ,10,Renovada,,
POL-002276,CLI-00781,Auto,2024-06-06,2025-06-06,113000000,3995000,3909000,2.2,Mensual, Web ,5,Renovada,,
POL-002471,CLI-00239,Vida,2024-10-22,2025-10-22,354000000,1650000,1246000,32.4,Mensual,Agencia,5,Vencida,,
POL-003852,CLI-02924,Vida,2024-04-21,2025-04-21,267000000,1104000,1103000,0.1, Mensual ,Corredor,0,Vencida,,
POL-000668,CLI-01184,Auto,2025-02-14,2026-02-14,51000000,2330000,2363000,-1.4,Semestral,Bancaseguros,5,Activa  ,,
POL-000067,CLI-04749,Salud,2025-06-19,2026-06-19,143000000,4801000,3543000,35.5,mensual,Web,5,Cancelada,2025/09/07,Precio
POL-001341,CLI-03921,Vida,24/04/2023,23/04/2024,699000000,2310000,2092000,10.4,Anual,Asesor comercial,5,Vencida,,
POL-008287,CLI-01613,Vida,03/03/2025,03/03/2026,185000000,745000,678000,9.9,Mensual,Corredor,5,Activo,,
POL-007783,CLI-00230, Vida ,14/12/2024,2025-12-14,273000000,842000,609000,38.2,Semestral,Asesor comercial,10,Cancelada,03/10/2025,Precio
POL-008028,CLI-02784,Hogar,08/06/2025,08/06/2026,789000000,3105000,2977000,4.3,Anual,Agencia,5,ACTIVA,,
POL-000770,CLI-00078,Auto,2022-05-09,2023-05-09,62000000,2227000,2081000,7.0,Mensual,Asesor comercial,5,VENCIDA,,
POL-004639,CLI-00945,Salud,2022/08/16,2023-08-16,124000000,2044000,1494000,36.8,Semestral,Agencia,5,Renovada,,
POL-001360,CLI-00394,SALUD,2022/08/09,2023-08-09,193000000,3984000,3748000,6.3,Mensual,Asesor comercial,15,Renovada,,
POL-004644,CLI-05104,Auto,2022-03-08,2023-03-08,80000000,3137000,2921000,7.4,Mensual,Web,10,Cancelada,2022-10-16,Falta de pago
POL-004841,CLI-00012,hogar,2023/04/16,INVALID_DATE,198000000,646000,595000,8.6,Mensual,Asesor comercial,10,Renovada,,
POL-003826,CLI-00828,Salud,26/11/2024,26/11/2025,75000000,2811000,2622000,7.2,mensual,Web  ,5,Cancelada,2025-11-26,Reclamo rechazado / insatisfacción
POL-006619,CLI-05197,Seguro de Vida,2022-09-07,2023/09/07,542000000,2608000,2486000,4.9,Mensual,Agencia,15,Cancelada,2023-03-29,Falta de pago
POL-008165,CLI-03015,Auto,2023-10-28,2024-10-27,91000000,3726000,3579000,4.1,Anual,Asesor comercial,0,Vencida,,
POL-005932,CLI-03349,Auto,2023-07-25,2024/07/24,43000000,1539000,1357000,13.4,Mensual,BANCASEGUROS,10,Cancelada,,Venta/pérdida del bien
POL-003867,CLI-02874,SALUD,2022-06-03,2023-06-03,167000000,3471000,3155000,10.0,Trimestral,ASESOR COMERCIAL,0,VENCIDA,,
POL-001493,CLI-02363,hogar,2021-03-17,2022-03-17,102000000,349000,336000,3.8,Anual,Agencia,10,Vencida,,
POL-000105,CLI-00774,Vida  ,2024/01/20,2025/01/19,558000000,2227000,2068000,7.7,Mensual, Agencia ,15, Vencida ,,
POL-001877,CLI-02634,HOGAR,2022-08-18,2023-08-18,,1044000,1038000,0.6,Mensual,Web,5,  Vencida,,
POL-004488,CLI-03471,salud,2024-08-26,INVALID_DATE,153000000,4273000,4141000,3.2,Anual,Asesor comercial,5,Cancelada,2025/04/10,  Cambio de aseguradora
POL-006611,CLI-04436,vida,23/02/2025,23/02/2026,489000000,2281000,2124000,7.4,Trimestral,Web  ,0,Activa,,
POL-001301,CLI-04281,Salud,2024-03-12,12/03/2025,158000000,3098000,3184000,-2.7,MENSUAL,Corredor,5,Vencida,,
POL-001408,CLI-00096,Salud,2022-07-01,2023/07/01,163000000,3815000,3869000,-1.4,Mensual,Asesor comercial,0,Vencida,,
POL-004566,CLI-01345,HOGAR,2024/02/16,2025-02-15,152000000,688000,703000,-2.1,Semestral,Web,0,Renovada,,
POL-000513,CLI-02660,Salud,2025-04-07,2026-04-07,130000000,3117000,2930000,6.4,Mensual,Asesor comercial,10,Activa,,
POL-001137,CLI-02199,Salud,2024-01-26,2025-01-25,173000000,3553000,3290000,8.0,Anual,asesor comercial,10,Renovada,,
POL-007089,CLI-01619,Vida,2024-07-16,16/07/2025,231000000,683000,645000,5.9,Semestral,Agencia,10,Renovada,,
POL-003724,CLI-01268,Vida  ,2024-07-19,2025-07-19,151000000,384000,373000,3.0,MENSUAL,Web,5,Cancelada,05/07/2025,Cambio de aseguradora
POL-004622,CLI-01398,Salud,2024-07-18,18/07/2025,86000000,1168000,1166000,0.2,Anual,Corredor,10,Vencida,,
POL-001070,CLI-02650,Seguro de Vida,2024-10-02,02/10/2025,404000000,1289000,1208000,6.7,Trimestral,Corredor,10,Renovada,,
POL-001470,CLI-00252,Vida,2024-11-27,27/11/2025,523000000,1665000,1562000,6.6,SEMESTRAL,Agencia,5,Renovada,,
POL-004868,CLI-04248,Auto,18/09/2024,2025/09/18,37000000,1032000,1017000,1.5,Mensual,corredor,10,Vencida,,
POL-000467,CLI-05200,Auto,2025-06-06,06/06/2026,26000000,705000,671000,5.1,Trimestral,Agencia,10,Activa,,
POL-004982,CLI-04657,Vida,27/10/2023,2024-10-26,316000000,1143000,874000,30.8,Mensual,  Asesor comercial,0,Cancelada,INVALID_DATE,Precio
POL-003665,CLI-05121,Salud,16/08/2024,16/08/2025,63000000,1181000,1124000,5.1,Anual, Bancaseguros ,10,  Renovada,,
POL-001119,CLI-02432,Auto,2025-05-10,2026-05-10,104000000,5677000,5453000,4.1,Trimestral,Agencia,10,Activa,,
POL-000968,CLI-01112,Salud,14/02/2024,2025-02-13,96000000,2719000,2106000,29.1,Mensual,Agencia,5,Expirada,,
POL-004654,CLI-00619,Hogar,2022-03-14,2023-03-14,85000000,302000,297000,1.7,Trimestral,Corredor,0,Renovada,,
POL-004318,CLI-00229,Vida,2024-11-20,2025-11-20,302000000,1403000,1367000,2.6,Anual,Web,10,RENOVADA,,
POL-000574,CLI-01591,Auto,2021-12-07,07/12/2022,78000000,2893000,2391000,21.0,Mensual,Corredor,5,Vencida,,
POL-001328,CLI-00258,Vida,09/09/2023,2024/09/08,541000000,2425000,2364000,2.6,Anual,Asesor comercial,15, Vencida ,,
POL-004166, CLI-04982 ,  Hogar,28/11/2024,2025/11/28,87000000,352000,325000,8.3,Semestral,  Asesor comercial,5,Renovada,,
POL-005346,CLI-03682, Hogar ,2022-03-10,2023-03-10,272000000,1037000,1004000,3.3,Semestral,Agencia  ,0,Vencida,,
POL-000981,CLI-02813,Salud,2021/02/17,2022-02-17,195000000,4258000,4122000,3.3,Mensual,Bancaseguros,5,Renovada,,
POL-001043,CLI-02305,Salud,14/10/2022,2023-10-14,57000000,1285000,1238000,3.8,Mensual,Asesor comercial,0,Renovada,,
POL-001804,CLI-03026,Salud  ,2023-01-14,2024-01-14,270000000,5128000,5265000,-2.6,MENSUAL, Asesor comercial ,0,Renovada  ,,
POL-002174,CLI-02686,Vida,2023-04-16,2024-04-15,435000000,1214000,1146000,5.9,Anual,Agencia,10,Vencida,,
POL-004830,CLI-03539, Salud ,2023-02-17,2024-02-17,145000000,3477000,3225000,7.8,Mensual,Web,0,Vencida,,
POL-007400,CLI-01003,salud,2021-11-26,2022/11/26,228000000,3673000,3472000,5.8,Mensual,Corredor,10,Renovada,,
POL-003786,CLI-02051,Auto,2023-06-17,2024-06-16,46000000,2134000,2105000,1.4,Anual,Corredor,5,Vencida,,
POL-001011,CLI-04408,  Hogar,2023-02-13,13/02/2024,239000000,1024000,987000,3.7,Mensual,Corredor,10, Renovada ,,
POL-006318,CLI-03877,Auto,2025-04-23,2026-04-23,27000000,1101000,1074000,2.5,Semestral,Agencia,5,ACTIVA,,
POL-003861,CLI-05127,Auto,2025-03-19,2026-03-19,155000000,,7974000,13.0,Anual,Bancaseguros,5,Activa,,
POL-004799,CLI-00030,Auto,2024-12-29,2025-12-29,65000000,2444000,2406000,1.6,Anual,Bancaseguros,5,Vencida,,
POL-007568,CLI-01157,Vida,04/05/2025,2026-05-04,522000000,2405000,1850000,30.0,Anual,Asesor comercial,10,Activa,,
POL-005547,CLI-04135,Seguro de Salud,29/10/2021,29/10/2022,137000000,3086000,3120000,-1.1,Trimestral,Asesor comercial,5,Renovada,,
POL-001204,CLI-05003,Auto,2023-11-28,2024-11-27,45000000,1540000,1453000,6.0,ANUAL,Asesor comercial  ,5,Renovada,,
POL-007390,CLI-00664,Auto,2023-10-17,16/10/2024,39000000,1242000,1209000,2.7,Semestral,Corredor,15,Renovada,,
POL-006193,CLI-04208,Salud,2024-08-08,2025-08-08,62000000,1661000,1636000,1.5,Mensual,Bancaseguros,10,VENCIDA,,
POL-006702,CLI-02781,Auto,2024-04-07,2025-04-07,53000000,1450000,,-0.5,Semestral,Web,0,Renovada,,
POL-000352,CLI-01557,Vida,2025-01-29,2026/01/29,539000000,1318000,1246000,5.8, Anual ,Bancaseguros  ,10,Activa,,
POL-000045,CLI-03100,Salud,2023-11-20,INVALID_DATE,109000000,2196000,2243000,-2.1,Semestral,Asesor comercial,0,Renovada,,
POL-005441,CLI-03868,Auto,01/09/2024,01/09/2025,32000000,,1260000,1.8,Anual,Asesor comercial,5,Expirada,,
POL-005642,CLI-02944,Auto,2023-09-19,18/09/2024,140000000,3402000,3096000,9.9,Anual,Agencia,10,Renovada,,
POL-001593,CLI-01958,Salud,2022-02-13,2023-02-13,114000000,2180000,2006000,8.7,  Anual,Agencia,15,Renovada,,
POL-001474,CLI-04283,Auto,2022-05-28,2023-05-28,41000000,1358000,1254000,8.3,Mensual,Web,0,Expirada,,
POL-005440,CLI-04430,Hogar,2022-04-21,2023-04-21,163000000,622000,459000,35.4,Anual,Corredor,5,Renovada,,
POL-000914,CLI-02005,VIDA,2024-07-28,2025-07-28,202000000,857000,705000,21.5,Semestral,Agencia,0,Vencida,,
POL-004900,CLI-00862,Salud,2024/01/09,2025-01-08,59000000,1391000,1349000,3.1,Anual,Bancaseguros,15,Renovada,,
POL-004187,CLI-03415,Auto,14/10/2024,14/10/2025,69000000,1677000,1596000,5.1,Trimestral,Asesor comercial,5,Renovada,,
POL-002663,CLI-01914,Auto,04/06/2025,2026-06-04,38000000,1755000,1639000,7.1, Anual ,Asesor comercial,5,Activa,,
POL-002458,CLI-02493,Hogar,2024/07/19,2025-07-19,183000000,733000,688000,6.6,MENSUAL,Web,10,Vencida,,
POL-005955,CLI-00694,Vida,2024-01-16,2025-01-15,313000000,1208000,1107000,9.1,Trimestral,Corredor,5,Renovada,,
POL-004132,CLI-00398,Vida,09/09/2023,2024/09/08,287000000,1043000,944000,10.5,Mensual,Asesor comercial,0,Vencida,,
POL-004434,CLI-04668, Auto ,2021-04-01,2022-04-01,53000000,2484000,2283000,8.8,MENSUAL,Asesor comercial,10,Cancelada,2021/06/21,Venta/pérdida del bien
POL-006319,CLI-02283,Auto,2024-02-01,2025-01-31,24000000,948000,929000,2.0,Anual,Agencia,0,Renovada,,
POL-004408,CLI-04264,Vida,2024-10-13,2025/10/13,311000000,728000,744000,-2.1,Trimestral,Asesor comercial,0,Vencida,,
POL-002957,CLI-03386,Auto,2021-07-01,2022-07-01,67000000,3003000,2852000,5.3,Anual,Bancaseguros,5,Renovada,,
POL-007816,CLI-04367,Salud,2022-01-15,2023-01-15,230000000,4756000,3482000,36.6,Anual,Asesor comercial,15,Renovada,,
POL-002693,CLI-03917,Salud  ,2024-06-05,2025/06/05,219000000,5677000,5386000,5.4,Anual,Agencia,5,Renovada,,
POL-002116,CLI-04757,Hogar,2023/01/10,2024/01/10,92000000,319000,309000,3.2,Anual,Bancaseguros,5,Renovado,,
POL-003558,CLI-01076,hogar,2025-01-31,31/01/2026,99000000,396000,368000,7.7,trimestral,asesor comercial,5,Activa,,
POL-001519,CLI-00214,Auto,2023-12-18,2024/12/17,65000000,2291000,2248000,1.9,Mensual,Asesor comercial,5,Renovada,,
POL-005105,CLI-00802,Salud,2025/04/10,2026-04-10,47000000,1142000,1091000,4.7,Anual,Bancaseguros,10,Activa,,
POL-001916,CLI-03558,SALUD,2024-04-29,2025/04/29,119000000,2270000,2164000,,Mensual,Asesor comercial,10,Vencida,,
POL-003163,CLI-03886,hogar,25/11/2021,2022-11-25,171000000,721000,707000,2.0,Anual,Corredor,5,Renovada,,
POL-005454,CLI-04667,SALUD,2023-09-04,INVALID_DATE,140000000,3616000,3584000,0.9,Trimestral,Asesor comercial,5,RENOVADA,,
POL-004234,CLI-02570,auto,2023/08/24,2024/08/23,51000000,2231000,1824000,22.3,Mensual,Web,0,Renovada,,
POL-002768,CLI-00950,Hogar,2023-12-18,2024-12-17,158000000,683000,646000,5.7,Anual  ,Bancaseguros,0,Renovada,,
POL-000736,CLI-02722,Hogar  ,2023/06/12,2024/06/11,384000000,1513000,1480000,2.2,Mensual,Corredor,10,Cancelada,2024/05/05,Cambio de aseguradora
POL-003267,CLI-01823,Vida,06/03/2025,06/03/2026,564000000,1795000,1616000,11.1,Anual,Agencia,0,Activa,,
POL-003474,CLI-02252,Salud,08/02/2021,2022-02-08,136000000,3193000,2392000,33.5,Mensual,Bancaseguros,5,Cancelada,2021/04/08,Cambio de aseguradora
POL-001725,CLI-03434,AUTO,2024-07-30,2025/07/30,46000000,2267000,2149000,5.5,Anual,Agencia,5,Renovada,,
POL-000758,CLI-02590,Auto,06/10/2022,2023/10/06,63000000,2041000,1582000,29.0,  Mensual,Asesor comercial,10,Vencida,,
POL-003385,CLI-03513,Vida,09/03/2021,09/03/2022,224000000,613000,569000,7.7,Mensual  ,Web,5,Renovada,,
POL-001439,CLI-03258,Salud,28/02/2021,2022-02-28,86000000,2384000,2245000,6.2,Anual,web,5,vencida,,
POL-004290,CLI-02435,Salud,2021/11/07,2022-11-07,144000000,2065000,1959000,5.4,Mensual,Agencia,10,RENOVADA,,
POL-003391,CLI-01243, Salud ,2023-04-06,2024-04-05,99000000,2334000,2227000,4.8,Anual,Asesor comercial,0,VENCIDA,,
POL-006467,CLI-01320,Auto,2024-03-07,2025-03-07,35000000,1054000,1014000,,Mensual,Bancaseguros,5,VENCIDA,,
POL-000844,CLI-04998,Salud,2024-07-23,2025/07/23,34000000,568000,540000,5.1,Mensual,Corredor,15,Renovada,,
POL-007314,CLI-02579,Salud,INVALID_DATE,2023-06-28,122000000,1896000,1632000,16.2,Anual,Agencia,15,Cancelada,11/06/2023,Precio
POL-002587,CLI-01438,Auto,2024/09/08,2025-09-08,48000000,2301000,2121000,8.5,MENSUAL,Corredor,5,renovada,,
POL-006957,CLI-04910,Auto,2021-07-08,2022-07-08,31000000,1100000,1095000,0.5,Trimestral,  Asesor comercial,0,Renovada,,
POL-004877,CLI-01059,Hogar,2025-03-14,2026-03-14,145000000,435000,,2.8,Mensual,Asesor comercial,10,Activa,,
POL-002651,CLI-00433,Hogar,2024-08-27,2025-08-27,227000000,959000,721000,33.1,Anual,Bancaseguros,5,CANCELADA,2025-02-04,Precio
POL-005339,CLI-04222,Salud,19/01/2025,2026/01/19,182000000,4096000,3984000,2.8,Semestral,Corredor,0,Activa,,
POL-003479,CLI-01296,Vida  ,24/03/2025,2026-03-24,412000000,1707000,1712000,-0.3,Mensual,Corredor,5,Activa,,
POL-000820,CLI-03627,Auto,2024-12-17,2025-12-17,86000000,2302000,2314000,-0.5,MENSUAL,Agencia  ,10, Renovada ,,
POL-004249,CLI-03649,Auto,2025/04/21,2026-04-21,,4333000,4261000,1.7,Anual,Web,10,Activa,,
POL-005538,CLI-03407,Hogar,04/09/2021,2022-09-04,253000000,1036000,988000,4.9,Mensual,Asesor comercial,10,Cancelada,2022-05-29,  Cambio de aseguradora
POL-006324,CLI-01600,Salud,2022-12-05,2023-12-05,312000000,7640000,7174000,6.5,Mensual,Bancaseguros  ,10,Vencida,,
POL-001390,CLI-03991,Auto,2024-12-19,2025/12/19,44000000,1685000,1602000,5.2,Mensual,agencia,0,Vencida,,
POL-001154,CLI-00029,Hogar  ,2025/01/31,2026-01-31,341000000,1212000,1104000,9.8,MENSUAL,Asesor comercial,5,Activa,,
POL-000263,CLI-02957,Automóvil,2025-06-25,2026-06-25,34000000,1156000,1100000,5.1,Mensual,Bancaseguros,0,Activa,,
POL-005939,CLI-02853,AUTO,2021-05-28,2022-05-28,55000000,1773000,1671000,6.1,Anual,Asesor comercial,5,Vencida,,
POL-006387,CLI-02093,Hogar,2023-01-17,17/01/2024,261000000,1072000,989000,8.4,Mensual,Asesor comercial,0,Vencida,,
POL-005689,CLI-01388, Auto ,05/12/2022,2023-12-05,103000000,3938000,3831000,2.8,Mensual,Corredor,5,  Cancelada,2023/12/05,Reclamo rechazado / insatisfacción
POL-003802,CLI-02974,Hogar,2024-09-09,09/09/2025,151000000,618000,588000,5.1,Mensual,Agencia,10,Cancelada,2024-10-30,Falta de pago
POL-007249,CLI-01492,Seguro de Salud,2025-01-24,24/01/2026,119000000,2216000,2004000,10.6,Anual,Bancaseguros,10,Activa,,
POL-003472,CLI-00333,Salud,2025/01/11,2026-01-11,42000000,1126000,1148000,-1.9,Trimestral,Web,5,Activa,,
POL-001575,CLI-02175,Auto,2024/05/20,2025-05-20,47000000,2031000,1855000,9.5,Mensual,Asesor comercial,5,Cancelada,24/07/2024,Falta de pago
POL-001707,CLI-02938,Hogar,2024-08-25,2025-08-25,167000000,663000,487000,36.2,Trimestral,Corredor,10,Vencida,,
POL-007087,CLI-02762,Auto,16/11/2024,16/11/2025,52000000,2018000,1904000,6.0,Anual,Agencia,5,Cancelada,2025-10-28,Cambio de aseguradora
POL-002047,CLI-04620, Hogar ,2025-02-19,2026-02-19,524000000,2530000,2476000,2.2,Anual,Corredor,0,Activa,,
POL-001362,CLI-01431,Vida,14/05/2025,2026-05-14,182000000,719000,639000,12.6,Mensual,Corredor,5, Activa ,,
POL-004827,CLI-04488,  Vehículo,2021/12/28,2022/12/28,49000000,2639000,2530000,4.3,Anual,Asesor comercial,15,Renovada,,
POL-003234,CLI-02919,Salud,25/07/2024,2025-07-25,129000000,0,2486000,2.0,Mensual,AGENCIA,5,Renovada,,
POL-002944,CLI-03962,Auto,2023/11/14,2024-11-13,77000000,4420000,3491000,26.6,Anual,Web,10,Vencida,,
POL-006876,CLI-04729,Auto,2023-10-11,2024-10-10,94000000,5246000,,8.1,Mensual,  Agencia,0,Renovada,,
POL-007374,CLI-04967,AUTO,04/07/2024,04/07/2025,50000000,1511000,1364000,10.8,  Mensual,Bancaseguros,5,Renovada,,
POL-000944,CLI-04933,Auto,,2026-06-06,116000000,3295000,2814000,17.1,Mensual,Corredor,5,Activa,,
POL-007791,CLI-04253,Salud,2024-01-06,2025-01-05,56000000,1414000,1313000,7.7,Trimestral,Agencia,0,Renovada  ,,
POL-006222,CLI-02589,Auto,2025/05/19,2026/05/19,67000000,2471000,2399000,3.0,Mensual,Asesor comercial,5,Activa,,
POL-002769,CLI-04141,auto,2023/05/22,INVALID_DATE,45000000,1378000,1252000,10.1,Semestral, Bancaseguros ,5, Renovada ,,
POL-007704,CLI-04938,Auto,2023-07-08,2024/07/07,37000000,1777000,1702000,4.4,Anual,Corredor,5,Vencida,,
POL-005812,CLI-05037,Auto,2025/04/13,2026/04/13,64000000,2617000,1969000,32.9,Trimestral,Web,5,Activa,,
POL-004506,CLI-01989,Salud,2023-10-10,09/10/2024,169000000,4250000,4130000,2.9,Trimestral,  Asesor comercial,5,Cancelada,2024/02/20,Cambio de aseguradora
POL-002434,CLI-03288, Auto ,2021-07-29,2022-07-29,70000000,2600000,2238000,16.2,Anual,Corredor,10,Renovada,,
POL-007442,CLI-03044,AUTO,2024-04-25,INVALID_DATE,36000000,1251000,1136000,10.1,Mensual,Web,5,Vencida,,
POL-001558,CLI-02660,Salud,09/11/2024,2025/11/09,59000000,1331000,1216000,9.5,Mensual,Web,5,Renovada,,
POL-001783,CLI-02500,Vida,2022-08-08,08/08/2023,208000000,962000,942000,2.1,Trimestral,Bancaseguros,10,Renovada,,
POL-005963,CLI-00467,Hogar,2025-04-04,04/04/2026,457000000,1915000,1817000,5.4,Semestral,Agencia,10,Activa,,
POL-007507,cli-00245,Hogar,10/09/2024,2025/09/10,401000000,1734000,1263000,37.3,Mensual,Agencia  ,5,Cancelada,28/11/2024,  Precio
POL-005860,CLI-04654,Hogar,2022-10-15,2023/10/15,427000000,0,2009000,1.6,Mensual,Corredor,10,Cancelada,2023-08-09,Cambio de aseguradora
POL-005926,CLI-03432,Hogar,07/10/2023,2024-10-06,184000000,892000,657000,35.8,Mensual,Corredor,0,VENCIDA,,
POL-002134,CLI-05105,Salud,2023/05/31,30/05/2024,174000000,3614000,3495000,,Trimestral,Corredor,0,Renovada,,
POL-007394,CLI-02682,Auto,2025-03-20,20/03/2026,94000000,3654000,3292000,11.0,Anual,Corredor,15,Activa,,
POL-000262,CLI-01178,Hogar  ,2024-07-08,08/07/2025,232000000,1109000,856000,29.5,Mensual,Asesor comercial,0,Cancelada,02/09/2024,Otro
POL-005563,CLI-04889,Hogar,2025-03-22,22/03/2026,115000000,570000,554000,2.9,Mensual,Asesor comercial,10,Activa,,
POL-001994,CLI-02562,Salud,06/09/2024,06/09/2025,68000000,1516000,1568000,-3.3,Anual,Corredor,10,Vencida,,
POL-006333,CLI-04113,vida,08/01/2025,2026-01-08,500000000,1826000,1741000,4.9,Mensual,  Bancaseguros,5,  Activa,,
POL-003078,CLI-00552, Hogar ,05/12/2024,2025-12-05,205000000,712000,653000,9.0,Mensual,Asesor comercial,15,Renovada,,
POL-000662,CLI-00969,Salud,2022/07/14,2023-07-14,213000000,5340000,5298000,0.8,Mensual,Web,5,Renovada,,
POL-006397,CLI-04091,Auto,2023/05/26,2024-05-25,54000000,1611000,,26.2,Trimestral,Asesor comercial,0,RENOVADA,,
POL-005579,CLI-02256,Auto,2022/09/03,2023-09-03,54000000,2767000,2666000,3.8,Mensual,WEB,5,Renovada,,
POL-001109,CLI-03489,Auto,2025/04/21,2026/04/21,13000000,584000,530000,10.1,Trimestral,Asesor comercial,15,Activa,INVALID_DATE,
POL-005269,CLI-00548,AUTO,2023/07/26,25/07/2024,171000000,6963000,6619000,5.2,Mensual,Corredor,5,Vencida  ,,
POL-005129,CLI-04282,auto,2025-01-06,2026-01-06,50000000,2225000,1597000,39.3,Anual,Corredor,0,ACTIVA,,
POL-003313,CLI-04138,  Auto,2023/12/13,2024/12/12,32000000,1620000,1591000,1.8,Mensual,Corredor,15,Cancelada,2024-04-13,Venta/pérdida del bien
POL-001565,CLI-04981,Salud,2024/10/29,2025-10-29,128000000,2771000,2722000,1.8,Mensual,Bancaseguros,10,Renovada,,
POL-001236,CLI-03790,Salud,2023-12-08,07/12/2024,164000000,5353000,5321000,0.6,Anual,Agencia,5,Cancelada,2024-10-02,Venta/pérdida del bien
POL-002188,CLI-02697,Vida,2023/11/17,2024-11-16,808000000,3061000,3169000,-3.4,Anual,Asesor comercial,0,Renovada,,
POL-008281,CLI-00010,Auto,2025-03-15,INVALID_DATE,35000000,1468000,1237000,18.7,Trimestral,Agencia,5,Cancelada,08/07/2025,Falta de pago
POL-008288,CLI-00890,Auto,06/07/2023,2024/07/05,52000000,1980000,2000000,-1.0,Trimestral,Asesor comercial,10,Renovada,,
POL-004008,CLI-01844,Seguro Auto,2022-02-20,20/02/2023,64000000,2027000,1964000,3.2,Semestral,ASESOR COMERCIAL,5,Renovada,,
POL-002929,CLI-01202,AUTO,10/11/2024,2025-11-10,59000000,2398000,2237000,7.2,MENSUAL,Corredor,0,Anulada,30/06/2025,Falta de pago
POL-007939,CLI-03175,Hogar,2024-12-16,16/12/2025,505000000,2468000,2448000,0.8,Anual,Agencia  ,10,Renovada,,
POL-005947,CLI-01776,Auto,06/10/2023,05/10/2024,102000000,4188000,3947000,6.1,Anual,Bancaseguros,0,Renovada,,
POL-001675,CLI-03404,Auto,12/08/2023,11/08/2024,39000000,1489000,1474000,1.0,Semestral,Bancaseguros,10,Renovada,,
POL-000161,CLI-92409,VIDA,2021-02-08,INVALID_DATE,393000000,,1857000,-4.0,Anual,Asesor comercial,5,Renovada,,
POL-004477,CLI-02661,Auto,23/02/2024,2025-02-22,69000000,2983000,2513000,18.7,Trimestral,Web,10,Renovada,,
POL-007747,CLI-03562,Hogar,12/02/2021,12/02/2022,373000000,1761000,1690000,4.2,Mensual  ,Asesor comercial,10,VENCIDA,,
POL-003618,CLI-00477,Auto,2023/01/23,2024/01/23,62000000,2428000,2312000,5.0,  Semestral,Bancaseguros,5,vencida,,
POL-002130,CLI-03485,Auto,2025-04-29,2026-04-29,44000000,1169000,1122000,4.2,Mensual,Corredor,0,Cancelada,2025-08-08,Cambio de aseguradora
POL-006302,CLI-03851,Auto,2024/03/04,2025-03-04,29000000,1143000,1041000,9.8,Mensual,asesor comercial,5,Vencida,,
POL-001332,CLI-01470,Auto,2023-11-14,2024-11-13,43000000,1790000,1639000,9.2,  Mensual,Bancaseguros,10,Vencida,,
POL-000544,CLI-05163,salud,2023/10/19,18/10/2024,239000000,6073000,5902000,2.9,MENSUAL,Agencia,5,Cancelada,2024-10-04,Reclamo rechazado / insatisfacción
POL-003125,CLI-00375,Vida,2022/02/11,2023-02-11,656000000,1936000,1860000,4.1,Mensual,Corredor,5,  Cancelada,2022-12-06,Cambio de aseguradora
POL-001440,CLI-02521,Hogar,2024-05-11,2025/05/11,784000000,2954000,2253000,31.1,Anual,Corredor,15,Vencida,,
POL-002301,CLI-05066,Auto,2024-05-21,2025-05-21,58000000,2432000,2430000,0.1,Anual, Asesor comercial ,5,Vencida,,
POL-003703,CLI-01040,Salud,04/09/2024,2025-09-04,82000000,1274000,1327000,-4.0,Mensual,Corredor,5,Renovada,,
POL-001827,CLI-03357,Seguro de Vida,28/05/2025,2026/05/28,458000000,1762000,1354000,30.1,Mensual,Web,0,Activa,,
POL-005541,CLI-04027,AUTO,2024-04-22,2025-04-22,143000000,5068000,5104000,-0.7,Anual,Web,10,Vencida,,
POL-001732,CLI-02972,Vehículo,2022-08-02,02/08/2023,28000000,1060000,973000,8.9,Anual,Corredor,15,Vencida,,
POL-001414,CLI-02925,Salud,08/05/2024,2025-05-08,70000000,1923000,1445000,33.1,Mensual,agencia,5,EXPIRADA,,
POL-007624,CLI-00090,Hogar,30/12/2021,2022/12/30,408000000,1502000,1208000,24.3,Semestral,Asesor comercial,5,Renovada,,
POL-006861,CLI-04487, Hogar ,2023-10-16,15/10/2024,530000000,2034000,,6.5,Mensual,Asesor comercial,10,Cancelada,2024/06/10,Otro
POL-004896,CLI-00539,AUTO,2021/10/18,2022-10-18,26000000,1004000,1002000,0.2,Mensual,AGENCIA,15,Renovado,,
POL-004834,CLI-00712,auto,2024/08/17,2025-08-17,74000000,3431000,3274000,4.8,Semestral,Corredor,10,Cancelada,2024-11-02,Falta de pago
POL-003965,CLI-02975,Auto,27/06/2021,2022-06-27,22000000,644000,592000,8.7,Semestral,Asesor comercial,15,Renovada,,
POL-002941,CLI-01722,Vida,04/02/2024,2025-02-03,484000000,1429000,1360000,5.1,Trimestral,BANCASEGUROS,0,Vencida,,
POL-005819,CLI-02095,  Salud,2025-03-10,2026-03-10,40000000,820000,780000,5.1,Mensual,Corredor,10,Activa,,
POL-007054,CLI-04119,Auto,2023-06-14,2024/06/13,74000000,3316000,2663000,24.5,Anual,Web,10,Cancelada,2023-12-05,Precio
POL-002667,CLI-02898,Auto,2021-04-23,2022-04-23,70000000,2324000,2306000,0.8,Anual,Asesor comercial,5,Vencida,,
POL-002222,CLI-03412,Auto,2023-05-24,2024/05/23,47000000,1707000,1565000,9.1,Mensual,Bancaseguros,10,Renovada,,
POL-008381,CLI-04036, Auto ,2025-05-09,2026/05/09,45000000,1726000,1669000,3.4,Mensual,Asesor comercial,15,Activa,,
POL-008279,CLI-04260,Salud,30/05/2025,2026-05-30,200000000,4341000,4042000,7.4,Semestral,Asesor comercial,5,Cancelada,2025/08/09,Precio
POL-008134,CLI-00536, Vida ,,23/10/2025,770000000,2285000,2124000,7.6,anual,Web,10,Renovada,,
POL-001625,CLI-05104,HOGAR,2025-03-17,2026-03-17,226000000,828000,796000,4.0,Mensual,Asesor comercial  ,0,ACTIVA,,
POL-007877,CLI-02563,Auto,12/03/2025,INVALID_DATE,26000000,1033000,967000,6.8,Anual,Agencia,5,Activa,,
POL-000529,CLI-01908,Vida,2022-01-07,2023-01-07,415000000,1307000,1202000,8.7,Anual,Web,10,Renovada,,
POL-006242,CLI-05192,Salud,2021-12-11,2022-12-11,173000000,3285000,3099000,6.0,Trimestral, Web ,0,Renovada,,
POL-002741,CLI-00271,Vida,2023-11-09,08/11/2024,198000000,893000,888000,0.6, Trimestral ,Bancaseguros,5,Renovada,,
POL-006500,CLI-04947,Vida,2023-12-24,23/12/2024,542000000,1818000,,4.6,Trimestral,Asesor comercial,5,Cancelada,2024-01-30,Cambio de aseguradora
POL-005496,CLI-04576,Auto,,2024-11-25,84000000,2939000,2975000,-1.2,Anual,Asesor comercial,15,Renovada,,
POL-002789,CLI-00955,Auto,15/09/2023,2024-09-14,74000000,2665000,2613000,2.0,Mensual,Web,10,  Cancelada,2024/08/26,FALTA DE PAGO
POL-007658,CLI-03528,Salud,2021-01-09,09/01/2022,46000000,1248000,1262000,-1.1,Semestral,Corredor,10,Renovada,,
POL-004623,CLI-01048,Auto,2025-02-28,2026-02-28,52000000,2386000,2330000,2.4,Semestral,Asesor comercial,15,ACTIVA,,
POL-005494,CLI-00131,AUTO,10/05/2022,2023-05-10,105000000,3816000,3698000,3.2,Mensual,Asesor comercial,15,vencida,,
POL-001728,CLI-00022,Auto,2024/09/25,2025/09/25,46000000,1949000,1808000,7.8,Trimestral,Asesor comercial,10,Renovada,,
POL-002328,CLI-02726,Vivienda,2021-08-22,2022-08-22,234000000,874000,808000,8.2,Semestral,Web,15,Vencida,,
POL-005518,CLI-04467,Hogar,2025/01/17,2026/01/17,247000000,1066000,970000,9.9,Anual,Agencia,5,Activa,,
POL-007161,CLI-00200,Auto,2024-09-20,,94000000,3820000,3044000,25.5,Anual,Asesor comercial,10,Cancelada,2025-03-19,Precio
POL-007643,CLI-02882,  Vida,2024-05-23,2025/05/23,448000000,1826000,1768000,3.3,Anual,Asesor comercial,5,Renovada,,
POL-001883,CLI-04379,SALUD,2024/09/15,2025-09-15,138000000,3472000,3397000,2.2,Mensual,Corredor,5,Renovada,,
POL-003426,CLI-02173,Hogar,2025-03-08,2026-03-08,76000000,343000,278000,23.3,Anual,Web,15,Cancelada,2025-05-07,Precio
POL-006940,CLI-04144,Auto,2024-11-25,25/11/2025,91000000,4159000,3232000,28.7,Mensual,Bancaseguros,10,Cancelada,2025-08-11,Precio
POL-006615,CLI-03236,Auto,2023-06-14,2024-06-13,43000000,1658000,1545000,7.3,SEMESTRAL,Corredor,5,Renovada,,
POL-002405,CLI-03261,Auto,14/01/2023,2024-01-14,40000000,1201000,864000,39.0,  Semestral,Bancaseguros,10,Cancelada,01/04/2023,Precio
POL-000002,CLI-01493,Salud,2024-08-27,2025-08-27,83000000,1498000,1450000,3.3,Mensual,Agencia,15,  Renovada,,
POL-006464,CLI-00016,Auto,2022-03-30,2023/03/30,72000000,3852000,3144000,22.5,Anual,Web,10,Vencida,,
POL-000918,CLI-03393,SALUD,2021-09-12,2022-09-12,99000000,2250000,2202000,2.2,Mensual,Agencia,15,Vencida,,
POL-005143,CLI-04442,Vida,2023/05/19,18/05/2024,399000000,1499000,1382000,8.5,Mensual,CORREDOR,0,Vencida,,
POL-004015,CLI-03664,  Salud,2023/04/06,2024/04/05,80000000,1745000,1712000,1.9,Mensual,Agencia,5,Vencida,,
POL-008352,CLI-02835,Auto,2024/07/21,21/07/2025,66000000,2767000,,3.8,Mensual,bancaseguros,5,Renovada,,
POL-005839,CLI-03054,Auto,25/09/2023,2024-09-24,98000000,4692000,4551000,3.1,Trimestral,Web,15,Cancelada,2024/07/28,Cambio de aseguradora
POL-006865,CLI-01934,Salud,2025-05-04,2026-05-04,81000000,1385000,1124000,23.2,Mensual,Agencia,0,Activa,,
POL-003150,CLI-02447,Vida,2022-06-09,09/06/2023,481000000,1705000,1615000,5.6, Mensual ,WEB,0,Vencida,,
POL-002649,CLI-04190,Vida,26/05/2023,2024-05-25,1058000000,2852000,2742000,4.0,Anual,Asesor comercial,15,Renovada,INVALID_DATE,
POL-007610,CLI-00169,Salud,12/12/2023,2024-12-11,121000000,2992000,3001000,-0.3,Semestral,Bancaseguros  ,15,Cancelada,2024/10/17,Falta de pago
POL-008158,CLI-00258,Salud,2024-05-15,2025-05-15,163000000,4117000,3913000,5.2,Anual,Agencia,5,Renovada,INVALID_DATE,
POL-008067,CLI-03727,Auto,2024/10/14,2025/10/14,74000000,3074000,2903000,5.9,Mensual,Web,10,  Renovada,,
POL-003998,CLI-02890,Seguro de Vida,,2026/06/17,205000000,606000,560000,8.3,Mensual,Agencia,0,Cancelada,2025-12-29,Otro
POL-006623,CLI-02479,auto,2025/03/04,2026-03-04,39000000,1319000,1207000,9.3,Anual,Asesor comercial,15,Activa,,
POL-002833,CLI-01029, Auto ,2021-04-12,2022-04-12,63000000,2361000,2108000,12.0,Semestral,Agencia,10,Renovada,,
POL-003056,CLI-04342,Hogar,2023/07/11,2024-07-10,200000000,823000,771000,6.7,Semestral,Web,10,Cancelada,2024-06-02,Reclamo rechazado / insatisfacción
POL-000289,CLI-01479,Auto  ,2024-12-07,2025-12-07,80000000,2649000,2506000,5.7,Anual,Agencia,5,Vencida,,
POL-005251,CLI-02353,Auto,2022/06/21,21/06/2023,75000000,2421000,2284000,6.0,Mensual,Web,15,Renovada,,
POL-002146,CLI-97983,Hogar,2023-01-10,10/01/2024,396000000,1734000,1388000,24.9,Mensual,Corredor,10, Renovada ,,
POL-005620,CLI-04003,Salud,2024/12/28,28/12/2025,122000000,2080000,1970000,5.6,MENSUAL,AGENCIA,0,Renovada,,
POL-003086,CLI-00781,Hogar,17/06/2024,2025-06-17,241000000,855000,792000,7.9,Mensual,  Bancaseguros,15,Cancelada,17/06/2025,Cambio de aseguradora
POL-001076,CLI-03145,Salud,2021/05/24,2022-05-24,84000000,1704000,1548000,10.1,Trimestral,Bancaseguros,5,Renovada,,
POL-004474,CLI-02241,Auto,2023-05-20,19/05/2024,89000000,3461000,3373000,2.6,Mensual,Asesor comercial,5,Renovada,,
POL-000235,CLI-01154,Hogar,18/05/2021,,105000000,352000,346000,1.7,Anual,Bancaseguros,5,Vencida,,
POL-000597,CLI-01954,Vida,2023/06/23,22/06/2024,156000000,632000,606000,4.3,Mensual,  Corredor,10,Vencida,,
POL-005768,CLI-04335,Salud,2023/02/19,19/02/2024,91000000,2813000,2788000,0.9,Trimestral,  Bancaseguros,5,vencida,,
POL-004879,CLI-04291,Salud,31/05/2024,2025-05-31,113000000,3270000,3209000,1.9,Mensual,Web,0,Vencida  ,,
POL-006640,CLI-03631,Salud,2024/08/04,04/08/2025,501000000,13381000,10023000,33.5,Anual,Agencia,15,Renovado,,
POL-004792,CLI-00739,Salud,2023/01/18,2024-01-18,54000000,1194000,1125000,6.1,Trimestral,Asesor comercial,0,RENOVADO,,
POL-006869,CLI-00929,Hogar,2025/04/13,2026-04-13,483000000,2148000,1739000,23.5,Mensual,Agencia,10,Activa,,
POL-008320,CLI-00634,Auto,2025-05-15,15/05/2026,59000000,2158000,1998000,8.0,Semestral,Bancaseguros,10,Cancelada,2025-11-08, Precio 
POL-006316,CLI-03046,Seguro  de  Salud,27/07/2024,27/07/2025,119000000,2042000,1917000,6.5,ANUAL,AGENCIA,15,Cancelada,2025-03-31,Cambio de aseguradora
POL-000610,CLI-00947,Auto,2022/06/08,08/06/2023,31000000,1097000,897000,22.3,Anual,asesor comercial,5,Renovado,,
POL-001761,CLI-05032,Hogar,07/06/2025,07/06/2026,361000000,1185000,1058000,12.0,Mensual,Asesor comercial,5,Cancelada,2025/08/04,Otro
POL-000219,CLI-00976,Auto,2022-06-18,2023-06-18,37000000,1755000,1256000,39.7,Anual,Asesor comercial,10,Cancelada,13/04/2023,Precio
POL-003900,CLI-02799,Auto,2025/06/24,2026-06-24,69000000,2241000,2116000,5.9,Mensual,Agencia,5,Activa,,
POL-008249,CLI-04084,Auto,01/05/2025,01/05/2026,57000000,2172000,2080000,4.4,Trimestral,Bancaseguros,10,Activa  ,,
POL-001451,CLI-01867,Hogar,2021-12-09,2022-12-09,139000000,640000,594000,7.8,Mensual,Asesor comercial  ,10,Vencida,,
POL-000292,CLI-02866,Vida,15/06/2022,15/06/2023,723000000,2454000,2413000,1.7, Anual ,Asesor comercial,5,RENOVADA,,
POL-002720,CLI-00543,Hogar,2024/04/10,2025-04-10,340000000,1388000,1401000,-0.9,MENSUAL,Bancaseguros,5,Renovada,,
POL-003745,CLI-03887,HOGAR,2023/04/24,23/04/2024,226000000,992000,980000,1.2,Mensual,Web,0,Renovada,,
POL-008166,CLI-02614,Hogar  ,18/01/2022,2023-01-18,275000000,1094000,1082000,1.1,Anual,Agencia,0,Vencida,,
POL-005626,CLI-02030,Seguro de Salud,2025-03-26,2026-03-26,219000000,6068000,5619000,8.0, Anual ,web,15,Activa,,
POL-002836,CLI-00589,Salud,2022-05-25,2023-05-25,109000000,2565000,2041000,25.7, Mensual ,Bancaseguros,5,Renovada,,
POL-005945,CLI-00873,salud,14/10/2021,2022-10-14,54000000,1667000,1558000,7.0,Anual,bancaseguros,10,Vencida,,
POL-008051,CLI-04544,  Vida,2024/05/22,2025-05-22,242000000,819000,767000,6.8,Mensual,Asesor comercial,0,Renovada,,
POL-001648,CLI-01689,Auto,2024-04-24,2025/04/24,38000000,1603000,1546000,3.7,Trimestral,Bancaseguros,15,Renovada,,
POL-005746,CLI-03809,Auto,2022-04-26,2023-04-26,77000000,2178000,1931000,12.8,Anual,Web,10,Renovada,,
POL-000885,CLI-01264,Auto,2024-04-05,2025-04-05,59000000,2393000,2187000,9.4,Semestral,Asesor comercial,15,Renovada,,
POL-003806,CLI-01568,  Salud,03/02/2023,2024-02-03,346000000,7329000,6699000,9.4,Anual,Asesor comercial,10,Cancelada,2023/11/01,Falta de pago
POL-001197,CLI-03635,Vehículo,24/10/2022,2023/10/24,42000000,1530000,1417000,8.0,Mensual,Web,0,Vencida,,
POL-006172,CLI-03925,Hogar,2025-04-07,07/04/2026,449000000,1582000,1465000,8.0,Mensual,Agencia,5,Activa,,
POL-004108,CLI-01317,Salud,12/06/2023,2024-06-11,152000000,3208000,3109000,3.2,Semestral,Asesor comercial,0,Cancelada,2024-05-12,Otro
POL-007349,CLI-03599,Vida,15/06/2024,2025/06/15,216000000,665000,620000,7.2,Mensual,Bancaseguros,0,Renovada,,
POL-007688,CLI-03541,Salud,14/10/2023,2024-10-13,77000000,1489000,1370000,8.7,TRIMESTRAL,Asesor comercial,5,Renovada,,
POL-002080,CLI-00478,Hogar,2022-05-11,11/05/2023,255000000,1016000,959000,5.9,Trimestral,Agencia,10,Renovada,,
POL-004235,CLI-04461,Auto,2023-05-09,2024-05-08,44000000,-1654000,1723000,-4.0,Anual,Agencia,15,Vencida,,
POL-006458,CLI-00163,Auto,2021-10-22,2022-10-22,73000000,2904000,2828000,2.7,Anual,Corredor,15,Renovada,,
POL-005410,CLI-03437,Salud,2025-04-05,2026/04/05,89000000,1627000,1577000,3.2,Mensual,Web,15,Activa,,
POL-001229,CLI-02262,Salud,2022-04-23,2023/04/23,230000000,4427000,4200000,5.4,Trimestral,Asesor comercial,5,Vencida,,
POL-003655,CLI-99067,Salud,2022-09-28,2023-09-28,164000000,3473000,3314000,4.8,Anual,  Agencia,10,Renovada,,
POL-004040,CLI-02819,Auto,26/09/2024,2025-09-26,62000000,2607000,2448000,6.5,Mensual,Web,0,Renovada,,
POL-001308,CLI-02064,Vida,2025-04-30,2026/04/30,889000000,2453000,1798000,36.4,Mensual,Corredor,5,Activa,,
POL-001690,CLI-02255,Vida,2022-03-26,2023/03/26,106000000,560000,527000,6.3,Anual,Web,10,Renovada,,
POL-008369,CLI-04622,Hogar,2024-11-02,02/11/2025,118000000,355000,331000,7.3,Semestral,Asesor comercial,0,Vencida,,
POL-003642,CLI-01362,Auto,2025-02-09,09/02/2026,50000000,1693000,1333000,27.0,Semestral,Asesor comercial,5,Cancelada,2025-11-11,Precio
POL-004589,CLI-00517,Salud,2022-12-08,2023-12-08,120000000,3424000,3221000,6.3,Anual,Asesor comercial,10,Renovado,,
POL-007355,CLI-03792,Auto,2024/12/05,2025-12-05,35000000,1534000,1449000,5.9,Mensual,Web,10,Renovada,,
POL-006603,CLI-02043,AUTO,2022/12/15,2023-12-15,36000000,1648000,1568000,5.1,Semestral, Asesor comercial ,5,Cancelada,15/10/2023,OTRO
POL-005737,CLI-03332,Hogar  ,2024-12-04,04/12/2025,384000000,1524000,1472000,3.5,Mensual,Corredor,0,Cancelada,2025-11-28,Cambio de aseguradora
POL-001385,CLI-04343,Salud,2024-03-21,21/03/2025,391000000,10652000,10302000,3.4,Mensual,Web,10,Renovada,,
POL-001573,CLI-00253,Salud,2023-08-11,2024-08-10,175000000,4650000,4012000,15.9,Mensual,Bancaseguros,0,Cancelada,2024/05/10,Cambio de aseguradora
POL-007626,CLI-00498,Salud,11/05/2022,2023-05-11,99000000,2221000,2234000,-0.6, Semestral ,Web,15,  Renovada,,
POL-004945,CLI-02890,Salud,2025-01-03,2026-01-03,94000000,2183000,2083000,4.8,Anual,Bancaseguros,10,Activa  ,,
POL-006012,CLI-02111,Auto,04/08/2023,INVALID_DATE,17000000,617000,565000,9.2,Mensual,Web,15,Cancelada,2023-09-25,PRECIO
POL-000243,CLI-01647,Vida,11/12/2021,11/12/2022,806000000,1960000,2006000,-2.3,Anual,Agencia,0,Renovada,,
POL-008122,CLI-02370,Vida,2025-04-06,2026/04/06,294000000,1102000,1067000,3.3,Anual,Web,15,  Activa,,
POL-006163,CLI-00627,Seguro Auto,2024-07-24,2025/07/24,74000000,2383000,2257000,5.6,Trimestral,WEB,15,Renovada,,
POL-005186,CLI-03852, Auto ,01/11/2024,2025/11/01,43000000,2572000,1881000,36.7,Mensual,Agencia,5,Cancelada,,Precio  
POL-006056,CLI-03082,salud,2025-03-11,2026-03-11,96000000,2593000,1907000,36.0,Mensual,Web,15,Cancelada,2025/10/05,Precio
POL-000257,CLI-02389,Vida,16/06/2025,2026-06-16,250000000,1182000,1116000,5.9,Anual, Web ,5,Activa,,
POL-005366,CLI-05168,Auto,2022-08-28,28/08/2023,49000000,1552000,1424000,9.0,Trimestral,Web  ,15,Vencida,,
POL-003200,CLI-02151,Salud,24/06/2023,2024-06-23,118000000,2921000,2700000,8.2,Anual,Agencia,0,Vencida,,
POL-001980,CLI-04232,Salud,2024/08/29,29/08/2025,190000000,3926000,3887000,1.0, Trimestral ,Corredor,5,Renovado,,
POL-002451,CLI-00438,Auto,2023-03-18,2024-03-17,59000000,2387000,2304000,3.6,Anual,Agencia,0,  Anulada,2023-11-25,Precio
POL-007198,CLI-02268,HOGAR,12/10/2024,12/10/2025,218000000,739000,691000,6.9,Anual,Web,0,Renovada,,
POL-001053,CLI-03220,Seguro de Salud,2022-06-13,2023/06/13,107000000,2317000,2112000,9.7,Mensual,WEB,5,Cancelada,2023-02-09,Cambio de aseguradora
POL-007718,CLI-01712,Hogar,12/06/2022,2023/06/12,173000000,819000,768000,6.7,Mensual,Asesor comercial,0,Vencida,,
POL-004064,CLI-03442,Salud,2023/02/04,2024-02-04,171000000,3677000,3364000,9.3,Anual,Agencia,5,Cancelada,2023-06-07,VENTA/PERDIDA DEL BIEN
POL-005241,CLI-01406,Salud,2023-11-28,27/11/2024,143000000,2429000,2194000,10.7,Mensual,Asesor comercial,5, Vencida ,,
POL-006782,CLI-02418,Vida,2025-06-25,2026-06-25,301000000,947000,896000,5.7, Trimestral ,Bancaseguros,10,Activa,,
POL-001999,CLI-04578,Hogar,2022-07-05,2023-07-05,180000000,631000,496000,27.2,Mensual,Agencia,0,Vencida,,
POL-001453,CLI-00294, Auto ,2025/03/26,2026-03-26,37000000,1389000,1399000,-0.7,Semestral,Asesor comercial,5,Activa,,
POL-003476,CLI-00658,Auto,19/04/2025,2026-04-19,90000000,4220000,4195000,0.6,Mensual,Corredor,5,Activa,,
POL-005235,CLI-02155,Hogar,13/10/2024,13/10/2025,276000000,1037000,969000,7.0,Trimestral,Corredor,5,Renovada,,
POL-007433,CLI-04284,Auto,2025-01-19,2026-01-19,45000000,2028000,1887000,7.5,Mensual,Agencia,5,Cancelada,2025-12-31,RECLAMO RECHAZADO / INSATISFACCIÓN
POL-003544,CLI-00613,Hogar,21/04/2023,2024-04-20,491000000,2019000,1779000,13.5,Anual,Web,10,Renovada,,
POL-004627,CLI-03572,Salud,2021/11/23,23/11/2022,132000000,2827000,2710000,4.3,Mensual,Asesor comercial,15,Cancelada,2022-10-13,Otro
POL-006762,CLI-00857,Vida,2024-12-10,2025-12-10,472000000,1734000,1585000,9.4,Anual,Web,5,Renovada,,
POL-005769,CLI-02851,Auto,2023-03-23,22/03/2024,49000000,2503000,2025000,23.6,Anual,Web,5,Cancelada,20/01/2024,Precio
POL-003097,CLI-02581,Auto,27/09/2022,,60000000,3513000,3330000,5.5,Trimestral,Asesor comercial,10,Renovada,,
POL-000479,CLI-03882,AUTO,2022-12-26,2023-12-26,42000000,1569000,1412000,11.1,Trimestral,Bancaseguros,0,Cancelada,10/09/2023,Falta de pago
POL-001612,CLI-02037,salud,09/04/2023,2024/04/08,164000000,3972000,3685000,7.8,Mensual  ,Agencia,5,Cancelada,INVALID_DATE,FALTA DE PAGO
POL-001183,CLI-00061,Hogar,14/02/2025,2026/02/14,274000000,1103000,1047000,5.3,Anual,Asesor comercial,0,Activa,,
POL-006498,CLI-02495,Auto,02/07/2023,01/07/2024,81000000,3221000,2363000,36.3,Mensual,  Agencia,0,Cancelado,20/11/2023,Precio
POL-006007,CLI-04299,Vida,2024-02-01,31/01/2025,178000000,625000,540000,15.7,Anual,Asesor comercial,5,Renovada,,
POL-008318,CLI-01383, Vida ,2025/06/23,INVALID_DATE,234000000,1018000,1020000,-0.2,Anual,Agencia,10,Suspendida,,
POL-001977,CLI-02604,salud,2022-12-15,2023/12/15,79000000,2057000,1982000,3.8,Semestral,  Web,5,Renovada,,
POL-006551,CLI-03631,Salud  ,2022-04-10,2023/04/10,303000000,5720000,5619000,1.8,Anual,Asesor comercial,10,Expirada  ,,
POL-001096,CLI-02423,AUTO,2025/02/03,03/02/2026,35000000,1649000,1520000,8.5,Mensual,Asesor comercial,0,Activa,,
POL-001749,CLI-03532,Hogar  ,2024-08-30,2025-08-30,246000000,1268000,1162000,9.1,Mensual,Asesor comercial,5,Renovada,,
POL-001228,CLI-00184,Auto,2024-04-23,2025/04/23,39000000,1261000,1087000,16.0,ANUAL,ASESOR COMERCIAL,5,Renovada,,
POL-008024,CLI-01064, Auto ,2022-05-13,2023-05-13,53000000,1388000,1238000,12.1, Trimestral ,Asesor comercial,5,Vencida,,
POL-003675,CLI-03716,Auto,2024-12-02,02/12/2025,90000000,4080000,4072000,0.2,Mensual,WEB,0,RENOVADA,,
POL-000928,CLI-02743,auto,19/04/2025,2026-04-19,57000000,1943000,1792000,8.4,Mensual,Web,10,ACTIVA,,
POL-003257,CLI-01402,Hogar,2024-11-14,14/11/2025,234000000,952000,809000,17.7,Trimestral,Bancaseguros,0,Renovada,,
POL-005077,CLI-01070,Hogar,2024-05-17,2025-05-17,160000000,700000,671000,4.3,MENSUAL,Web,10,Cancelada,,Cambio de aseguradora
POL-005514,CLI-02969,Salud,2025/04/22,2026-04-22,215000000,5441000,5633000,-3.4,Mensual,Asesor comercial,0,Activa,,
POL-007997,CLI-01983,auto,03/10/2024,2025-10-03,62000000,2635000,2651000,-0.6,  Anual, Asesor comercial ,5,Vencida,,
POL-002056,CLI-03384,Auto,2024-10-16,16/10/2025,41000000,1889000,1897000,-0.4,Anual,Asesor comercial  ,5,Vencida,,
POL-000503,CLI-01169,Auto,01/03/2025,2026-03-01,89000000,3053000,2861000,6.7,Anual,Agencia  ,0,Activa,,
POL-008195,CLI-02614,Auto,01/06/2021,2022-06-01,91000000,3195000,3069000,4.1,Anual,Asesor comercial,0,Renovada,,
POL-001393,CLI-03846,Hogar,2024-01-26,25/01/2025,443000000,1518000,,4.0,Anual,Agencia,5,Renovada,,
POL-005573,CLI-02932,Auto,2025/03/06,06/03/2026,66000000,2562000,2492000,2.8,SEMESTRAL,Asesor comercial,5,Activa,,
POL-004256,CLI-02746,Vida,12/11/2023,2024-11-11,338000000,1292000,1218000,6.1,Mensual,Agencia,0,Cancelada,2024-05-13,Falta de pago
POL-003612,CLI-02668,salud,2024-05-09,09/05/2025,145000000,2330000,1755000,32.8,Trimestral,Bancaseguros,10,Cancelada,13/03/2025,Precio
POL-008111,CLI-04693,SALUD,09/10/2022,2023-10-09,146000000,2290000,2210000,3.6,Anual,  Asesor comercial,5,Renovada,,
POL-005340,CLI-02358,Hogar,2024/01/03,02/01/2025,163000000,695000,511000,36.0,Anual,Asesor comercial,0, Renovada ,,
POL-007410,CLI-01141,Salud,2023-01-19,2024-01-19,121000000,2565000,2455000,4.5,Trimestral,Asesor comercial,5,Renovada,,
POL-002982,CLI-02125,Hogar,2023-05-20,2024-05-19,158000000,595000,570000,4.3,Mensual,Asesor comercial,0,Renovada,,
POL-005718,CLI-03705,auto,2023-05-28,2024-05-27,65000000,2717000,2558000,6.2,Anual,Agencia,5,RENOVADA,,
POL-002223,CLI-00515,Hogar,07/10/2024,2025-10-07,236000000,1001000,722000,38.7,Mensual,web,15,Vencida,,
POL-002435,CLI-02539,Salud,16/12/2024,16/12/2025,95000000,1904000,1625000,17.2,Anual,Asesor comercial,10, Renovada ,,
POL-001127,CLI-00840,Auto,13/12/2024,2025/12/13,44000000,1620000,1253000,29.3,anual,Asesor comercial,15,Renovada,,
POL-000511,CLI-01016,Vida,2024-03-05,2025-03-05,262000000,96100000,945000,1.7,Trimestral, Asesor comercial ,10,Cancelada  ,2024/08/16,Otro
POL-001578,CLI-00207,Hogar,25/05/2025,2026-05-25,123000000,577000,524000,10.1,SEMESTRAL,Web,5,Activa,,
POL-006291,CLI-04305,  Vida,2021-02-04,2022-02-04,555000000,1679000,1528000,9.9,Mensual,Bancaseguros,5,VENCIDA,,
POL-005296,CLI-03872,Salud,2025-01-27,2026-01-27,67000000,1599000,1539000,3.9,Mensual,Agencia,5,Activa,,
POL-007640,CLI-05104,Auto,2024/01/05,2025-01-04,68000000,2472000,2472000,0.0,Mensual,  Agencia,0,Renovado,,
POL-005273,CLI-05045,Salud,2025-05-11,2026-05-11,170000000,3576000,3479000,2.8,Semestral,Agencia,15,Cancelado,2025-11-11,Venta/pérdida del bien
POL-008029,CLI-03666,Vida  ,2025/04/01,2026-04-01,503000000,1625000,1404000,15.7,Anual,Agencia,5,Activa,,
POL-002163,CLI-03069,Auto,10/10/2022,2023-10-10,78000000,2810000,2785000,0.9,Mensual,ASESOR COMERCIAL,15,Vencida,,
POL-005180,CLI-02312,Seguro de Salud  ,2023-03-03,2024-03-02,172000000,2791000,2589000,7.8, Mensual ,Bancaseguros,0,Renovado,,
POL-002250,CLI-01441, Hogar ,14/03/2024,2025-03-14,119000000,533000,462000,15.4,Anual,Corredor,0,Renovada,,
POL-003202,CLI-01129,Vida,21/05/2022,21/05/2023,334000000,1002000,1011000,-0.9,Mensual,Asesor comercial,0,vencida,,
POL-004524,CLI-03628,Hogar,2021/11/10,2022/11/10,146000000,570000,528000,7.9,Anual,Agencia,10,Renovada,,
POL-002951,CLI-01695,Vehículo,2025-06-15,2026-06-15,43000000,1108000,862000,,Anual,Web,15,Cancelado,2025/12/10,Cambio de aseguradora
POL-003477,CLI-03580,Auto,2024-12-21,2025-12-21,43000000,2315000,2095000,10.5,Mensual, Asesor comercial ,10,Renovada,,
POL-005853,CLI-01747,Auto,13/10/2022,2023/10/13,41000000,1627000,1554000,4.7,Mensual,Asesor comercial,15,renovada,,
POL-006461,CLI-00399,Auto,14/09/2022,14/09/2023,49000000,1912000,1388000,,Semestral,Asesor comercial,0,Renovada,,
POL-006223,CLI-04712, Auto ,2023-08-04,03/08/2024,76000000,2376000,2208000,7.6,Anual,Asesor comercial,15,Renovada,,
POL-000210,CLI-00390,Auto,16/01/2025,2026-01-16,28000000,933000,838000,11.3,Anual,Asesor comercial,10,Activa,,
POL-000665,CLI-03277,Auto,2024-08-18,2025/08/18,59000000,0,2494000,3.8,Anual,Corredor,5,VENCIDA,,
POL-000935,CLI-03140,Auto,29/12/2021,2022/12/29,64000000,2716000,2632000,3.2,Mensual,Corredor,5,Renovada,,
POL-005660,CLI-03035,Vida,2021/10/27,2022-10-27,236000000,0,749000,21.0,Mensual,Corredor,5,Vencida,,
POL-004400,CLI-04446,HOGAR,04/12/2022,2023/12/04,176000000,,615000,26.3,Anual,Agencia,0,Renovada,,
POL-000866,CLI-04309,Salud,2025-04-23,2026/04/23,134000000,3428000,3268000,4.9,Anual,Agencia,5,Activa,,
POL-007871,CLI-02222,  Auto,2025-04-05,05/04/2026,38000000,1817000,1564000,16.2,Anual,Agencia,10,Activa,,
POL-004858,CLI-04344,Salud,2023/09/01,2024-08-31,185000000,3960000,2907000,36.2,Anual,Bancaseguros,10,Cancelada,2023-11-14,Cambio de aseguradora
POL-000416,CLI-02540,Hogar,2022-12-12,2023-12-12,339000000,1025000,736000,39.2,Mensual,Bancaseguros,0,Cancelada,2023-12-03,Venta/pérdida del bien
POL-006536,CLI-01598,Auto,19/12/2022,2023/12/19,37000000,1352000,1230000,9.9,Anual,Asesor comercial,0,Vencida,,
POL-000259,CLI-02577, Hogar ,10/10/2022,2023-10-10,96000000,461000,445000,3.7,Anual  ,Bancaseguros,10,Renovada,,
POL-000068,CLI-04234,Vida,2023/12/17,16/12/2024,431000000,,1475000,3.9,Anual,Web,10,Renovada,,
POL-002932,CLI-01191,Vida,2025-04-03,03/04/2026,144000000,609000,599000,1.7,Mensual,CORREDOR,5,ACTIVA,,
POL-006032,CLI-00203,VIVIENDA,2024/11/12,2025/11/12,86000000,395000,328000,20.5,Trimestral,Agencia,5,Cancelada,2025-11-09,Otro
POL-003378,CLI-01260,Salud,2021-03-16,2022-03-16,287000000,6848000,5065000,35.2,Trimestral,Agencia,0,Cancelada,15/04/2021,Cambio de aseguradora
POL-001896,CLI-01445,Auto,2024-12-20,2025-12-20,25000000,1044000,1002000,4.2,Mensual,BANCASEGUROS,10,Vencida,,
POL-005899,CLI-05194,Hogar,2025-04-02,2026/04/02,222000000,757000,655000,15.6,Mensual,Web,0,Cancelada,19/08/2025,Otro
POL-001340,CLI-01950,Vida,2023-01-02,2024-01-02,291000000,1098000,974000,12.7,Trimestral,Bancaseguros,5,Renovada,,
POL-000348,CLI-00455,Salud,2024-06-10,2025-06-10,163000000,3369000,2592000,30.0,Trimestral,Web,10,Cancelada,2024-11-09,Cambio de aseguradora
POL-008123,CLI-05068,Vida,2023-01-02,02/01/2024,867000000,3245000,2682000,21.0,Mensual,Corredor,5,Renovada,INVALID_DATE,
POL-004656,cli-00935,vida,2023-11-06,2024-11-05,178000000,725000,696000,4.1,Mensual,Web,15,renovada,,
POL-003777,CLI-00067,HOGAR,27/02/2022,2023-02-27,528000000,2172000,2144000,1.3,Mensual,agencia,5,  Vencida,,
POL-001205,CLI-04666,AUTO,,2026-01-03,23000000,1135000,1062000,6.9,Mensual,Web,5,Activa,,
POL-008342,CLI-02390,Auto,2025/06/18,18/06/2026,48000000,1963000,1910000,2.8,Mensual,ASESOR COMERCIAL,15,Activa,,
POL-002345,CLI-04638,Auto,2024-05-07,2025-05-07,35000000,1331000,1151000,15.6,Semestral,Asesor comercial,0,Cancelada,2024/11/24,Precio
POL-000527,CLI-02734,Hogar,31/05/2025,2026-05-31,258000000,1067000,1023000,4.3,Mensual,Asesor comercial,10,Suspendida,,
POL-001865,CLI-03638,Hogar,2023-11-10,2024/11/09,271000000,1065000,956000,11.4,Semestral,Web,10,Cancelada,2024-07-23, Reclamo rechazado / insatisfacción 
POL-006961,CLI-00244,Salud,28/08/2024,28/08/2025,342000000,7503000,7194000,4.3,Anual,Asesor comercial,5,Cancelada,01/08/2025,Precio
POL-006330,CLI-01975,Auto,2023-03-02,2024-03-01,65000000,2412000,2353000,2.5,Semestral,Corredor,10,Renovada,INVALID_DATE,
POL-008115,CLI-04672,Auto,06/10/2024,06/10/2025,49000000,2100000,2015000,4.2,Mensual,Corredor,5, Renovada ,,
POL-003060,CLI-04922,Salud,03/11/2024,2025-11-03,235000000,5557000,5145000,8.0,Mensual,Bancaseguros,5,Renovada,,
POL-006277,CLI-03694,Hogar,16/12/2024,2025-12-16,155000000,814000,658000,23.7,Mensual,Corredor,10,vencida,,
POL-007459,CLI-02965,Salud,2024-12-16,16/12/2025,211000000,4062000,3843000,5.7,Semestral,Agencia,5,Renovada,,
POL-002310,CLI-02474,Hogar,2023-12-19,2024-12-18,533000000,2351000,1815000,29.5,Mensual, Web ,5,Cancelada,2024/09/16,Falta de pago
POL-002298,CLI-00432,Auto,14/02/2025,2026-02-14,49000000,2193000,2180000,0.6,Mensual,Bancaseguros,10,Activa,,
POL-006567,CLI-02696,Salud,15/10/2022,2023-10-15,147000000,3684000,3580000,2.9,Mensual,Asesor comercial,15,Renovada,,
POL-004279,CLI-05102,Salud,2024-10-19,2025-10-19,164000000,5221000,5399000,-3.3,Trimestral,Asesor comercial,15,Vencida,,
POL-007058,CLI-01087,Auto,03/06/2024,2025-06-03,78000000,2897000,2770000,4.6,Mensual,Asesor comercial,5,Renovada,,
POL-002447,CLI-03805,Auto,01/04/2025,2026-04-01,62000000,2623000,2572000,2.0,  Mensual,Asesor comercial,5,Activa,,
POL-004775,CLI-04556,Salud,2024-08-08,2025-08-08,159000000,3355000,3260000,2.9,Anual,Bancaseguros,0,Renovado,,
POL-002255,CLI-00477,Auto  ,24/06/2023,2024-06-23,37000000,1534000,1469000,4.4,Anual,Asesor comercial,5,Renovada,,
POL-000413,CLI-03715,Salud,01/06/2021,2022-06-01,59000000,1895000,1745000,8.6,Trimestral,Bancaseguros,15,Renovada,,
POL-001747,CLI-04641,hogar,2022-12-26,2023/12/26,325000000,1159000,1137000,1.9,Anual,Bancaseguros,15,Vencida,,
POL-007565,CLI-01798,Salud,2024-08-13,2025-08-13,123000000,2331000,2226000,4.7,Mensual,Bancaseguros,10,Renovada,,
POL-001884,CLI-04072,  Salud,2024-10-19,2025-10-19,138000000,3032000,3047000,-0.5,Mensual,Bancaseguros,10,Vencida,,
POL-005720,CLI-03826,AUTO,06/02/2022,06/02/2023,40000000,1785000,1814000,-1.6,Mensual,Asesor comercial,15,Cancelada,2022-12-04,Precio
POL-005221,CLI-00018,Salud,INVALID_DATE,10/04/2025,63000000,1496000,1092000,37.0,Anual,Web,5,Renovada,,
POL-002719,CLI-03209,AUTO,19/06/2024,2025-06-19,107000000,3652000,3532000,3.4,Mensual,Bancaseguros,10,VENCIDA,,
POL-005596,CLI-00100,Vida,2024-09-15,2025-09-15,663000000,3235000,2395000,35.1,Mensual,Asesor comercial,5,Renovada,,
POL-002748,CLI-01811,Hogar,2023/05/27,2024/05/26,377000000,1359000,1240000,9.6,Mensual,Asesor comercial,15,Renovada,,
POL-001665,CLI-03801,Auto,2024-02-15,2025/02/14,26000000,1061000,857000,23.8,Mensual,Corredor,5,Cancelada,2024-12-24,Precio
POL-004942,CLI-00510,Auto,2021/08/31,31/08/2022,35000000,1567000,1410000,11.1,Semestral,Corredor  ,5,Renovada,,
POL-000639,CLI-03486,Auto,29/01/2024,28/01/2025,70000000,2507000,2323000,7.9, Anual ,Corredor,0,Renovada,,
POL-004860,CLI-02469,Salud,2024-08-25,25/08/2025,326000000,8951000,8699000,2.9,Mensual,Asesor comercial,5,Vencida,,
POL-004667,CLI-02527,Auto,22/02/2025,,49000000,1829000,1689000,8.3,Anual,Agencia,0,Cancelada,15/10/2025,Otro
POL-001938,CLI-00740,  Auto,2021-12-05,2022/12/05,62000000,2065000,1486000,39.0,Mensual,Web,5,Vencida,,
POL-000714,CLI-04487,AUTO,2021/10/08,2022-10-08,94000000,3869000,3699000,4.6,Mensual,Asesor comercial,0,Cancelada,2022-10-08,Precio
POL-003759,CLI-00763,Vida,10/09/2024,2025-09-10,510000000,1513000,1379000,9.7,Mensual,Web,10,Renovada,,
POL-005524,CLI-04714,Auto,2023-11-18,2024-11-17,74000000,2750000,2599000,5.8,Mensual,CORREDOR,0,Renovada,,
POL-004866,CLI-02008,Hogar,2022/07/01,2023-07-01,273000000,1081000,1026000,5.4,Mensual,Agencia,5,Renovada,,
POL-005866,CLI-02183,Vida,2024-07-13,13/07/2025,127000000,331000,318000,4.0,Trimestral,Bancaseguros,5,Renovada,,
POL-001792,CLI-04540,  Salud,2023/08/28,2024-08-27,221000000,5999000,5910000,1.5,Mensual,Agencia,5,Cancelada,2024-05-03,Venta/pérdida del bien
POL-004207,CLI-01157,Vida,2025-03-18,2026/03/18,790000000,3467000,3135000,10.6,Mensual, Agencia ,10, Activa ,,
POL-007029,CLI-01275,SALUD,2023/09/26,2024/09/25,71000000,1296000,1217000,6.5,SEMESTRAL,Web,0,Vencida,,
POL-006816,CLI-04484,Salud,2022/09/17,2023/09/17,166000000,,3455000,,Mensual,Agencia,10,Renovada,,
POL-007034,CLI-01326,auto,05/12/2024,05/12/2025,81000000,2870000,2962000,-3.1,Trimestral,Agencia,5,Renovada,,
POL-007139,CLI-04138,Vida,2022-07-03,2023-07-03,178000000,501000,469000,6.9,Semestral,Corredor,15,Renovada,,
POL-002420,CLI-02328,Auto,2024/09/24,2025-09-24,62000000,1892000,1736000,9.0,semestral,Corredor,5,Vencida  ,,
POL-003510,CLI-00338,Salud,2023-06-04,2024-06-03,142000000,3426000,3178000,7.8,Mensual,Asesor comercial,10,  Cancelada,2024-05-13, Falta de pago 
POL-003269,CLI-03840,Vida,28/02/2025,2026-02-28,221000000,926000,919000,0.8,Trimestral,Agencia,15,  Activa,,
POL-006830,CLI-05061,Auto,25/04/2023,2024-04-24,41000000,1798000,1418000,26.8,Mensual,Corredor,0,Cancelada,2024-02-15,Precio
POL-004221,CLI-02335,  Hogar,2023-11-01,2024-10-31,276000000,111800000,1057000,5.8,  Trimestral,Corredor,10,Renovada,,
POL-005911,CLI-03308,Salud,2025/05/02,02/05/2026,95000000,1747000,1751000,-0.2,Mensual,Agencia,5,Activa,,
POL-007111,CLI-00178,Salud,09/07/2023,2024-07-08,90000000,2494000,2424000,2.9,Semestral,Agencia,5,Renovada,,
POL-006269,CLI-01538,Auto,17/08/2023,2024-08-16,,,1482000,6.6,Trimestral,Agencia,10,Vencida  ,,
POL-006436,CLI-03436,AUTO,2021/05/02,2022/05/02,82000000,3723000,3559000,4.6,Anual,Web,10,Vencida,,
POL-004482,CLI-01243,Salud,27/01/2022,2023/01/27,72000000,-1744000,1630000,7.0,Mensual, Asesor comercial ,5,Renovada,,
POL-006897,CLI-03529,Hogar,2024-08-03,03/08/2025,300000000,1330000,1300000,2.3,Anual,Bancaseguros,5,Vencida,,
POL-006404,CLI-03151,Vida,29/11/2022,2023-11-29,,1195000,1082000,10.4,Trimestral,Asesor comercial,0,Renovada,,
POL-006687,CLI-05008,Auto,2025-04-06,2026-04-06,33000000,1205000,1134000,6.3,Mensual,Asesor comercial,10,Activa,,
POL-004941,CLI-01796, Hogar ,2024-12-03,2025-12-03,112000000,434000,371000,17.0,Mensual,Corredor,15,Cancelada,2025-09-30,Precio
POL-002389,CLI-00789,Auto  ,2025-06-20,2026-06-20,50000000,2164000,1897000,14.1,Anual,Asesor comercial,0,Suspendida,,
POL-007186,CLI-02349,Auto,2022/05/29,29/05/2023,38000000,1388000,1300000,6.8,Trimestral,web,0,Renovada,,
POL-001284,CLI-03781,Auto,2024-12-16,16/12/2025,47000000,1803000,1725000,4.5,Mensual,Asesor comercial,10,Renovada  ,,
POL-004810,CLI-03059,Salud,2021-08-25,2022-08-25,117000000,2493000,2291000,8.8,Trimestral  ,Web,10,Renovada,,
POL-000811,CLI-02918,Auto,2025-03-23,2026-03-23,42000000,2218000,2135000,3.9,Mensual,Bancaseguros,10,Cancelada,2025-10-19,Precio
POL-005647,CLI-04831,Auto,05/04/2024,2025/04/05,46000000,1708000,1631000,4.7,Mensual,Web,10,Renovada,,
POL-002351,CLI-00791,Hogar,2024-12-14,2025/12/14,87000000,272000,238000,14.1,  Trimestral,Asesor comercial,15,Cancelada,2025-08-28,Falta de pago
POL-002144,CLI-02135,Auto,2024-11-12,2025-11-12,75000000,3722000,3125000,19.1,Semestral,Asesor  comercial,0,Renovada  ,,
POL-003610,CLI-02782,Salud,2023-09-20,19/09/2024,95000000,2013000,,22.4,Anual,Corredor,10,VENCIDA,,
POL-007900,CLI-04348,Auto,15/12/2023,2024/12/14,51000000,2428000,2308000,5.2,Mensual,Asesor comercial,5,Renovada,,
POL-003607,CLI-05185,Salud  ,27/01/2023,2024-01-27,84000000,2284000,1686000,35.5,Mensual,Web,10,Cancelada,2024-01-02,Precio
POL-003084,CLI-00822,Auto,2024-08-31,2025-08-31,34000000,1156000,1159000,-0.3,Mensual,Asesor comercial,10,Renovada,,
POL-003563,CLI-04456,Vida,2022/06/07,2023-06-07,248000000,677000,694000,-2.5,Mensual,Bancaseguros,5,Cancelada,10/12/2022,Falta de pago
POL-005225,CLI-03791,Vida,2023-04-29,2024/04/28,129000000,499000,418000,19.4,Mensual,web,10,Vencida,,
POL-004617,CLI-02380,Hogar,2025/06/19,2026/06/19,331000000,1551000,1576000,-1.6,Anual,Corredor,10,Activa,,
POL-002945,CLI-03471,Salud  ,2022-10-18,2023-10-18,80000000,2381000,2213000,7.6,Anual,Agencia,10,Renovada,,
POL-006728,CLI-03620,Salud,21/04/2021,2022/04/21,173000000,5566000,4900000,13.6,Anual,Web,10,Renovada,,
POL-001193,CLI-02765,Auto,2021/12/31,31/12/2022,46000000,2147000,1849000,16.1,Anual,asesor comercial,0,Renovada,,
POL-003398,CLI-00487,Auto,2025/04/04,04/04/2026,62000000,2783000,2758000,0.9,anual,Agencia,15,Activa,,
POL-000749,CLI-00018,Salud,02/01/2025,2026/01/02,91000000,2150000,1960000,9.7,Anual,Agencia,5,Activa,,
POL-001202,CLI-00703,auto,2023-01-03,2024/01/03,49000000,2031000,2054000,-1.1,Mensual,Corredor,10,Renovada,,
POL-005705,CLI-02891,Salud,INVALID_DATE,2025/08/23,103000000,2264000,1666000,35.9,Trimestral,Asesor comercial,5,Renovada  ,,
POL-005430,CLI-00855,Auto  ,2023-12-27,2024/12/26,40000000,1680000,1307000,28.5,Mensual, Asesor comercial ,10,RENOVADA,,
POL-005879,CLI-02584,Auto,16/04/2024,2025-04-16,83000000,3840000,3699000,3.8,Anual,Asesor comercial,5,Expirada,,
POL-006877,CLI-02541,Salud,2025-01-24,2026/01/24,146000000,3230000,2806000,15.1,Mensual,Asesor comercial,10,Activa,,
POL-007765,CLI-00727,Auto,06/06/2022,06/06/2023,42000000,1566000,1408000,11.2,Anual,Asesor comercial,0,Vencida,,
POL-003074,CLI-02990,Salud  ,03/12/2024,2025/12/03,123000000,2574000,2300000,11.9,Anual  ,Bancaseguros,10,Renovada,,
POL-006422,CLI-00672,Seguro Auto,2024/02/19,,66000000,3083000,2731000,12.9,Anual,Asesor comercial,15,Renovada,,
POL-001710,CLI-00362,Hogar,26/05/2024,2025-05-26,353000000,1493000,1447000,3.2,Mensual,Agencia,0,Renovada,,
POL-006606,CLI-02543,Auto,06/06/2022,,86000000,3158000,2373000,33.1,Anual,Corredor,10,Vencida,,
POL-002589,CLI-03364,Salud,18/11/2024,2025-11-18,85000000,1403000,1359000,3.2,Semestral,Agencia,10,Renovada,,
POL-003062,CLI-02961,Salud,12/11/2022,2023/11/12,101000000,1626000,1317000,,Mensual,Bancaseguros,5,Renovada,,
POL-002324,CLI-03742,Auto,2022/04/26,26/04/2023,28000000,933000,677000,37.8,Anual,Agencia,10,Cancelada,2023-01-25,Cambio de aseguradora
POL-007475,CLI-03838,Hogar,2022-06-10,10/06/2023,384000000,1315000,1264000,4.0,Mensual,Web,15,Renovada,,
POL-004063,CLI-02706,Auto,2021/10/09,2022/10/09,47000000,1982000,1888000,5.0,Mensual,Agencia,0, Cancelada ,09/10/2022,Venta/pérdida del bien
POL-002006,CLI-04759,  Auto,2021/06/03,2022-06-03,80000000,4639000,4517000,2.7,Trimestral,Bancaseguros,10,  Vencida,,
POL-003671,CLI-00135,Vida,2023-05-24,23/05/2024,430000000,1902000,1786000,6.5,Trimestral,Agencia,0,RENOVADA,,
POL-005537,CLI-02492,Salud,2024-05-21,21/05/2025,169000000,4153000,4024000,3.2,Semestral,Agencia,5,RENOVADA,,
POL-006429,CLI-00490,Auto,18/11/2021,2022-11-18,34000000,1388000,1019000,36.2,Anual,Web,15,CANCELADA,29/06/2022,Precio
POL-008157,CLI-04046, Auto ,2021-12-12,12/12/2022,40000000,2198000,1890000,16.3,Anual,Agencia,15,Renovada,,
POL-005053,CLI-01878,  Salud,2024/01/18,2025-01-17,103000000,2087000,2132000,-2.1,Anual,Asesor comercial,10,Vencida,,
POL-001811,CLI-00161,Salud,2021-11-14,14/11/2022,116000000,2627000,2446000,7.4,Trimestral,Web,10,Cancelada,2022/10/11,Cambio de aseguradora
POL-006104,CLI-01378,SALUD,2025/04/07,07/04/2026,104000000,2630000,2578000,2.0,Trimestral,Web,5,Activa,,
POL-002773,CLI-04544,Auto,2023-02-28,28/02/2024,76000000,3566000,3361000,6.1,Anual,Bancaseguros,5,  Renovada,,
POL-002055,CLI-02681,Salud,01/09/2024,2025-09-01,109000000,2570000,2393000,7.4,Semestral,Asesor  comercial,5,Vencida,,
POL-002881,CLI-04325,Vida,14/01/2023,2024-01-14,532000000,2382000,2230000,6.8,Anual,Asesor comercial,5,Renovada,,
POL-007132,CLI-01096,VIDA,18/02/2024,2025/02/17,270000000,1011000,953000,6.1,Mensual,Asesor comercial,5,Renovada,,
POL-000483,CLI-01024,Auto,2021-04-11,2022/04/11,48000000,1976000,1902000,3.9,Anual,Asesor comercial,5,Renovada,,
POL-002288, CLI-01626 ,Auto,2024-01-06,2025/01/05,65000000,2897000,,8.1,Semestral,Asesor comercial,5,  Renovada,,
POL-005232,CLI-03227,Auto,2021/09/16,2022-09-16,68000000,2690000,2538000,6.0,Anual,Bancaseguros,5,Cancelada,2021-12-04,Cambio de aseguradora
POL-003687,CLI-02537,Seguro Hogar,17/01/2023,17/01/2024,198000000,869000,824000,5.4,Mensual,Web,5,Vencida,,
POL-000684,CLI-04384,Hogar,2024-03-07,,188000000,860000,839000,2.5,Mensual,web,0,Renovada  ,,
POL-004874,CLI-00874,Salud,06/06/2025,2026/06/06,93000000,1659000,1562000,6.2,Anual,Web,15,Activa,,
POL-004604,CLI-04121,Hogar,2021-01-01,01/01/2022,283000000,1040000,976000,6.6,Mensual,Asesor comercial,5,Renovada,,
POL-001413,CLI-03790,SEGURO AUTO,15/07/2022,15/07/2023,41000000,0,1123000,11.6,Mensual,Web,15,Renovada,,
POL-005328,CLI-04693,SALUD,2024-03-17,17/03/2025,81000000,1379000,1295000,6.5,Mensual,Agencia,15,  Renovada,,
POL-005242,CLI-01514, Hogar ,2024-09-01,2025-09-01,114000000,444000,417000,6.5,Mensual,Web,15,Renovada,,
POL-005957,CLI-00404,Auto,2025/03/18,2026-03-18,35000000,1327000,1311000,1.2,Mensual,Agencia,10,Activa,,
POL-001629,CLI-03035,Auto,2024-05-06,06/05/2025,72000000,2457000,2283000,7.6,Semestral,Agencia,10,Vencida,,
POL-000939,CLI-01196,AUTO,17/11/2024,2025-11-17,32000000,1216000,870000,39.8,Mensual,Corredor,0,CANCELADA,21/10/2025,Precio
POL-004282,CLI-01583,auto,28/11/2024,28/11/2025,68000000,3807000,3551000,7.2,MENSUAL,Bancaseguros,15,Renovada,,
POL-006895,CLI-00272,Auto,2023-04-30,2024/04/29,36000000,1229000,1144000,7.4,Semestral,Web,5,Renovada,,
POL-005013,CLI-01039,Seguro de Salud,2022-08-01,2023/08/01,96000000,2251000,1738000,29.5,Mensual,Asesor comercial,0,Cancelada,2023/04/26,Cambio de aseguradora
POL-003925,CLI-03448,Salud,17/03/2022,2023-03-17,182000000,4486000,4289000,4.6,Anual,Bancaseguros,5,VENCIDA,,
POL-005672,CLI-02600,Salud  ,2024/04/12,2025-04-12,107000000,1908000,1871000,2.0,Trimestral,Web,15,Vencida,,
POL-005510,CLI-01903,Auto  ,2021-08-27,27/08/2022,29000000,1618000,1560000,3.7,Semestral,Agencia,15,Renovada,,
POL-006490,CLI-05013,Auto,17/03/2023,16/03/2024,28000000,1434000,1295000,10.7,Trimestral,Agencia,15,Cancelada,2023-08-20,Precio
POL-006274,CLI-00552,vida,2021/01/14,14/01/2022,232000000,1093000,1068000,2.3,Mensual,Web,10, Vencida ,,
POL-004106,CLI-03109,Auto,26/09/2022,2023/09/26,113000000,4980000,4878000,2.1,Mensual,Asesor comercial,15,Renovada,,
POL-002926,CLI-03330,SALUD,23/03/2025,23/03/2026,53000000,1205000,1152000,4.6,Anual,Asesor comercial,5,Cancelada,2025/09/21,Cambio de aseguradora
POL-002120,CLI-00027,Auto,2025/03/04,04/03/2026,149000000,5436000,5372000,1.2,Trimestral,Web,0,Cancelada,2025-10-21,CAMBIO DE ASEGURADORA
POL-003791,CLI-01548,Auto,27/06/2023,INVALID_DATE,35000000,1689000,1583000,6.7,Anual,Asesor comercial,10,Renovada,,
POL-003431,CLI-01091,Seguro Auto,2022-05-24,2023-05-24,37000000,1512000,1157000,30.7,Mensual,Corredor,5,Renovada,,
POL-006375,CLI-01151, Auto ,23/07/2023,22/07/2024,53000000,1585000,1560000,1.6,Anual,Agencia,15,Vencida,,
POL-002702,CLI-01558,Vehículo,06/06/2024,2025-06-06,34000000,1251000,1229000,1.8,Semestral,Corredor,0,Anulada,2025-03-28,Otro
POL-007863,CLI-01075,Automóvil,01/10/2022,2023-10-01,45000000,1904000,1843000,3.3,Anual,Asesor comercial,0,Renovada,,
POL-004703,CLI-00088,Auto,2023-12-14,2024/12/13,35000000,1321000,1353000,-2.4,Anual,Asesor comercial,5,Renovada,,
POL-002149,CLI-00722,Auto,24/11/2024,2025-11-24,46000000,2054000,1962000,4.7,Mensual,Corredor,5,Renovado  ,,
POL-006809,CLI-03230,Vida,2022/06/07,2023-06-07,171000000,463000,438000,5.8,Mensual,Asesor comercial,10,Renovada,,
POL-004465,CLI-00130,Vida,2022-11-06,2023-11-06,349000000,904000,868000,4.1,Mensual,Corredor,10,Renovada,,
POL-007195,CLI-00197,Vida,2023-10-26,2024-10-25,183000000,873000,807000,8.2,Mensual,ASESOR COMERCIAL,5,Vencida,,
POL-001000,CLI-01109,Hogar,2021-06-13,2022/06/13,233000000,1139000,1110000,2.6,Mensual,Asesor comercial,0,Renovada,,
POL-006177,CLI-03616,Hogar,2023-09-16,2024-09-15,134000000,497000,468000,6.2,Trimestral,Bancaseguros,0,Cancelada,2024-06-08,Otro
POL-007392,CLI-02892,Auto,2023-12-15,2024-12-14,51000000,2133000,1993000,7.0,ANUAL,agencia,10,Renovada,,
POL-001110,CLI-00786,Vida,2024-04-26,2025-04-26,294000000,854000,887000,-3.7,SEMESTRAL,Bancaseguros,15,Renovada,,
POL-000329,CLI-00931,Hogar,15/03/2024,2025-03-15,167000000,710000,508000,39.9,Mensual,Asesor comercial,10,Cancelada,09/12/2024,Venta/pérdida del bien
POL-003636,CLI-00312,Auto,29/11/2024,2025-11-29,59000000,2480000,2179000,13.8,Trimestral,Web,15,vencida,,
POL-007861,CLI-04687, Auto ,28/08/2024,28/08/2025,18000000,545000,534000,,Anual,Agencia,0,Renovada,,
POL-004564,CLI-00636,  Vida,2022-03-24,2023/03/24,172000000,681000,682000,-0.1,Mensual,Web,5,Renovada,,
POL-004048,CLI-01993,Auto,2025-01-31,2026-01-31,44000000,1747000,1661000,5.2,Mensual,Web,5,Vigente,,
POL-002262,CLI-02174,Vida,2024-02-09,2025/02/08,299000000,1074000,954000,12.6,Mensual,Bancaseguros,0,Vencida,,
POL-005262,CLI-04858,Salud,2024-09-06,2025/09/06,62000000,1582000,1420000,11.4,Mensual,Agencia,0,Renovada,,
POL-004328,CLI-03556,Salud,2022/05/02,02/05/2023,112000000,2168000,2144000,1.1, Trimestral ,Bancaseguros,5,RENOVADA,,
POL-006195,CLI-01718,Auto,2024-03-20,2025/03/20,80000000,2939000,2862000,2.7,Trimestral,Asesor comercial,5,Renovada,,
POL-005421,CLI-00007,Seguro de Vida,2025-05-05,2026-05-05,381000000,1306000,1024000,27.6,Trimestral,Agencia,0,Cancelada,2025-10-09,Precio
POL-004587,CLI-01182,Hogar,28/09/2024,28/09/2025,211000000,777000,734000,5.8,ANUAL,Agencia,5,Vencida,,
POL-006351,CLI-04010,SALUD,2022-02-10,10/02/2023,97000000,1863000,1751000,6.4,Mensual,Agencia,15,Cancelada,2022-07-19,Falta de pago
POL-006304,CLI-02634,Vehículo,2023-09-08,2024-09-07,107000000,4416000,,22.2,Anual,Agencia  ,0,Vencida,,
POL-001303,CLI-00252,Auto,14/11/2024,2025-11-14,47000000,1871000,,4.7,trimestral,Bancaseguros,15,Renovada,,
POL-003388,CLI-01723,Vida,19/07/2022,2023-07-19,300000000,1295000,1242000,4.3,Mensual,Asesor comercial,5,Vencida,,
POL-002442,CLI-01379,Auto,2024/07/26,2025-07-26,48000000,1945000,1840000,5.7,Trimestral,Asesor comercial,10,Renovada,,
POL-001652,CLI-04821,Auto,2023-06-11,2024-06-10,55000000,2342000,1844000,27.0,anual,WEB,10,Vencida,,
POL-004416,CLI-04452,hogar,25/08/2024,2025-08-25,209000000,756000,701000,7.8,Mensual,Asesor comercial,0,Vencida,,
POL-000310,CLI-02009,Auto  ,14/09/2024,2025-09-14,38000000,1517000,1389000,9.2,Mensual,Bancaseguros,0,Renovada,,
POL-007445,CLI-00150,Salud,2024-06-24,24/06/2025,64000000,1301000,1262000,3.1,Trimestral,Asesor comercial,15,Renovada  ,,
POL-004814,CLI-02623,Auto,25/12/2024,25/12/2025,13000000,486000,360000,35.1,Trimestral,asesor comercial,0,Renovada,INVALID_DATE,
