reclamo_id,poliza_id,fecha_siniestro,fecha_reclamo,fecha_resolucion,tipo_siniestro,ciudad_siniestro,canal_reporte,hora_siniestro,num_documentos,monto_solicitado,monto_pagado,estado_reclamo,sospecha_fraude
REC-000315,POL-001229,17/12/2022,28/12/2022,2023/01/04,Medicamentos,CÚCUTA,App,14,3,3171000,2855000,Aprobado,0
REC-001336,POL-004624,2025-08-31,2025-09-01,2025-09-03,DAÑO A TERCEROS,Bogotá,Call center,8,4,8346000,7475000, Aprobado ,0
REC-002687,POL-004084,2025-12-05,2025/12/10,2025/12/15,Hospitalización,B/manga,Corredor,18,3,6481000,6297000,Aprobado,0
REC-002253,POL-007672,2022-07-09,2022/07/13,2022/07/17,Vidrios,  Cartagena,App,11,4,6129000,2533000,Pagado parcial,0
REC-002271,POL-004925,10/05/2022,2022-05-22,2022/06/03, Colisión ,  Bogotá,Call center,13,6,5032000,4740000,Aprobado,0
REC-003196,POL-001116,2025/08/16,2025-08-20,2025-09-02,Colisión,BOGOTA,App,15,5,1627000,1464000,Aprobado,0
REC-000757,POL-001240,2022-12-11,2022-12-11,20/12/2022,Hospitalización  , Cali ,App,13,8,4908000,4662000,Aprobado,0
REC-000193,POL-001725,2025-05-18,2025/05/20,2025-05-22,Daño a terceros,Pereira,Call center,9,7,4888000,4610000,Aprobado,0
REC-000771,POL-003946,2025/01/08,2025-01-09,15/01/2025,Consulta especializada,  Bucaramanga,App,13,8,4995000,4263000,Aprobado,0
REC-004182,POL-001968,2023-01-14,2023-01-16,2023-01-29,hospitalización,Cali,App,12,2,4573000,4104000,Aprobado,0
REC-004016,POL-001019,31/01/2022,02/02/2022,2022-02-09,Consulta especializada,Cali,Call center,18,4,7403000,6632000,Aprobado,0
REC-001396,POL-007588,2025/07/06,2025-07-09,2025-07-24,Medicamentos,Cali,Corredor,18,7,9349000,5227000,Pagado parcial,0
REC-000190,POL-004086,2025/04/26,26/04/2025,2025/05/09,Daño a terceros,Bogota,Call  center,12,6,3048000,2839000,Aprobado,0
REC-002642,POL-002841,2021/11/21,25/11/2021,2021-12-02,Hospitalización,B/quilla,App,18,7,7722000,7464000,Aprobado,0
REC-003934,POL-006262,2024/05/16,2024-05-17,2024-05-24,  Medicamentos,Cartagena,Call center,15,6,3316000,3053000,Aprobado,0
REC-002997,POL-007010,2025-02-25,2025/02/25,05/03/2025,Inundación,Barranquilla,Call center,17,6,1969000,664000,Pagado parcial,false
REC-000726,POL-008151,2025-10-25,2025/10/29,,HOSPITALIZACIÓN,Barranquilla,App,19,6,4305000,,En revisión,0
REC-001557,POL-002079,2025/11/23,2025/11/23,2025-12-13,Daño a terceros,  Bogotá,App,5,5,8455000,15130665,Rechazado,0
REC-003820,POL-002275,2023/02/28,2023-03-05,2023-03-09,DANOS ELECTRICOS,Barranquilla,App,10,4,2229000,2220000,aprobado,0
REC-002625,POL-000221,2024/03/01,2024-03-04,14/03/2024,Consulta especializada,Santiago de Cali,Call center,14,6,2873000,2459000,aprobado,0
REC-001917,POL-006325,2022/12/02,2022/12/06,23/12/2022,Medicamentos,Cali,Corredor,14,10,762000,692000,Aprobado,0
REC-000687,POL-007439,2024-12-30,2025-01-05,2025-01-08,Vidrios,Bogotá,Oficina,19,4,3096000,2787000,Aprobado,0
REC-004188,POL-005644,2025-06-21,2025-06-22,2025-07-04,Colisión,Pereira,App,11,8,18276000,16677000,Aprobado,0
REC-003882,POL-001053,2023/01/12,23/01/2023,2023-02-22,Consulta especializada,  Barranquilla,Corredor,16,5,1559000,1478000,Aprobado,0
REC-001883,POL-005114,2025/08/15,,28/08/2025,Daño a terceros,Manizales,Oficina,16,3,2354000,2102000,Aprobado,0
REC-000590,POL-000813,2022-11-17,2022-11-23,25/11/2022,Fallecimiento,BARRANQUILLA,App,20,10,45562000,43386000,Aprobado,0
REC-001413,POL-000441,2024-10-21,2024/10/21,09/11/2024,Hospitalización,Cúcuta,App,17,5,9809000,8490000,Aprobado,0
REC-002436,POL-003796,02/12/2023,16/12/2023,2024-01-04,Medicamentos,Bogotá,Oficina,20,9,2553000,2204000,Aprobado,0
REC-001022,POL-006031,,26/11/2024,28/11/2024,Daño a terceros,Bogotá,Corredor,6,4,3711000,0,Rechazado,0
REC-000536,POL-007549,2024-01-03,,08/02/2025,Inundación,CALI,Corredor,10,7,4135000,3905000,APROBADO,0
REC-002804,POL-005590,2024-05-01,01/05/2024,2024-05-19,Consulta especializada,Bogotá,app,16,5,1461000,,Aprobado,0
REC-002586,POL-006794,2025/09/27,2025-10-03,,Colisión,Barranquilla  ,Call center,21,2,9542000,,En revisión,0
REC-004131,POL-003921,2025/02/23,2025-02-24,2025/04/01,Colisión,Medellín,Oficina,15,5,1557000,1345000,Aprobado,0
REC-001903,POL-005590,2024-02-24,25/02/2024,2024-03-06,consulta especializada,Bogotá,Call center,15,3,1038000,964000,Aprobado,false
REC-003346,POL-004672,2024-03-28,29/03/2024,2024-03-31,Cirugía,Pereira,App,15,4,4286000,4272000,Aprobado,0
REC-002615,POL-002199,2023/12/11,,2024-01-23,Daño a terceros, Cúcuta ,App,5,6,2247000,1953000,Aprobado,0
REC-001343,POL-001670,2024-08-09,13/08/2024,2024/08/15,  Consulta especializada,Barranquilla,Corredor,14,5,1082000,,Aprobado,0
REC-003496,POL-008210,14/04/2022,,2022-04-19,Hospitalización,Medellín,App,15,2,,5641000,Aprobado  ,0
REC-001406,POL-002075,25/12/2024,27/12/2024,2024-12-29,Hospitalización,Medellín,Corredor,19,5,4087000,0,Rechazado  ,0
REC-002552,POL-000967,2024-04-05,08/04/2024,2024-04-22,Medicamentos,Bogotá,Corredor,3,,8813000,8547000,Aprobado,0
REC-001835,POL-004257,2024-02-03,06/02/2024,20/02/2024,Consulta especializada,Medellín,Oficina,15,5,4070000,3549000,Aprobado,0
REC-002607,POL-007355,2025-02-24,INVALID_DATE,18/03/2025,Robo,Bogotá  ,App,17,6,18680000,17883000,Aprobado,0
REC-003932,POL-002893,2024-08-08,2024-08-12,2024/10/01,Medicamentos,Medellín,Corredor,8,8,1747000,1716000,Aprobado,0
REC-003684,POL-005203,19/12/2025,22/12/2025,2025-12-31,Robo,Manizales,CALL CENTER,13,6,10657000,0,  Rechazado,0
REC-003264,POL-002529,INVALID_DATE,2024/07/24,2024-08-07,Medicamentos,Manizales,Corredor,16,4,2811000,2491000,Aprobado,0
REC-003776,POL-004878,2023/10/08,2023-10-10,2023/10/21,Consulta especializada,Medellin,Call center,15,7,7277000,2740000,Pagado parcial,0
REC-004205,POL-004023,2025-02-01,2025-02-05,2025/03/29,Daño a terceros,BOGOTÁ,App,7,10,2572000,2533000,Aprobado,0
REC-001801,POL-007585,24/04/2025,2025-05-03,2025-05-15,  Daño a terceros,Cartagena,Oficina,19,6,4984000,4311000,Aprobado,0
REC-002022,POL-007157,2025/06/27,29/06/2025,2025/07/14,Consulta especializada, Medellín ,Call center,11,5,1560000,0,Rechazado,0
REC-001818,POL-005369,2021-12-15,2021-12-19,INVALID_DATE,Hospitalización,Medellín,App,6,8,8701000,8649000,APROBADO,0
REC-001247,POL-003834,27/03/2024,2024-03-27,31/03/2024,Robo,Bogota,Corredor,16,9,41064000,0,Rechazado,0
REC-002036,POL-002718,2025-05-23,2025-05-26,21/06/2025,Daños eléctricos,Bogotá,Oficina,9,9,3346000,0,Rechazado,0
REC-000793,pol-007261,2025-10-10,2025-10-10,INVALID_DATE,Colisión,Cartagena,App,13,5,889000,0,Rechazado,0
REC-001104,POL-006777,17/06/2025,2025-06-20,2025-07-05,Enfermedad grave,MEDELLÍN,Corredor,21,6,69350000,0,Rechazado,0
REC-002614,POL-002128,2022-05-04,2022-05-06,2022/05/25,Medicamentos,Bogotá,Call  center,13,6,3451000,3130000,Aprobado,0
REC-002151,POL-001195,27/06/2024,2024-07-06,2024-07-18,Vidrios,Bogotá,Call center,17,3,2946000,2655000,Aprobado,0
REC-001912,POL-006574,INVALID_DATE,24/07/2024,2024-07-30,Daño a terceros,Medellín,Oficina,10,8,1837000,1673000,Aprobado,0
REC-004001,POL-002549,2023/11/11,2023-11-12,2023/11/24,Medicamentos,Cúcuta,Call center,15,8,6475000,6320000,Autorizado,0
REC-001560,POL-008192,03/08/2025,2025-08-03,2025-08-09,Hospitalización,Medellín,Corredor,18,3,6385000,4376000,Pagado parcial,0
REC-001054,POL-001743,,2025-07-22,2025-07-26,Medicamentos, Bogotá D.C. ,Oficina,18,7,1254000,1168000,Aprobado,0
REC-002791,POL-004234,2024-03-10,2024-03-10,15/03/2024,COLISIÓN,CARTAGENA,Corredor,15,3,2434000,2356000,Aprobado,0
REC-001332,POL-003199,2022-07-21,2022-07-24,2022-08-05,Colisión,Medellín,App,18,8,8094000,7897000,Aprobado,0
REC-002653,POL-006738,2024/08/07,07/08/2024,2024-09-09,Hospitalización,Bogotá,Call center,5,6,11119000,10312000,Aprobado,1
REC-002765,POL-004631,2024-06-04,2024/06/09,2024-07-03,Medicamentos, Cali ,OFICINA,18,5,2346000,2048000,Aprobado,N
REC-000242,POL-000705,2024-05-29,2024-06-03,2024-06-09,Colisión,Bogotá,App,11,10,3603000,3559000,Aprobado,0
REC-002024,POL-002294,2024/12/13,2024-12-14,2024-12-16, Colisión ,Bogotá  ,App,19,8,3400000,3310000,Aprobado,0
REC-003647,POL-005617,11/02/2025,2025-02-11,2025-02-25,Colisión,Pereira,Call center,17,3,5615000,5234000,aprobado,0
REC-003349,POL-005694,2025-06-09,2025-06-09,2025-06-13,Daño a terceros,Bogotá,App,9,7,3574000,3324000,Aprobado,0
REC-000644,POL-002424,2022-01-24,2022-01-30,2022-02-04,Consulta especializada,Santiago de Cali,App,6,7,4446000,4128000,Aprobado,0
REC-003049,POL-005719,2023/11/17,17/11/2023,2023-12-09,MEDICAMENTOS,Bucaramanga,Call center,18,3,2855000,7946452,Aprobado,0
REC-002510,POL-007961,2023-02-25,04/03/2023,25/03/2023,Incapacidad,Bogota,Oficina,15,5,19396000,18738000, Aprobado ,0
REC-000078,POL-003011,2022-12-09,2022/12/09,28/12/2022,Consulta especializada,Medellín,App,16,3,3919000,0,Rechazado,0
REC-002048,POL-002122,12/12/2024,12/12/2024,2024-12-17,Inundación, Medellín ,Call center,13,1,2865000,0,RECHAZADO,0
REC-002783,POL-000439,2023-06-21,24/06/2023,2023-06-26,Medicamentos,Barranquilla, App ,15,10,4562000,4082000,Aprobado,0
REC-003693,POL-004021,2024-11-18,2024-11-20,2025-01-04,Medicamentos,Medellín,App,12,3,1249000,1168000,aprobado,0
REC-003582,POL-001154,04/03/2025,2025-03-04,2025-04-02,Inundación,CALI,Corredor,15,5,1000000,877000,Aprobado,N
REC-000756,POL-006643,2022-11-03,04/11/2022,25/11/2022,Daño a terceros,Bogotá,Call center,15,8,2233000,2164000,Aprobado,0
REC-002888,POL-007045,2025/05/27,2025-06-04,2025-06-29,Enfermedad grave,Medellín,  Corredor,8,3,27018000,25571000,Aprobado  ,0
REC-000468,POL-000874,2023/08/14,INVALID_DATE,20/08/2023,Robo,Medellin,Corredor,13,5,2664000,851000,Pagado parcial,0
REC-002187,POL-006603,15/09/2023,,22/09/2023,Colisión,Bucaramanga,App,13,4,2162000,2053000,  Aprobado,false
REC-001548,POL-007998,2022-08-20,2022-08-24,2022/09/06,Cirugía,Pereira,Call center,14,4,27782000,26109000,Aprobado,0
REC-000863,POL-007185,28/04/2025,2025-04-28,2025-05-12,Consulta especializada,cali,Call center,12,5,3201000,2808000,Aprobado,0
REC-000509,POL-008383,2024-08-19,2024/08/19,2024-09-02,Vidrios,,Corredor,16,4,6066000,5651000,Aprobado,0
REC-002213,POL-001384,17/01/2025,2025-01-17,2025-01-28,Incendio,Bucaramanga,call center,18,5,40771000,35212000,Aprobado,No
REC-002070,POL-005423,19/09/2025,26/09/2025,,robo,Pereira,CALL CENTER,14,4,28453000,,En revisión  ,0
REC-003681,POL-001856,2024/01/03,2024-01-06,2024-01-11,Consulta especializada,MEDELLÍN,App,13,6,1638000,1419000,Aprobado  ,0
REC-002497,POL-007242,31/01/2025,31/01/2025,2025-02-04,Vidrios,Medellín,Call center,10,5,7370000,3173000,Pagado parcial,0
REC-003354,POL-002946,2025-10-07,13/10/2025,2025-10-21,Colisión,Bogotá,OFICINA,10,7,9675000,8752000,Aprobado,0
REC-003161,POL-006272,2023-10-02,2023/10/07,2023/10/11,Inundación,Barranquilla,Call center,12,4,1570000,1354000,Aprobado,0
REC-000721,POL-007938,2025-02-09,2025-04-02,19/05/2025,  Robo,Bogotá,Corredor,13,5,26296000,0,Denegado,1
REC-003761,POL-003406,2024/07/13,2024-08-07,20/08/2024,Cirugía,Pereira,App,14,8,,5528000,APROBADO,0
REC-002179,POL-000790,2024/10/23,2024-10-27,30/10/2024,Medicamentos,  Medellín,App  ,19,6,5197000,4887000,APROBADO,0
REC-002825,POL-006221,29/04/2025,2025/05/01,2025-05-11,Medicamentos,,Oficina,9,5,2006000,0,Rechazado,0
REC-000137,POL-006533,,19/09/2025,2025-10-23,Colisión,Pereira,Oficina,11,10,2165000,854000,Pagado parcial,0
REC-003727,POL-004874,04/08/2025,2025-08-04,14/08/2025,Medicamentos,Bta,Oficina,15,5,1271000,846000,PAGADO PARCIAL,false
REC-000507,POL-002562,2022-12-17,2022-12-23,,Medicamentos,Pereira,App,11,7,1653000,1641000,Aprobado,0
REC-001542,POL-004678,22/05/2024,2024-05-23,2024/06/12,  Medicamentos,Pereira,App,19,1,4145000,3861000,Aprobado,0
REC-002361,POL-004366,25/09/2021,06/11/2021,2022-01-21,Daño  a  terceros, Bogotá ,Corredor,22,3,8082000,0,Rechazado,1
REC-003332, POL-007833 ,2021-07-06,2021-07-06,2021-07-23,Medicamentos,Pereira,Call center,13,4,995000,0,Rechazado,0
REC-002308,POL-004753,23/03/2022,2022-03-31,03/04/2022, Daño a terceros ,Medellín,Oficina,13,7,,1738000,Aprobado,0
REC-000392,POL-001349,01/08/2022,2022/08/03,2022-08-05,Daños eléctricos,Bogotá,CALL CENTER,9,5,1387000,1278000,Aprobado,0
REC-001985,POL-005815,11/03/2022,16/03/2022,,Cirugía,Manizales,Corredor,19,8,,3988000,Aprobado,0
REC-000692,POL-005384,2023-03-07,2023-03-09,2023/03/24,hospitalización,Bogotá,Corredor,10,4,3484000,3337000,Aprobado,0
REC-001528,POL-000158,2024-01-22,2024-01-23,2024-01-31,Daño a terceros,Cali  ,Call center,18,6,3346000,2971000,Aprobado,0
REC-003335,POL-007204,03/06/2024,08/06/2024,22/06/2024,Robo,Cali,App,12,,29281000,25104000,aprobado,0
REC-002923,POL-004261,2023-03-28,28/03/2023,2023-04-12,Colisión,MEDELLIN,Oficina,16,3,5587000,2877000,Pagado parcial,0
REC-002128,POL-001202,04/10/2023,06/10/2023,26/10/2023,Colisión,Bogotá,App,15,3,2716000,2421000,Aprobado,0
REC-003028,POL-006307,24/06/2025,2025-06-27,2025-07-24,Cirugía,Manizales,Oficina,16,4,6285000,5422000,Aprobado,0
REC-003367,POL-006160,2023-03-09,2023-03-13,2023/04/03,DAÑO A TERCEROS,Cúcuta,Oficina,19,8,4563000,2524000,Pagado parcial,0
REC-003337,POL-006599,11/07/2024,2024-07-14,2024-07-22,Colisión,BARRANQUILLA,Call center,5,,3320000,2937000,Aprobado,0
REC-002613,POL-003679,2021-09-09,2021/10/05,17/11/2021,Colisión,Manizales,  Call center,1,4,,0,Rechazada,1
REC-003096,POL-004030,2023/08/11,18/08/2023,22/08/2023,Colisión,Bta,CALL CENTER,7,5,5195000,3529000,Pagado parcial,0
REC-002255,POL-007174,2021/11/18,2021-11-18,24/11/2021,Daños eléctricos,Bogota,Call center,19,3,2783000,2711000,Aprobado,0
REC-001677,POL-007451,2025-08-14,2025-08-14,17/08/2025,COLISION,Bogotá,Corredor,15,1,3985000,1676000,Pagado parcial,0
REC-002008,POL-002943,23/08/2024,2024/08/28,09/09/2024,Hospitalización,Medellín,Call center,14,10,2206000,2059000,Aprobado,0
REC-001811,POL-007574,2024-07-07,2024-07-10,2024-07-28,Colisión,Cali,App,10,7,7058000,6000000,Aprobado,0
REC-000496,POL-004869,2023/04/21,23/04/2023,2023/06/06,Consulta especializada,Bogotá D.C.,Oficina,10,7,1083000,1077000,Aprobado,0
REC-001276,POL-001410,2024-05-08,2024-05-11,2024-06-01,Hospitalización,Bogotá,App,19,8,8899000,8372000,Aprobado,0
REC-002491,POL-003914,2025-02-16,19/02/2025,27/02/2025,Cirugía,,Call center,18,4,6105000,0,Rechazado,0
REC-002110,POL-002636,05/10/2024,2024-10-07,11/10/2024,Medicamentos,BOGOTA,Call center,23,9,7296000,2597000,Pagado parcial,0
REC-002475,POL-004675,11/05/2025,2025-05-13,2025/05/25,Colisión,Bogotá,App,12,3,4795000,4517000,Aprobado,0
REC-003606,pol-001218,19/12/2025,2025-12-19,,Robo,Pereira,  Oficina,23,5,30400000,,En revisión,0
REC-003377,POL-005818,2025-02-21,2025-02-21,13/03/2025,Medicamentos,Santa Marta,Call center,12,6,4332000,,Aprobado,0
REC-004288,POL-001910,2022/01/21,28/01/2022,2022-02-01,Consulta especializada,MEDELLÍN,App,19,5,5907000,5891000,Aprobado,0
REC-002058,POL-007156,2022-10-12,17/10/2022,2022-10-25,Daño a terceros,santa marta, Oficina ,17,5,6880000,6742000,Aprobado,0
REC-002371,POL-006654,02/11/2023,06/11/2023,2023-11-10,Medicamentos  ,BOGOTÁ,Call center,17,4,1128000,1067000,Aprobado,0
REC-002669,POL-000389,2024/05/25,2024-05-26,02/08/2024,  Daño a terceros,MEDELLIN,OFICINA,18,2,3146000,3106000,Aprobado,0
REC-001371,POL-006944,2023-04-05,2023-04-05,06/05/2023,Medicamentos,medellín,App,18,7,5496000,4839000,Aprobado,0
REC-002125,POL-002166,2023-01-08,2023-01-10,2023-02-13,Daños eléctricos,Bogotá  ,Call center,11,4,1968000,0,Rechazado,0
REC-000188,POL-000705,2024-09-06,06/09/2024,20/09/2024,Daño a terceros,Bogotá,Call center,13,3,5770000,2639000,Pagado parcial,0
REC-002180,POL-006795,26/07/2024,2024-07-29,2024-08-18,Robo,Pereira,Call center,10,5,11803000,10316000,Aprobado,0
REC-004013,POL-005008,07/02/2023,2023-02-10,15/02/2023,Consulta  especializada,Medellín,App,13,3,5109000,2331000,Pagado parcial,0
REC-002127,POL-005779,2025-03-23,2025-03-23,2025-03-30,Cirugía,Bogotá,Call center,14,3,19906000,16980000,Aprobado,0
REC-002870,POL-007664,20/04/2022,2022/04/23,2022-05-19,Colisión,Barranquilla,App,12,4,1199000,1161000,Aprobada,0
REC-003639,POL-002271,2025-12-28,,,Vidrios,bogotá,Oficina,14,4,632000,,En revisión,0
REC-000846,POL-005201,02/05/2023,2023-05-03,2023-06-01,Medicamentos,Medellín,App,11,6,1437000,1420000,Aprobado,0
REC-003493,POL-004616,20/03/2024,2024-03-23,2024/04/15,Consulta especializada,Medellín,APP,15,3,1327000,1279000,Aprobado,0
REC-000743,POL-007817,2023-08-30,2023-09-03,2023/09/08,Robo,  Cali,Oficina,13,9,65550000,23631000,Pagado parcial,0
REC-002276,POL-002210,,2021/12/02,2021-12-17,Medicamentos,Cartagena  de  Indias,Oficina,16,7,560000,526000,Aprobado,0
REC-003790,POL-003076,2023-05-22,28/05/2023,2023-06-15,Consulta especializada, Bogotá ,Corredor,17,8,1016000,, Aprobado ,0
REC-002582,POL-008237,2025-04-05,2025-04-05,12/04/2025,Daño a terceros,Santa Marta,Call center,16,9,1788000,1720000,Aprobado  ,false
REC-000245,POL-005877,2024-11-25,2024/12/03,2024-12-09,Daño a terceros,Cali  ,App  ,16,3,14657000,14147000,Aprobado,0
REC-001076,POL-001364,2024-06-29,2024-06-30,13/07/2024,ENFERMEDAD GRAVE,Bogotá,  App,13,3,104222000,96560000,Aprobado,0
REC-000151,POL-002441,2021/11/29,2021-11-30,27/12/2021,Colisión,BOGOTÁ,App,25,5,5717000,5683000,Aprobado,0
REC-003687,POL-001845,30/11/2022,2022-12-14,2022-12-31,Colisión,Medellín,Call  center,6,3,4357000,4195000,Aprobado,0
REC-002035,POL-007578,01/08/2025,01/08/2025,2025/08/11,Medicamentos,Cali,Call center,13,7,1992000,1966000,Aprobado,0
REC-002154,POL-001437,2022-01-28,2022-01-28,2022-02-06,  Colisión,Cúcuta,Oficina,13,5,1747000,1510000,Aprobado,0
REC-004141,POL-007322,2022-11-11,2022-11-18,2022-11-22,MEDICAMENTOS,Cartagena,Oficina,15,4,1339000,1274000,aprobado,0
REC-002882,POL-004345,06/04/2025,2025-04-06,22/04/2025,Consulta especializada,Santa Marta,Corredor,9,10,3601000,,Aprobado,0
REC-003159,POL-007669,30/06/2025,2025-07-01,2025-07-25,Medicamentos,Cartagena,Corredor,12,,2083000,1204000,Pagado parcial,0
REC-000909,POL-003005,2024/06/19,2024-06-20,08/07/2024,Daño a terceros,Bogotá,oficina,4,8,3559000,3393000,Aprobado,0
REC-001262,POL-000143,2025-04-05,2025-04-06,08/04/2025,HOSPITALIZACIÓN,Bogotá,Corredor,14,,3988000,3669000,Aprobado,0
REC-002507,POL-007405,2023-09-01,2023-09-01,2023-09-15,Consulta  especializada, Cartagena ,App,16,5,2302000,2009000,Aprobado,0
REC-002387,POL-002811,18/11/2024,2024-11-21,2024-11-28,HOSPITALIZACION,bogotá,Call center,3,6,4966000,4404000,Aprobado,0
REC-000600,POL-006559,14/01/2023,17/01/2023,30/01/2023,Daño a terceros,,OFICINA,14,9,9466000,8653000,APROBADO,0
REC-000896,POL-003701,2023-06-25,2023-07-04,2023-08-16,Daño a terceros  ,Barranquilla,Oficina,7,5,1006000,931000,Aprobado,0
REC-003716,POL-006763,2024/12/26,,2024-12-30,Consulta especializada,Bogotá,Call center,8,4,2639000,2382000, Aprobado ,0
REC-001718,POL-002883,2024/06/09,20/07/2024,03/08/2024,Daños eléctricos  ,Pereira,Call center,19,3,3160000,2857000,Aprobado,1
REC-002785,POL-007966,14/05/2025,2025-05-15,2025-05-25,DANO A TERCEROS,Barranquilla,Corredor,11,4,13438000,7671000,Pagado parcial,0
REC-002727,POL-006350,13/02/2023,16/02/2023,20/02/2023,CONSULTA ESPECIALIZADA,,App,9,4,2324000,1976000,Aprobado,0
REC-000624,POL-004053,2022/10/28,01/11/2022,2022/11/04,Colisión,Bogotá, Oficina ,12,4,2783000,2378000,Aprobado,
REC-004118,POL-001831,2024/12/24,2024/12/24,2024-12-29,Consulta especializada, Medellín ,Corredor,7,10,5399000,4945000,Aprobado,0
REC-001386,POL-001238,2023/01/12,2023-01-14,27/01/2023,Medicamentos,Medellín,Oficina,17,6,1207000,1203000,Aprobado,0
REC-000402,POL-004589,2023-02-03,2023/02/18,2023-03-10,Consulta especializada,,Call center,17,2,11146000,11048000,Aprobado,1
REC-002094,POL-004206,2022-02-27,03/03/2022,2022-04-07,COLISION,Cali,App,10,6,7202000,4235000,Pagado parcial,0
REC-004091,POL-008394,2023-05-09,2023-05-12,2023/06/13,DANO A TERCEROS,Cali,App,21,1,4798000,4622000,APROBADO,0
REC-003262,POL-003672,2024/05/12,2024-05-12,2024/06/08,Medicamentos,Cali,CORREDOR,11,2,1444000,1315000,Aprobado  ,0
REC-004232,POL-001439,21/12/2021,,2022/01/11,HOSPITALIZACION, Pereira ,App,14,5,5753000,3841000,Pagado parcial,0
REC-000818,POL-007654,2025-06-23,,10/07/2025,Consulta especializada,SANTA MARTA,Call center,11,10,2572000,0, Rechazado ,0
REC-003604,POL-003205,2025-03-09,2025-03-10,2025/03/18,Daño a terceros,Pereira,App,19,4,2496000,0,Rechazado,0
REC-001436,POL-003546,2024-12-28,09/01/2025,02/02/2025,Daño a terceros,cartagena,Call center,12,4,4648000,4470000,Aprobado  ,0
REC-000384,POL-003665,2024-08-25,2024-08-28,2024-09-04,consulta especializada,Bogotá,Corredor,3,5,2332000,0,Rechazado,0
REC-002129,POL-004763,2023/03/08,2023/03/15,04/04/2023,Hospitalización,BOGOTA,Oficina,15,4,4479000,0,Rechazado,0
REC-001384,POL-004871,27/04/2025,2025-04-27,2025-06-02,  Vidrios,Bogotá,App,5,3,2545000,2414000,Autorizado,0
REC-000596,POL-004537,2025-06-03,2025-06-04,2025-06-22,Vidrios  ,Bogota,Oficina,12,5,7506000,0,  Rechazado,0
REC-003787,POL-005514,2025-12-26,30/12/2025,2025-12-31,Medicamentos,cali,Corredor,16,4,10527000,10388000,Aprobado,0
REC-000289,POL-004689,09/05/2025,2025-05-15,2025/05/20,Vidrios,BOGOTA, Corredor ,15,6,,2092000,AUTORIZADO,0
REC-001501,POL-006230,,2025-08-29,09/09/2025,Cirugía,Bogota DC,App,18,,14529000,13727000,Aprobado,0
REC-000037,POL-002619,19/02/2024,2024-02-27,2024-03-08,Daño a terceros,Bogotá,Call center,19,5,1723000,1558000,Aprobado,0
REC-001404,POL-002090,INVALID_DATE,2025-01-06,2025-01-12,Consulta especializada,  Cali,  Call center,9,8,3862000,3641000,Aprobado,0
REC-002207,POL-000582,2024-07-15,22/07/2024,2024/07/28,Robo,,App,4,,5874000,5494000,Aprobado,0
REC-003138,POL-001276,01/02/2021,2021-02-02,2021-02-10,Medicamentos,Bogotá,App,8,6,1720000,1670000,Aprobado,N
REC-001814,POL-003189,2025-07-14,2025-07-19,2025-07-24,Daños eléctricos,Barranquilla,Call center  ,22,3,3828000,3503000,Aprobado,0
REC-002277,POL-006342,29/10/2021,04/11/2021,2021-11-06,Incendio,  Barranquilla,Corredor,16,8,16852000,15578000,Aprobado,0
REC-000838,POL-008265,2025-12-10,2025-12-16,,Vidrios,PEREIRA,Call center,19,8,1542000,,En revisión,0
REC-001059,POL-000625,07/09/2022,2022-09-09,2022-09-28,Daño a terceros,Manizales,App,5,8,1031000,0,Rechazado,0
REC-003866,POL-005601,2022-11-21,21/11/2022,01/12/2022,Vidrios, Bogotá ,Oficina,8,4,2211000,2008000,APROBADO,0
REC-000441,POL-006380,27/10/2024,30/10/2024,2024-11-12,Colisión,Cali,  App,14,4,4081000,3544000,Aprobado  ,0
REC-003501,POL-007717,12/07/2024,2024-07-20,2024-07-24,VIDRIOS,Bucaramanga,  Corredor,13,6,5974000,5337000,Aprobado,0
REC-003671,POL-000030,2023/03/11,2023/03/13,2023-04-22,Colisión,Cali,Corredor,15,5,3445000,0,Denegado,0
REC-000021,POL-007642,2022-04-19,2022-04-23,2022/07/19,Cirugía,Bogotá,Corredor,15,0,37983000,37773000,aprobado,true
REC-003371,POL-005371,05/06/2023,2023-06-14,INVALID_DATE,Medicamentos,Bogotá,App,13,4,6081000,5685000,aprobado,0
REC-001017,POL-005189,2021-10-15,15/10/2021,2021-10-18,Vidrios,Bogotá,App,18,7,706000,680000,Aprobado,0
REC-001374,POL-007913,2024/04/23,26/04/2024,2024/05/05,Consulta especializada,Medellín  ,App,7,10,3457000,0,Rechazada  ,0
REC-003729,POL-004093,2021-11-29,,2021-12-29,Medicamentos,Bogotá,App,12,10,3004000,2857000,Aprobado,0
REC-001038,POL-004410,2024/04/18,2024-04-20,2024/05/17,ENFERMEDAD GRAVE,Cúcuta,Oficina,19,2,63215000,58243000,aprobado,0
REC-001612,POL-004647,13/04/2025,2025-04-22,24/04/2025,Vidrios,Bogotá,Oficina,9,3,1180000,1136000,aprobado,0
REC-000272,POL-000359,2022/07/14,2022-07-20,04/08/2022,Consulta especializada,Medellín,App,10,5,3155000,3054000,Aprobado,N
REC-000361,POL-003439,23/03/2025,25/03/2025,2025/04/07,Colisión,Bogotá  ,App,13,2,6062000,0,Rechazado,0
REC-000434,POL-001309,2025-06-05,2025-06-18,07/07/2025,Medicamentos,Cali,App,21,5,2857000,2606000,Aprobado,0
REC-001928,POL-002259,2022-08-05,06/08/2022,10/08/2022,Daño a terceros,Bogotá,Oficina,17,8,1301000,1208000,Aprobada,0
REC-001598,POL-007087,09/09/2025,13/09/2025,,Colisión,Bogotá,App,2,6,4308000,,En revision,0
REC-000215,POL-002187,2025-01-13,2025-01-14,2025-01-21,Consulta especializada,Bogotá,Call center,14,7,11136000,10237000,Aprobado,0
REC-002080,pol-004390,02/11/2024,2024/11/05,2024-11-17,Colisión,Medellín,App,17,9,2729000,2489000,Aprobado,0
REC-003026,POL-006613,22/03/2025,2025/04/04,06/04/2025,Incapacidad,Medellin,App,9,8,245100000,228939000,Aprobado,0
REC-002715,POL-007519,30/11/2024,2024-11-30,2024-12-08,INUNDACION,Cúcuta,App,11,8,7512000,7277000,Aprobado,0
REC-002347,POL-007463,2025-07-23,,2025-07-28,Vidrios,Cali,Corredor,15,4,17284000,0,Rechazado,0
REC-000303,POL-006699,2023/09/11,2023/10/08,2023/10/10,Medicamentos,Medellín,Corredor,5,2,1158000,,Aprobado,0
REC-001246,POL-005911,13/11/2025,2025-11-15,,Cirugía,Cartagena,Oficina,19,7,37737000,,En revisión,0
REC-004012,POL-003898,2025-07-22,2025/07/26,2025-08-05,Consulta especializada,Bogotá,Oficina,21,5,1681000,1611000,Aprobado,0
REC-003246,POL-004336,07/04/2023,2023-04-10,2023-05-11,vidrios,CALI,Call center,10,5,3678000,2482000,Pagado parcial,No
REC-002513,POL-000629,24/06/2024,2024/06/27,2024-07-28,Daño a terceros,Barranquilla,App,19,7,1707000,1605000,Aprobado,0
REC-003961,POL-004253,2024/04/23,26/04/2024,28/04/2024,Medicamentos,,Oficina,23,7,3280000,2870000,  Aprobado,0
REC-001402,POL-001012,2022/03/20,22/03/2022,2022-04-06,Medicamentos,Medellín,Call center,19,,1249000,1135000,Aprobado,0
REC-004076,POL-005240,2025-12-18,18/12/2025,,Inundacion,,App,5,5,3466000,,En revisión,0
REC-001931,POL-000323,2025-01-17,2025-01-17,2025-01-28,Daños eléctricos,Bogotá,CALL CENTER,17,3,1842000,642000,Pagado parcial,NO
REC-001737,POL-003527,2025-11-04,2025/11/06,,Consulta especializada, Medellín ,Call center,12,0,1913000,,En  revisión,S
REC-002876,POL-003463,2023/11/01,2023-11-02,2023/11/07,Daño a terceros,Bogotá,Oficina,13,5,5687000,5338000,Aprobado,0
REC-003107,POL-000221,2024-08-05,05/08/2024,01/09/2024,Medicamentos,Santiago de Cali,App,7,,1231000,1121000,Aprobado,0
REC-002719,POL-001900,13/08/2024,2024/08/17,2024/08/24,Vidrios, Santiago de Cali ,Call center,11,4,1696000,1575000,Aprobado,0
REC-002144,POL-000586,06/10/2022,07/10/2022,2022/10/10,Hospitalización,Bogotá,Call center,11,7,2257000,2212000,Aprobado,0
REC-004074,POL-003758,2023-10-18,2023-10-19,2023-10-23,Consulta especializada,Bogotá,CORREDOR,15,5,2658000,2604000,  Aprobado,0
REC-003341,POL-002724,2025-04-07,2025/04/11,2025-04-20,Colisión,Cali,Call center,11,7,3505000,3008000,Aprobado,0
REC-000276,POL-002362,07/07/2024,2024/07/09,25/07/2024,Robo,Bogotá,App,8,3,46032000,28192000,Pagado parcial,0
REC-001728,POL-001281,2024-04-12,14/04/2024,2024-04-21,Daño a terceros,Barranquilla,Oficina,18,,4847000,0,Rechazado,0
REC-001605,POL-006363,2022-06-17,21/06/2022,2022/06/30,Fallecimiento,Santa Marta,App,12,8,119060000,0,RECHAZADO,NO
REC-000942,POL-003179,09/09/2025,09/09/2025,2025-09-15,Medicamentos, Barranquilla ,APP,10,3,596000,582000,Aprobado,0
REC-000480,POL-003056,24/05/2024,2024/05/24,2024-06-09,Daños eléctricos,Barranquilla,Call center,9,3,5650000,0,Rechazado,No
REC-002902,POL-006283,INVALID_DATE,2025-06-18,2025-09-03,Consulta especializada,Cartagena,App,13,2,1281000,1160000, Aprobado ,1
REC-003745,POL-001660,2024-12-15,2024/12/15,06/01/2025,Medicamentos,Bogotá,Oficina  ,13,6,4048000,0,Rechazado,0
REC-003397,POL-001627,2024-02-27,05/03/2024,2024-03-18,Vidrios,Bogotá,Call center,8,2,5957000,5223000,Aprobado,0
REC-003775,POL-002342,2025-07-26,2025-08-01,2025-08-07,Cirugía,medellín,App,18,4,6690000,0,Rechazado,0
REC-001615,POL-005825,2025-09-19,2025-09-27,,Medicamentos,Pereira,OFICINA,1,1,11274000,,En revisión,1
REC-000397,POL-001517,2023-05-28,2023/06/06,2023-06-08,Vidrios,bogotá,Oficina,17,5,9568000,8765000,Aprobado,0
REC-002622,POL-005175,31/05/2024,,2024-06-16,Cirugía,,Oficina,16,7,3389000,1377000,Pagado parcial,0
REC-000605,POL-005278,2025-01-18,2025-01-20,2025-03-06,Robo,Barranquilla,Oficina,16,2,38950000,33897000,Autorizado,0
REC-003137,POL-002116,09/03/2023,2023-03-16,02/04/2023,Inundación,BOGOTA,Oficina,15,2,2503000,0,Rechazado,0
REC-000788,POL-007473,INVALID_DATE,2023/07/19,2023-08-29,Colisión,Bogotá,Call center,9,9,1683000,1628000,Aprobado,0
REC-000086,POL-000913,2025-11-15,2025/11/15,, Vidrios ,Bogotá  ,App,11,3,9372000,,En revisión,0
REC-000764,POL-003173,2023-09-02,2023/09/05,2023-09-10,Robo,Bucaramanga, App ,12,9,38950000,0,Rechazado  ,0
REC-002421,POL-008145,11/06/2022,11/06/2022,2022-08-09,Cirugía,Bogotá,Oficina,15,5,10106000,8918000,Aprobado,0
REC-004139,POL-001379,2025-03-14,2025/03/14,26/03/2025,Medicamentos,  Bogotá,  Corredor,10,5,1811000,1545000,Aprobado,0
REC-001565,POL-003439,2025-05-29,2025/06/14,16/06/2025,daño a terceros,Bogotá,Corredor,15,9,2574000,884000,Pagado parcial,0
REC-000268,POL-001148,18/07/2023,22/07/2023,2023/08/03,Robo,Cúcuta,App,16,9,4159000,3876000,  Aprobado,0
REC-000172,POL-005139,2024-07-09,2024-07-10,17/07/2024,Colisión,Bogotá,App,12,4,3504000,3250000,Aprobado,0
REC-002133,POL-007543,15/05/2025,,2025/05/20,Consulta especializada,Medellín (Antioquia),App,16,6,1275000,652000,PAGADO PARCIAL,0
REC-000833,POL-003301,2022-12-16,2022/12/30,10/01/2023,Colisión,Bogota DC,App,22,0,3029000,1396000,Pagado parcial,1
REC-001170,POL-000544,21/02/2024,2024-03-08,21/03/2024,Cirugía,Bogotá,Oficina,14,7,6431000,6111000,Aprobado,0
REC-002298,POL-003846,14/09/2024,2024-09-14,2024-11-21,Daño a terceros,Bogotá  ,CORREDOR,5,3,12675000,11312000,Aprobado,S
REC-003791,POL-002771,2024-09-20,2024-10-17,2024-12-12,Consulta especializada,Bogotá,Corredor,17,,1584000,0,Rechazado,1
REC-001864,POL-000512,29/10/2022,2022-10-29,2022-12-01,Consulta especializada,Santa Marta,Oficina,16,5,1978000,1748000,APROBADO,0
REC-001016,POL-007773,2022-06-01,04/06/2022,2022-06-17,Robo,  Bogotá,Corredor,17,7,12927000,11019000,Aprobado,0
REC-002015,POL-005118,21/07/2024,2024-07-23,2024/07/31,Consulta especializada,Barranquilla,APP,15,4,5072000,4383000,Aprobado,0
REC-001873,POL-006725,2023-03-30,2023/03/30,2023/04/04,Consulta especializada,Medellin,App,16,6,10923000,9804000,  Aprobado,0
REC-003221,POL-005856,2024-03-17,2024-03-25,2024-03-31,Colisión,Bogotá,  Oficina,10,7,1824000,1804000,Aprobado,0
REC-001334,POL-006070,2022-05-07,2022/05/09,2022-05-28,Colisión,  Bogotá,Call center,17,5,5173000,4795000,  Aprobado,0
REC-000959, POL-006361 ,2024/01/16,,2024/01/19,Consulta especializada,Bogota,Oficina,5,6,1056000,924000,APROBADO,0
REC-003526,POL-004369,2025-01-20,21/01/2025,2025-02-17,Robo,Cali,App,15,4,67450000,67395000,Aprobado,No
REC-003250,POL-007687,2024-01-15,2024-01-15,2024/01/23,Colisión,Bogotá,Call center,18,6,3160000,2928000,Aprobado,No
REC-003803,POL-003115,2024/01/26,2024-01-27,2024-03-09,Colisión,Cali,App,19,2,194900000,0,Rechazado  ,1
REC-000855,POL-008279,05/07/2025,2025-07-05,2025/07/10,Consulta especializada,Bogota,App,12,3,5124000,4775000,Aprobado,0
REC-000030,POL-000153,30/06/2025,,05/07/2025,Consulta especializada,Bogotá,App,12,3,1330000,1313000,Aprobado,0
REC-002999,POL-001525,2023-05-16,19/05/2023,23/05/2023,CIRUGÍA,Bogotá,Corredor,9,4,6310000,3380000,pagado parcial,0
REC-003462,POL-003909,2024-02-19,2024-02-27,2024/03/01,Colisión,Pereira,Oficina,12,9,1036000,0,Rechazado  ,0
REC-004208,POL-005269,2023-08-07,2023/08/10,2023-08-29,Colisión,Medellín,Call center,4,3,14862000,0,Rechazado,1
REC-001694,POL-004618,2023/01/11,2023-01-14,2023/01/16,Medicamentos,Cúcuta,Call center,20,1,3780000,3394000,Aprobado,0
REC-001764,POL-002273,2024-03-04,2024-03-05,2024-03-13,Cirugía,Santa Marta,Corredor,14,5,18703000,17151000,APROBADO,false
REC-003199,POL-007624,2022-02-14,2022-02-23,2022/03/09,Inundación,Bucaramanga  ,APP,22,6,3523000,0,Rechazado,0
REC-000228,POL-003818,2025-09-13,24/09/2025,2025-10-11,Colisión,Bogotá,App,14,4,2674000,2317000,Aprobado,0
REC-003086,POL-004785,2025-05-25,2025-05-29,2025-06-10,Daño a terceros,Barranquilla,App,10,4,3610000,1329000, Pagado parcial ,false
REC-003795,POL-001290,04/02/2024,2024/02/28,2024/03/19,COLISION,Manizales,App,13,7,4972000,4450000,Aprobado,0
REC-001432,POL-006543,2022-10-09,2022/10/11,2022/10/15,Consulta especializada,Cartagena,Call center,12,3,1474000,1413000,Aprobado,0
REC-003703,POL-005973,2024/07/11,12/07/2024,14/07/2024,Daño a terceros,Bogotá,Oficina,8,7,2026000,1801000,Aprobado,0
REC-000027,POL-005773,06/08/2025,2025-08-12,,Inundación,Bogotá,Call center,10,6,12430000,11899000,Aprobado,0
REC-002258,POL-007100,,05/11/2022,06/12/2022,  Daños eléctricos,Santa Marta,Oficina,14,4,5421000,5114000,  Aprobado,0
REC-001999,POL-001327,2025-03-05,2025-03-11,INVALID_DATE,CONSULTA ESPECIALIZADA,PEREIRA,App,6,3,4259000,0,Rechazado  ,1
REC-000528,POL-003306,20/09/2025,2025-09-20,INVALID_DATE,Vidrios,Bogotá,Corredor,19,8,917000,0,Rechazado,false
REC-000338,POL-001196,2025-05-16,2025/05/17,2025/05/22,COLISIÓN,Medellín, App ,19,3,2660000,2498000,Aprobado,0
REC-002776,POL-001146,2024/01/18,24/01/2024,2024-01-27,Robo,Bogotá,Oficina,17,6,5613000,5520000,Aprobado,0
REC-001423,POL-004625,2023-03-25,2023/04/17,2023-05-02,Colisión,,Call center,23,3,2445000,2289000,  Aprobado,1
REC-001648,POL-004027,29/11/2022,2022-11-30,02/01/2023,Robo,BARRANQUILLA, App ,19,6,22912000,22223000,Autorizado,0
REC-002286,POL-006354,2024/04/01,2024-04-03,2024/05/13,Colisión,Cúcuta,Call center,13,9,1472000,1454000,Aprobado,0
REC-000083,POL-004327,2025-08-20,2025-08-20,2025-08-24,Cirugía,Cali,App,15,10,3777000,2555000,Pagado parcial,0
REC-003642,POL-002886,2023/02/09,2023-02-20,2023-03-23,Hospitalización,Medellín,Oficina,15,3,5332000,5231000,Autorizado,0
REC-000119,POL-004690,2025-12-13,2025-12-22,2025/12/29,Medicamentos,Bogota DC,Oficina,11,1,,0, Rechazado ,0
REC-000290,POL-001517,2023-03-22,22/03/2023,2023/04/16,Vidrios  ,bogotá,Call center,11,4,3832000,3753000,  Aprobado,0
REC-003689,POL-007985,2025-08-17,2025/08/17,2025/09/09,Cirugía,  Bogotá,Call center,8,7,4776000,4335000,Aprobado,0
REC-003272,POL-001157,03/12/2024,2024-12-04,10/12/2024,Colisión,Bogotá,Call center,21,4,974000,626000,Pagado parcial,0
REC-001973,POL-004067,2022-09-26,2022/09/26,2022/10/13,Daño a terceros,Cúcuta,Oficina,21,10,2652000,2552000,Aprobado,0
REC-003891,POL-008105,2024-08-15,2024/08/19,2024-09-03,  Robo,  Bogotá,corredor,10,5,2330000,2000000,Aprobado,No
REC-001543,POL-006458,2022-10-20,20/10/2022,2022-12-05,Colisión,Cartagena,Call center,22,4,2905000,2662000,Aprobado,1
REC-004250,POL-002801,2024-11-15,2024-11-15,2024-12-01,Inundación,Medellín,Oficina,10,,14541000,12942000,Aprobado,0
REC-002088,POL-006795,2024/09/03,2024-10-03,2024/10/23,Colisión,pereira,App,8,8,2894000,2685000,Aprobado,0
REC-001075,POL-000143,2025/09/27,2025-09-29,2025-10-04,Hospitalización,Bogotá,Corredor,14,3,3380000,3342000,Autorizado,0
REC-003654,POL-003607,12/07/2023,2023/07/21,11/10/2023,Medicamentos,Barranquilla,  Oficina,2,3,7394000,6692000,Aprobado,1
REC-003378,POL-000937,2024-05-15,2024-05-23,02/06/2024,Enfermedad  grave,Medellin,Corredor,16,7,82650000,36217000,Pagado parcial,0
REC-002134,POL-007811,20/05/2025,2025-05-22,24/05/2025,Daño a terceros,Bogotá,Corredor,17,7,1985000,,Aprobado,N
REC-001536,POL-005723,2024-08-17,26/08/2024,2024/09/08, Fallecimiento ,Medellín,Corredor,13,4,45441000,40099000,Aprobado,0
REC-001822,POL-001536,22/11/2024,2024-11-23,2024-12-04,Colision, Bogotá ,call center,0,2,16553000,0,Rechazado,1
REC-002798,POL-003028,27/04/2025,2025-04-27,03/05/2025,Vidrios,Medellín,Call center,16,4,2024000,1845000,Aprobado,0
REC-001248,POL-004367,2022-12-23,05/01/2023,2023/01/21,Vidrios,Cali,App,8,7,6080000,5297000,Aprobado,No
REC-003625,POL-004879,25/01/2025,2025-01-27,04/02/2025,Cirugia,Cúcuta,APP,16,4,,5404000,Aprobado,0
REC-001675,POL-000683,2024/04/03,04/04/2024,2024-04-25,DANO A TERCEROS,Bogotá,OFICINA,22,5,6980000,6257000,APROBADO,No
REC-003032,POL-000685,2025/11/03,2025-11-05,,Medicamentos,Medellín,Corredor,18,5,1660000,,En revision,0
REC-003249,POL-001416,2024-12-14,17/01/2025,2025-02-05,Consulta especializada,BOGOTÁ,Corredor,5,1,5759000,5446000,Aprobado,1
REC-001260,POL-007842,2025-02-22,2025-02-23,2025/03/15,Medicamentos,Medellín,App,12,6,14474000,,Aprobado  ,0
REC-003382,POL-002417,2025-03-03,04/03/2025,2025-03-10,Colisión,Medellín,Oficina,23,5,4073000,3518000,Aprobado,0
REC-002809,POL-006524,27/10/2024,30/10/2024,2024-11-03,Medicamentos,  Bucaramanga,Oficina,11,10,2261000,2236000,Aprobada,0
REC-002411,POL-007811,06/10/2024,2024-10-15,2024/11/03,COLISIÓN,Bogotá,App,15,4,1819000,1775000,Aprobado,0
REC-002605,POL-004859,01/09/2023,2023-09-01,2023/10/14,Consulta especializada,Cali,App,13,7,2013000,896000,Pagado parcial,0
REC-003561,POL-003343,2024-10-29,2024/11/11,15/11/2024,Dano a terceros,,Corredor,12,3,3112000,2859000,Aprobado,0
REC-004104,POL-002012,2022-05-28,2022-06-11,2022/06/22,Consulta especializada,Bogotá,Oficina,13,7,3883000,3437000,Aprobado,0
REC-003756,POL-000423,2024-12-01,2024-12-07,2024-12-09,Daños eléctricos,Cali,Call center,14,10,18785000,6347000,Pagado parcial,0
REC-000677,POL-004435,2023-11-05,12/11/2023,15/11/2023,Vidrios  ,Bogotá,Oficina,22,6,2287000,2266000,aprobado,0
REC-002267,POL-006646,2021/04/18,2021-05-02,2021-05-14,Colisión,Bogotá,App,7,6,7409000,6401000,APROBADO,0
REC-000769,POL-004892,2025-04-28,2025/04/30,19/05/2025,Hospitalización,B/quilla,App,14,9,5708000,3971000,Pagado parcial,0
REC-003918,POL-001820,2025-04-05,10/04/2025,20/04/2025,COLISIÓN,Bogotá,App,9,4,507000,441000,Aprobado,0
REC-002429,POL-006848,2025/10/24,2025-10-25,,Vidrios,Barranquilla,Call center,15,6,2416000,,En revisión,0
REC-001148,POL-000501,2024/06/07,2024/06/08,2024/06/14,Colisión, Medellín ,  Corredor,10,6,,5221000,Aprobado,0
REC-001833,POL-005412,2023-09-23,2023/09/27,2023-10-07,Consulta especializada,Cartagena,Corredor,10,10,6967000,6579000,Aprobado,0
REC-000586,POL-001792,12/10/2023,2023/10/13,2023/10/23,Consulta especializada,BOGOTÁ D.C.,Call center,18,7,6122000,6096000,Aprobado,false
REC-000597,POL-003711,2025-08-27,2025-08-30,2025/09/09,Cirugía,Medellín,APP,14,6,12716000,10832000,Aprobado,0
REC-003480,POL-005156,2025/08/10,2025-08-11,2025/08/15,Medicamentos,Barranquilla,Call center,14,4,5548000,5493000,APROBADO,0
REC-003320,POL-003596,2024-06-09,2024/06/10,2024/07/30,Medicamentos,Cali,Oficina,14,5,5152000,4937000, Aprobado ,0
REC-001849,POL-007205,01/04/2022,2022/04/03,12/04/2022,Incapacidad,Medellín,Oficina,17,2,93083000,37475000,Pagado parcial,0
REC-002603,POL-001097,2023-09-21,2023/09/21,2023-09-27,Medicamentos,  Medellín,App,12,8,1912000,1760000,Aprobado,0
REC-003090,POL-004299,2025-02-08,2025/02/10,2025/03/05,MEDICAMENTOS,Manizales,App,22,7,1398000,0,Rechazado,0
REC-003789,POL-006143,09/12/2024,24/12/2024,2025/01/08,  Hospitalización,Bogotá,App,16,1,14747000,9614000,Pagado parcial,1
REC-002450,POL-008116,2022-09-08,09/09/2022,2022-09-18,Consulta especializada,BOGOTÁ,Call center,21,5,4063000,3838000,Aprobado  ,0
REC-000553,POL-001478,10/11/2024,15/11/2024,2024-12-04,Colisión,Pereira,Call center,8,3,6451000,0,Rechazado,0
REC-002106,POL-001345,2021-10-29,29/10/2021,15/11/2021,Hospitalización,Bucaramanga  ,Call center,12,,7853000,4416000,Pagado parcial,0
REC-003070,POL-002319,2023-03-27,2023-03-29,18/05/2023,Colisión  ,Bogotá,App,21,9,1139000,1100000,Aprobado,0
REC-000722,POL-005090,2021/11/16,2021-11-17,2022-02-03,Vidrios,Bogotá,App,7,8,2148000,2108000,Aprobado,0
REC-000724,POL-000433,2024-01-26,27/01/2024,09/02/2024,Consulta especializada,Bogotá,Call center,10,6,2147000,1983000, Aprobado ,0
REC-001250,POL-004339,2024/05/18,2024/05/21,2024-05-30,Robo,MEDELLÍN,App,8,4,8420000,,Aprobado,0
REC-003054,POL-007152,24/02/2024,,05/04/2024, Consulta especializada ,Bogota,Call center,14,5,3447000,3299000,Aprobado,0
REC-000533,POL-003104,2022/12/09,,2022/12/13,CIRUGIA,Cartagena,Call center,12,7,3692000,3681000,Aprobado,0
REC-000217,POL-002290,01/05/2024,2024-05-30,20/06/2024,Daño a terceros,Bogotá,Call center,5,3,2411000,2053000,Aprobado,1
REC-002667,POL-001246,2024-01-21,26/01/2024,14/02/2024,Robo,Santa Marta,Call center,13,4,11581000,0,Rechazado,0
REC-000022,POL-001236,2024-05-11,2024-05-16,2024/06/28,Cirugía,medellín,Oficina,14,10,5793000,2205000, Pagado parcial ,0
REC-000753, POL-005309 ,2023/12/08,19/12/2023,2023-12-24,Hospitalización,  Pereira,App,8,3,,2510000,Pagado parcial,0
REC-001968,POL-001479,2024-09-06,2024-09-07,2024-09-12,Consulta especializada, Bogotá ,App  ,15,8,1090000,930000,Aprobado,0
REC-002087,POL-002158,2025-05-14,2025-05-14,24/05/2025,Medicamentos,Bogotá,Corredor,13,4,3722000,3399000,Aprobado,0
REC-003285,POL-000614,29/09/2021,2021-09-29,2021/10/01,Consulta especializada,Bogotá,Call center,18,4,2249000,927000,Pagado parcial,0
REC-004099,POL-001600,2024-12-29,2024/12/30,2025/01/18,Colisión,cartagena,App,8,3,2141000,1056000,Pagado parcial,0
REC-004255,POL-008300,2023-01-17,2023/01/18,2023/01/23,Medicamentos,Bogotá,CALL CENTER,10,5,2717000,2369000,Aprobado,0
REC-002390,POL-004413,20/07/2025,2025-07-20,03/08/2025,Colisión,Medellin,App,6,6,12142000,11431000,aprobado,0
REC-002170,POL-001156,25/11/2021,2021/12/01,2021-12-20,Colisión,Cali,Oficina,10,1,2339000,2291000,Aprobado,0
REC-002747,POL-006197,2021-08-21,2021-08-22,06/09/2021,COLISION,Bucaramanga,Corredor,13,5,2735000,2536000, Aprobado ,0
REC-002488,POL-007646,09/05/2022,11/05/2022,17/05/2022,Daños eléctricos,Pereira,App,9,2,5251000,5034000,Aprobado,No
REC-000748,POL-007895,12/04/2021,2021/04/12,2021-05-04,Consulta especializada,Cali,CORREDOR,8,2,2751000,2357000,Aprobado,0
REC-002634,POL-006545,2022-12-29,2023/01/01,2023/01/14,Robo,Cúcuta,Corredor,19,3,19690000,17647000,Aprobado,0
REC-003201,POL-002090,2024-10-06,2024-10-09,2024-10-16,Cirugía,Cali  , Oficina ,17,3,3824000,3673000,Aprobado,0
REC-000396,POL-007533,08/02/2024,08/02/2024,2024-02-24,CIRUGIA,Cartagena de Indias,Call center,13,4,2127000,1823000,Aprobada,0
REC-003732,POL-004067,2023-01-29,2023-01-29,03/02/2023,  Daño a terceros,Cucuta,Corredor,14,9,1240000,0,Rechazado,0
REC-001806,POL-006059,2023/04/09,2023-04-16,2023-04-23,Vidrios,Bogotá,Oficina,14,9,3120000,2757000,Aprobado  ,NO
REC-002378,POL-005267,2025/04/24,2025/05/01,2025/05/13,Medicamentos,Medellín,Oficina,11,6,77600000,733000,aprobado,0
REC-004019,POL-005591,17/02/2025,2025-03-01,16/03/2025,Dano a terceros,Medellín  ,Corredor,16,9,8122000,7793000,Aprobado,false
REC-000493,POL-006051,2025/06/18,2025/06/21,2025/06/23,CONSULTA ESPECIALIZADA,CALI,Call center,17,6,4027000,3917000,Aprobado,0
REC-000394,POL-006001,2023/09/05,2023-09-10,2023-10-18,Inundación,CARTAGENA,App,13,6,782000,,Rechazado,0
REC-000102,POL-005454,2024/06/19,2024-06-23,04/07/2024,Hospitalización,BOGOTA,Call center,12,2,3624000,1379000,Pagado parcial,0
REC-001359,POL-001319,2025-04-28,29/04/2025,2025-05-09,DANO A TERCEROS,Medellín,Corredor,10,8,7719000,7420000,APROBADO,0
REC-000307,POL-000586,2022-06-22,2022-06-23,2022/06/30,Consulta especializada,,App,23,6,1779000,1710000,Aprobado,0
REC-003772,POL-005441,2025/08/12,19/08/2025,21/08/2025,Robo,Medellín,Call center,13,10,0,29414000,Aprobado,0
REC-000538,POL-000854,2023-08-04,2023/10/19,2023-11-01,Consulta especializada,Cali,Call center,3,3,5095000,4343000,Aprobado,1
REC-003203,POL-005939,2021-12-20,24/12/2021,2021-12-26,Colisión,BOGOTA,Call center,16,5,2808000,2481000,Aprobado,0
REC-000298,POL-000910,03/10/2023,16/10/2023,INVALID_DATE,Consulta especializada,Barranquilla,Call center,18,4,1234000,1113000,Aprobado,0
REC-002890,POL-004495,2023-11-03,2023-11-03,2023-11-05,Robo,Manizales,App,12,3,28634000,27060000,Aprobado,0
REC-000234,POL-005873,03/11/2021,2021/11/06,2021-11-22,Medicamentos,Bogotá,Corredor,14,5,1803000,1575000,Aprobado,0
REC-001001,POL-000139,26/05/2023,2023-05-31,2023/06/09,Inundacion,Medellín,APP,7,4,872000,834000,aprobado,0
REC-003259,POL-005940,2025-12-24,28/12/2025,30/12/2025,Colisión,Barranquilla,App,13,1,1868000,1782000,Aprobado,0
REC-004029,POL-004941,2025-08-27,2025-08-28,2025-09-08,Inundación,MEDELLIN,Oficina,11,10,4402000,3911000,Aprobado  ,0
REC-003303,POL-006890,08/06/2024,2024-06-11,2024/07/24,Colisión,Bogotá,App,17,4,2757000,2554000,Aprobado,0
REC-000830,POL-001021,2025/01/06,2025/01/07,14/01/2025,Colisión,,Corredor,6,7,2881000,2854000,Aprobado,0
REC-002280,POL-002032,08/11/2023,2023-11-10,2023-11-13,Medicamentos,Cali,Call center,15,1,946000,846000,Aprobado  ,0
REC-002049,POL-003446,2025-11-07,2025/11/09,2025/11/18,Cirugía,BUCARAMANGA,Call center,15,5,,13405000,Aprobado,0
REC-002489,POL-005984,04/07/2024,2024-07-06,2024-07-12,COLISIÓN,  Bogotá,Oficina,11,,1553000,481000,Pagado parcial,0
REC-002904,POL-005765,2024-07-11,2024-09-04,2024/09/24,Vidrios,Barranquilla,Corredor,12,0,11190000,7196000,Pagado parcial,true
REC-002020,POL-003691,2024-02-23,2024/02/23,2024-03-01,Medicamentos,Bogotá,Corredor,19,4,1395000,0,Rechazado,0
REC-001094,POL-004351,2024-06-16,22/06/2024,27/06/2024,Colisión,Bogotá  ,Oficina,16,2,1569000,1544000,APROBADO,0
REC-001799,POL-006538,2025-05-23,24/05/2025,2025-07-09,Colisión,Bucaramanga,App,13,,4388000,3959000,Aprobado,0
REC-001008,POL-001536,30/05/2024,2024-05-30,2024/06/15,Colisión,Bogotá,App,17,5,3701000,3369000,Aprobado,NO
REC-000689,POL-006899,2025/05/28,30/05/2025,02/06/2025,Medicamentos,Medellín,APP,10,6,5931000,5627000,Aprobado  ,0
REC-004082,POL-005268,2025-11-26,2025-12-06,,Daños eléctricos  ,medellín,App,18,1,1408000,,En revisión,0
REC-002726,POL-007063,2025-05-15,2025-05-25,2025-06-15,Consulta especializada,Bucaramanga,Call center,12,,4501000,4089000, Aprobado ,0
REC-002195,POL-007907,2022-10-24,2022-10-28,2022-12-01,Cirugía,CALI,App,16,,4946000,0,Rechazado,0
REC-001156,POL-008148,2024/07/28,2024-07-28,2024/08/03,Daño a terceros,BOGOTA,Corredor,8,3,535000,535000,Aprobado,0
REC-004144,POL-002787,2025-07-21,2025-07-25,28/07/2025,colisión,Bogotá  ,Corredor,20,2,1922000,831000,Pagado parcial,0
REC-001693,POL-007534,2025-06-03,2025-06-04,2025-06-09,Vidrios  ,Bogotá,Call center,17,10,4103000,3990000,  Aprobado,0
REC-003879,POL-000456,2025/05/30,2025-05-31,2025-06-02,Colisión,Cúcuta,App,16,7,3078000,3069000,Aprobado,0
REC-003788,POL-000984,14/02/2025,2025/02/16,2025-03-20,Robo,Bucaramanga  ,Oficina,8,10,11465000,11131000,Aprobado,0
REC-001966,POL-007775,2023-09-08,08/09/2023,20/10/2023,Dano a terceros,Manizales,App,13,8,2429000,2135000,APROBADO,0
REC-003806,POL-003148,2024-11-12,INVALID_DATE,2024/12/04,Consulta especializada,Manizales,App,10,5,5420000,5318000,Aprobado,N
REC-004066,POL-000384,10/03/2024,2024-03-15,2024-04-28,Colisión,B/quilla,CALL CENTER,7,6,1234000,1117000,Aprobado,0
REC-003469,POL-001547,09/08/2024,2024-08-15,2024/08/26,Daños eléctricos, Bogotá ,Call center,22,3,2364000,2318000,Aprobado,0
REC-002556,POL-005884,2022-03-31,2022-04-16,29/04/2022,Medicamentos,  Cúcuta,App,13,2,5192000,4947000,Aprobado,0
REC-003386,POL-003587,2025-02-03,2025/02/07,26/02/2025,Hospitalización,Bogotá, App ,23,9,2593000,2509000,Aprobado,0
REC-003449,POL-005870,2025-11-14,18/11/2025,2025-11-22,Vidrios,Bogotá D.C.,APP,14,6,1904000,1884000,Aprobado,0
REC-000494,POL-003493,19/05/2023,2023/05/21,2023-05-23,Daño a terceros,,Corredor,14,10,6379000,6170000,aprobado,0
REC-002481,POL-003303,15/11/2024,2024-11-30,01/02/2025,Robo,,Call center,4,1,23224000,21739000,Aprobado,1
REC-003885,POL-000217,2022-03-13,2022/03/22,2022-04-07,Daño a terceros,Bogotá,App,8,7,3663000,0,Rechazado,0
REC-001095,POL-005990,2024-12-20,2024/12/24,2024/12/26,Daño a terceros,Cúcuta,Corredor,13,7,1618000,1470000,Aprobado,0
REC-001608,POL-000630,2024-03-15,2024/03/15,18/03/2024,Consulta especializada, Medellín ,Corredor,10,5,5205000,4849000,Aprobado,0
REC-000839,POL-006638,2022-06-25,26/06/2022,2022-07-07,Incapacidad,  Cartagena,Oficina,15,5,30113000,26395000,Aprobado,0
REC-003176,POL-008071,19/09/2023,2023-09-24,2023-10-02,Colision,Santa Marta,Oficina,15,10,3079000,2676000,Aprobado,0
REC-000887,POL-004983,2025-07-21,2025-07-23,2025-07-29,Vidrios,Bogotá  ,Oficina,15,7,2439000,2193000,  Aprobado,0
REC-001784,POL-001116,29/11/2025,2025/12/01,2025-12-04,colisión,Bogotá,OFICINA,3,5,1849000,0,Rechazado,0
REC-002344,POL-005229,2025-12-27,2025-12-28,31/12/2025,Daños eléctricos,Medellín,Corredor,10,4,8486000,5285000,Pagado parcial,0
REC-000504,POL-005151,2022-04-25,2022-04-25,2022-05-05,Colisión,Santa Marta,Oficina,12,8,993000,559000,Pago parcial,0
REC-003718,POL-003902,2025-11-12,2025/11/15,,Consulta especializada,,Oficina,19,5,2851000,,En revisión,0
REC-004206,POL-003954,2025-08-04,2025-08-15,2025/09/23,Medicamentos,Bogotá,OFICINA,14,6,3276000,3197000,Aprobado,0
REC-002409,POL-003564,INVALID_DATE,2024-09-29,2024-10-10, Consulta especializada ,Barranquilla,Oficina,15,8,884000,0,Rechazado,0
REC-003545,POL-001456,23/09/2024,2024/09/24,2024-10-15,Colisión  ,Cucuta,Oficina,9,4,3324000,1997000,Pagado parcial,0
REC-002211,POL-005382,,01/08/2022,2022-08-19,Consulta especializada,Barranquilla,Call center,3,1,5755000,0,Rechazado,1
REC-000620,POL-001695,22/10/2025,2025/10/22,2025-12-18,Daño a terceros,Barranquilla,  Call center,15,9,4581000,1816000,Pago parcial,0
REC-002250,POL-003805,2024-12-15,2024-12-15,2024/12/29,Medicamentos,Bucaramanga,Oficina,16,4,4118000,3742000,Aprobado,0
REC-001505,POL-005522,14/03/2024,2024-03-14,26/03/2024,Daño a terceros,Bucaramanga,Corredor,20,3,1906000,930000,Pagado parcial,N
REC-002845,POL-006422,2024-08-04,2024-08-07,,Vidrios,,App,13,7,2680000,2408000,Aprobado,0
REC-001381,POL-005007,2024-04-11,2024-04-12,2024/04/19,Colisión,,Oficina,13,9,3315000,3116000,Aprobado,0
REC-002383,POL-002969,2023-05-10,13/05/2023,28/05/2023,Colisión,Barranquilla,Oficina,13,6,2710000,2645000,Aprobado,0
REC-004127,POL-005352,2025/08/29,2025/08/29,2025-09-23,Daño a terceros,Cali,Call center,19,1,2706000,0,Rechazado,0
REC-003127,POL-002945,INVALID_DATE,2023-04-23,2023-05-09,Consulta especializada,Bucaramanga,Corredor,11,9,888000,824000,Aprobado,0
REC-003118,POL-004197,26/04/2025,2025-04-27,2025-05-06,Daño a terceros,MEDELLIN,App,16,10,2601000,2541000,Aprobado,0
REC-000719,POL-002874,2023-10-30,11/11/2023,13/11/2023,Vidrios,Bogotá,Call center,16,4,4195000,3681000,Aprobado,0
REC-003400,POL-002967,11/05/2023,2023-05-12,2023-05-24,Medicamentos,Cúcuta,App,18,10,3715000,1616000,pagado parcial,0
REC-003620,POL-002917,2024-05-18,2024-05-22,2024-05-26,Hospitalización,bogotá,App,12,6,6454000,5907000,Aprobado,0
REC-000471,POL-003073,2025-06-12,13/06/2025,2025/06/18,Colision,Bogotá,Oficina,9,7,3040000,1386000,Pagado parcial,0
REC-001688,POL-003295,2022-06-13,2022-06-13,2022-06-25,Medicamentos,Medellín,Oficina,21,2,1492000,1322000, Aprobado ,0
REC-000852,POL-005605,2022-07-18,22/07/2022,2022-08-09,Consulta  especializada,Bogotá,Oficina,16,2,1005000,917000,Aprobado,0
REC-003566,POL-002536,10/08/2021,25/08/2021,2021-09-04,Hospitalización,BARRANQUILLA,App,13,,344200000,1485000,Pagado parcial,0
REC-003707,POL-001941,2025-10-03,16/10/2025,19/10/2025,Colisión,BTA,App,17,4,4010000,0,Rechazado,0
REC-001172,POL-003252,2023/07/07,2023/07/08,INVALID_DATE,Daño a terceros,Cali,App,20,7,9636000,8542000,APROBADO,0
REC-004209,POL-006529,03/10/2024,05/10/2024,2024-10-17,Cirugía,Bogotá,  App,13,9,6864000,6416000,Aprobado,0
REC-000064,POL-003640,2025/03/28,2025-04-01,2025-04-15,Consulta especializada,Medellín  ,  App,13,2,2674000,1267000,Pagado parcial,0
REC-000183,POL-001780,15/02/2024,2024-02-18,2024-02-27,vidrios,  Medellín,Corredor,19,3,1848000,1803000,Aprobado,0
REC-003418,POL-008168,05/06/2023,2023-06-05,,Hospitalización,Bogotá,Call center,7,5,10061000,9995000,Aprobado,0
REC-002955,POL-007581,2022-11-02,09/11/2022,2022/11/13,medicamentos,Medellín,Call center,14,5,4221000,4022000,APROBADO,0
REC-000458,POL-007680,2023-11-09,2023-11-12,2023-11-25, Robo ,,App,25,9,6576000,6213000,Aprobado,0
REC-004037,POL-004769,INVALID_DATE,,2025-07-22,Colisión,Bucaramanga,App,14,2,12903000,,Pagado parcial,0
REC-003660,POL-005606,15/07/2021,2021-07-18,2021/07/23,Medicamentos,Medellín,Corredor,15,6,6835000,0,Rechazado,NO
REC-004296,POL-004208,2023-01-11,2023-01-12,30/01/2023,Consulta especializada,Bogotá,Oficina,16,10,1965000,1725000,Aprobado,0
REC-002591,POL-006667,2022-12-03,07/12/2022,2022-12-16,Daño a terceros,Bogotá,  Oficina,10,7,4227000,,Aprobado,0
REC-002304,POL-001656,2025-01-06,2025-01-11,2025-01-20,Medicamentos  ,BOGOTA D.C.,Oficina,16,6,2117000,2108000,Aprobado,0
REC-001127,POL-004403,20/07/2024,2024-07-26,2024-08-02,Hospitalización,Bogotá,Call center,15,6,2317000,1554000,Pagado parcial,0
REC-000725,POL-001685,2025/04/22,23/04/2025,2025/05/02,Daño a terceros,Bucaramanga,Call center,14,3,1810000,0,Rechazado,0
REC-003422,POL-001071,2025-04-23,2025/05/01,2025-05-11,Consulta especializada,PEREIRA,Call center,11,4,3146000,2701000,APROBADO,0
REC-001731,POL-005568,2025/07/26,2025-07-27,,MEDICAMENTOS,bucaramanga,App,16,9,1150000,1023000,APROBADO,0
REC-003970,POL-006702,2024-12-25,2024-12-29,2025/01/21,Daño a terceros,Barranquilla,Oficina,13,8,2616000,1326000,PAGADO PARCIAL,N
REC-003482,POL-007809,2024-03-11,2024-03-13,21/03/2024,Inundación,Bogotá  ,Call center,14,6,2011000,790000,Pagado parcial,0
REC-001472,POL-006122,11/05/2021,2021-05-13,01/06/2021,Cirugía,Bogotá,Oficina,14,4,6614000,6333000,Aprobado,0
REC-002794,POL-005737,,2025-10-30,,Inundación  ,Medellín,App,10,7,1706000,,En  revisión,0
REC-004107,POL-002546,07/04/2023,,2023/04/26,Dano a terceros,Bogotá  ,Call center,21,4,3773000,3226000,Aprobado,0
REC-001282,POL-003213,2022-03-12,12/03/2022,2022/03/24,Hospitalización,Cúcuta,corredor,14,3,2792000,2420000,Aprobado,0
REC-003521,POL-001858,28/12/2024,INVALID_DATE,07/02/2025,Daño a terceros,BOGOTÁ,Corredor,20,1,2361000,2246000,Aprobado,No
REC-000824,POL-001640,24/05/2025,,20/07/2025,Vidrios, Cúcuta ,Call center,20,2,7657000,0,Rechazado,1
REC-001620,POL-001865,2024-03-01,02/03/2024,2024-03-30,DAÑOS ELÉCTRICOS,Pereira,App,12,6,6038000,0,Rechazado,0
REC-000332,POL-006269,INVALID_DATE,2023/08/30,2023-09-02,robo,,Corredor,11,8,37776000,34611000,Aprobado,0
REC-000295,POL-006539,2023-02-13,2023-02-13,2023/03/15,Consulta especializada, Santa Marta ,Corredor,23,10,1444000,1318000,Aprobado,No
REC-000593,POL-007084,2025-03-20,2025-03-23,02/04/2025,Hospitalización,Cali,App  ,14,2,14493000,13515000, Aprobado ,0
REC-000568,POL-005313,02/12/2024,2024-12-09,2024/12/20,Colisión,BOGOTA,Call  center,11,5,13133000,,Pagado parcial,0
REC-000282,POL-002003,02/01/2025,2025-01-04,21/01/2025,Consulta especializada, Medellín ,App,2,5,2612000,1221000,PAGADO PARCIAL,NO
REC-003889,POL-000791,2024-11-04,2024/11/06,2024-11-25,  Robo,Sta. Marta, Call center ,15,6,10204000,9208000,Aprobado,0
REC-000195,POL-004353,30/01/2025,30/01/2025,01/02/2025,  Consulta especializada,Bucaramanga,  Call center,13,4,960000,820000,Aprobado,0
REC-002377,POL-003233,20/08/2021,22/08/2021,2021/08/29,Colisión,Barranquilla,Call center,11,4,6533000,6142000,Aprobado,0
REC-002519,POL-005574,2023-10-30,2023-11-04,06/11/2023,CONSULTA ESPECIALIZADA,Pereira,App,14,4,10859000,9779000,Aprobado,0
REC-000084,POL-000676,19/05/2024,22/05/2024,2024-05-28,Colisión,Santa Marta,Call center,9,,3928000,3847000,Aprobado,0
REC-001329,POL-000271,2025/07/24,31/07/2025,16/08/2025,Robo,Bogotá,Call center,12,3,36100000,0,Rechazado  ,0
REC-000861,POL-004195,2022/04/20,2022-04-24,26/04/2022, Robo ,Medellín,Call center,9,7,14986000,13253000,Aprobado,0
REC-000566,POL-008396,2025-02-28,2025-02-28,2025-03-08,ROBO,B/quilla,Oficina,19,6,22161000,18906000,Aprobado,0
REC-000139,POL-000525,,30/11/2024,03/12/2024,vidrios,Bogotá,Corredor,14,4,5845000,5242000,Aprobado,0
REC-000472,POL-007727,09/07/2025,2025-07-13,2025/07/16,MEDICAMENTOS,Medellín,Oficina,15,6,3686000,3456000,Aprobado,0
REC-003429,POL-001001,2024/09/07,2024-09-22,26/09/2024,Consulta especializada,Bogotá,Corredor,12,2,4102000,3687000,Aprobado,0
REC-000878,POL-008171,2023/02/21,2023-02-23,2023-03-09,Medicamentos,Bucaramanga,Oficina,13,3,1808000,814000,Pagado  parcial,0
REC-004234,POL-002285,30/12/2023,2024-01-09,2024/02/02,Consulta especializada,Bogotá,App,19,3,2575000,0,Rechazado,0
REC-003627,POL-007743,06/11/2025,2025-11-09,16/11/2025,Daño a terceros,Bogotá,App,15,4,2756000,2713000,Aprobado,0
REC-001870,POL-006765,2021-12-12,13/12/2021,2021-12-22,CONSULTA ESPECIALIZADA,CARTAGENA,Oficina,5,8,4206000,2649000,Pagado parcial,0
REC-002993,POL-005042,25/05/2023,26/05/2023,2023/05/30,  Medicamentos,Bucaramanga,Corredor,14,10,1665000,1559000,Aprobado,0
REC-001789,POL-006689,28/04/2022,2022-05-07,2022-05-09,Medicamentos  ,Cartagena,Call center,12,5,3244000,3038000,APROBADO,0
REC-001642,POL-004517,2023/09/25,25/09/2023,2023-10-08,DANO A TERCEROS,Medellín,Call center,20,5,3086000,2717000,Aprobado,0
REC-000401,POL-000350,2025-03-11,2025-03-12,24/03/2025,Robo,Bogotá,Call center,22,2,9708000,8320000,Aprobado,1
REC-003134,POL-003848,2024-09-26,2024/09/27,2024-10-08,Daños eléctricos,Medellín,App,9,5,4934000,2768000,pagado parcial,0
REC-002843,POL-003578,2023/03/31,31/03/2023,02/04/2023,  Daño a terceros,Cúcuta,APP,12,8,1367000,1349000,Aprobado,0
REC-003832,POL-002443,2025-11-14,2025-11-16,,Cirugía,BOGOTÁ,CORREDOR,19,4,14022000,,En revisión,0
REC-000611,POL-007850,2023/05/12,2023/05/15,2023-05-26,Colisión,BOGOTÁ,Call center,16,2,4824000,4264000,Aprobado,0
REC-003164,POL-004860,21/01/2025,25/01/2025,2025-01-27,Medicamentos,Cali,Call center,18,8,1083000,0,Rechazado,0
REC-001627,POL-006381,2025/08/24,2025-08-26,2025-09-04,Robo,Medellín,Call center,23,10,6022000,5326000,Aprobado,0
REC-000576,POL-001609,2023-05-22,09/06/2023,2023-08-20,ROBO,Cali,Call center,4,4,52267000,52256000,APROBADO,1
REC-001101,POL-003578,2023/04/17,2023-04-18,2023-05-26,Daño a terceros,Cúcuta,CALL CENTER,12,3,1012000,977000,APROBADO,0
REC-003123,POL-001909,23/10/2023,2023-10-26,2023-11-17,Cirugía,Bogotá,Oficina,14,4,14901000,13174000,Aprobado,0
REC-002285,POL-000206,2022/07/05,05/07/2022,,Daños eléctricos,Cucuta,App,12,9,1802000,1598000,Aprobado,false
REC-001821,POL-006541,2024/02/22,11/03/2024,09/04/2024,Consulta especializada,Bogotá,App,6,7,3273000,,Aprobado,0
REC-003805,POL-004465,2023/07/04,2023-07-07,2023-07-09,Incapacidad,Bogotá,Call center,11,5,33836000,28834000,Aprobado,0
REC-001750,POL-001517,20/03/2023,2023-03-25,2023-04-01,Vidrios,Bogotá,Oficina,10,6,13311000,11352000,Aprobado,0
REC-002432,POL-004385,10/10/2025,2025-10-11,21/10/2025,Medicamentos,Barranquilla,Oficina,18,2,6667000,6206000,  Aprobado,0
REC-003188,POL-006321,16/01/2025,2025-01-22,2025-01-30,Medicamentos,Bogotá,App,15,1,2360000,2016000,Aprobado,0
REC-004116,POL-003793,2025-06-16,2025-06-21,2025/07/06,Consulta especializada,Medellín,App,12,4,1706000,,RECHAZADO,NO
REC-002266,POL-005606,2021-09-14,2021-09-14,2021-09-28,Hospitalización,Medellín (Antioquia), Call center ,17,,2661000,2636000,Aprobado,0
REC-000127,POL-000472,13/12/2021,,2022-01-24,Colisión,Santa Marta,App,1,3,5092000,0,Rechazado,1
REC-001309,POL-004053,2022-10-11,2022-10-11,2022-10-25,COLISIÓN,Bogotá,App,11,6,2349000,1189000,Pagado parcial,0
REC-003415,POL-002534,2025/02/12,12/02/2025,25/02/2025,Daños eléctricos,Bucaramanga,Call center,19,5,3767000,3591000,Aprobado,N
REC-003459,POL-007104,17/02/2025,2025/02/27,2025-03-03,Consulta especializada,BOGOTA,Oficina,14,1,1506000,1458000,Aprobado,0
REC-003084,POL-008294,2025-01-06,2025-02-28,2025-03-23,Cirugía,Cali,App,22,2,11997000,0,Rechazado,1
REC-001361,POL-004678,21/01/2024,2024/01/21,24/01/2024,Hospitalización,Pereira,App,8,1,11312000,10529000,Aprobado,0
REC-003170,POL-006689,2021-12-12,2021-12-15,22/12/2021,Medicamentos,Cartagena,App  ,20,3,,1511000,Aprobado,0
REC-001969,POL-003975,2025-09-29,02/10/2025,,Incapacidad,Medellin,Corredor,17,5,231395000,,En revisión,1
REC-002291,POL-007095,2025-09-08,2025-09-08,,Colisión,Medellín,Oficina,13,3,1384000,,En revisión,0
REC-003954,POL-000924,2021/10/25,25/10/2021,15/11/2021,Consulta especializada,Bucaramanga,Oficina,14,3,1205000,0,Rechazado,0
REC-000209,POL-005927,2024-05-17,2024/05/18,2024-05-23,Consulta especializada,Bogotá,CALL CENTER,5,3,1278000,1237000,Aprobado,0
REC-003286,POL-003894,2023-02-18,2023-02-22,2023-02-24,Colisión,Cartagena,Oficina,17,7,6294000,6072000,Aprobado,0
REC-000638,POL-003015,2023-11-21,2023-11-21,2023-12-12,COLISION,Bogotá,Oficina,12,7,1332000,1208000,aprobado,0
REC-001013,POL-006003,2023-10-07,2023-10-11,14/10/2023,Colisión,Bogotá  ,Call center,14,8,1212000,1150000,Aprobado,0
REC-002172,POL-000882,22/07/2023,2023/07/28,2023-08-01,Hospitalización,BOGOTÁ,App,17,8,2534000,1220000,Pagado parcial,0
REC-003266,POL-005913,2022-12-18,INVALID_DATE,2023-01-09, Medicamentos ,BARRANQUILLA,Oficina,18,3,2668000,,Aprobado,0
REC-001027,POL-003889,29/10/2024,2024/10/29,31/10/2024,Daño a terceros,Bogotá,App,17,8,3582000,3389000,Aprobado,0
REC-003682,POL-005310,02/10/2023,2023-10-12,2023-11-10,Hospitalización,cali,app,11,5,31083000,27547000,Aprobado,0
REC-001940,POL-004199,2025/11/13,2025-11-14,20/11/2025,Colisión,Bogotá,Corredor,13,4,8534000,7484000,Aprobado,0
REC-003401,POL-001046,2023-12-07,2023-12-09,11/12/2023,Inundación,Cali,App,13,5,4408000,3823000,Aprobado,0
REC-003596,POL-004402,2024-12-28,2024-12-29,01/01/2025,Hospitalización,Bogotá,Oficina,11,6,6711000,0,Rechazado,0
REC-003387,POL-007067,30/11/2023,2023/12/02,2023-12-05,Daño a terceros,Cartagena,OFICINA,5,6,2584000,1296000,Pagado parcial,0
REC-004113,POL-002794,28/01/2025,2025-01-31,2025-02-07,Vidrios,Pereira,App,23,3,7647000,7316000,Aprobado,0
REC-004034,POL-002113,2025-01-05,07/01/2025,10/01/2025,Cirugía,Medellín,App,19,9,4921000,4872000,Aprobado,0
REC-002553,POL-007852,2025-01-08,2025-01-09,2025/01/24,Cirugía,Medellín,  Call center,19,3,7969000,7281000,Aprobado,0
REC-001721,POL-007973,2023-06-21,2023/06/22,2023-07-07,Colisión,Cali,Call center,10,3,3669000,3192000,Aprobado,0
REC-002580,POL-006603,2023/01/17,2023-01-25,28/02/2023, Robo ,Bucaramanga, Oficina ,13,5,34200000,30439000,Aprobado,0
REC-001579,POL-001694,2023-09-22,2023-09-22,24/09/2023,Daños eléctricos,  Bogotá,App,18,3,9249000,0,Rechazado,0
REC-002627,POL-007459,10/05/2025,11/05/2025,22/05/2025,Cirugía,Medellín,call center,20,4,2011000,1936000,Aprobado,0
REC-002347,POL-007463,2025-07-23,,2025-07-28,Vidrios,Cali,Corredor,15,4,17284000,0,Rechazado,0
REC-001766,POL-007775,2023/08/09,2023/08/16,2023-09-06,Colisión,Manizales,Call center,18,8,1029000,1014000,aprobado,0
REC-000845,POL-007175,28/08/2025,INVALID_DATE,2025-09-13, Colisión ,  Barranquilla,Call center,13,5,669000,574000,Aprobado,0
REC-002072,POL-002330,2023/10/26,2023/10/26,2024-01-02,Robo,BARRANQUILLA,Oficina  ,16,6,105556000,92238000,Aprobado,0
REC-000011,POL-005850,2023-10-22,24/10/2023,2023-11-04,Medicamentos,Bogotá,App,11,1,971000,885000,aprobado,0
REC-000629,POL-006522,2025-11-20,2025/11/20,2025-11-24,Colisión,  Cúcuta,Corredor,17,6,3289000,1913000,  Pagado parcial,0
REC-001353,POL-007711,2021/11/19,2021-11-19,01/12/2021,Daño a terceros,Bogotá,Call center,12,6,2874000,0,Rechazada,0
REC-000711,POL-000880,26/11/2025,2025-11-29,,medicamentos,Cali,call center,8,4,2425000,,En revisión,0
REC-003061,POL-002994,2025-04-10,2025/04/11,2025-04-14,  Colisión,Santa Marta,Call center,11,8,488000,418000,Aprobado,0
REC-003291,POL-000763,13/08/2023,2023/08/17,,Daño a terceros,Medellín,Oficina,11,7,1893000,823000,Pagado parcial,0
REC-001362,POL-004987,2023-11-30,01/12/2023,2023-12-08,Robo,Barranquilla,Oficina,20,6,3515000000,11937000,pagado parcial,0
REC-001330,POL-004627,2022/05/25,25/05/2022,2022/05/31,Hospitalización,Cali,Call center,6,4,13178000,0,  Rechazado,0
REC-002204,POL-005988,2022-07-02,04/07/2022,21/07/2022,Cirugía,MEDELLÍN,Call center,19,4,2435000,0,Denegado,0
REC-003951,POL-002872,11/11/2024,2024-12-01,2025-02-28,Medicamentos,Medellin,Call center,18,2,6459000,6207000,Aprobado,1
REC-000922,POL-004629,2023/12/06,2023-12-11,2023-12-25,Colisión,CALI,App,7,2,2378000,729000,Pago parcial,N
REC-000615,POL-005053,2024-05-11,24/05/2024,28/05/2024,Hospitalización,medellín,App,11,5,3703000,3180000,Aprobado,0
REC-000250,POL-006589,05/01/2023,2023/01/09,2023/01/14,VIDRIOS,bogotá,Oficina,8,3,930000,0,Rechazado,0
REC-002518,POL-003564,2025-08-02,02/08/2025,2025-08-07,Cirugía,Barranquilla,App,15,9,2037000,1746000,Aprobado,0
REC-000734,POL-003617,2025-05-11,2025-05-13,,Colisión,Cartagena de Indias,Oficina,16,7,9555000,9433000,Aprobado,0
REC-002594,POL-000805,2022/12/19,22/12/2022,24/12/2022,Medicamentos,Medellín,Oficina,17,7,1934000,1705000,Aprobado,0
REC-002927,POL-004142,2025-03-19,2025/03/22,,Consulta especializada,Cartagena de Indias,Call center,10,5,5113000,,Aprobado,0
REC-001714,POL-005791,05/07/2024,07/07/2024,2024-07-11,Consulta especializada,Bogotá,Call center,13,5,4890000,0,Rechazado,0
REC-002937,POL-007614,2025-04-15,18/04/2025,23/04/2025,Robo,Santa Marta,Corredor,7,6,16527000,0,Rechazada,0
REC-002691,POL-007266,14/12/2024,2024-12-18,25/12/2024,Colisión,Bogotá,Call center,12,4,1786000,1709000,Aprobado,0
REC-003843,POL-000078,2025-04-30,2025-05-10,30/05/2025,Enfermedad grave,Pereira,App,10,3,145060000,139028000,Aprobado,0
REC-003057,POL-001941,2025-07-12,2025-07-13,2025-09-10,colisión,  Bogotá,Corredor,19,6,1713000,1597000,Aprobado,0
REC-000966,POL-007021,06/09/2025,2025/09/14,,consulta especializada,BOGOTÁ,CORREDOR,20,7,4259000,,En revisión,0
REC-000996,POL-004542,04/12/2021,10/12/2021,2021/12/14,Colisión,Bogotá,Corredor,14,8,1913000,1705000,APROBADO,0
REC-000569,POL-006757,2025-02-03,04/02/2025,2025/02/25,Vidrios,Bogotá,Corredor,13,8,4310000,3804000,APROBADO,0
REC-000170,POL-003467,2024-11-09,2024/11/09,15/11/2024,Vidrios,MEDELLIN,CALL CENTER,10,7,2715000,2312000,Aprobado,0
REC-001151,POL-001605,07/04/2024,2024-04-15,19/04/2024,Hospitalización,Bogotá,App,17,2,3619000,3581000,aprobado,0
REC-000281,POL-006427,2021-11-07,2021-11-07,18/11/2021,Cirugía,Cúcuta,Corredor,13,10,2628000,2313000,Aprobado,0
REC-000514,POL-000952,2025-10-18,2025/10/29,,Colisión,Bogotá,OFICINA,9,6,2183000,,En revisión,0
REC-000482,pol-002139,2021-11-01,2021/11/11,2021/11/23,Medicamentos,Medellín,Call  center,17,9,3092000,2772000,Aprobado,0
REC-000353,POL-001910,2021-07-16,18/07/2021,2021/08/04,Medicamentos,Medellín,Call center,17,7,1697000,932000,PAGADO PARCIAL,0
REC-002071,POL-006603,2022/01/27,2023-03-03,2023-03-26,Vidrios,Bucaramanga,Corredor,9,2,2568000,2549000,Aprobado,0
REC-002359,POL-003453,2025/11/25,2025-11-25,,Robo,Cartagena,APP,14,9,49545000,,En revisión,0
REC-002600,POL-003079,2024-01-24,24/01/2024,2024/01/27,Robo,BOGOTÁ,Oficina  ,13,7,17439000,9859000,Pagado  parcial,0
REC-003723,POL-006492,2025-02-09,12/02/2025,2025-02-18,Hospitalización,Manizales,App,23,5,8069000,7201000, Aprobado ,0
REC-001745,POL-002155,2024-08-02,2024-08-09,2024-09-11,Robo,Cúcuta  ,Oficina,17,2,2913000,2720000,Aprobado,0
REC-000005,POL-006250,2022-09-26,2022/09/27,2022/10/11,Cirugía,Barranquilla,App,14,10,9560000,9101000,Aprobado,0
REC-003125,POL-003113,2021-02-26,26/02/2021,12/03/2021,Colisión,Bogotá,Call center,15,4,3209000,0,Rechazado,0
REC-002071,POL-006603,2022/01/27,2023-03-03,2023-03-26,Vidrios,Bucaramanga,Corredor,9,2,2568000,2549000,Aprobado,0
REC-000283,POL-000245,2024-04-17,18/04/2024,2024/04/22,Enfermedad grave,  Bta,App,7,3,69719000,62432000,Aprobado,0
REC-002449,POL-007060,2022-08-27,2022-08-30,2022/09/04,Vidrios,Bogotá,App,21,3,7573000,6893000,Aprobado,0
REC-004193,POL-003086,2025-06-09,2025-06-17,09/07/2025,DAÑOS ELÉCTRICOS,Medellín,Corredor,14,4,5179000,0,Rechazado,No
REC-003074,POL-006770,INVALID_DATE,2024-03-19,2024/03/23,Daño a terceros,bogotá,App,19,10,3910000,0,Rechazado,0
REC-000133,POL-004239,24/09/2025,2025-09-27,,Daños  eléctricos,BOGOTA,Call center,5,6,1318000,,Pendiente  ,0
REC-004266,POL-001332,16/11/2023,2023-11-17,2023-12-21,Colisión,BARRANQUILLA,Corredor,10,6,2675000,2562000,Aprobado,0
REC-003454,POL-005005,2025-01-02,2025-01-03,2025-01-19,Daño a terceros,  Bucaramanga,App,18,6,2259000,2064000,Aprobado,0
REC-002880,POL-008283,21/05/2025,22/05/2025,2025-05-27,Hospitalización,Bogotá,App,14,6,3701000,3418000,Aprobado,0
REC-003142,POL-005620,15/07/2025,2025-08-18,2025-09-13,consulta especializada,Bogotá,Oficina,12,5,11292000,0,Rechazado,1
REC-003777,POL-006855,2024-03-28,04/05/2025,16/05/2025,Consulta especializada,CALI,Oficina,18,6,2993000,2735000,Aprobado,0
REC-000060,POL-007540,2022-09-28,30/09/2022,22/10/2022,Cirugía,Manizales,App,11,5,4261000,3959000,Aprobada,NO
REC-003649,POL-003246,2021-08-05,06/08/2021,12/08/2021,  Consulta especializada,Bogotá,Call center,12,10,4881000,2411000,Pagado parcial,0
REC-000348,pol-008040,2023/03/29,29/03/2023,2023/04/19,Vidrios,Medellín,App,11,4,2402000,2362000,Aprobado,0
REC-002628,POL-005589,2025-02-25,2025/03/17,2025-03-27,Colisión,Medellín (Antioquia),Corredor,1,1,1651000,947000,Pagado parcial,1
REC-001516,POL-006797,21/06/2024,24/06/2024,01/07/2024,Medicamentos,Bogotá,App,13,5,1115000,965000,Aprobado,0
REC-001129,POL-003641,06/07/2023,2023/07/08,20/07/2023,Colisión, Medellín ,Call center,8,6,2832000,1343000,Pago parcial,0
REC-000664,POL-001994,2024-11-11,2024-11-12,2024/12/02,CONSULTA ESPECIALIZADA,Medellín, Oficina ,14,2,1544000,1432000,Aprobado,0
REC-003679,POL-004568,08/09/2023,,2023-09-19,Colisión,bucaramanga,APP,21,8,4582000,3963000,Aprobado,0
REC-000854,POL-002588,11/05/2023,2023-05-13,17/05/2023,Daños eléctricos,Medellín,Oficina,20,4,3543000,0, Rechazado ,0
REC-000787,POL-004342,2022/06/19,05/07/2022,2022/07/30, Colisión , Bogotá ,App,23,5,1961000,,Rechazado,0
REC-001672,POL-008232,04/06/2023,12/06/2023,2023-06-16,  Daño a terceros,Santa Marta,App,19,3,4298000,3666000,Aprobado,0
REC-000477,POL-005679,2024-08-29,29/08/2024,2024-09-11,Medicamentos,Bogota,CALL CENTER,6,3,1625000,598000,PAGADO PARCIAL,0
REC-001530,POL-002522,2025-05-03,2025-05-07,2025/05/13,Inundacion,Medellín,APP,14,5,1183000,1015000,  Aprobado,0
REC-003300,POL-006489,2024/10/27,29/10/2024,09/11/2024,Medicamentos,Bogotá,Corredor,16,4,1834000,1802000,Aprobado,NO
REC-002216,POL-001511,2022/09/06,10/09/2022,2022/10/13,Vidrios,Manizales,Call center,8,1,516000,459000,Aprobado,N
REC-000859,POL-003711,2025-05-05,2025/05/07,2025/05/13,Consulta especializada,,Oficina,13,4,1265000,0,Rechazado,0
REC-000248,POL-003882,27/08/2021,02/09/2021,2021-09-15,Hospitalización,Cali  ,Call center,14,8,2465000,2268000,Aprobado,0
REC-003297,POL-003521,26/09/2024,26/09/2024,2024/11/11,Inundación,B/quilla,Call center,14,3,1067000,984000,Aprobado,0
REC-002441,POL-005703,2022-08-27,2022-09-11,2022-09-14,Medicamentos,barranquilla,App,13,9,5658000,5623000,Aprobado,0
REC-000633,POL-001372,INVALID_DATE,2024-06-28,2024/07/13,Cirugía,MANIZALES,Call center,15,4,11942000,10875000,  Aprobado,0
REC-003845,POL-004647,14/12/2025,2025-12-26,,Colisión,Bogotá,Call center,15,,3121000,,En  revisión,0
REC-002232,POL-003828,02/12/2024,2024-12-03,13/01/2025,Medicamentos,Medellín,Call center,12,9,3315000,3093000,Aprobado,0
REC-003637,POL-006828,2024/07/27,2024-08-07,2024-08-17,Robo,Bogotá,Call center,19,2,4566000,4206000,Aprobada,0
REC-000511,POL-007023,2025-10-26,2025/10/27,,VIDRIOS,Medellín,Call center,4,6,903000,,En revisión  ,0
REC-002881,POL-002599,2021-05-16,,2021-06-03,Consulta especializada,,Oficina,15,2,2701000,2690000,Aprobado  ,0
REC-001723,POL-008202,2023/11/07,2023-11-18,04/12/2023,Hospitalización,Santiago  de  Cali,Oficina,14,7,2436000,0,RECHAZADO,0
REC-002328,POL-000632,2025-03-02,2025-03-04,17/03/2025,HOSPITALIZACION,Bogotá,Call center,23,6,7628000,6974000,Aprobado,N
REC-003751,POL-001353,2023-08-22,2023-08-24,2023-08-27,Cirugía,Cartagena,Oficina,17,6,17754000,15248000,Aprobado,0
REC-001900,POL-002264,25/10/2023,2023-10-27,2023-10-29,Daño a terceros,Cartagena,Call center,6,8,6298000,0,Rechazado,NO
REC-000052,POL-002860,2024-07-03,2024-07-06,2024-07-24,Robo,Medellín, Call center ,8,6,41800000,38009000,Aprobado,0
REC-002814,POL-006984,2023/12/19,2023-12-20,2023-12-25, Medicamentos ,Pereira,Oficina,14,6,4360000,3995000,Aprobado,0
REC-000823,POL-003447,2021-08-19,2021-08-19,2021-08-22, Consulta especializada ,Cúcuta  ,Call center,20,7,,1109000,Aprobado,0
REC-001318,POL-007221,22/04/2025,2025-04-27,05/05/2025,MEDICAMENTOS, Cali ,Call center,15,8,2055000,2009000,Aprobado,0
REC-002742,POL-006293,07/05/2025,2025-05-07,INVALID_DATE,Consulta especializada,Cartagena,App,12,6,2250000,1957000,Aprobado,N
REC-003447,POL-002391,2025-07-05,2025-07-08,2025-08-12,Medicamentos,  Bogotá,Call center,5,5,869000,0,Rechazado,0
REC-001626,POL-000626,2022-01-30,2022/02/16,11/03/2022,Danos electricos,Manizales,Oficina,22,1,8604000,7629000,Aprobado,1
REC-001855,POL-005662,2024-05-24,2024-05-28,2024-07-08,Colisión,CUCUTA,Corredor,12,6,1874000,1873000,APROBADO,0
REC-002921,POL-000984,2025/04/12,2025/04/18,2025/05/30,  Daño a terceros,Bucaramanga, App ,18,5,16111000,16107000,Aprobado,0
REC-002535,POL-000474,27/04/2025,2025/05/05,08/06/2025,Hospitalización,  Bogotá,CORREDOR,5,1,15600000,15406000,Aprobado,1
REC-002919,POL-001180,2025-11-10,19/11/2025,2025/12/31,Hospitalización,Pereira,App,23,4,14312000,7965000,Pagado parcial,1
REC-000163,POL-005086,2024-09-11,2024-09-18,2024-10-16,Colisión,  Medellín,App,8,3,8877000,0,Rechazado,0
REC-004093,POL-001847,2025-02-04,,2025-02-27,Cirugía,Bogotá,Oficina,18,4,11692000,,Aprobado,0
REC-001425,POL-005638,2022/08/28,2022-08-29,01/09/2022,Consulta especializada,Bogotá,Corredor,15,7,1692000,1556000,Aprobado,0
REC-001142,POL-004974,2024-07-04,2024-07-07,2024-07-28,Vidrios,Cúcuta,Call center,23,6,2311000,2006000,Aprobada,0
REC-002987,POL-000450,2023-11-20,2023/11/22,09/12/2023,Consulta especializada,Medellín,Corredor,18,3,,3493000,Aprobado,0
REC-002003,POL-005328,2024-07-28,2024-08-08,18/08/2024,CONSULTA ESPECIALIZADA,Cali,Oficina,17,5,1384000,0,Rechazado,0
REC-004148,POL-002327,2024/08/25,25/08/2024,2024/10/02,Inundación,CARTAGENA,Oficina,17,8,2299000,0,rechazado,0
REC-003896,POL-004097,2021-05-30,2021/06/02,2021/06/15,Consulta especializada,Manizales,Call center,19,3,1511000,1358000,Aprobado,0
REC-000616,POL-004589,2023-08-10,2023/08/13,2023/08/16,Hospitalización,Cali,App,17,3,5785000,2203000,PAGADO PARCIAL,0
REC-003518,POL-003255,16/12/2024,18/12/2024,21/12/2024,Colisión,Bogotá,CALL CENTER,14,7,1561000,1399000,Aprobado,0
REC-002812,POL-008096,2023-05-07,25/05/2023,03/06/2023,Medicamentos,Bogotá,Corredor,17,2,3099000,2934000,Aprobado,0
REC-001568,POL-002519,18/02/2025,19/02/2025,27/02/2025,CONSULTA ESPECIALIZADA,Cartagena,oficina,23,4,1282000,649000,Pagado parcial,0
REC-000408,POL-004304,06/03/2025,2025-03-11,2025-03-21, Robo ,Bucaramanga,App,11,6,61750000,,Rechazado,0
REC-001277,POL-004536,2024-09-29,2024-10-21,2024-11-23,Colisión,Cúcuta,Call center,5,1,16737000,14967000,Aprobado,1
REC-004249,POL-004649,INVALID_DATE,2024-06-26,,Colisión,Bogotá,Corredor,16,4,2279000,2145000,Aprobado,0
REC-002101,POL-006839,29/12/2023,2023/12/29,09/01/2024,Daño a terceros,Pereira,App,9,4,2484000,0,Rechazado,0
REC-001989,POL-004857,2025-05-25,,2025-06-23,Robo,Cartagena,Oficina,18,7,8422000,7611000,Aprobado,0
REC-000902,POL-003783,2024-02-25,26/02/2024,2024-03-10,Medicamentos,Bogotá,Call center,23,3,8104000,0,Rechazado,false
REC-002722,POL-006677,23/12/2023,24/12/2023,2024/01/08,INUNDACION,Bogotá,Oficina,-1,5,2461000,2406000,Aprobado,0
REC-000931,POL-005035,2024-10-05,2024/10/16,2024-11-08,Colisión,Bogotá,Call center,15,9,1508000,1417000,Aprobado,0
REC-003373,POL-001921,2022-12-04,2022-12-05,13/12/2022,Colision,Cali,App,22,1,5468000,2371000,PAGADO PARCIAL,0
REC-002781,POL-006238,2025-02-16,2025/02/17,20/02/2025,VIDRIOS,Bogotá,App,13,4,2610000,2267000,Aprobado,0
REC-002447,POL-002280,2024-12-08,10/12/2024,2024-12-19,Colisión,Cali,App,13,6,5945000,5702000,Aprobado,0
REC-003414,POL-003747,17/02/2024,2024-02-22,2024/03/03,Incendio,Cúcuta,Call center,17,4,38857000,34797000,APROBADO,0
REC-002660,POL-008186,2024/12/15,2024-12-15,2024-12-24,Daños eléctricos,Cúcuta,oficina,17,4,2928000,0,Denegado,0
REC-003669,POL-007858,09/07/2025,,17/07/2025,Robo,Medellín,App,15,4,33440000,29122000,Aprobado,0
REC-003626,POL-000743,2024-09-09,,2024-09-15,Daño a terceros,Cartagena,  App,20,8,7298000,2732000,Pagado parcial,false
REC-001481,POL-005029,27/07/2023,28/07/2023,2023-08-05,Robo,Barranquilla  ,Oficina,17,3,30442000,27817000,Aprobado,0
REC-000442,POL-004947,2022/11/11,2022-11-12,2022/11/17,Vidrios  ,Bogotá,APP,0,5,7046000,,Aprobado,0
REC-000712,POL-003901,17/05/2024,2024-05-20,27/05/2024,Robo,Cúcuta  ,Oficina,14,,13866000,0,Rechazado,0
REC-002466,POL-003992,2022/10/07,2022-10-07,2022/10/14,Colisión,Bogotá,Corredor,12,8,32944000,32901000,Aprobado,0
REC-001015,POL-002776,2024-10-12,15/10/2024,2024/10/19,Colisión,Cúcuta,Call center,18,2,2974000,2635000,Aprobado,0
REC-003009,POL-004835,27/01/2022,30/01/2022,2022/02/06,Vidrios,Cali,CALL CENTER,8,5,5108000,4410000,Aprobado,
REC-002915,POL-006848,2025-12-24,2025/12/31,2025-12-31,Vidrios,Barranquilla,Oficina,14,5,1522000,1341000,Aprobado,0
REC-002572,POL-006610,2022-05-23,2022-05-29,2022-06-11,Hospitalización,Cali,App,11,3,4879000,4877000,Autorizado,0
REC-000951,POL-005515,2024-04-10,2024/04/11,2024/04/25,Colisión,MEDELLIN,Call center,18,4,3512000,3070000,Aprobado  ,0
REC-002694,POL-006531,2025-10-12,12/10/2025,,Hospitalización,Bogotá,Call center,12,7,8783000,,En revisión,0
REC-002869,POL-006120,2023-08-25,2023-08-27,2023-09-05,ROBO,Bogotá, Corredor ,17,7,38000000,37681000,Aprobado,0
REC-003933,POL-004604,14/09/2021,2021-09-14,2021-09-25,Robo,Barranquilla,App,20,4,9305000,, Aprobado ,0
REC-002141,POL-005334,23/10/2024,2024-10-23,2024-11-23,Hospitalización,Cúcuta,Call center,9,5,5494000,4870000,Aprobado  ,0
REC-001240,POL-007078,2022/10/18,2022-10-19,23/10/2022,Robo,Cúcuta,CALL CENTER,23,8,34608000,33578000,Aprobado,0
REC-002571,POL-008347,2024-09-24,26/09/2024,14/10/2024,Medicamentos,Medellin,Call center,19,10,2186000,1003000,Pagado parcial,0
REC-000461,POL-000052,2024-05-22,2024/06/03,2024/06/09,consulta especializada,Bogotá,App,18,,652000,383000,  Pagado parcial,0
REC-002329,POL-002827,2024-11-22,2024-11-30,2024-12-09,Inundación,Bogotá,Call center,14,8,2864000,2460000,Aprobado,
REC-000216,POL-008078,2025-06-21,2025-06-21,2025-06-27,Colisión,BOGOTÁ,App,15,2,9671000,8834000,Aprobado,0
REC-002223,POL-002075,20/12/2024,2024/12/20,2025-01-03,Consulta especializada,Medellin,  Call center,10,3,3434000,1122000,Pagado parcial,0
REC-000398,POL-003622,03/06/2024,2024-06-03,2024-06-09,MEDICAMENTOS,Pereira,Oficina,11,6,1872000,1686000,Aprobado,0
REC-003171,POL-006046,2025-10-29,,,Colisión,Cartagena,Corredor,11,6,2234000,,En revisión,false
REC-000868,POL-006740,2022-04-14,2022/04/29,2022-05-21,Incendio,Bogotá,Corredor,12,8,6608000,0,Rechazado,0
REC-000184,POL-003147,2022-11-11,2022-11-11,2022/11/13,Inundación,Bta,App,15,8,4603000,4253000,Autorizado,0
REC-003702,POL-001674,23/04/2024,2024/04/23,16/05/2024,consulta especializada,Bogotá,App,7,4,4703000,4644000,Aprobado,0
REC-001586,POL-006889,16/09/2025,2025/11/09,,Medicamentos,Manizales,APP,3,0,3565000,,En revisión,1
REC-000349,POL-000448,2024-10-31,2024/11/02,24/11/2024,Colisión,Bogotá,App,17,5,,0,Rechazado,N
REC-002750,POL-005893,2022-07-12,2022-07-14,23/07/2022,Hospitalizacion, Bogotá , Call center ,14,4,2807000,2635000,Aprobado,0
REC-001465,POL-004386,2025-05-12,,2025-05-16,Daño a terceros,Cúcuta,Call center,11,3,5795000,5701000,APROBADO,0
REC-004069,POL-001098,2024/07/24,24/07/2024,2024-09-25,Colisión,Bucaramanga  ,Call center,10,5,2000000,854000,PAGADO PARCIAL,0
REC-001282,POL-003213,2022-03-12,12/03/2022,2022/03/24,Hospitalización,Cúcuta,corredor,14,3,2792000,2420000,Aprobado,0
REC-000020,POL-002797,23/05/2025,25/05/2025,2025-06-03,Medicamentos,Bogotá,App,21,7,1939000,1850000,Aprobado,0
REC-000164,POL-004250,2025-07-26,2025/07/28,02/08/2025,Daño a terceros,Medellín,Call center,12,6,6925000,5976000,Aprobado,0
REC-002317,POL-002424,2022-05-20,,2022-05-31,Medicamentos,Cali,  Corredor,8,4,912000,569000,Pagado parcial,N
REC-002422,POL-000910,2023/10/31,2023-11-01,2023/12/01,Medicamentos  ,Bogotá  ,Call  center,10,4,2964000,2828000,Aprobado,0
REC-003552,POL-002532,19/03/2023,24/03/2023,2023-03-28,Medicamentos,Medellín,App,12,4,2775000,2427000,Aprobado,0
REC-003813,POL-007182,03/05/2022,2022-05-04,2022-05-10,Medicamentos  ,B/quilla,Call  center,15,7,892000,803000,Aprobado,0
REC-000579,POL-000404,2023/12/25,01/01/2024,08/02/2024,Colisión,,App,6,3,2243000,1951000,Aprobado,0
REC-001067,POL-005053,2024-12-05,2024-12-17,21/12/2024,Hospitalización,Medellín, App ,12,2,13368000,0,RECHAZADO,0
REC-001289,POL-000085,2024-05-20,04/06/2024,2024-08-10,Inundación,Cúcuta,Call center,23,7,12601000,11719000,Autorizado,1
REC-000240,POL-001657,22/04/2022,2022-04-28,2022-05-09,Colisión,Barranquilla,Call center,12,3,19407000,17533000,Aprobada,0
REC-002842,POL-002151,2025-03-15,20/03/2025,2025-04-13,Daños eléctricos,Manizales,Oficina,12,7,878000,420000,Pagado parcial,0
REC-001812,POL-006380,2024-12-27,2024-12-31,07/01/2025,  Colisión, Cali ,Corredor,14,1,330000,320000,Aprobado,0
REC-002901,POL-007044,03/09/2023,21/09/2023,2023/09/25,Daño a terceros,Bogotá,App,15,6,2658000,2545000,Aprobado,0
REC-001019,POL-007405,12/06/2023,2023-06-13,,Cirugía,Cartagena,Corredor,11,3,5938000,5158000,Aprobado,0
REC-002230,POL-003358,2024/08/13,2024/08/13,2024/09/02,Consulta especializada,bucaramanga,Call  center,5,5,1066000,993000,Aprobado,0
REC-001014,POL-004017,2024-06-15,2024-06-19,2024/06/29,Consulta especializada,BUCARAMANGA,Corredor,16,7,978000,0,Rechazado,0
REC-003197,POL-000794,2023-01-30,2023-02-01,2023-02-07,Colisión,Bucaramanga,App,17,6,3298000,3063000,Aprobado,0
REC-003507,POL-005836,2025-04-27,2025-04-27,30/04/2025,Colisión,b/quilla,Call center,15,5,1323000,1244000,APROBADO,0
REC-002224,POL-005260,24/11/2023,24/11/2023,2023-11-29,Consulta  especializada,,App,19,6,1158000,1097000,  Aprobado,0
REC-002753,POL-001014,2022/11/25,02/12/2022,2023-01-22,Consulta especializada  ,Bucaramanga,Corredor,4,5,1388000,1242000,Aprobado,0
REC-003717,POL-002843,05/01/2023,INVALID_DATE,16/01/2023,Medicamentos,CALI,Oficina,16,4,9299000,8735000,Aprobado,0
REC-001699,POL-002721,2024/06/27,2024-06-28,30/06/2024,Colisión,Bogotá,App,13,4,8824000,8794000,Aprobado,0
REC-003917,POL-006010,04/01/2023,04/01/2023,22/01/2023,Consulta especializada,  Medellín,Oficina,15,3,654000,603000,Aprobado,0
REC-002741,POL-003579,2023-04-18,20/04/2023,04/05/2023,Daño a terceros,Bogotá,Call center,16,7,3632000,3298000, Aprobado ,0
REC-003421,POL-005511,2022/11/04,2022-11-05,2022-11-10,Hospitalización,Manizales,Corredor,19,4,1837000,1574000,Aprobado,false
REC-001572,POL-001845,2023-04-12,2023-04-15,,vidrios,Medellin,App,15,,3440000,0,Rechazado,0
REC-002935,POL-003784,28/09/2023,2023/09/30,2023-10-09,Robo,Cartagena,App,6,3,2459000,2326000,Aprobado,0
REC-004225,POL-001557,2024-11-27,05/12/2024,2025/01/02,  Daño a terceros,SANTIAGO DE CALI,Oficina,8,6,2274000,2151000,Aprobado,0
REC-001294,POL-004561,2021/04/10,,30/04/2021,Robo,Barranquilla,Call center,15,2,15000000,13761000,Aprobado,0
REC-003177,POL-002438,,2025-04-27,2025/06/09,Daños eléctricos,Bogotá,Call center,12,3,11087000,10330000,Aprobado,S
REC-000122,POL-004667,15/09/2025,2025-09-18,,Colisión,Cali,Oficina,20,,3503000,,En revisión,0
REC-002774,POL-007955,13/04/2023,2023-04-19,12/05/2023,Daño a terceros,MEDELLIN,Oficina,19,6,2587000,2356000, Aprobado ,0
REC-003581,POL-002666,03/12/2024,07/12/2024,27/12/2024,Daño a terceros,Cúcuta, Call center ,18,6,11927000,10974000,Aprobado,0
REC-002374,POL-006322,28/02/2024,2024/03/07,2024-05-28,Colisión,Cúcuta,Oficina,20,2,14460000,6788000,Pagado parcial,1
REC-002537,POL-000150,2025-07-03,2025-07-13,2025-07-15,Cirugía,Bogotá,Call center,17,6,5426000,5334000,Aprobado,0
REC-002811,POL-004176,2024-06-19,2024/06/20,2024/06/24,Incapacidad,MEDELLÍN,App,8,4,17448000,16863000,Aprobado,0
REC-004160,pol-001424,2025/07/28,2025-07-30,2025-08-06,Colision,MEDELLÍN,Corredor,10,2,4969000,0,RECHAZADO,0
REC-002284,POL-000502,2022-09-15,16/09/2022,2022/10/11,Daños  eléctricos,Bogotá,Oficina,22,1,4440000,4388000,Aprobado,0
REC-001283,POL-005013,22/12/2022,2022/12/23,2022-12-25,Hospitalización, Bucaramanga ,Call center,14,5,23163000,19699000,Aprobado,0
REC-002863,POL-008290,2024-12-24,24/12/2024,2025/02/04,Consulta especializada,Barranquilla,App,15,4,5580000,5493000,APROBADO,0
REC-004200,POL-005901,12/12/2023,2023/12/13,2023-12-28,Hospitalización,Medellín,Corredor,16,3,4070000,3725000,Aprobado,0
REC-003680,POL-006887,26/03/2024,2024/03/27,2024-04-13,Medicamentos,Bogotá,Call center,12,4,3756000,0,Rechazado,0
REC-001614,POL-007923,2025-08-02,03/08/2025,2025-08-12,Fallecimiento,Medellín,App,12,4,37847000,37710000,Autorizado,0
REC-000648,POL-000347,2023-11-23,2023/11/28,11/12/2023,Robo,Bogotá,Oficina,17,7,43697000,43014000,  Aprobado,N
REC-001035,POL-005966,INVALID_DATE,2023-02-09,03/03/2023,Inundación,Medellín,App,12,10,9174000,8714000,Aprobado,0
REC-004212,POL-006284,2024-12-29,2025-01-07,2025/01/21,Medicamentos  ,Pereira,Oficina,8,7,4828000,4138000,Aprobado,0
REC-001198,POL-003660,2024-12-24,2024-12-24,2025-01-13,Hospitalización,BUCARAMANGA,App,7,,3173000,3167000,Aprobado,0
REC-003034,POL-007618,2021-09-18,2021/09/19,21/09/2021,Hospitalización,Bucaramanga,App,15,5,5806000,5686000,Aprobado,0
REC-003534,POL-004870,2025-03-19,2025-03-19,2025-03-28,Vidrios,Bogotá, Oficina ,14,3,5209000,5022000,Aprobado,0
REC-000671,POL-006445,2024-08-23,2024/09/04,03/10/2024,DAÑO A TERCEROS,Cartagena,Call center,14,5,5273000,5172000,Aprobado,0
REC-003695,POL-004308,2021-10-02,2021-10-04,01/11/2021,Robo,Medellín,APP,5,4,17015000,9824000, Pagado parcial ,0
REC-004223,POL-001281,19/02/2024,INVALID_DATE,2024-03-07,Daño a terceros,Barranquilla,App,12,2,1408000,1258000,Aprobado  ,NO
REC-002092,POL-000247,03/07/2022,05/07/2022,2022-07-08,Medicamentos,MEDELLIN,Oficina,14,3,4922000,2598000,Pagado  parcial,0
REC-001749,POL-006348,2024-01-18,2024/01/22,2024/02/05,Enfermedad grave,Cali  ,CALL CENTER,19,7,26280000,22428000,Aprobado,0
REC-001601,POL-005393,10/11/2024,2024-11-16,2024-11-20,Robo,Bogotá D.C.  ,CALL CENTER,17,6,29153000,28311000,Aprobado,0
REC-001000,POL-004764,2021-12-30,2022-01-01,15/01/2022,Incapacidad,Barranquilla,Corredor,15,5,,17098000,APROBADO,0
REC-000207,POL-000264,2023-09-28,2023-10-01,2023/10/15,Cirugía,Bogotá,App,14,7,4405000,0,Rechazado,0
REC-001089,POL-005713,29/12/2022,29/12/2022,2023-01-26,Consulta especializada,Manizales,App,17,3,1561000,1350000,Aprobado,0
REC-001657,POL-000936,28/08/2023,30/08/2023,2023-09-14,Medicamentos,Barranquilla,App,7,7,919000,430000,Pagado parcial,0
REC-000203,POL-004699,2024-06-17,2024/06/19,2024-07-14,Vidrios,Barranquilla,Call center,16,5,2759000,2744000,Aprobado,0
REC-000196,POL-007722,2022-01-18,2022-01-19,04/02/2022,Consulta especializada,Bucaramanga,Oficina,5,4,2835000,2555000,Aprobado,0
REC-003907,POL-007433,2025-12-27,2025-12-31,2025-12-31,Dano a terceros,Barranquilla,APP,11,2,4207000,0,Rechazado,1
REC-001109,POL-005863,16/09/2022,2022/09/16,15/10/2022,Daños eléctricos,Bucaramanga,App,11,1,834000,812000,Aprobado,0
REC-003342,POL-004615,28/11/2022,07/12/2022,2022/12/11,Robo,Bogotá,APP,13,4,1767000,1678000,aprobado,0
REC-001004,POL-004977,2023-01-05,2023-01-11,2023-01-17,Consulta especializada,MEDELLÍN,App,23,7,3688000,3328000,Aprobado,0
REC-003437,POL-005331,2023-08-08,2023-08-09,27/08/2023,Hospitalización,Bogotá,APP,16,7,9956000,8830000,Aprobado,0
REC-003603,POL-002841,2021-09-27,08/10/2021,2021-11-08,Medicamentos,Barranquilla,Call center,15,9,1643000,1420000,Aprobado,0
REC-003559,POL-002444,06/08/2025,2025/08/06,13/08/2025,Consulta especializada,Pereira,Oficina,15,2,7730000,7510000,Aprobada,N
REC-000105,POL-004896,2022-02-21,2022-03-02,2022-03-07,Colisión,MANIZALES,Call center,9,7,1297000,1194000,Aprobado,0
REC-000762,POL-006214,03/06/2025,05/06/2025,15/06/2025,Robo,Pereira,Oficina,18,5,14513000,0,  Rechazado,0
REC-003915,POL-000280,2025/07/03,2025-07-10,2025/07/14,Fallecimiento,Medellín,Oficina,14,10,48630000,44239000,Aprobado,0
REC-001734,POL-000726,2024/10/26,11/11/2024,2024-11-16,Hospitalización,Cúcuta,App,14,9,3776000,3541000,Aprobado,false
REC-000520,POL-002798,11/07/2023,2023-07-11,18/07/2023,Consulta especializada,Bogotá,App,18,5,1421000,1311000,Aprobado,0
REC-003193,POL-005092,19/05/2025,2025/05/19,2025/06/30,Colisión,Medellín  ,App,10,10,3639000,3298000,aprobado,0
REC-000252,POL-007618,2021-12-29,04/01/2022,2022/01/16,Consulta especializada,B/manga,Corredor,16,,862000,790000,Aprobado,0
REC-000683,POL-004914,2024-05-04,2024-05-04,2024/05/13,Cirugía, Bogotá ,Corredor,17,5,20729000,0,Rechazado,0
REC-000232,POL-001317,2024/12/10,2024-12-13,2025-01-17,Incendio,Bogotá,App,20,10,9158000,8842000,Aprobado,0
REC-003670,POL-000665,2024-10-22,22/10/2024,2024-11-02,COLISION,Bogotá,Call center,10,7,3093000,1855000,Pagado parcial,0
REC-000625,POL-005836,2024/12/13,2024-12-13,2025-01-02,Colisión,BARRANQUILLA,Call  center,12,3,2024000,2019000,Aprobado,0
REC-002440,POL-006849,2024-03-08,09/03/2024,2024-03-19,medicamentos,Cali,App  ,18,10,1293000,1207000,Aprobado,0
REC-001639,POL-006071,11/10/2023,,2023/10/26,Consulta especializada,Medellín,Call center,14,5,1157000,1156000,Aprobado,0
REC-002672,POL-005525,2025-12-14,2025-12-17,2025/12/27,Consulta especializada,Cali,Call center,13,6,8878000,8364000,Aprobado,0
REC-002433,POL-004210,2025/08/01,08/08/2025,2025/09/21,CONSULTA ESPECIALIZADA,Cúcuta,App,13,6,4802000,4575000,Aprobado,0
REC-004146,POL-008068,INVALID_DATE,2024-01-05,28/02/2024,Consulta especializada,Medellín,App,6,6,5029000,2888000,Pagado parcial,0
REC-001459,POL-008178,14/10/2023,2023-10-15,2023-11-17,Daño a terceros,Medellín  ,Call center,17,5,5767000,0,Rechazado,1
REC-002235,POL-001326,2024-10-26,2024-11-06,20/11/2024,INCENDIO,Bogotá,Corredor,8,6,25548000,23245000,APROBADO,0
REC-000187,POL-004807,2025-02-12,2025/02/12,2025-02-17,Consulta especializada,,  Call center,14,3,1877000,1692000,Aprobado,0
REC-001744,POL-005412,2023/09/10,10/09/2023,2023-09-15,Consulta especializada,Cartagena,Call center,11,7,1240000,414000,Pagado parcial  ,0
REC-001069,POL-005568,2025-09-03,2025-09-05,,Consulta especializada,Bucaramanga,Oficina,15,5,953000,,En revisión,0
REC-000974,POL-000411,07/09/2022,2022-10-06,03/12/2022,Daño a terceros,Bogotá,Call center,23,1,4341000,3844000,Aprobado,1
REC-002029,POL-000709,11/12/2021,2021-12-13,2021-12-15,Daño a terceros,  Pereira,Corredor,12,4,4022000,3461000,Aprobado,0
REC-000682,POL-001562,2022-08-19,2022/08/19,2022/08/23,Cirugía,Bogota DC,Call center,7,2,8787000,8446000,Aprobado,0
REC-000853,POL-007979,2023-10-30,31/10/2023,2023-11-15,  Vidrios,Medellín,App,14,3,3348000,3030000,Aprobado,0
REC-001567,POL-008056,2021/08/21,22/08/2021,2021-09-07,colisión,Bucaramanga,Oficina,4,5,3979000,3786000,Aprobado,0
REC-002979,POL-007623,2025-07-27,2025-07-27,20/08/2025, Colisión ,Bogotá,Call center,12,4,3910000,3726000,Aprobado,0
REC-002679,POL-003565,2023-01-24,25/01/2023,2023-02-09,COLISION,Cartagena,App,14,4,2723000,1730000,Pago parcial,0
REC-004267,POL-006486,2025-01-18,2025-01-24,2025-02-22,Daño a terceros,BOGOTA,Corredor,12,3,2283000,0,Rechazado,NO
REC-000952,POL-004905,2024-01-12,2024-01-16,2024-01-31,Consulta especializada,  Cali,Call center,18,3,598000,580000,APROBADO,0
REC-002822,POL-000618,2025-03-24,2025/03/28,,Daño a terceros,Bogotá,Call center,16,6,998000,618000,Pagado parcial,N
REC-003254,POL-007758,2023-04-20,2023-04-27,2023/05/03,Cirugía  ,Medellín,APP,15,,9734000,8742000,Aprobado,0
REC-004242,POL-003303,28/02/2025,2025-03-10,21/03/2025,Colisión,Pereira,Corredor,5,6,1469000,553000,Pago parcial,0
REC-001149,POL-002901,2025-08-07,2025/08/07,10/08/2025,Consulta especializada,Pereira,App,14,4,2670000,0,  Rechazado,0
REC-003572,POL-004511,2025-03-09,INVALID_DATE,2025-03-13,Colisión,Cúcuta,Oficina,14,6,1714000,1551000,  Aprobado,0
REC-003395,POL-003687,04/11/2022,2023/12/12,2023-12-17,Daños eléctricos,Bogotá,App,8,5,4870000,4801000,Aprobado,0
REC-003092,POL-004339,27/06/2024,2024/07/06,2024-08-06,Daños eléctricos,Medellín,Call center,3,6,5902000,0,Denegado,0
REC-002493,POL-001608,2025-10-19,24/10/2025,26/10/2025,Robo,Cali,Corredor,15,4,14435000,14208000,Aprobado,0
REC-003498,POL-005205,2024/01/14,15/01/2024,17/01/2024,Robo,Cali,Oficina,10,1,3872000,3522000,Aprobado,0
REC-002442,POL-001649,2023-02-11,20/02/2023,24/02/2023,Incapacidad,Cali,Oficina,13,9,76239000,42894000,Pago parcial,0
REC-004085,POL-004113,2024/02/01,2024-02-03,13/02/2024,Vidrios,,App,15,8,4282000,4009000,Aprobado,0
REC-001522,POL-003136,2022/03/04,2022/03/05,2022/03/09,  Medicamentos,Cali,Call center,16,4,1264000,0,Rechazado,0
REC-000286,POL-007301,09/06/2025,2025-06-12,2025/06/16,cirugía, Medellín ,Oficina,15,10,5074000,4757000,Aprobada,0
REC-001698,POL-001245,2023-09-28,2023-09-28,2023/09/30,Incendio,Bogotá,corredor,9,7,39284000,19778000,PAGADO PARCIAL,No
REC-001487,POL-003028,2025-06-05,2025/06/08,2025-06-18,Robo,Medellín,App,12,5,28948000,28462000,aprobado,0
REC-000775,POL-003514,06/12/2023,06/12/2023,08/12/2023,  Colisión,Bogotá  ,App,9,5,5764000,5043000,Aprobado,0
REC-001456,POL-001467,2025/07/09,16/07/2025,2025/07/30,Hospitalización,Bogota,Call center,10,10,1286000,536000,Pagado parcial,N
REC-001943,POL-001131,07/01/2025,17/01/2025,2025/05/13,Daño a terceros,Manizales,Call center,22,2,5351000,5260000,Aprobado,1
REC-003458,POL-001025,19/09/2025,2025-09-19,,Consulta especializada,Medellín,oficina,15,5,2030000,,En revisión,0
REC-003154,POL-000791,2025-01-01,2025/01/06,2025/01/19,Robo,Santa Marta,Oficina,19,7,26670000,8431000,Pagado parcial,0
REC-000939,POL-001414,2025-02-24,2025/02/27,2025-03-07,Consulta especializada,Medellín,Call center,11,6,563000,485000,Aprobado  ,N
REC-001233,POL-001016,2024-04-06,09/04/2024,2024-04-16,  Daño a terceros,Cúcuta,Oficina,6,4,1989000,1703000,Aprobado,0
REC-000709,POL-000120,2024-05-19,2024/06/04,24/06/2024,Colisión,Bogotá,App,15,4,11974000,10272000,Aprobado,0
REC-002515,POL-008220,2024-11-21,2024-11-23,03/12/2024,Colisión,Cali,Corredor,18,4,2757000,2702000, Aprobado ,0
REC-003111,POL-005249,2024-03-14,2024/03/14,17/03/2024,Consulta especializada,CARTAGENA,Call center,12,3,2872000,2752000,Aprobado,0
REC-000383,POL-001323,07/07/2021,2021-07-08,INVALID_DATE,Inundación,BOGOTÁ,Call center,14,6,6300000,6172000,Aprobado,0
REC-002562,POL-004570,INVALID_DATE,2025-12-11,INVALID_DATE,CONSULTA ESPECIALIZADA,Cali,App,13,8,1562000,1341000,aprobado,0
REC-000157,POL-008133,2025-10-07,2025/10/10,2025-10-15,Cirugía,BOGOTÁ,app,16,4,9561000,8928000,Aprobado,0
REC-002009,POL-002381,2024-01-10,2024-01-15,,Consulta especializada,Pereira,Call center,11,3,1923000,587000,Pagado parcial,0
REC-001748,POL-000443,29/10/2022,2022-11-05,03/12/2022,DAÑO A TERCEROS,B/quilla  ,  Corredor,20,8,1910000,1799000,APROBADO,No
REC-000211,POL-006608,2025-11-20,2025-11-23,,Daño a terceros,Santa Marta,Call center,19,4,3178000,,En revisión,NO
REC-001954,POL-000003,2025/05/12,2025-05-14,20/05/2025,Robo,Manizales,App,20,7,26600000,14751000,Pagado parcial,0
REC-001485,POL-006218,12/07/2023,2023-07-13,2023-08-26,Medicamentos,Medellín,Call center,20,1,4981000,0,Rechazado,1
REC-000501,POL-001042,2023-08-17,2023-08-17,2023-09-02,Daño a terceros,MEDELLIN,Oficina,9,4,11996000,11475000,Aprobado,false
REC-003645,POL-002244,2024/06/30,2024/07/10,01/08/2024,DANO A TERCEROS,Barranquilla,Call center,3,1,8041000,4959000,Pagado parcial,Sí
REC-000120,POL-003289,30/03/2022,2022/04/17,28/05/2022,Medicamentos,Bogotá,App,13,2,2249000,1952000,Aprobado  ,0
REC-003655,POL-002171,2024-04-26,27/04/2024,29/04/2024,Daño a terceros,Bogotá,Oficina,14,8,2039000,1883000,Aprobado,0
REC-003110,POL-008396,2024/06/11,2024-06-11,2024/06/13,Daño a terceros,Barranquilla,Corredor,12,5,7269000,7056000,Aprobado,0
REC-001229,POL-001523,2023/08/29,06/09/2023,2023/09/21,Consulta especializada,BOGOTA,Oficina,19,8,3952000,3479000,Aprobado,0
REC-001026,POL-005857,2021-08-01,2021-08-01,2021/08/08,CONSULTA ESPECIALIZADA,Bogotá  ,App,8,9,7584000,7254000,Aprobado,0
REC-002398,POL-008124,2023-11-22,2023-11-22,2023-12-09,Colisión,Medellín,Oficina,21,5,2687000,2528000,Aprobado,0
REC-003633,POL-007177,10/11/2023,11/11/2023,21/11/2023,Colisión,Cúcuta,Oficina,18,6,6285000,3322000,Pagado parcial,0
REC-000621,POL-003127,29/01/2024,2024/02/04,2024/02/07,Vidrios,Santa Marta,CORREDOR,10,2,12771000,10965000,Aprobado,0
REC-003099,POL-002445,2025/09/03,2025-09-11,17/09/2025,Incendio,Bogotá,Call center,20,6,14131000,13669000,Aprobado,0
REC-004050,POL-000853,19/10/2024,2024-10-19,2024/10/26,Daños eléctricos,MANIZALES,App,11,4,3686000,3621000,Aprobado,0
REC-001650,POL-005898,2022/05/04,2022-05-11,2022-05-26,Colisión  ,Medellín,App,11,7,406700000,1225000,Pagado parcial,0
REC-000388,POL-003138,2024/05/12,INVALID_DATE,2024-06-05,Cirugía,Medellín,Corredor,17,5,,8109000,Aprobado,0
REC-000765,POL-004859,30/09/2023,05/10/2023,2023-10-08,Hospitalización,Cali,Call center,14,5,5534000,5113000,Aprobado,0
REC-003894,POL-004149,2024-11-27,2024-12-04,2024-12-09,Daño a terceros,  Bogotá,Call center,9,3,9104000,8892000,aprobado,No
REC-000405,POL-008145,2022-04-17,2022-04-19,2022-04-21,Consulta especializada,Santa Marta,Oficina,8,2,3053000,1987000,Pagado parcial,0
REC-001884,POL-003028,2025-03-24,25/03/2025,2025-04-22,Robo,Medellín,Call center,20,8,33101000,31691000, Aprobado ,0
REC-000802,POL-005295,2024-03-11,2024/03/12,2024/03/15,Colisión,Cartagena,Oficina,14,5,2173000,1917000,Aprobado,0
REC-002084,POL-001186,2025-08-27,2025-08-27,2025-09-17,Colisión,Bogotá,Call center,16,5,5389000,4606000,Aprobado,NO
REC-000995,POL-000452,2025/03/18,2025/03/18,2025/04/07,Cirugía,Barranquilla,Oficina,16,6,9526000,8406000,Autorizado,0
REC-001199,POL-003875,23/05/2022,25/05/2022,2022-05-30,Vidrios,Barranquilla,App,20,4,5893000,2153000,Pagado parcial,0
REC-000034,POL-006469,2024-12-28,31/12/2024,2025-01-23,DAÑO A TERCEROS,Bucaramanga,App,16,7,2776000,3664750,Aprobado,0
REC-001514,POL-004550,2021-12-01,2023/01/08,2023-01-17,Robo,Bogotá,Call center,12,8,17234000,15851000,aprobado,0
REC-000798,POL-001173,2025-09-30,2025-10-17,06/11/2025,Robo,Bogotá,App,12,5,25026000,22603000,Aprobado,0
REC-004122,POL-005465,2025-09-01,2025/09/02,,Consulta especializada,Bogotá,App,11,3,1696000,,En revisión,0
REC-003960,POL-002616,23/05/2024,2024-05-27,2024-06-27,Consulta especializada,Cúcuta  ,Oficina,23,5,1828000,1724000,Aprobado,0
REC-002239,POL-004870,2025/08/02,2025-08-02,2025-08-04,Daño a terceros,Bta,App,13,6,2631000,0,Rechazado,0
REC-004052,POL-005887,2025/12/02,2025-12-09,2025-12-20,Colisión,Medellín,corredor,12,5,6138000,5724000,Aprobado,0
REC-003656,POL-003201,2025-05-18,19/05/2025,2025-06-22,Consulta especializada,Medellín,Call center,9,9,1955000,763000,Pagado parcial  ,0
REC-001327,POL-007885,2025-01-29,2025/02/06,2025-02-21,CONSULTA ESPECIALIZADA,BOGOTÁ,Call center,11,10,1907000,1889000,Aprobado,0
REC-003328,POL-004875,2025-05-12,12/05/2025,26/05/2025,Hospitalización,MEDELLÍN,App,13,6,4926000,,Aprobado,0
REC-000915,POL-005625,30/08/2025,2025-08-30,2025/09/10,Hospitalización,Bogota,Corredor,16,3,3689000,1960000,Pagado parcial,0
REC-001907,POL-000372,22/09/2022,2022-09-26,2022-10-06,Daño a terceros,Bogotá,Oficina,13,3,4987000,4907000,Autorizado,0
REC-001391,POL-000558,2025-02-18,2025-02-19,2025-03-11,Colisión,Bogotá  ,Corredor,11,3,1128000,1022000,Aprobado  ,0
REC-000094,POL-003741,2023/03/22,2023-03-23,2023-04-17,Medicamentos,Cartagena,Call center,17,2,2429000,2108000,APROBADO,0
REC-003353,POL-006690,2023-05-27,2023-06-02,2023-06-06,Robo,Bogotá,Corredor,16,7,4288000,0,Rechazado,0
REC-003271,POL-001768,15/08/2024,2024-08-15,2024-08-26,Medicamentos,CUCUTA,Corredor,17,6,2034000,659000,Pagado parcial,0
REC-001090,POL-006041,2021-11-26,29/11/2021,09/12/2021,Consulta especializada  ,Bogotá,App  ,19,4,3095000,2906000,  Aprobado,0
REC-004259,POL-008300,2023/06/18,20/06/2023,2023-06-23,Hospitalización,Bogota,CORREDOR,14,7,5833000,5718000,APROBADO,0
REC-000874,POL-007910,2023-12-11,2023/12/17,2023/12/23,Colisión,Cartagena,Call center,17,3,2722000,2514000,Aprobado,0
REC-000212,POL-000992,03/01/2024,04/01/2024,2024-01-23,Hospitalización,Barranquilla,Oficina,7,5,3746000,3372000,Aprobado,0
REC-001304,POL-000535,2021-03-30,2021/03/30,2021/04/05,Vidrios,Cali,Call center,8,5,7241000,7137000,Aprobado,0
REC-003392,POL-005895,2024-11-12,2024/11/15,2024-11-21,Cirugía,Barranquilla,Call center,17,5,12001000,7868000,Pagado parcial,0
REC-001791,POL-005220,18/09/2023,2023-09-18,03/10/2023,COLISION,Medellín,Call  center,9,5,30167000,29429000,Aprobado,0
REC-002865,POL-006173,2024/11/01,2024-11-10,2024-11-16,Consulta especializada,Bogotá,  App,10,4,2109000,1838000,Aprobado,0
REC-002891,pol-006383,2025-07-18,2025-07-26,30/07/2025,Daño a terceros,Manizales,Call center,12,9,7661000,0,Rechazado,0
REC-001933,POL-000046,19/09/2022,2022-09-21,2022/10/05,DAÑO A TERCEROS,Medellín,Call center,13,4,1271000,1268000,APROBADO,0
REC-000936,POL-006606,2022-06-16,18/06/2022,2022-07-09,Colisión  ,Barranquilla,Oficina,7,6,3610000,0,Rechazado,0
REC-004105,POL-001413,31/07/2022,2022-08-04,24/08/2022,Colisión,Medellín,CALL CENTER,20,6,2875000,0,Rechazado,
REC-002400,POL-004607,17/10/2021,,,Colisión,BOGOTÁ,Corredor,18,5,5866000,5840000,Aprobado,0
REC-002458,POL-000635,28/05/2025,2025-06-12,2025-06-15,Consulta especializada,Bogotá,Call center,22,3,2649000,0,Rechazado,0
REC-000736,POL-008021,2024-12-02,02/12/2024,2024-12-11,Cirugía,Barranquilla,OFICINA,16,4,5976000,5933000,Aprobado,0
REC-001060,POL-005513,11/02/2022,2022-02-13,26/02/2022,Consulta especializada,Cali,Call center  ,3,2,866000,800000,Aprobado,NO
REC-004032,POL-000744,26/09/2025,26/09/2025,2025/10/03,Daño a terceros,Cali,Oficina,16,7,1591000,1403000,  Aprobado,0
REC-001960,POL-002433,2023-11-19,2023/11/19,2023-12-17,Medicamentos,  Medellín,App,10,4,6487000,3177000,Pagado parcial,0
REC-002893,POL-000063,2023-07-25,2023/07/26,31/07/2023,Cirugía  ,Bogotá,App,14,3,2553000,2518000,Aprobado,0
REC-001390,POL-001671,2023-10-08,2023-10-08,2023/10/17,Consulta especializada, Medellín ,App,14,8,791000,0,Rechazado,0
REC-000213,POL-002449,13/11/2025,17/11/2025,2025-12-02,Cirugía,Bogotá,Oficina,13,2,18850000,0,RECHAZADO,0
REC-001184,POL-007593,INVALID_DATE,2024-08-31,2024-09-04,Daño a terceros,BOGOTÁ,App,23,7,4545000,0,Rechazado,NO
REC-003280,POL-004214,2023-06-12,2023-06-15,18/06/2023,Consulta especializada, Barranquilla ,App,12,10,4740000,0,rechazado,0
REC-004161,POL-001858,03/08/2025,2025/08/05,2025-08-15,Colisión,Pereira  ,Call center,13,4,1825000,1692000,Autorizado,0
REC-001502,POL-007685,2025/11/21,2025-11-27,,Vidrios,Cali,Oficina,13,8,1234000,,En revision,0
REC-002824,POL-005647,2024/10/08,2024-10-09,2024/10/11,Colisión,Bogotá,App,17,8,,3338000,Pagado parcial,0
REC-002479,POL-004831,2024-01-23,2024/01/23,2024/02/01,  Medicamentos,Bogotá, App ,10,4,1613000,1405000,Aprobado,NO
REC-001335,POL-002198,2022-04-30,INVALID_DATE,2022-05-09,Colisión  ,Cartagena,App,18,5,2212000,2205000,Aprobado,0
REC-002148,POL-005314,04/02/2023,2023-02-09,2023-02-26,Robo,BOGOTÁ,App,8,4,16913000,16154000,APROBADO,0
REC-003089,POL-003234,26/08/2024,01/09/2024,04/09/2024, Hospitalización ,Bogotá,Oficina,11,6,17372000,17345000,Aprobado,0
REC-003522,POL-003307,2023-08-16,2023-08-16,2023-08-25,Enfermedad grave,Medellín,  Call center,15,6,54236000,23647000,Pagado parcial,0
REC-001926,POL-003481,2023/06/26,2023-06-26,02/07/2023,Medicamentos,b/quilla,Oficina,8,4,2920000,0,Rechazado,0
REC-002384,POL-003534,06/07/2024,2024-07-09,2024-07-13,Daño a terceros,Bogotá,Call center,23,2,1418000,1405000,Aprobado  ,0
REC-003071,POL-005231,2025/03/20,22/03/2025,2025-04-10,consulta especializada,Bogotá,App,14,4,4859000,4599000,Aprobado,0
REC-001468,POL-006137,2023/03/30,2023-03-31,2023/04/07,Daño a terceros,Pereira  ,Call center,15,5,3878000,2240000,Pagado parcial,0
REC-004245,POL-002586,2024-03-07,2024-03-07,2024/03/27,Consulta especializada,Bucaramanga,Call center,8,3,1658000,1549000,Aprobado,0
REC-000243,POL-004644,INVALID_DATE,2022-08-09,19/08/2022,colisión,Bucaramanga,Call center,15,9,2064000,1984000,APROBADO,0
REC-000425,POL-006997,2024-07-01,2024-07-05,2024-07-29,Medicamentos,BARRANQUILLA,Corredor,13,8,2579000,2386000,Aprobado,false
REC-003667,POL-002835,09/04/2025,2025-04-11,2025-04-13,Daños eléctricos  ,Cali,App,23,5,5967000,5765000,Aprobado,0
REC-000048,POL-007411,2025-08-21,2025-08-24,2025-09-08,  Daños eléctricos,Bogotá,Call center,15,6,4009000,3613000,APROBADO,0
REC-001621,POL-001389,2025/10/02,02/10/2025,,Consulta especializada,Bucaramanga,  App,14,7,2699000,,En revisión,0
REC-002939,POL-002928,2025-03-17,29/03/2025,2025-05-03,Daño a terceros,Cali,Call center,23,2,6436000,5636000,Aprobado,0
REC-002380,POL-001220,2024-09-07,10/09/2024,2024-09-19,Colisión,Bucaramanga,App,15,4,3495000,2104000,Pagado parcial,0
REC-002503,POL-005035,2025/04/08,2025-04-12,2025-04-15,Robo,BOGOTÁ,App,18,6,47241000,47154000,  Aprobado,0
REC-000907,POL-001898,2021/05/07,,2021-05-27,Danos electricos,,App,22,0,28077000,0,Rechazado,1
REC-002403,POL-007285,2022-12-14,2022-12-14,18/12/2022,Consulta especializada  ,Medellín,Call center,17,3,10673000,9278000,APROBADO,0
REC-001357,POL-008097,2023-01-04,2023/01/09,2023/01/20,Colisión,Barranquilla,CALL CENTER,15,2,19588000,0,Rechazado  ,1
REC-000925,POL-004490,,2022/12/19,2022-12-26,Vidrios,  Bta,CALL CENTER,16,4,4605000,3918000,Aprobado,0
REC-001446,POL-003631,27/01/2025,2025-02-02,2025-03-13,consulta especializada,Santiago de Cali,Call center,5,2,7183000,2291000,Pagado parcial,1
REC-001452,POL-000997,2025/10/26,2025/11/06,,Hospitalización,Bogotá,App,12,3,15124000,,EN REVISION,0
REC-002158,POL-005112,2024-02-10,10/02/2024,2024/03/17,Robo,Bogotá,Oficina,16,7,4897000,4273000,Aprobado,0
REC-000637,POL-002416,2023/12/17,19/12/2023,INVALID_DATE,COLISION,Bogotá,App,9,6,681000,0,Rechazado,0
REC-000251,POL-000167,2024/02/07,2024-02-19,2024-03-11,Colisión,Medellín,App,15,4,1390000,860000,Pagado parcial,0
REC-003850,POL-000821,30/08/2025,31/08/2025,06/09/2025,Hospitalización,Cali,App,8,1,999000,871000,Aprobado,0
REC-003769,POL-007246,30/07/2021,2021-07-30,INVALID_DATE, Robo ,Pereira,App,3,0,35600000,34336000,Aprobado,1
REC-003390,POL-008254,2024-04-07,2024-04-09,15/04/2024,Hospitalización,Bucaramanga,Call center,13,3,6628000,6144000, Aprobado ,0
REC-004190,POL-006540,10/09/2024,2024-09-12,2024/09/30,Consulta especializada,Bucaramanga  ,Call center,15,5,1299000,1157000,Aprobado,0
REC-003525,POL-002616,2023/10/29,31/10/2023,2023-11-06,Hospitalización,bogotá,App,18,2,4381000,4148000,Aprobado,0
REC-001993,POL-004736,2025-04-27,2025/05/09,2025/05/14,Robo,Manizales,app,14,5,60509000,58487000,Aprobado,0
REC-003699,POL-005167,2025-04-22,2025-04-26,2025-05-22,Vidrios,Barranquilla,App,13,4,7359000,6979000,Aprobado,0
REC-001092, POL-006040 ,2022/03/12,16/03/2022,2022/03/22,Hospitalizacion,Pereira,Call center,19,4,6219000,5934000,Aprobado,0
REC-000373,POL-007516,2024/12/15,2024/12/17,05/01/2025,  Colisión,Medellín,Oficina,15,,2038000,1769000,Aprobado,0
REC-003842,POL-004278,2022/10/30,2022-11-22,11/12/2022,Colisión,Bogotá,Call center,2,3,17228000,16000000,aprobado,1
REC-003204,POL-006089,20/11/2025,22/11/2025,,Daño a terceros,Bogotá,Call center,18,,1895000,,En revision,0
REC-003924,POL-008045,2022/08/09,2022-08-09,11/08/2022,Consulta especializada,CARTAGENA DE INDIAS,App,13,5,3426000,,Aprobado,0
REC-000503,POL-008325,28/08/2023,01/09/2023,2023-09-24,Inundación,Cartagena,Corredor,15,,329300000,2883000,Aprobado,0
REC-001178,POL-004898,2025-03-11,2025/03/22,11/04/2025,MEDICAMENTOS,Barranquilla,CALL CENTER,16,5,1506000,1303000,Aprobado,0
REC-001592,POL-007415,2021-09-23,23/09/2021,2021-10-14,MEDICAMENTOS,Manizales,Corredor,14,10,1827000,1273000, Pagado parcial ,0
REC-003105,POL-001947,2022/11/25,2022-12-01,2022-12-07,DAÑOS ELÉCTRICOS,Santa Marta,App,14,3,6705000,5824000,Aprobado,N
REC-001552,POL-000555,INVALID_DATE,22/12/2023,2023-12-26,Robo,Cucuta,Call center,11,,45600000,0,Rechazado,0
REC-000848,POL-004252,2024/06/17,2024-06-18,2024/07/07,Colisión,Bogotá,Corredor  ,23,8,1905000,1728000,  Aprobado,0
REC-002082,POL-000723,2024-02-15,18/02/2024,2024-03-01,Colisión,BOGOTÁ, Oficina ,19,8,5402000,,Pagado parcial,0
REC-002732,POL-001237,2022-12-20,2022/12/25,2022-12-30,Medicamentos,Medellín,App,12,8,5415000,5029000,Aprobado,0
REC-002001,POL-003190,06/02/2022,2022-02-16,2022-03-10,Daño a terceros,Bogotá,App,16,10,5594000,5170000,Aprobado,0
REC-003495,POL-001137,2024-02-17,2024/03/03,15/03/2024,Consulta especializada,Medellín,App,21,4,6757000,0,Rechazado,1
REC-001896,POL-000586,08/08/2022,08/08/2022,06/09/2022,Consulta especializada,Bogotá,Call center,19,8,1403000,0,Rechazado,0
REC-002090,POL-000878,2024/01/24,2024/01/29,2024-02-01,Daño a terceros,Bogotá,App,13,10,4102000,1266000,Pagado parcial,0
REC-001815,POL-006296,02/02/2024,2024-02-08,2024-02-28,Daños eléctricos,Cali,Corredor,15,3,4317000,3894000,Aprobado,0
REC-004246,POL-000086,18/09/2024,2024-09-18,29/09/2024,Colision,B/quilla,Corredor,18,4,935000,854000,Aprobado,0
REC-001241,POL-000680,2025-04-28,01/05/2025,2025-05-04,Daños eléctricos, Bogotá ,Oficina,13,7,6075000,2002000,Pagado parcial,0
REC-003041,POL-001905,2024/07/09,2024-07-12,30/07/2024,Consulta  especializada,medellín,App,20,,3921000,1311000,Pagado parcial,0
REC-002884,POL-004295,26/02/2025,2025/02/26,2025-03-21,Hospitalización,Bogotá,Call center,10,4,5518000,5168000,Aprobado,0
REC-002032,POL-000957,2023-10-19,29/10/2023,28/11/2023,Robo,Barranquilla,App,7,3,2820000,1359000,pagado parcial,0
REC-003919,POL-001782,2023-02-15,2023-02-17,2023-02-20,  Hospitalización,cúcuta,Call center,12,10,12500000,10763000,Aprobado,0
REC-001679,POL-004641,2025-10-16,2025/10/19,,Colisión,Cali,App,8,3,4278000,,En revisión,0
REC-004054,POL-004323,2023-03-02,2023-03-05,2023-04-07,Robo,Cartagena,Corredor,6,6,-6836000,5987000,Aprobado,0
REC-000842,POL-003641,2023-10-09,2023-10-11,2023-10-28,daño a terceros,Medellín,Call center,5,4,15621000,5234000,Pagado parcial,NO
REC-003563,POL-004506,2023-01-06,2024-02-10,16/02/2024,Consulta especializada,Pereira,Call center,18,5,2432000,1272000,Pagado parcial,0
REC-002425,POL-001778,2025-05-22,2025-05-27,2025-05-29,Colisión,Barranquilla,Call center,13,6,687000,668000,Aprobado,0
REC-003362,POL-007970,2024-09-19,20/09/2024,2024-11-10,Cirugía,Cúcuta,App,11,8,13964000,12984000,Aprobado,0
REC-004278,POL-002278,2024-04-12,20/04/2024,22/04/2024,Daños eléctricos,Bogotá,APP,15,2,2542000,2434000,Aprobado,0
REC-000208,POL-007375,2025-11-24,30/11/2025,,  Colisión,Santa Marta,App,12,4,1396000,,En revisión,0
REC-001418,POL-000783,05/12/2022,05/12/2022,2023/01/04,Cirugía,,App,18,2,4106000,2320000,Pago parcial,0
REC-003305,POL-007852,2025-10-01,2025/10/10,,CIRUGIA,Medellín,app,11,3,8452000,,En revisión,No
REC-001913,POL-006253,INVALID_DATE,05/04/2025,2025/05/31,Colisión,Cali,Call center,13,1,11250000,,Denegado,1
REC-000059,POL-000245,2023-05-05,05/05/2023,2023-06-09,Enfermedad grave,Bogotá,App,21,8,159687000,155635000,Aprobado,0
REC-003598,POL-006983,22/11/2025,22/11/2025,,Colisión  ,Medellín,Corredor,5,10,3529000,,En revisión,0
REC-003098,POL-004447,24/05/2023,2023-05-27,21/06/2023,DANO A TERCEROS,Bogotá,app,10,5,4046000,3545000,APROBADO,0
REC-002584,POL-003038,10/09/2021,2021-09-17,2021-12-20,Consulta especializada,Barranquilla,  Corredor,12,4,1374000,0,Rechazado  ,1
REC-002620,POL-001500,2023-10-02,04/10/2023,2023-10-12,Medicamentos,Barranquilla,App,16,6,4976000,4975000,Aprobado,0
REC-001545,POL-002852,2022-12-22,2022-12-28,2023-01-02,Colisión,Bogotá,App,13,5,4401000,4292000,  Aprobado,0
REC-000326,POL-008135,2024-01-02,2024-01-05,2024-01-08,colisión,Medellin,App,21,4,8862000,8138000,Aprobado,0
REC-000551,POL-007667,22/06/2024,2024-06-24,2024-06-28, Cirugía ,Medellín,Call center,16,8,8497000,8210000,APROBADO,0
REC-000369,POL-004882,2025/08/05,06/08/2025,2025/10/30,  Robo,Medellín,Call center,19,5,34374000,0,Rechazado  ,1
REC-000390,POL-006677,2023/05/09,2023/05/09,2023/05/18,Robo,Bogotá,Oficina,9,3,5622000,4893000,Aprobado,0
REC-001383,POL-008389,2023-08-10,2023-08-12,2023-08-22,  Hospitalización,Bucaramanga,Call center,13,7,3863000,3855000,Aprobado,0
REC-002073,POL-000512,04/07/2022,2022/07/06,2022-07-17,Cirugía,Santa Marta,Oficina,10,10,8112000,6926000,Aprobado,0
REC-000457,POL-008020,2023-11-07,2023/11/14,2023-11-16,Colisión,Medellín,Call center,13,8,2383000,2187000,Aprobado,0
REC-002369, POL-002072 ,2024/07/09,2024-07-17,2024-08-11,CIRUGÍA,Medellín,Oficina,16,6,24946000,23815000,  Aprobado,0
REC-000935,POL-008164,2024-04-20,20/04/2024,02/05/2024,Robo,,App,14,4,4705000,4068000,Aprobado,0
REC-001052,POL-000290,2022-09-06,2022/09/09,2022-10-05,Consulta especializada,Bogotá  ,Corredor,16,9,697000,625000,Aprobado,0
REC-004059,POL-001217,2023-09-21,2023-09-24,05/10/2023,Cirugía,Medellín,Oficina,20,2,3558000,3055000,Aprobado,0
REC-003758,POL-006628,2021-10-16,2021-10-22,2021-11-19,Medicamentos,Bucaramanga,  Call center,19,,1233000,1116000,Aprobado,0
REC-000825,POL-004661,30/01/2025,02/02/2025,10/02/2025,Daño a terceros  ,bucaramanga,App,19,5,2274000,2202000,Aprobado,0
REC-000487,POL-006378,2025-03-07,2025/03/25,06/04/2025,Consulta especializada,CUCUTA,Call  center,5,3,2441000,0,RECHAZADO,1
REC-001400,POL-002456,25/06/2022,2022-06-28,2022/07/26,Medicamentos,Barranquilla,Corredor,23,2,4433000,4228000,Aprobado,1
REC-002325,POL-002610,2025/10/18,,,Consulta especializada  ,Bogotá D.C.,App,13,6,1261000,,En revisión,0
REC-003044,POL-003640,2025-10-22,18/11/2025,2025-12-28,Medicamentos  ,Medellín,App,4,1,9419000,0,Rechazado,1
REC-001619,POL-002798,2023-08-14,2023-08-29,07/09/2023,CIRUGÍA,Bogotá,Corredor,12,6,4686000,0,Rechazado,0
REC-002692,POL-002896,2022-10-23,23/10/2022,2022-10-25,Hospitalización,Manizales,Call center,20,9,8318000,8107000,Aprobado,0
REC-001342,POL-000197,2024-09-03,11/09/2024,23/09/2024,Daños eléctricos,Bucaramanga,Call center,15,4,3477000,3362000,Aprobado,0
REC-001208,POL-001626,2022-11-22,2022-11-27,10/01/2023, Robo ,Bucaramanga,App,23,4,62700000,0,rechazado,1
REC-002835,POL-008352,2025/01/04,2025-01-07,09/01/2025,Daño a terceros,Cartagena,Call center,5,1,3178000,2834000, Aprobado ,0
REC-002772,POL-004520,01/07/2025,2025/07/01,03/08/2025,Colisión,  Cúcuta,Call center,17,9,4111000,4094000,Aprobado,0
REC-003870,POL-002995,2024/11/25,2024/11/29,2024/12/18,Daño a terceros,Bogotá D.C.,Call center,20,8,5230000,5012000,Aprobado,0
REC-002248,POL-006102,2024-12-24,2024-12-31,2025-01-09,Cirugía,Bogotá,Corredor,9,6,9296000,8887000,Aprobado,0
REC-001314,POL-000941,2022-12-23,25/12/2022,16/01/2023,Vidrios  ,Barranquilla,App,14,4,2168000,2067000,Aprobado,0
REC-004108,POL-002255,01/01/2024,2024-01-01,11/01/2024,Daño a terceros,Pereira,App,10,4,2386000,0,Rechazado,0
REC-000209,POL-005927,2024-05-17,2024/05/18,2024-05-23,Consulta especializada,Bogotá,CALL CENTER,5,3,1278000,1237000,Aprobado,0
REC-003027,POL-000852,2022-02-07,11/02/2022,INVALID_DATE,colisión,Bogotá D.C.,Call center,12,7,3890000,3478000,Aprobado,0
REC-003600,POL-001792,2023-11-21,2023-11-24,2023-12-02,Consulta especializada,Bogotá,Call center,17,7,18254000,18029000,Aprobado,0
REC-000459,POL-007068,2022-06-09,2022/06/09,2022-07-08,Consulta  especializada,BOGOTÁ,Corredor,9,4,1085000,978000,Aprobado,NO
REC-003053,POL-002125,2025-08-15,2025-08-17,2025-08-19,consulta especializada,Cartagena,APP,18,7,5452000,4949000,Aprobado,0
REC-002296,POL-000773,2025-02-12,2025/02/13,2025-03-11,Daño a terceros,Barranquilla,Call center,16,4,3853000,3788000,Aprobado,0
REC-003499,POL-001851,INVALID_DATE,2025-03-27,2025-04-04,Colisión,Bogotá,Oficina,17,9,1981000,,Pagado parcial,0
REC-000448,POL-004069,2022-01-31,2022-02-06,2022/02/16,Vidrios,Medellín,  Oficina,14,6,5404000,5313000,Aprobado,0
REC-000475,POL-006314,2022-01-24,24/01/2022,2022-02-05,Vidrios  ,Bogotá,App,15,6,3115000,2776000,Aprobado,0
REC-000112,POL-008232,2024/04/27,2024-05-02,2024/05/22,Daño a terceros,BARRANQUILLA,App,14,,2989000,2988000,Aprobado,0
REC-003019,POL-004897,30/09/2025,2025-10-04,,Medicamentos, Cali ,oficina,9,10,1218000,,En revisión,0
REC-000789,POL-005028,2024-10-03,2024/10/10,2024-10-20,CONSULTA ESPECIALIZADA,Medellín,App,18,6,2104000,0,Rechazado  ,0
REC-000302,POL-001827,2025/11/14,2025/11/22,28/11/2025,Incapacidad,Bogotá  ,Call center,21,3,17389000,16690000,Aprobado,0
REC-000194,POL-004355,07/07/2021,2021/07/09,2021-08-11,Daño a terceros,Pereira  ,App,13,9,2285000,1071000,Pagado parcial,0
REC-003490,POL-002139,08/07/2022,2022-07-16,2022-08-07,Medicamentos,Medellín,Call center,16,6,1689000,930000,Pagado parcial,N
REC-000297,POL-007308,2022-04-29,2022-05-02,2022-05-11,Colisión  ,pereira,  App,16,5,1458000,497000,Pagado parcial,0
REC-001872,POL-008120,2025-10-07,2025-10-11,,Colisión,Pereira,Call center,16,6,7081000,,En revisión,false
REC-001319,POL-000738,2022/08/17,2022-08-20,2022-08-28,Hospitalización,,APP,15,3,9211000,8664000,Aprobado,false
REC-002988,POL-003646,2023-09-11,11/09/2023,2023/09/23,Medicamentos,SANTA MARTA,App,10,6,3489000,3188000,Aprobado,0
REC-002273,POL-000952,2025-05-20,,2025-07-09,Daño a terceros,Bogotá,Call center,14,1,3493000,3176000,Aprobado,1
REC-001034,POL-000219,16/11/2022,2022-11-16,2022/11/19,Colisión,MEDELLÍN,App,20,8,2585000,0,rechazado,NO
REC-001029,POL-008366,2022/06/19,2022-06-20,2022/06/30,Inundación,Barranquilla,Corredor,18,2,2300000,1960000,Aprobado,No
REC-000145,POL-001965,INVALID_DATE,14/03/2024,24/03/2024,Consulta especializada,Bucaramanga,CORREDOR,17,3,2106000,1927000,Aprobado,0
REC-003365,POL-003316,2024-04-05,11/04/2024,13/04/2024,Consulta especializada,Bogotá,App,18,6,673000,600000,Aprobado,0
REC-003668,POL-001060,31/03/2025,2025/04/08,2025/05/06,Consulta especializada,Bogotá,Corredor,20,4,775000,761000,Aprobado,0
REC-002508,POL-004688,2022/12/18,18/12/2022,2022-12-27,Medicamentos,BARRANQUILLA,App,14,10,1236000,1165000,APROBADO,0
REC-003709,POL-004455,13/10/2024,2024-10-14,02/11/2024,Robo,Medellín,App  ,12,,11418000,10805000,Aprobado,0
REC-003358,POL-000871,2024-08-08,2024-08-10,2024-08-13,Colisión,MANIZALES,Oficina,17,2,4803000,4445000,APROBADO,0
REC-001854,POL-002777,2025/06/29,02/07/2025,2025-08-22,Medicamentos,Cartagena,App,15,4,2264000,2137000,Aprobado,0
REC-000319,POL-007419,2025-10-05,2025-10-09,17/10/2025,Daños eléctricos,Cartagena,Oficina,15,8,5294000,5139000,Aprobado,0
REC-001377,POL-000110,2024-05-23,2024/05/29,07/06/2024,Robo,Medellín,Call  center,21,4,8078000,7700000,Aprobado,0
REC-002981,POL-000432,2025-02-09,10/02/2025,2025-02-20,Colisión,BOGOTA,APP,13,5,8150000,0,Rechazado,0
REC-000641,POL-007852,2025/01/03,2025-01-03,2025-01-23,Medicamentos,medellín,Oficina,13,5,1686000,1613000,Aprobado,0
REC-002690,POL-004736,2025/01/20,2025-01-21,2025-01-31,Colisión,BOGOTA,app,12,8,5794000,5651000,Aprobado,0
REC-002494,POL-002567,2023-04-07,2023-04-07,2023-04-13,DAÑOS ELÉCTRICOS,Bogotá  ,App,17,6,8415000,8101000,Aprobado,0
REC-002410,POL-000738,2022/09/15,15/09/2022,2022-09-18,Consulta especializada,Bogotá,Corredor,17,3,2125000,1963000,Aprobado,0
REC-002174,POL-007670,04/04/2025,,2025/04/11,Hospitalización,Bogotá,App,18,9,4642000,4514000,Aprobado,0
REC-002051,POL-000320,2025-06-18,2025-06-22,2025-07-15,Daño a terceros,Bogotá,Call center,5,5,3628000,3460000,Aprobado,0
REC-000557,POL-004778,2025-01-30,31/01/2025,24/02/2025,Colisión,MEDELLIN,Corredor,16,3,2857000,2674000,Autorizado,0
REC-002800,POL-005985,2024-11-16,20/11/2024,28/11/2024,Daño a terceros, Medellin ,Corredor,9,3,4716000,4394000,Aprobado  ,0
REC-000508,POL-007386,07/02/2024,2024-02-17,2024-02-28, Robo ,Medellín,CORREDOR,11,4,32973000,0,Rechazado,0
REC-002588,POL-005472,2025/02/21,24/02/2025,2025/03/04,Vidrios,Cartagena,Call center,12,6,8401000,7202000,Aprobado,N
REC-001578,POL-007511,2024-11-12,2024/11/12,2024-11-21,Robo,,Corredor,19,10,3135000,1798000,Pagado parcial,0
REC-003299,POL-002357,21/12/2025,2025/12/21,2025-12-31,Medicamentos,BOGOTÁ,Corredor,19,3,4158000,4126000,Aprobado,0
REC-004279,POL-007311,2022/12/05,05/12/2022,2022-12-09,Vidrios,Cali,App,17,5,3688000,2580000,Pagado parcial,0
REC-002910,POL-005413,2025-11-07,2025/11/08,,Medicamentos,B/quilla,Call center,11,7,1890000,,En revisión,0
REC-001062,POL-000291,07/04/2023,2023/04/07,2023-04-11,DANO A TERCEROS, Bogotá ,Call center,19,4,520000,498000,Aprobado,0
REC-002045,POL-001704,2024-08-16,2024-08-20,2024-08-26,Daño a terceros,  Medellín,Oficina,11,1,3726000,3367000,Aprobado,0
REC-003795,POL-001290,04/02/2024,2024/02/28,2024/03/19,COLISION,Manizales,App,13,7,4972000,4450000,Aprobado,0
REC-000716,POL-004813,2025-03-31,2025/04/01,2025/04/17,Enfermedad grave,Bogotá,Call  center,17,9,52194000,18972000,Pagado parcial,No
REC-000886,POL-004063,2022/10/04,2022-10-08,2022/10/12,Colisión,Medellín,App,11,7,883000,0,Rechazado,0
REC-000595,POL-004518,14/01/2025,2025-01-16,2025/02/13,Colisión,Cúcuta,App,18,7,2074000,1940000,Aprobado,0
REC-000607,POL-003626,2025/05/18,23/05/2025,02/06/2025,Vidrios,Cali,App,14,4,5970000,5301000,Aprobada,0
REC-003173,POL-004283,07/08/2025,13/08/2025,2025-09-28,Robo,Barranquilla,App,16,2,27518000,8688000,Pagado parcial,0
REC-001681,POL-005482,2023-12-10,2023/12/11,2023-12-25,Colisión,Bogotá,App,17,2,4180000,0,Rechazado,0
REC-001776,POL-007176,02/01/2022,2022-01-10,24/01/2022,Colisión,Barranquilla,APP,6,5,1049000,943000,Aprobado,0
REC-002324,POL-003018,,2025/12/31,31/12/2025,CONSULTA ESPECIALIZADA,Manizales,Call center,0,1,3665000,3564000,Aprobado,S
REC-003587,POL-003174,30/06/2025,01/07/2025,04/07/2025,Hospitalización,CARTAGENA,Call center  ,22,5,10986000,0,Rechazado,0
REC-003195,POL-007034,2025-01-04,13/01/2025,,COLISION,CUCUTA,oficina,19,3,3395000,2973000,Aprobado,NO
REC-002795,POL-007243,2023/04/17,,2023-05-01,  Consulta especializada,Manizales,App,13,6,1142000,1097000,Aprobado,0
REC-000707,POL-004406,19/10/2024,2024-10-21,2024-10-23, Hospitalización ,Bogotá,Oficina,23,9,4305000,3767000,aprobado,0
REC-000947,POL-008222,18/07/2024,2024-07-18,2024/07/22,Colisión,,Call center,11,5,5419000,3615000, Pagado parcial ,0
REC-002511,POL-002382,16/05/2025,2025-05-16,2025-05-30, Hospitalización ,Medellín (Antioquia),App  ,10,6,2039000,1893000,Aprobado,0
REC-002712,POL-003646,2023-05-03,05/05/2023,08/05/2023,Medicamentos,Santa Marta,App,19,4,1008000,0,Rechazado,0
REC-003325,POL-005919,2025-07-24,2025/07/24,27/07/2025,Colisión,Bogotá,Corredor,18,2,2750000,1595000,Pagado parcial  ,0
REC-000259,POL-002669,24/05/2023,2023-05-27,29/05/2023,Consulta especializada,Bogotá,Call  center,12,7,,0,Rechazado,0
REC-003629,POL-003501,2022-04-07,2022-04-07,2022/04/12,Consulta especializada,Cali,Oficina,16,4,1685000,1604000,Aprobado,0
REC-002184,POL-006041,2021-07-24,27/07/2021,11/08/2021,Hospitalización,Bogotá,App,13,8,3618000,3383000,Aprobado,0
REC-001775,POL-001136,2022/01/17,2022/01/17,2022/01/20,Medicamentos,Bogotá,Call center,21,6,2744000,2644000,Aprobado,N
REC-001788,POL-004606,30/09/2025,02/10/2025,INVALID_DATE,Consulta especializada,Cali, Oficina ,16,3,7336000,7258000,Aprobado,0
REC-001130,POL-003039,25/12/2024,25/12/2024,2024/12/30,Cirugía,Cartagena,App,10,6,8978000,8031000,Aprobado,0
REC-002452,POL-007764,01/04/2022,,27/04/2022,Medicamentos,Cali,Oficina,6,6,4145000,3630000,Aprobado,0
REC-003943,POL-001897,2024-06-10,,2024/07/17,Consulta especializada, Bogota DC ,Call center,18,,2471000,2104000,Aprobado,0
REC-003973,POL-000954,2023-04-26,2023-05-04,2023-05-17,Cirugia,Cúcuta,Call center,18,3,3672000,3520000,Aprobado,0
REC-002467,POL-007556,2025-03-02,02/03/2025,2025-03-05,DANO A TERCEROS,BARRANQUILLA, Corredor ,11,5,2530000,2220000,Aprobado,0
REC-003261,POL-002482,2023-09-27,29/09/2023,2023/10/13,Daño a terceros,Bogotá,Oficina,19,5,3724000,1252000,Pagado parcial,0
REC-003294,POL-005388,30/11/2025,2025-12-01,,Consulta especializada,B/manga,Call center,14,5,1038000,,En revisión,0
REC-002565,POL-002257,2024/11/30,01/12/2024,2024-12-12,Inundación,Bogotá,Call center,13,6,4546000,4375000,aprobado,0
REC-001200,POL-005776,2022-06-21,2022-06-23,2022-07-02,Medicamentos,Cali,App,18,4,2779000,0,Rechazado,0
REC-000229,POL-003967,20/12/2024,24/12/2024,2025/01/11,Medicamentos,Medellín,Corredor,13,6,1544000,1494000,Aprobado,0
REC-002238,POL-000374,30/08/2023,2023-09-02,2023/09/13,Medicamentos,Bogotá  ,Oficina,17,8,1990000,0,Rechazado,0
REC-003037,POL-002659,2025-07-10,2025-07-12,14/07/2025,ROBO,PEREIRA,Oficina,18,8,29967000,11847000,Pagado parcial,0
REC-000325,POL-001925,INVALID_DATE,,,Consulta especializada,Cali,Call center  ,23,6,,3738000,aprobado,0
REC-002758,POL-005952,2025-10-28,2025/11/02,,Enfermedad grave,Cartagena,Corredor,17,10,21411000,,En revisión,0
REC-000865,POL-005598,30/08/2024,2024/09/06,09/09/2024,Vidrios,Bogotá,Oficina,12,4,3218000,3176000,Aprobado,0
REC-000469,POL-007273,21/07/2025,INVALID_DATE,2025-07-25,Robo,Cartagena,app,6,3,37050000,22457000,Pagado parcial,0
REC-003994,POL-005115,2024-08-15,2024-08-15,2024-08-27,Hospitalización,Barranquilla,OFICINA,16,6,6828000,5956000,Aprobado,0
REC-004053,POL-005203,2025-07-06,2025-07-06,2025-07-16,Colisión,Manizales,  Call center,15,5,6731000,5902000,Aprobado,0
REC-001921,POL-002909,06/05/2024,09/05/2024,2024-05-14,Robo,Cali,Corredor,20,9,4580000,4461000,Aprobado,0
REC-000959, POL-006361 ,2024/01/16,,2024/01/19,Consulta especializada,Bogota,Oficina,5,6,1056000,924000,APROBADO,0
REC-003785,POL-004845,2025/05/31,2025/06/10,2025/06/26,Medicamentos,Bogotá,Oficina,15,7,1416000,457000,Pagado parcial,0
REC-002190,POL-007972,2023/11/25,2023-12-06,21/12/2023,Hospitalización,Cali,App,15,2,6769000,4217000,Pagado parcial,0
REC-004034,POL-002113,2025-01-05,07/01/2025,10/01/2025,Cirugía,Medellín,App,19,9,4921000,4872000,Aprobado,0
REC-003210,POL-005106,2025-06-20,21/06/2025,2025/07/21,Vidrios,Bogotá,Call center,16,3,1831000,1596000,APROBADO,false
REC-000704,POL-005618,18/07/2024,2024-07-23,2024/08/10,Daño a terceros,bucaramanga,Corredor,14,,3937000,0,RECHAZADO,1
REC-001458,POL-004845,2024-12-29,2025-01-05,18/01/2025,Hospitalización,Bogotá,Call center,22,8,4226000,3768000,Aprobado,0
REC-004002,POL-003013,2023-10-01,2023-10-04,INVALID_DATE,Colisión,bogotá,Oficina,13,3,1350000,1321000,Aprobado,0
REC-002416,POL-003195,2022/03/04,2022-03-14,20/03/2022,  Daños eléctricos,Pereira,App,12,2,3173000,1855000,Pagado parcial,0
REC-002227,POL-007663,2022/08/30,12/09/2022,2022-10-20,Medicamentos,Bogotá,Corredor,3,2,10667000,6668000,Pagado parcial,1
REC-002680,POL-002784,23/09/2024,2024-09-23,2024-09-28,Cirugía,Bogotá,Call center,18,6,4026000,2662000,Pagado parcial,0
REC-003062,POL-007271,09/06/2022,2022-06-12,2022-06-25,Colisión,CALI,app,15,7,2501000,2226000,Aprobado,0
REC-002016,POL-006545,2023-01-31,2023-02-09,2023/02/24,Vidrios,Cúcuta  ,Corredor,15,5,1528000,474000,Pagado parcial,0
REC-003226,POL-006924,2021-08-04,2021-08-05,2021-08-20,Colision,Medellín,Oficina,21,6,4387000,0,Rechazado,0
REC-003835,POL-000544,2024-09-10,2024-09-10,2024-09-13,  Consulta especializada,Bogotá,App,12,3,242900000,0,Rechazado,No
REC-001064,POL-002370,2025-06-15,15/06/2025,2025/06/22,Vidrios,Cúcuta,Oficina,8,7,1607000,876000,Pagado parcial  ,0
REC-003301,POL-002260,2025/10/17,2025/10/19,11/11/2025,  Daño a terceros,Barranquilla  ,Corredor,8,8,4724000,,Pagado parcial,0
REC-003147,POL-000034,16/10/2022,2022-10-16,2022/10/23,Daños eléctricos  ,Medellín,Call center,18,,1597000,895000,Pagado parcial,0
REC-003734,POL-008118,23/12/2024,2024-12-23,05/01/2025,Medicamentos,Bogotá,Oficina,13,9,2876000,2588000,Aprobado,0
REC-001965,POL-006198,10/07/2025,10/07/2025,15/07/2025,Daño a terceros,Medellín,App,20,6,3496000,3353000,Aprobado,0
REC-000986,POL-007339,2022-03-30,2022-04-01,2022-05-15,Cirugía,Medellín,Call center,15,7,5238000,4566000,Aprobado,0
REC-003359,POL-005822,18/07/2025,2025-07-18,06/08/2025,Consulta especializada,Bucaramanga,App,18,4,1763000,1676000,Aprobado,No
REC-001562,POL-003507,2025-12-25,27/12/2025,,Medicamentos,Barranquilla,CALL CENTER,16,5,527000,,En revisión,0
REC-002113,POL-003606,2025/05/18,2025-05-20,INVALID_DATE,Colisión,Bogotá,Oficina,17,2,5285000,0,  Rechazado,0
REC-000306,POL-001924,2023-05-02,10/05/2023,2023-05-25,Colisión,Bogota,Oficina,9,5,4728000,4323000,Aprobado,0
REC-001395,POL-006711,27/01/2024,2024-01-29,2024-02-20,Vidrios,Manizales,Oficina,16,4,1820000,1733000,Aprobado,0
REC-003356,POL-004011,2025-09-01,2025-09-01,2025-09-18,Daño a terceros,cartagena,Corredor,7,6,4961000,4640000,Aprobado,0
REC-002550,POL-007314,2023-04-27,2023-04-27,2023/05/09,CIRUGÍA,Cartagena,App,13,9,4379000,0,Denegado,0
REC-001868,POL-002431,2025-12-30,31/12/2025,,Fallecimiento,Pereira,Oficina,5,6,114950000,,En revisión,0
REC-002192,POL-004211,2022-06-23,,2022/07/11,Consulta especializada, Medellín ,App,12,8,2399000,2158000,Aprobado,0
REC-000792,POL-001831,2025-08-16,2025/08/16,15/09/2025, Consulta especializada ,Medellín,APP,12,8,922000,830000,Aprobado,0
REC-002850,POL-003442,2022/10/21,22/10/2022,07/11/2022,Hospitalización,Bogotá,Oficina,7,6,5052000,4322000,Aprobado,0
REC-003652,POL-004551,2024-05-09,11/05/2024,2024-05-21,Daño a terceros,Cali,Corredor,15,1,1915000,1796000,Aprobado,0
REC-003244,POL-005290,19/11/2022,21/11/2022,23/11/2022,Medicamentos,Cartagena,App,12,3,8523000,7684000,Aprobado,0
REC-001437,POL-002419,07/06/2025,20/06/2025,22/06/2025,Colisión,Bogotá,Corredor,10,3,1146000,347000,Pagado parcial,0
REC-001967,POL-000659,2024/05/20,23/05/2024,02/07/2024,colisión,Bucaramanga,App,1,5,,1441000,Pagado parcial,1
REC-002638,POL-005743,2025-11-22,2025-11-23,2025-12-04,Consulta especializada,Bucaramanga,Call center,16,10,836000,0,Rechazado,0
REC-002596,POL-002321,2023-02-01,2023/02/06,2023-02-17,Consulta especializada,SANTIAGO DE CALI,App,12,,4061000,3836000,Aprobado,0
REC-004251,POL-007087,04/02/2025,05/02/2025,2025/02/17,Robo,Bogotá,Call center,15,5,24613000,24083000,Aprobado,0
REC-001691,POL-000338,11/02/2022,2022-02-11,2022-02-21,Vidrios,MEDELLIN,Oficina,9,6,3077000,2650000,Aprobado,0
REC-002972,POL-007504,2025-01-19,2025-01-24,29/01/2025,ROBO,Cartagena,Oficina,23,4,11661000,5984000,Pagado parcial,0
REC-001890,POL-001484,2023/10/05,2023/10/07,2023/10/26,Daños eléctricos,  Pereira,Call center,17,9,769000,489000,PAGADO PARCIAL,0
REC-003763,POL-002562,10/03/2023,2023-04-05,20/04/2023,Medicamentos,Pereira,Call center,4,4,4324000,3922000,  Aprobado,1
REC-001171,POL-003232,2025-09-05,2025-09-13,,Medicamentos,,Call center,15,4,2102000,,En revisión,0
REC-002581,POL-001706,28/02/2025,2025-03-08,INVALID_DATE,Fallecimiento,Bogotá,Call center,8,4,39184000,37489000,  Aprobado,0
REC-004218,POL-008230,2024-10-30,06/11/2024,2024-11-11,  Robo,Bogotá,App,15,,22220000,20356000,Aprobado,0
REC-004171, POL-007934 ,10/05/2024,2024/05/10,16/05/2024,  Medicamentos,Bogotá,Call center  ,15,2,4552000,1773000,  Pagado parcial,0
REC-003042,POL-005950,2024-10-02,2024-10-02,2024-10-12,  Daño a terceros,Medellín,Oficina,10,6,7237000,6990000,aprobado,0
REC-002969,POL-000875,26/08/2025,2025/08/27,28/09/2025,Consulta especializada,Bogotá,Oficina,15,3,1014000,984000,Aprobado,NO
REC-003489,POL-005980,2021-04-09,2021-04-10,13/04/2021,Consulta especializada,Bogotá,App,18,3,2843000,2529000, Aprobado ,NO
REC-002459,POL-004274,2025/02/19,2025-02-21,27/02/2025,Vidrios,Cali,Corredor,16,7,1144000,994000,Aprobado,0
REC-001717,POL-005373,17/08/2025,INVALID_DATE,2025/09/01,Hospitalización,Manizales,Oficina,7,6,2836000,1033000,Pagado parcial,0
REC-001365,POL-006702,2025-02-26,2025-02-26,10/03/2025,colisión,Barranquilla,Call center,15,3,2594000,2541000, Aprobado ,0
REC-001228,POL-006298,2022-07-14,2022-07-19,2022-07-30,Consulta especializada,Bogotá,Oficina,14,6,2468000,2164000,Aprobado,0
REC-001242,POL-001076,02/05/2022,INVALID_DATE,2022/05/29,Consulta especializada,Cartagena,App,21,9,3079000,2914000,Aprobado,0
REC-000165,POL-006440,2023-04-28,2023/04/29,07/05/2023,Cirugía, Bogotá ,App,19,3,12512000,11692000,Aprobado,N
REC-002864,POL-000442,08/09/2023,2023/09/14,2023-10-04,Robo,manizales,OFICINA,22,4,27869000,0,Rechazado,0
REC-003711,POL-000227,2025/07/05,2025/07/18,31/07/2025,Robo,Bucaramanga,Call center,7,2,76950000,32017000,Pagado parcial,1
REC-001606,POL-007066,2024-08-02,04/08/2024,2024/08/16,Medicamentos,Bucaramanga  ,Call center,13,3,1265000,1089000,APROBADO,0
REC-003657,POL-007136,2025-05-23,2025-05-30,2025/06/17,Consulta especializada,Bogotá,Call center,15,5,1321000,810000,PAGADO PARCIAL,0
REC-003150,POL-006529,2024-07-08,17/07/2024,2024-08-10,Consulta especializada  ,Bogotá,Oficina,11,7,4146000,0,Rechazado,0
REC-003479,POL-004419,2025-10-13,2025-10-14,2025-10-28,Consulta especializada,Pereira,Corredor,13,9,2118000,2114000,aprobado,0
REC-000258,POL-001407,19/05/2023,2023-05-19,,Inundación,Cúcuta,Call center,23,8,3572000,3456000,Autorizado,0
REC-001140,POL-005988,2021-07-21,2021-07-31,2021/08/07,  Hospitalización,Medellín  ,Corredor,17,8,3372000,3180000,Aprobado,0
REC-001751,POL-007914,2022-04-25,2022-04-30,10/05/2022,Hospitalización,Bogotá,Corredor,15,8,9831000,0,  Rechazado,0
REC-000981,POL-006809,2023/02/12,14/02/2023,2023-02-16,Enfermedad grave,Cali,App,12,4,17460000,0,Rechazado,0
REC-004035,POL-005155,2022-05-26,2022/05/29,06/06/2022,Vidrios,Bogotá,App,8,3,3886000,3324000,Aprobado,0
REC-000062,POL-002371,2025-01-11,19/01/2025,30/01/2025,Colisión,CARTAGENA,Call center  ,22,4,5318000,3329000,Pagado parcial,NO
REC-003441,POL-002837,10/09/2024,2024-09-12,2024/09/26,Medicamentos,Barranquilla,Call center,17,6,4748000,1820000,Pagado parcial,0
REC-004049,POL-004650,2025-10-23,2025-10-23,,Consulta especializada,Bogotá  ,App,9,1,1092000,,En revisión,0
REC-003542,POL-005904,2023-10-12,15/10/2023,2023/11/02,COLISIÓN,Bogota,Call center,20,9,2004000,1782000,Aprobado,0
REC-000635,POL-000898,21/02/2024,2024-03-05,2024-03-13,Cirugía,bogotá,App,15,,12820000,11563000,APROBADO,0
REC-002243,POL-002804,18/03/2024,22/03/2024,18/04/2024,Consulta especializada,bogotá,Corredor,17,5,1516000,1312000,Aprobado,0
REC-001270,POL-005297,11/04/2025,2025-04-16,24/04/2025,Cirugía,Santa Marta,Oficina,14,5,2023000,1197000,Pagado parcial,0
REC-000445,POL-004494,14/03/2025,2025-03-15,2025/03/30,Hospitalización,Manizales,App,14,6,7772000,,Aprobado,0
REC-002302,POL-007213,2025-07-18,2025-07-20,2025-07-22,Daño a terceros,Bogotá,Corredor,16,8,6770000,6084000,Aprobado,0
REC-001871,POL-004447,2023-01-04,2023-01-04,2023-01-23,Daño a terceros,Bogotá,Corredor,16,5,7381000,6999000,Aprobado,0
REC-001591,POL-003318,31/07/2022,2022-08-04,2022-08-13,Daño a terceros,bucaramanga,Call center,16,3,592000,0,Rechazado,0
REC-003920,POL-001929,29/11/2024,2024-12-07,21/12/2024,Colisión,Bogotá,Call center,16,7,5774000,0,rechazado,0
REC-000463,POL-003523,26/06/2025,27/06/2025,2025-07-14,Consulta especializada,Bogotá,Call center,13,,2508000,2391000,Aprobado,0
REC-002418,POL-006476,2022-02-12,2022-02-19,06/03/2022,Hospitalización,Bogota,Call center,17,5,3590000,3168000,APROBADO,0
REC-003505,POL-002621,2024-02-18,2024/02/21,2024-02-23,Daño a terceros,Santa Marta,Call center,20,5,7268000,6196000,Aprobado,0
REC-001020,POL-001391,2021-04-04,2021/04/04,05/05/2021, Colisión ,Pereira,Call center,20,4,6227000,5624000,  Aprobado,0
REC-003623,POL-006918,2023-03-13,14/03/2023,2023/03/29,Colisión,Cartagena de Indias  ,App,12,6,,2554000,Aprobado,0
REC-001508,POL-001745,2024-06-11,2024-06-14,16/06/2024,CONSULTA ESPECIALIZADA,Santa Marta,App,13,5,724000,695000,Aprobado,0
REC-000684,POL-001820,2025-08-20,2025-08-26,02/09/2025,Dano a terceros,Bta,Call center,21,1,994000,922000,Aprobado,0
REC-000512,POL-007577,19/07/2021,20/07/2021,25/07/2021,Consulta especializada,Medellín,Call center,20,5,3639000,1126000,Pagado parcial,0
REC-003483,POL-000458,18/09/2024,24/09/2024,2024/10/04,Consulta especializada,CARTAGENA, Oficina ,20,6,2378000,2171000,Aprobado,0
REC-004187,POL-002006,06/04/2022,2022-04-06,14/04/2022,Colisión,Pereira,Corredor,5,6,1421000,1413000,Aprobado,0
REC-002531,POL-003706,2022-02-15,2022/02/17,2022-03-15,Daño a terceros,CALI,App,14,8,1204000,1174000,aprobado,0
REC-002917,POL-001434,2024-11-19,26/11/2024,2024/12/05,Colisión,Barranquilla,Call center,8,3,12512000,11980000,Aprobado,0
REC-000943, POL-004674 ,2022-12-09,2022-12-10,2022-12-21,Medicamentos,Cali,Call center,6,5,5355000,4712000,Aprobado,0
REC-004169,POL-008327,2023-06-01,02/06/2023,2023/06/08,Colisión,Bogotá,App,14,7,1461000,1444000,Aprobado,0
REC-003231,POL-003382,2025-10-07,2025-10-08,2025-10-19,Daño a terceros,MEDELLÍN,Corredor,13,5,4029000,3740000,aprobado,0
REC-000346,POL-001825,2021-12-15,2021/12/15,04/01/2022,Consulta especializada,Bogotá,App,9,5,4225000,10151375,Aprobado,0
REC-000934,POL-002293,2025-06-23,06/07/2025,26/07/2025,Cirugía,Bogotá,Call center,16,7,8153000,7803000,Aprobado,0
REC-001317,POL-001601,2022-08-17,18/08/2022,29/08/2022,Consulta especializada,B/quilla,Call center,14,10,1974000,1703000,Aprobado,0
REC-003018,POL-004487,17/09/2025,2025-10-06,13/10/2025,Robo,Medellín,Oficina,16,3,9300000,9141000,Aprobado,0
REC-000784,POL-004488,2025-03-07,2025/03/14,22/03/2025,Hospitalización,BUCARAMANGA,  Corredor,11,4,3566000,3200000,Aprobado,0
REC-003169,POL-007082,09/07/2024,2024/07/14,2024-09-13,Daño a terceros,Barranquilla,Call center,9,6,7600000,7247000,Aprobado,false
REC-002896,POL-007084,30/07/2025,2025-07-30,INVALID_DATE,Cirugía,SANTIAGO DE CALI,App  ,18,3,7098000,6935000,Aprobado,0
REC-002034,POL-005040,2025/05/02,2025/05/02,08/05/2025,Consulta especializada,Barranquilla,Call center,14,6,2328000,0,Rechazado,0
REC-003817,POL-005175,2024-06-19,2024-06-19,2024-07-02,Hospitalización,Cali,Call center,12,8,5460000,2805000,Pago parcial,0
REC-001037,POL-002477,2022-08-18,,2022-09-29,Colisión,Medellín,App,9,6,1704000,0,rechazado,0
REC-004248,POL-002489,25/10/2024,2024/10/25,2024-11-02,Vidrios,Bogota,App,16,10,3773000,3244000,Aprobado,N
REC-002593,POL-005125,2024/07/14,2024-07-17,2024-07-20,HOSPITALIZACION,Medellín,Call center,19,,2890000,2504000,Aprobado,0
REC-002735,POL-002798,2023-10-20,,INVALID_DATE,Hospitalización,Bogotá,App,21,6,3829000,2570000,Pagado parcial,0
REC-004287,POL-000412,2023-12-20,2023-12-24,2023-12-26,Robo,Bogotá,App,11,10,18917000,16717000,Aprobado,0
REC-000912,POL-001246,2024-04-05,2024-04-05,2024-04-11,Colisión,Santa Marta,App,17,4,1761000,1589000,Aprobado,0
REC-003334,POL-001660,28/03/2025,30/03/2025,2025-04-04,Consulta especializada,BOGOTA,Call center,19,10,3375000,3013000,Aprobado,0
REC-000831,POL-006238,2025/03/16,2025-03-18,2025-04-15,Colisión,Bogotá,Call center,5,4,2777000,2661000,Aprobado,NO
REC-000768,POL-006257,2023/12/31,2024/01/01,16/01/2024,Daños eléctricos,Manizales,Corredor,8,4,6025000,5433000,Aprobado,0
REC-001671,POL-005984,21/11/2024,2024/11/21,2024-12-10,Daño a terceros,,Call center,9,4,2799000,2756000,Aprobado,0
REC-000977,POL-001575,13/06/2024,2024-06-14,2024/07/12,Colisión,Cali,Oficina,8,3,5753000,5250000,Aprobado,0
REC-000391,POL-003439,2025/11/22,2025-11-26,05/12/2025,Colisión,Bogotá,Call center,3,3,7766000,7649000,Aprobado,0
REC-003537,POL-003259,2022-03-03,07/03/2022,16/03/2022,Daño a terceros,  Barranquilla,Corredor,14,7,3077000,3070000,Aprobado,0
REC-000044,POL-005518,2025-09-27,28/09/2025,04/10/2025,Robo,  Pereira,Call center,16,8,16200000,15114000,Aprobado,0
REC-002490,POL-006842,2025-05-28,07/06/2025,25/06/2025,COLISION,,App,16,9,4348000,2006000,Pagado  parcial,0
REC-000001,POL-000470,2023/05/30,2023-06-06,2023/06/10,Consulta especializada,Bogotá,Call center,14,8,,0,Rechazado,0
REC-000175,POL-005913,2022-11-27,28/11/2022,2022/12/31,Medicamentos,  Barranquilla,Call center,19,7,1356000,1285000,Aprobado,0
REC-000539,POL-004862,19/08/2024,INVALID_DATE,2024-08-26,Robo,Cúcuta,App,13,7,27537000,18728000,Pagado parcial,0
REC-002229,POL-001133,2025-09-07,,,Daños eléctricos,,Call center  ,9,6,1980000,,En revision,N
REC-002282,POL-001171,14/05/2024,2024-05-21,06/06/2024,Inundación,,Call center,19,5,3470000,1265000,Pagado parcial,false
REC-003538,POL-002028,2025-01-28,2025-01-28,2025-02-10,Colisión,  Cali,Call center,11,9,1512000,1360000,Aprobado,0
REC-001950,POL-006096,2023/07/03,2023/07/15,19/07/2023,VIDRIOS,Sta. Marta,App,15,10,7915000,7376000,APROBADO,0
REC-003383,POL-003241,2025-04-21,2025/04/21,2025/04/26, Medicamentos ,Bogotá,App,12,6,4426000,0,Rechazado,0
REC-003809,POL-001065,2025-03-31,2025/04/09,2025-04-29,Medicamentos,Bogota,Corredor,12,1,1906000,1704000,Aprobado,0
REC-001901,POL-000804,17/08/2025,2025-08-18,2025-08-28,Daño a terceros,Bogotá,Corredor,14,,4895000,0,Rechazado,0
REC-003298,POL-001877,29/07/2023,2023/07/31,2023-08-29,INUNDACION,B/quilla,Corredor,21,9,2109000,1821000,Aprobado,0
REC-001091,POL-000732,2022-12-15,2022-12-22,2023/01/03,Robo,Bogotá,CALL CENTER,22,2,31599000,29133000,Aprobado,No
REC-000061,POL-000610,2023-02-01,2023/02/03,10/02/2023,Daño a terceros,Medellin  ,App,23,8,2522000,2498000,Aprobado,0
REC-001252,POL-005814,2022/11/12,14/11/2022,28/11/2022,daño a terceros,Medellín,App,13,,3773000,3714000,  Aprobado,0
REC-004214,POL-003983,2024-06-03,10/06/2024,2024-06-12,  Consulta especializada,Bucaramanga,App,18,7,1957000,0,Rechazado,false
REC-000066,POL-007278,2024-06-29,2024-07-12,2024-07-28,Medicamentos,Bogotá,Call center,13,7,2189000,2159000,APROBADO,0
REC-003043,POL-003124,2025-11-03,06/11/2025,16/11/2025,Incendio,Medellín,App,16,6,30159000,29916000,aprobado,0
REC-002138,POL-004631,2025/04/19,,2025-04-23,Consulta especializada,Cali,Call center,19,6,917000,0,Rechazado,0
REC-002671,POL-002309,2025/11/13,2025/11/22,30/11/2025,Inundacion,Santa Marta,Call center,12,8,9561000,8394000,Aprobado,0
REC-002343,POL-000639,12/07/2024,2024/07/13,02/08/2024,Colision,Pereira,APP,8,5,4346000,3695000,Aprobado,0
REC-000739,POL-007762,2022-11-30,2022-12-04,07/12/2022,enfermedad grave,Bta, Call center ,23,5,15955000,15376000,Aprobado,0
REC-003697, POL-001529 ,2024-09-06,2024-09-16,2024-09-23,Consulta especializada,Medellín,Call center,17,8,3462000,1972000,Pagado parcial,0
REC-001042,POL-000337,2022/11/03,2022-11-09,11/11/2022,Medicamentos,BUCARAMANGA,Call center,16,,11112000,10471000,Aprobado,0
REC-001281,POL-002934,2023-11-08,2023-11-14,28/11/2023,Consulta especializada,  Cali,Corredor,16,4,698000,692000,  Aprobado,NO
REC-001302,POL-002785,2024-05-01,2024-05-04,15/05/2024,Cirugía,Bogotá,App,16,6,3788000,3342000,Aprobado,0
REC-000455,POL-003674,2021-09-23,,2021-10-20,Robo,PEREIRA,Oficina,6,6,7338000,6865000,Aprobado,0
REC-000450,POL-005961,22/12/2023,27/12/2023,2024-01-31,COLISIÓN,Bogotá,App,19,3,6363000,0,Rechazado,0
REC-001483,POL-004419,2024-12-14,2024-12-18,2024/12/27,Medicamentos,Pereira,Corredor,13,10,1297000,1181000,Aprobado,N
REC-002982,POL-007593,11/07/2024,2024-07-11,2024/07/20,Colisión,Bogotá,App,9,10,1454000,1271000,APROBADO,0
REC-001630,POL-001766,2025-03-13,2025-03-21,03/04/2025,Medicamentos,Medellin,Call center,2,1,4652000,0,  Rechazado,1
REC-003750,POL-005429,2024-04-21,11/05/2024,19/08/2024,Daño a terceros,Bogotá,Oficina,0,4,7327000,0,Rechazado,1
REC-000095,POL-000940,2024/04/05,2024-04-05,05/05/2024,Colisión,Cali,Corredor,12,2,18840000,0,Rechazado,1
REC-002587,POL-003372,2024-02-28,02/03/2024,04/03/2024, Daños eléctricos ,Medellín,Call center,7,4,7855000,6867000,aprobado,0
REC-001904,POL-003963,2024-07-18,,2024-07-22,Daño a terceros,Bogotá,App,13,4,5247000,8881617,APROBADO,0
REC-000147,POL-006263,2025-04-22,2025/04/22,2025/05/22,Cirugía,CALI,App,9,7,7387000,0,Rechazado,N
REC-001882,POL-002807,2022/10/31,2022/11/04,2022-11-16,HOSPITALIZACION,Bucaramanga,App,9,8,3420000,2944000,Aprobado,0
REC-001141,POL-000661,2025-02-13,15/02/2025,08/03/2025,Cirugía,Bogotá,App,17,5,4701000,4171000,Aprobado,0
REC-000806,POL-002852,30/03/2023,2023-03-30,07/04/2023,Daño a terceros,Bogotá,App,14,2,2901000,0,Rechazado,0
REC-003229,POL-002702,05/02/2025,2025-02-11,2025-02-19,Daño a terceros,Santa Marta,App,8,2,2850000,2653000,APROBADO,0
REC-000134,POL-000121,2025-11-14,2025-11-15,2025-12-16,Inundación,Bucaramanga,Call center,14,5,878000,818000,Aprobado,0
REC-001595,POL-007924,2025-03-24,24/03/2025,2025-04-16,Consulta especializada,Barranquilla,Call center,4,4,20103000,0,Rechazado,1
REC-002063,POL-007482,2025-06-19,2025/06/21,2025-07-12,Fallecimiento,MEDELLIN,App,15,10,75217000,67707000,Aprobado,0
REC-003877,POL-007854,2021-03-25,2021/04/03,2021-04-22,Medicamentos,Barranquilla,CORREDOR,15,7,7090000,3491000,Pagado parcial,0
REC-002536,POL-004043,2025-05-29,2025-06-04,2025-06-06,Daño a terceros,Cartagena,Call center,10,10,2296000,2226000,Aprobada,0
REC-003811,POL-006018,2021-10-03,2021-10-03,2021-10-18,Inundación,Bta,App,16,4,7605000,6632000,Aprobado,0
REC-000443,POL-007378,25/12/2025,2025-12-25,INVALID_DATE,Hospitalización,BUCARAMANGA,Oficina,7,7,5084000,4924000,Aprobado,0
REC-002338,POL-004254,2024-07-15,2024-07-17,16/08/2024, Colisión ,Bogotá,Oficina,8,4,9705000,5928000,Pagado parcial,0
REC-003749,POL-005744,INVALID_DATE,2022-01-25,2022/02/19, Medicamentos ,Bogotá,App,16,6,876000,781000,Aprobado  ,0
REC-001005,POL-000208,2024-07-22,2024-07-22,30/08/2024,CONSULTA ESPECIALIZADA,Medellín,App,17,4,4158000,6457146,Pagado parcial,0
REC-002001,POL-003190,06/02/2022,2022-02-16,2022-03-10,Daño a terceros,Bogotá,App,16,10,5594000,5170000,Aprobado,0
REC-003589,POL-004092,2023/03/28,2023/04/07,2023-04-10,  Vidrios,,Call center,19,,1072000,986000,Aprobado,0
REC-000786,POL-006968,2024-04-04,2024-04-05,2024-04-21,DANO A TERCEROS,Bogotá,APP,16,5,2462000,2132000,Aprobado,false
REC-003403,POL-003662,22/01/2022,2022-01-26,2022-02-08,Daños eléctricos,Barranquilla,CALL CENTER,1,1,7752000,3677000,PAGADO PARCIAL,1
REC-001719,POL-004823,2024-04-19,2024/04/20,23/04/2024,Colisión, Bogotá ,App,18,3,2193000,1957000,Aprobado,0
REC-001488,POL-004263,2025-05-15,20/05/2025,2025-05-22,Colisión,Cúcuta,Call center,17,7,7298000,6327000,Aprobado,0
REC-000816,POL-006743,2025-12-08,08/12/2025,,Daño a terceros,Bogotá,Oficina,14,,5260000,,en revisión,0
REC-002444,POL-005544,15/09/2023,08/10/2023,2023/10/23,Cirugía,Cali,Call center,16,2,3177000,0,Rechazado,0
REC-001012,POL-003984,2025-10-02,2025/10/03,,Consulta especializada,Medellín,Call center,14,,1998000,,En revisión,0
REC-000657,POL-002989,2025-10-04,2025-10-16,2025/11/06,Colisión,Cúcuta,Oficina,13,4,5519000,5018000,Aprobado,0
REC-002010,POL-006424,20/11/2021,2021-11-23,27/12/2021, Medicamentos ,Pereira,Oficina,13,8,1790000,968000,Pagado parcial  ,0
REC-001847,POL-007516,22/08/2025,2025-08-24,2025-09-27,Daño a terceros,  Medellín,Corredor,18,5,3650000,3248000,Aprobado,0
REC-001313,POL-002479,INVALID_DATE,29/03/2025,08/04/2025,Cirugía,Bogota DC,Oficina,23,4,8600000,0,Rechazado,0
REC-003114,POL-006538,2025-07-21,2025-07-22,2025-07-27,Colisión,Bucaramanga,Oficina,11,8,2097000,0,Rechazado,0
REC-002763,POL-005485,2024-08-05,07/08/2024,09/08/2024,Consulta especializada,Bogotá,OFICINA,14,6,2227000,2025000,Aprobado,0
REC-001995,POL-006065,2024-09-05,2024-09-15,30/09/2024,Vidrios,Bogotá,OFICINA,12,,2174000,1981000,Aprobado,0
REC-003987,POL-000325,2025-07-20,28/07/2025,2025/08/03,Vidrios,PEREIRA,APP,20,7,1666000,1469000, Aprobado ,NO
REC-000474,POL-000729,2022/08/12,19/08/2022,2022-09-13,Inundación,Bogota,App,9,6,5608000,5106000,APROBADO,0
REC-004129,POL-005672,2024-07-06,09/07/2024,20/07/2024,Hospitalización,Cali,Call center,10,8,11000000,10397000,Aprobado,0
REC-004047,POL-002325,2025-04-21,27/04/2025,2025-05-14,consulta especializada,Bogotá,APP,12,6,357000,307000,aprobado,0
REC-000279,POL-001617,2025-04-26,,2025-05-01,Medicamentos,,Oficina,14,5,818000,284000,  Pagado parcial,0
REC-001909,POL-000205,2024-03-12,12/03/2024,09/04/2024,Robo,barranquilla,Oficina,9,3,36100000,32930000,Aprobado,0
REC-000399,POL-007368,INVALID_DATE,2024-12-07,2024-12-13,Hospitalización,CALI,Oficina,19,2,0,4798000,Aprobado,0
REC-003827,POL-000628,2023/11/08,09/11/2023,INVALID_DATE,Incendio,MANIZALES,Corredor,10,1,14529000,9863000,Pagado parcial,0
REC-004040,POL-005040,30/08/2025,03/09/2025,14/09/2025,Hospitalizacion,Barranquilla,Corredor,17,3,4053000,3965000,Aprobado,0
REC-000710,POL-000852,2022-05-10,2022-05-12,2022-05-15,Vidrios  ,Bogotá,App,23,7,1529000,1505000,  Aprobado,0
REC-001930,POL-002543,INVALID_DATE,2024/12/12,2024-12-29, Daño a terceros ,Medellín,Oficina,11,8,6365000,5440000,Aprobado,0
REC-002860,POL-003008,2025-03-06,2025-03-09,2025/03/12,Colisión, Cali ,Corredor,12,7,10778000,9362000,Aprobado  ,0
REC-000347,POL-000401,2025-07-14,2025-07-15,06/08/2025,Daños eléctricos,Cartagena,CORREDOR,10,3,3336000,2859000,Aprobado,0
REC-001275,POL-007170,2022/02/25,26/02/2022,2022-03-06,Consulta especializada,Manizales,App,4,8,6055000,5340000,Aprobado,0
REC-001859,POL-006640,19/07/2025,INVALID_DATE,2025-07-25,hospitalización,  Bogotá,Call center,13,4,3138000,3085000,aprobado,0
REC-001214,POL-006015,2024-06-04,12/06/2024,16/07/2024,Consulta especializada,Bogotá,Oficina  ,13,1,6510000,5641000,Aprobado,0
REC-002413,POL-001257,15/04/2021,18/04/2021,2021-05-04,Robo,Medellín,Call center,23,4,36461000,0,Rechazado,false
REC-002348,POL-001456,2025-01-18,2025-01-20,13/02/2025,Daño a terceros  ,Cúcuta,App,7,3,2914000,2515000,Aprobado,0
REC-004184,POL-001689,2024-01-12,14/01/2024,02/02/2024,Consulta especializada,  Cartagena,Oficina,21,7,5993000,5384000,Aprobado,0
REC-000483,POL-005028,2024/01/12,15/01/2024,19/01/2024,Consulta especializada,Medellín,App,15,6,1713000,1668000,Aprobado,0
REC-000714,POL-005045,2025-01-05,2025-01-06,2025/01/28,Medicamentos,Bta,App,20,7,3115000,3047000,Aprobado,0
REC-003215,POL-007727,19/07/2025,2025-07-22,24/07/2025,CONSULTA ESPECIALIZADA,Medellín,Oficina,17,7,2237000,0,Rechazado,0
REC-002836,POL-003102,,2024-05-30,02/06/2024,DAÑO A TERCEROS,Medellín,Oficina,16,5,3522000,3461000,Aprobado,0
REC-000944,POL-003811,11/07/2023,2023-07-19,2023-07-26,Daño a terceros,Santa Marta,Call center,16,6,6133000,5932000,Aprobado,0
REC-003740,POL-003645,2024-12-05,06/12/2024,2024/12/10,Robo,Bogotá,Corredor,5,6,38950000,35743000,aprobado,0
REC-004273,POL-001424,2025-07-25,2025/07/25,14/08/2025,Dano a terceros, Medellín ,App,13,6,1496000,0,Rechazado,0
REC-004272,POL-005689,16/10/2023,2023/10/21,2023-12-10,Daño a terceros,Bucaramanga,APP,23,,3179000,0,Rechazado,0
REC-002089,POL-003771,2021/08/23,2021/08/28,2021-09-03,Colisión,Bogotá,Oficina,12,7,2963000,2825000,Aprobado,0
REC-002609,POL-006490,2023/08/07,,09/08/2023,Colisión,Bogotá  ,App,13,4,,7526000,Aprobado,0
REC-004136,POL-000548,2024-09-02,2024/09/02,2024-09-11,Daños eléctricos,Bogotá D.C.,App,15,7,3573000,2099000,Pagado parcial,0
REC-003928,POL-001573,2024/03/27,,2024-05-14,Consulta especializada,Medellín,Call center,9,8,652000,652000,aprobado,0
REC-002976,POL-001769,20/07/2022,2022-07-30,2022-08-25,Medicamentos,Medellin,Call center,13,10,1055000,0,Rechazada,0
REC-003030,POL-006387,2023-05-23,2023-05-30,21/06/2023,Inundación,Bogotá,Call center,13,7,1177000,1103000,Aprobada,0
REC-000665,POL-003840,2023-10-09,11/10/2023,2023-10-26,Vidrios,Cali,App,14,3,716000,432000,Pago parcial,0
REC-002354,POL-006650,2025-01-28,2025-01-28,2025-02-25,Medicamentos,Bogotá,App,12,5,750000,719000,Aprobada,0
REC-002708,POL-007462,09/04/2025,2025/04/20,2025/05/10,Consulta especializada,medellín,App,9,7,1665000,0,Rechazado,0
REC-003143,POL-003600,2024/10/04,04/10/2024,2024/10/15,Consulta especializada,Bogotá,app,9,5,6728000,6150000,Aprobado,0
REC-000893,POL-001816,17/02/2023,12/03/2023,2023-05-06,Colisión,BOGOTÁ,CALL CENTER,7,1,4485000,0,Rechazado,1
REC-000422,POL-005978,14/04/2021,2021-04-16,2021/04/22,Robo,Barranquilla,Oficina,23,6,51967000,51583000,Aprobado,0
REC-001585,POL-006232,2025-04-13,2025-04-15,2025-05-09,Hospitalización,Bogotá,App,16,6,4218000,4012000,Aprobado,0
REC-001409,POL-005688,17/07/2021,2021/07/18,2021-09-28,Medicamentos,Bogotá,Oficina,15,3,1070000,0,  Rechazado,false
REC-003491,POL-002056,02/08/2025,2025-08-20,29/08/2025,Colisión,MEDELLIN,Call center,11,5,2758000,0,rechazado,0
REC-002108,POL-007378,14/09/2025,2025-09-23,,Medicamentos,Bucaramanga,App,12,3,2231000,,En revisión,N
REC-003095,POL-008149,30/09/2025,02/10/2025,2025/10/14,Vidrios,,App,8,6,6774000,5982000,Aprobado,0
REC-001959,POL-003783,2023-11-04,18/11/2023,2023-11-26,medicamentos,Bogota,Oficina,15,7,0,5768000,APROBADA,0
REC-002709,POL-000905,2025-08-16,2025-08-24,2025-08-26,Inundación, Bogotá ,Call center,12,10,2476000,2151000,Aprobado,0
REC-001570,POL-008392,2025-08-30,2025-09-04,,Daño a terceros,Bogotá,  Oficina,15,,943000,,En revisión,0
REC-002210,POL-001631,2022-10-07,2022-10-11,2022-10-22,Colisión,  Bogotá,Call center,13,2,4458000,4403000,Aprobado,0
REC-001258,POL-004714,21/08/2022,2022-08-27,19/09/2022,Consulta especializada,Bogotá,Corredor,18,9,11304000,10879000,Autorizado,N
REC-003741,POL-000832,2025-09-03,2025-09-22,2025-09-27,Inundación,Barranquilla,APP,16,6,0,1274000,Aprobado,0
REC-001763,POL-000260,2022-08-04,,2022/08/08,Hospitalización,Barranquilla,Oficina,19,2,20911000,11462000,Pagado parcial,0
REC-000490,POL-007293,2021-10-26,,2021/11/18,Robo,Bogotá,App,11,5,21631000,20687000,Aprobado,0
REC-000357,POL-005791,2024/03/24,2024-03-25,2024-03-31,Medicamentos,Santa Marta,App,15,7,4315000,4134000,Aprobado,0
REC-001729,POL-008116,2021-11-05,05/11/2021,14/11/2021,Consulta especializada,Bogotá,Oficina,9,6,528000,0,Rechazado,0
REC-001695,POL-004200,2024/01/20,2024-01-25,2024/02/01,Daño a terceros,Santiago de Cali,App,13,7,8623000,7872000,Aprobado,0
REC-003208,POL-004568,22/04/2023,2023-04-24,2023-04-26,Daño a terceros,,App,12,,1464000,1327000,Aprobado,NO
REC-001643,POL-001374,22/10/2021,26/10/2021,2021-10-28,Colisión, Medellín ,App,19,5,2720000,2436000,Aprobado,0
REC-002269,POL-005666,2025-01-28,2025/01/30,09/02/2025,Consulta especializada,Barranquilla,Oficina,23,2,9615000,0,Rechazado,0
REC-000836,POL-001039,2024-04-08,2024-04-11,2024-04-16,Daños eléctricos,Cali,app,15,5,3323000,3208000,aprobado,0
REC-004168,POL-007682,2024-11-08,12/11/2024,2024/11/25,Hospitalización,Medellín,App,14,4,3294000,0,Rechazado,0
REC-001047,POL-002080,2022-10-07,2022-10-07,2022/11/05,Daños eléctricos,BOGOTÁ,Corredor,6,5,8149000,7577000,Aprobado,0
REC-003097,POL-004488,2024-10-18,2024-10-20,2024/10/29,Medicamentos,BUCARAMANGA,App,8,3,1486000,1419000,Aprobado,0
REC-001213,POL-002800,2022-12-18,22/12/2022,26/12/2022,Colisión,Bogotá,Oficina,9,4,938000,918000,Autorizado,0
REC-000732,POL-006052,12/06/2024,,2024-06-22,Consulta especializada,Santa Marta,App,23,4,1323000,1197000,Aprobado,0
REC-003218,POL-006122,2021/07/22,23/07/2021,25/07/2021,Consulta especializada,  Bogotá,Call center,18,4,2576000,2263000,Aprobado,0
REC-001179,POL-003640,2025-10-24,2025-10-24,2025-10-28,medicamentos,Medellín,App,14,3,2412000,2109000,Aprobado,0
REC-003540,POL-001792,2023-10-11,19/10/2023,2023/11/09,Hospitalización,Manizales, App ,12,8,12025000,10917000,Aprobado,0
REC-002178,POL-008057,2024-10-05,07/10/2024,2024/10/16, Robo ,Bucaramanga,Oficina,16,2,65775000,60669000,Aprobado  ,No
REC-000025,POL-005843,15/03/2024,,2024/03/24,Hospitalización,  Cali, App ,12,6,3419000,2958000,Aprobada,0
REC-004086,POL-007959,2025/06/11,2025/06/26,2025-07-08,Medicamentos, Bogotá ,Corredor,20,4,3427000,3193000,Aprobado,0
REC-001291,POL-006820,2024-06-17,17/06/2024,07/07/2024,INCENDIO,Bogotá,App,16,2,60162000,,Aprobado,0
REC-001311,POL-005873,2021/12/20,2021-12-24,2021-12-29,Medicamentos,Bogotá  ,Corredor,11,10,513000,487000,Aprobado,0
REC-003925,POL-001655,2022-06-11,13/06/2022,2022-06-16,Daño a terceros,,App,23,7,,3709000,Aprobado,0
REC-002733,POL-007288,23/04/2022,2022/04/23,28/04/2022,Medicamentos,Pereira  ,App,18,1,1608000,1404000,aprobado,0
REC-003205,POL-007061,10/12/2025,2025-12-31,31/12/2025,Vidrios,Cali,Call center,2,2,7306000,0,Rechazada,1
REC-002173,POL-000987,2023-09-22,24/09/2023,26/10/2023,Hospitalización,Medellín,Call center,5,6,3978000,0,Rechazado,0
REC-001160,POL-005094,2025-04-10,2025-05-04,2025-07-29,Vidrios,Bogota,App,22,2,4853000,0,Rechazado,1
REC-003908,POL-001242,2024-01-28,2024-02-02,09/03/2024,incapacidad,BOGOTA,Oficina,5,3,4164600000,39061000,Aprobado,0
REC-001977,POL-002049,2023/09/06,INVALID_DATE,2023-10-07,Robo,,Call center,17,2,40492000,39144000,APROBADO,0
REC-003248,POL-007953,2024-03-20,2024/03/28,2024-04-09,Enfermedad grave, Bogotá ,Oficina,20,10,37521000,0,RECHAZADO,0
REC-002000,POL-008012,2024-08-01,2024-08-01,2024-08-20,Hospitalización  ,Bucaramanga,Oficina,13,5,1642000,1042000,Pagado parcial,NO
REC-001055,POL-000676,2024-03-16,2024-03-16,2024/04/10,Vidrios,Santa  Marta,Call center,12,7,1574000,0,rechazada,0
REC-002649,POL-003312,2025-03-09,2025-03-11,,Cirugia,Cali,CALL CENTER,3,4,20435000,,Aprobado,0
REC-001497,POL-002697,2022-03-13,,21/03/2022,Cirugía,Medellín,App,3,10,43516000,39250000,Aprobado,0
REC-001696,POL-006888,2025/12/15,2025/12/15,2025-12-20, Daño a terceros ,Bogotá  ,Oficina,15,2,1088000,1006000,Aprobado,0
REC-003993,POL-001652,2023-10-13,2023-10-14,13/11/2023,Robo,Bogotá,Corredor,19,5,24879000,22840000,Aprobado,0
REC-003058,POL-002945,2023/08/30,2023/08/31,01/10/2023,Consulta especializada,Bucaramanga  ,  Corredor,13,9,1148000,0,Rechazado  ,0
REC-002950,POL-006352,2024-09-17,17/09/2024,06/10/2024,Vidrios  ,Cali,Call center,13,3,2327000,2036000,Aprobado,0
REC-003306,POL-005533,2024-11-05,2024/11/05,2024/11/12,Colisión  , Santiago de Cali ,Oficina,22,7,2365000,0,Rechazado,0
REC-001894,POL-001778,2025/04/27,2025-04-29,2025-05-01,Colisión,barranquilla,Oficina,16,7,2913000,0,Rechazado,0
REC-000537,POL-006201,2022-04-21,22/04/2022,2022-04-25,Colisión  ,Bogotá,App,13,,3518000,1845000,Pagado parcial,false
REC-002873,POL-005507,2025-04-15,2025/04/19,2025-04-24,Colisión,Santa Marta,CALL CENTER,19,8,,3679000,Aprobado,0
REC-002233,POL-007338,08/01/2022,2022-01-09,2022-02-22,Robo,Medellín,OFICINA,13,4,18766000,17096000,aprobado,NO
REC-002524,POL-001132,2022-04-29,01/05/2022,24/05/2022,Daño a terceros,Bogota,APP,19,6,3505000,3197000,Aprobado,0
REC-000111,POL-002514,2024-12-10,2024/12/11,21/12/2024,Consulta especializada,Manizales,Corredor,22,2,881000,878000,Aprobado,0
REC-002998,POL-002777,2025/07/11,2025-07-12,2025-07-26,Consulta especializada,Cartagena  ,App,16,5,2346000,0,Rechazado,0
REC-002673,POL-000723,2024/10/20,20/10/2024,27/10/2024,vidrios,BOGOTA,App,17,2,5507000,0,Rechazado  ,0
REC-002023,POL-003648,2024-09-22,2024-09-23,2024-10-10,Cirugía,Manizales,CORREDOR,19,6,18210000,0,Rechazado,0
REC-000809,POL-001743,26/07/2025,31/07/2025,2025-08-22,Consulta especializada,Bogotá,Call center,11,8,5534000,5036000,Aprobado,0
REC-001687,POL-002672,07/10/2024,2024-10-08,2024-11-04,Robo,barranquilla,Oficina,14,5,31631000,30785000,Aprobado,0
REC-001628,POL-005724,04/03/2025,2025-03-04,2025-03-16, Daño a terceros , Cúcuta ,Oficina,13,1,4571000,4232000,Aprobado,0
REC-004018,pol-004251,2021-10-03,2021-10-08,22/11/2021,Cirugía,Medellín,Oficina,18,5,2983000,2759000,Aprobado,0
REC-001782,POL-003221,2022-08-25,2022-08-27,03/09/2022,Consulta especializada,Bogotá,APP,12,7,1470000,833000,Pagado parcial,0
REC-003830,POL-003798,05/03/2025,2025/03/05,2025-03-17,hospitalización,Bogotá,app,14,5,12225000,8316000,Pagado parcial  ,0
REC-001297,POL-005915,2025-10-13,2025-10-15,,Robo,Barranquilla,App,12,2,39558000,111565805, En revisión ,0
REC-000973,POL-006040,24/03/2022,2022-03-26,2022/03/31,  Cirugía,Pereira,Corredor,18,,15058000,8128000,Pagado parcial,0
REC-003958,POL-004704,2025-09-26,29/09/2025,2025-10-09,  Cirugía,medellín,App,23,2,3079000,2807000,Aprobado,NO
REC-003867,POL-006319,29/10/2024,2024-11-09,23/11/2024,Robo,Bogota DC,App,11,2,16314000,14722000,Aprobado,No
REC-002710,POL-004512,11/04/2024,2024-04-28,2024-04-30,Colisión,Barranquilla,Call center,12,9,2505000,0,Rechazado,0
REC-002766,POL-005375,2025-12-28,2025/12/30,2025/12/31,Hospitalización, Barranquilla ,Oficina,19,2,,3608000,Aprobado,0
REC-003141,POL-006592,19/03/2025,2025/03/19,2025-04-01,Colisión,Cúcuta,App,13,9,8563000,0,Rechazado,0
REC-003230,POL-001785,2022-06-17,18/06/2022,2022-07-10,Colisión,BOGOTA,App,11,5,1574000,1352000,Aprobado,0
REC-003466,POL-003888,2023-02-02,2023-02-02,2023/03/01,Consulta especializada, Bogotá ,Oficina,12,5,1906000,1761000,Aprobado  ,0
REC-000550,POL-003443,2024-09-29,2024-09-30,2024/10/14,Colisión,Cali,App,11,9,844000,572000,Pagado parcial,0
REC-000249,POL-000055,2024-08-12,2024-08-13,01/09/2024,Medicamentos,MEDELLIN,Corredor,14,7,1296000,0,RECHAZADO,false
REC-000318,POL-004282,2025/09/07,2025-09-08,2025-09-10,  Vidrios,Medellín,App,13,5,23388000,20937000,Aprobado,0
REC-001168,POL-002774,27/05/2024,27/05/2024,2024-05-31,Colisión,Bogotá,App,11,6,4782000,0,RECHAZADO,0
REC-000777,POL-007204,19/08/2024,22/08/2024,2024-08-24,Colisión,cali,Call center,10,8,3033000,2765000,Aprobado,0
REC-003068,POL-002018,2023-07-01,2023-07-05,18/07/2023,CONSULTA ESPECIALIZADA,Medellín,Oficina,9,,2242000,2241000,Aprobado,0
REC-002482,POL-002134,2024-01-07,10/01/2024,2024-01-19,CONSULTA ESPECIALIZADA,Bogotá,Call center,12,5,2780000,0,Rechazado,0
REC-003692,POL-000923,2025-03-25,2025-04-03,06/04/2025,Consulta especializada,Bogota DC,Call center,16,2,2022000,0,  Rechazado,0
REC-003330,POL-001886,02/08/2024,2024-08-02,2024-08-07,Colisión,Cúcuta,Corredor,18,6,6092000,5622000,  Aprobado,0
REC-001292,POL-007592,2022-06-03,08/06/2022,2022-06-14,daño a terceros,BOGOTÁ,Call center,17,6,1106000,,Aprobado,0
REC-001690,POL-000675,2023/05/16,24/05/2023,13/06/2023,Robo,cali, App ,9,,7617000,7297000,APROBADO,0
REC-003738,POL-001611,2025-03-14,2025-03-14,2025-03-22,Consulta  especializada,Cali,Oficina,17,5,9048000,8148000,Aprobado,0
REC-003343,POL-007622,2025/01/22,23/01/2025,,Colisión,cali,  Call center,14,,2572000,2194000,Aprobado,0
REC-002886,POL-005691,2025-10-03,10/10/2025,2025-10-15,Vidrios,Bogotá,App,15,6,2797000,0,Rechazado,0
REC-001163,POL-006400,19/04/2025,19/04/2025,2025/05/04,Consulta especializada,Bogotá,Oficina,9,5,5596000,4984000,Aprobado,0
REC-000647,POL-973556,2024-01-27,2024-02-04,2024/03/21,Medicamentos,Medellín,call center,3,3,4430000,1840000,Pagado parcial,1
REC-002529,POL-001135,2024/12/06,07/12/2024,2024-12-11,Vidrios,Bogotá  ,Oficina,14,8,1669000,1564000,Aprobado,0
REC-002557,POL-004315,2024-11-02,24/11/2024,2024-11-28,Hospitalización,CALI,Oficina,12,8,4656000,0,Rechazada  ,0
REC-000522,POL-003861,2025-07-12,2025-07-12,14/07/2025,Daño a terceros,Medellín,App,14,2,3299000,2943000,Aprobado,0
REC-002169,POL-007918,2025-06-06,2025-06-06,09/06/2025,  Robo,  Cúcuta,Oficina,22,3,17291000,15824000,Aprobado  ,0
REC-002569,POL-007302,2023/09/10,2023-09-11,,colisión,Cali,Call center  ,19,6,3747000,2015000,Pagado parcial,0
REC-003157,POL-001934,2023-10-23,23/10/2023,02/11/2023,  Medicamentos,Bogota,App,16,6,1444000,1389000,Aprobado,0
REC-002931,POL-000218,2023-01-16,2023/01/24,2023/01/29,Medicamentos,Bogotá,Call center,17,4,2677000,2389000,Aprobado,0
REC-002713,POL-000713,12/06/2024,INVALID_DATE,2024-06-25,Colisión,Santa Marta,Call center,14,4,3104000,0,Rechazado,0
REC-000345,POL-008120,2025/06/21,22/06/2025,13/07/2025,Colisión,Pereira,Oficina,19,3,5084000,5020000,Aprobado,0
REC-003051,POL-001847,21/11/2024,2024-11-24,18/12/2024,Medicamentos,Bogotá,Oficina,12,5,5023000,2396000,Pagado parcial,0
REC-001885,POL-007494,2021-06-07,10/06/2021,2021-06-13,Consulta especializada  ,Bogotá  ,APP,9,7,4428000,4154000,Aprobado,false
REC-001116,POL-007635,2025-05-08,2025-05-11,2025/05/16,Hospitalización,Cúcuta,Oficina,13,5,18647000,16179000,Aprobado,0
REC-002554,POL-003664,2025/08/16,2025-08-19,2025-08-25,Inundación,Cartagena,App,15,2,2867000,2799000,APROBADO,0
REC-000099,POL-003565,2023/08/11,2023/08/11,09/09/2023,Colisión,Cartagena,Call center,19,4,2708000,2627000,Aprobado,0
REC-001667,POL-007895,2021-01-18,22/01/2021,26/01/2021,Medicamentos,  Cali,CALL CENTER,11,10,6958000,6620000,Aprobado,0
REC-001798,POL-006855,2025/02/11,15/02/2025,2025-02-26,Cirugía,Cali,Oficina,17,8,6330000,2933000,Pagado parcial  ,0
REC-000927,POL-007622,2025-02-13,2025/02/13,14/03/2025,Robo,Santiago de Cali,Oficina,19,6,10604000,0,RECHAZADO,0
REC-004241,POL-000466,2025/09/25,2025-10-06,,Colisión,Cali,App,11,1,722000,,EN REVISIÓN,0
REC-002729,POL-001584,2025-08-03,2025-08-06,31/08/2025,Colisión,Bogotá,App,16,6,1526000,1517000,Aprobado,0
REC-002815,POL-007793,20/07/2025,2025/07/26,2025-08-23,Daño a terceros,,Call center,18,3,1915000,1661000,Aprobado,0
REC-001564,POL-002931,2022-11-09,2022-11-11,2022-11-21,Medicamentos,Bogotá,App,14,,1541000,0,Rechazado,0
REC-000916,POL-006479,22/07/2023,23/07/2023,2023/10/19,Vidrios,Cali,Call center,2,3,1711000,0,Rechazado,1
REC-000051,POL-003690,2023-02-14,03/03/2023,,FALLECIMIENTO,Medellín,Corredor,13,8,65785000,56426000,Aprobado,0
REC-003270,POL-002442,2025/05/17,17/05/2025,2025-05-24,Daño a terceros,Pereira, Oficina ,12,3,4688000,4203000,Aprobado  ,0
REC-004014,POL-001486,26/08/2023,2023-09-01,06/09/2023,Daño a terceros,Medellín,Corredor,7,6,4796000,0,Rechazado,0
REC-002349,POL-003965,22/01/2022,2022-01-22,2022-02-01,Daño a terceros,Cali,App,10,3,3659000,1185000,Pagado parcial,0
REC-003409,POL-006286,2024-12-01,03/12/2024,2024-12-15,Daños  eléctricos,Bta,Call center,23,2,4740000,4051000,Aprobado,0
REC-003396,POL-002429,05/07/2025,2025-07-20,2025-07-29,Daños eléctricos  ,Barranquilla,Call center,14,,4640000,4154000,APROBADO,0
REC-003995,POL-000170,2021/09/08,2021-09-10,15/09/2021,Consulta especializada,Barranquilla  ,Corredor,21,6,1074000,1041000,aprobado,0
REC-003886,POL-007154,13/05/2024,2024-05-15,18/05/2024,Consulta especializada,Bogotá,Call center,5,7,9770000,4742000,Pagado parcial,0
REC-001366,POL-006527,2024-10-09,,2024-10-26,ROBO,Bogota,Corredor,23,0,83600000,0,Rechazado,1
REC-000697,POL-002907,27/11/2024,29/11/2024,2024-12-02,colisión,manizales,App,17,4,1440000,1410000,Aprobado,0
REC-001588,POL-004581,2025/09/18,2025-09-20,2025-10-06,Medicamentos,Bogotá,Corredor,22,9,2166000,2146000,Aprobado,0
REC-003807,POL-000467,,2025/12/18,2025-12-31,Robo,Barranquilla,Call center,12,6,9446000,0,Rechazado,0
REC-003768,POL-004444,2023-01-25,27/01/2023,2023-02-10,Daño a terceros,Manizales,Call center,10,7,11763000,10793000,  Aprobado,N
REC-000366,POL-006743,2025/07/03,,24/07/2025, Colisión ,  Bogotá,Oficina,14,5,7070000,6549000,Aprobado,0
REC-004154,POL-006660,23/11/2023,2023/11/27,2023-11-29,Consulta especializada,Cali,Corredor,11,10,1663000,1502000,Aprobado,0
REC-000733,POL-001613,2025-01-16,2025-01-16,2025-01-28,Colisión,cúcuta,Oficina,12,6,1908000,890000,Pagado parcial  ,0
REC-002748,POL-002921,2024-03-07,2024/03/07,06/04/2024,Incendio,  Barranquilla,Call center,14,5,46563000,45383000,Aprobado,0
REC-002436,POL-003796,02/12/2023,16/12/2023,2024-01-04,Medicamentos,Bogotá,Oficina,20,9,2553000,2204000,Aprobado,0
REC-003910,POL-002258,29/09/2024,2024-10-04,2024-10-21,Daños eléctricos,Bogotá,App,21,2,2538000,1102000,Pagado parcial,0
REC-000745,POL-005367,2022-05-29,2022/07/10,2022-09-26,Medicamentos,Cali,App,23,1,4064000,0,Rechazado,1
REC-001535,POL-007238,2025-04-19,2025/04/22,27/06/2025, Fallecimiento ,Medellín,Call center,13,2,41462000,40235000,Aprobado,1
REC-002866,POL-000250,21/03/2022,21/03/2022,2022-04-09,Cirugía,Medellín  ,Call center,11,9,2977000,2646000,Aprobado,0
REC-001980,POL-000281,11/02/2024,24/02/2024,2024-03-05,Daño a terceros,Bucaramanga,Oficina,20,4,2771000,2525000,Aprobado,0
REC-003471,POL-004247,2024/03/17,2024-03-19,2024/04/03,Daños eléctricos,Cali,App,17,4,3706000,3205000,aprobado,0
REC-000904,POL-005367,2022/09/09,2022-09-09,11/10/2022,CONSULTA ESPECIALIZADA,Cali,Call  center,15,7,4130000,3519000,Aprobada,0
REC-002462,POL-006148,08/03/2021,,2021-04-12,DAÑO A TERCEROS,Medellín,Oficina,8,7,4160000,3653000,Aprobado,0
REC-000129,POL-007059,16/01/2025,16/01/2025,2025-02-13,MEDICAMENTOS,Bogotá,Oficina,11,5,6068000,5979000,Aprobado,0
REC-001091,POL-000732,2022-12-15,2022-12-22,2023/01/03,Robo,Bogotá,CALL CENTER,22,2,31599000,29133000,Aprobado,No
REC-002018,POL-004549,2025-02-28,2025/03/02,INVALID_DATE,Consulta especializada,Medellín,Call center,20,5,2436000,0,Rechazado,0
REC-001187,POL-006113,19/03/2023,2023/03/27,29/04/2023,Daño a terceros,Pereira,Call center,16,1,3745000,3698000,Aprobado,0
REC-001800,POL-006761,INVALID_DATE,2023/05/21,2023/05/23,Daño a terceros,Manizales  ,Oficina,22,3,1036000,567000,Pago parcial,0
REC-001661,POL-003709,19/10/2023,INVALID_DATE,2023/11/30,Robo,Pereira,App,0,0,34200000,31338000,Aprobado,1
REC-001150,POL-001731,2024-10-03,2024-10-10,2024-11-07,Consulta especializada,BOGOTÁ,App,3,5,1479000,997000,Pagado parcial,0
REC-003121,POL-002395,28/03/2021,2021/03/30,2021-04-02,Consulta especializada,Bogotá,Oficina,11,6,4176000,3686000,Aprobado,0
REC-001887,POL-004086,30/12/2024,2024-12-30,2025-01-01,Colisión  ,BOGOTÁ,oficina,9,4,4435000,4108000,Aprobado,0
REC-001700,POL-008210,2022-05-27,2022-05-29,05/06/2022,Consulta especializada,Medellín,Call center,8,7,,1709000,Pagado parcial,No
REC-004073,POL-002092,2021-05-07,2021/05/08,2021/05/22,Consulta especializada, Cartagena ,App,15,8,1847000,1644000,Aprobado,0
REC-000082,POL-003105,2025-04-29,29/04/2025,2025-05-06,Robo,bucaramanga,Call center,10,2,19950000,19888000,Aprobado,0
REC-004236,POL-003377,02/11/2025,2025-11-04,15/11/2025,Robo,Barranquilla,Corredor,14,5,8474000,7406000,Aprobado,0
REC-003613,POL-004736,2024-12-01,01/12/2024,2024-12-17,Colisión,Bogotá,Call center,1,7,2110000,670000,Pagado parcial,0
REC-002197,POL-003417,2022-05-24,2022/05/25,2022-06-05,Medicamentos,Medellín,App,16,4,1419000,3521634,Aprobado,0
REC-003677,POL-004386,2025-11-26,28/11/2025,2025-12-03,  Vidrios,  Cúcuta,App,18,3,1394000,1216000,Aprobado,0
REC-000976,POL-003504,2023/10/11,2023-10-15,2023-10-19,Colisión,Bogotá,CALL CENTER,20,3,1299000,1149000,Aprobado,
REC-004163,POL-000063,2023-04-21,2023/04/21,04/05/2023,Consulta especializada,Bogotá,Corredor,18,9,2860000,2542000,APROBADO,0
REC-003575,POL-000495,2022-09-18,2022-09-22,2022/10/08,Robo,Cali,App,23,4,37147000,36694000,Aprobado,0
REC-004038,POL-008273,2023-11-28,30/11/2023,2023/12/15,Colisión,Bogotá,App,9,3,4438000,4041000,Aprobado,0
REC-002885,POL-000216,2024-03-26,2024-04-22,2024-05-06,Robo,Bogotá,App,18,1,18682000,7730000,PAGADO PARCIAL,1
REC-001350,POL-003827,2024-09-17,19/09/2024,22/09/2024,Consulta especializada  ,Bogotá,App,11,2,2205000,0,Rechazado,0
REC-002697,POL-007033,01/03/2024,2024-03-06,2024-03-18,consulta especializada,Barranquilla,Oficina,16,4,4376000,4297000,Aprobado,0
REC-000110,POL-003477,,2025/10/17,,Colisión,Cali,App,9,6,3462000,,EN REVISION,0
REC-003902,POL-006329,2025-10-16,2025-10-16,,Hospitalización,BOGOTÁ,Oficina,16,3,6288000,,En revisión,0
REC-003497,POL-007333,2024/05/30,2024-05-30,2024/06/05,Colisión,Bucaramanga,App,14,3,1837000,1246000,Pagado parcial,0
REC-000921,POL-001521,2025-02-26,26/02/2025,2025-03-06,Daño a terceros,Bogotá, Corredor ,14,4,5501000,5313000,Aprobado,0
REC-000772,POL-002337,02/12/2023,02/12/2023,2023-12-17,  Consulta especializada,,  App,13,4,2780000,2399000,Aprobado,0
REC-001182, POL-001136 ,31/10/2021,2021-11-02,2021/11/15,Hospitalización,BOGOTÁ,Oficina,6,9,,0,Rechazado,0
REC-001237,POL-005039,2025-10-13,2025-10-16,2025/11/17,Medicamentos,,App,22,2,2619000,2284000,Aprobado,0
REC-002856,POL-001896,2025-04-27,03/05/2025,18/05/2025,Dano a terceros,Bogotá,Call center,11,10,3057000,2739000,Aprobado,0
REC-003004,POL-007902,20/04/2025,2025-04-25,2025-05-05,Consulta especializada,Bogotá,Call center,11,,1227000,1146000,Aprobado  ,0
REC-001482,POL-007079,,2023-02-26,2023-03-04,Medicamentos,Medellín,Corredor,15,10,10388000,9182000,APROBADO,No
REC-003672,POL-006816,2023/05/31,INVALID_DATE,2023-06-18,Consulta especializada  ,Cartagena de Indias,Oficina,18,1,5570000,4773000,Aprobado,0
REC-001369,POL-000172,10/07/2024,13/07/2024,2024-07-18,Robo  ,  Cartagena, Corredor ,18,6,4606000,3951000,APROBADO,0
REC-003347,POL-007639,2025-07-14,2025-07-20,,Colisión,Bogotá  ,Call center,12,6,1587000,0,Rechazado,0
REC-001126,POL-002535,03/05/2025,2025/05/04,2025/05/06,Robo,Bogotá,Call center,14,4,10359000,0,RECHAZADO,0
REC-002117,POL-000094,30/11/2022,2023-01-08,2023/01/28,Dano a terceros, Cartagena ,Call center,22,1,11688000,11489000,Aprobado,true
REC-000601,POL-002568,2021-10-25,2021/10/27,2021-11-19,Consulta especializada,Cali,Call center,14,8,2695000,2511000,Aprobado,0
REC-000862,POL-006522,2025-10-02,2025-10-02,,Colisión,Medellín,Call center,11,7,548000,,En revisión,0
REC-004111,POL-003234,2025-07-07,12/07/2025,2025-08-14,Cirugía,Bogotá,App,20,3,5461000,0,Rechazado  ,0
REC-000433,POL-003570,2024-12-31,2025-01-03,2025-01-05,Cirugía,BOGOTA,Call center,11,3,17981000,0,Rechazado,0
REC-002566,POL-005124,2025/12/02,2025-12-03,,Daño a terceros,Pereira,App  ,5,3,2500000,,En revisión,0
REC-002143,POL-008081,2025-11-17,INVALID_DATE,INVALID_DATE,Cirugía,  Bogotá,Call center,22,4,5181000,,En revisión,0
REC-001922,POL-004499,18/07/2024,2024/07/20,26/07/2024,Medicamentos,PEREIRA,App,13,4,10635000,0,Rechazado,0
REC-001434,POL-002120,29/09/2025,2025-10-01,,Daño a terceros,Cali  ,Call center,17,8,1275000,,En  revision,0
REC-000932,POL-005460,06/09/2025,16/09/2025,,Consulta especializada,  Cali,Oficina,15,6,1498000,,en revisión,0
REC-004263,POL-007850,2023/08/02,2023-08-22,2023-09-02,Colisión,Bogotá,Oficina,19,4,1269000,1195000,Aprobado,0
REC-003912,POL-007436,2024-07-20,2024-07-21,2024/10/04,Inundación,Bogotá,Call center,10,6,4776000,4068000,Aprobado,0
REC-003265,POL-001911,2023/04/20,23/04/2023,2023-06-11,Vidrios,Cúcuta,Call center,13,8,5593000,4981000,Aprobado,0
REC-001503,POL-002985,2025-09-10,2025/09/11,2025-09-20,Robo,Pereira,Call center,16,6,32641000,15373000,PAGADO PARCIAL,0
REC-002482,POL-002134,2024-01-07,10/01/2024,2024-01-19,CONSULTA ESPECIALIZADA,Bogotá,Call center,12,5,2780000,0,Rechazado,0
REC-000819,POL-003440,2025-09-22,2025/09/22,,Daño a terceros,Bogota DC,App,21,7,1936000,,En revisión,0
REC-001778,POL-004346,2025-03-25,2025-04-03,18/04/2025,Daño a terceros,Barranquilla,Call center,16,5,9519000,0,  Rechazado,N
REC-001668,POL-000798,2025-04-06,2025-04-06,2025-04-11,Medicamentos,SANTA MARTA, Call center ,11,7,767000,738000,Aprobado,0
REC-001584,POL-006091,,2025-09-18,22/09/2025,Daño a terceros, Manizales ,App,12,1,4916000,4646000,Aprobado,0
REC-003964,POL-005964,2023-08-12,13/08/2023,2023/08/18,Daño a terceros,Bogotá,Oficina,12,5,5422000,2663000,Pagado parcial,0
REC-001944,POL-003699,24/07/2023,2023/08/05,2023/08/22,Cirugía,Bogotá,App  ,6,3,7833000,6798000,Aprobado,0
REC-002631, POL-008115 ,01/05/2025,17/05/2025,2025-06-19,daño a terceros,Bogotá,Call center,22,3,4734000,0,Rechazado,1
REC-003638,POL-001378,2023-10-26,2023-10-28,2023-11-01,Daño a terceros,Bogotá,Call center,14,7,813000,699000,Aprobado,0
REC-004269,POL-001083,2025-01-06,2025-01-27,2025/01/29,Inundación,Bogotá,Call center,19,3,8056000,4363000,Pagado parcial,0
REC-002054,POL-003264,INVALID_DATE,16/10/2022,2022-10-21,Medicamentos,cúcuta,Oficina,21,3,2605000,2579000,Aprobado,0
REC-000403,POL-000150,2025-10-30,2025-11-04,2025-12-31,Hospitalización,Bogotá,Call center,18,10,14060000,11991000,Aprobada,0
REC-002612,POL-006492,2025-07-06,06/07/2025,2025-07-12,Cirugía,Barranquilla,App,12,6,3536000,3098000,Aprobado,0
REC-002780,POL-002445,15/07/2025,2025-07-17,19/07/2025,Inundación,Bogotá,Call center,18,6,1281000,409000,Pagado parcial  ,0
REC-003012,POL-008088,12/03/2025,12/03/2025,14/03/2025, Consulta especializada ,Bogotá,App,11,8,3014000,0,Rechazado,0
REC-004121,POL-004820,2025-04-26,2025-04-28,05/05/2025,Daño a terceros,Santa Marta,Corredor,17,4,6732000,6729000,  Aprobado,0
REC-001709,POL-003349,30/09/2024,2024/10/13,24/10/2024,Consulta especializada,Pereira,App,8,7,1706000,0,Rechazado,0
REC-001520,POL-007680,2023-09-02,,2023-09-27,Robo,Bogotá D.C.,Call center,12,1,16150000,14406000,Aprobado,0
REC-001656,POL-923026,2021-11-15,2021-11-15,2021-11-19, Colisión ,MEDELLÍN,App,14,4,1459000,1421000,Aprobado,0
REC-002900,POL-000315,24/04/2025,2025/04/24,28/04/2025,Enfermedad grave,B/quilla,App,18,2,160499000,142758000,Aprobado,0
REC-000669,POL-000118,27/07/2022,05/08/2022,10/09/2022,Colisión,BOGOTA,Corredor,12,6,2277000,1456000,Pagado parcial,0
REC-003015,POL-006263,2024-11-03,2024-11-03,2024-11-08,Consulta especializada,Cali,Call center,17,4,3297000,2831000,APROBADO,0
REC-001722,POL-001743,2025/07/23,2025-07-27,2025-08-17,Medicamentos,Bogota,Corredor,15,8,,4107000,Aprobado,0
REC-003344,POL-006389,2023-06-02,03/06/2023,10/06/2023,Vidrios,B/quilla  ,App,9,1,2538000,2465000,  Aprobado,0
REC-004157,POL-000872,03/09/2023,2023-09-16,2023/09/19,Colision,Cartagena,Call center,8,4,1313000,1268000,Aprobado,0
REC-001253,POL-007675,2024-01-18,2024-01-21,2024-01-26,Daños eléctricos,Barranquilla,Corredor,15,8,,0,Rechazado,0
REC-002857,POL-001803,10/05/2025,21/05/2025,2025-05-28,Daño a terceros,Santiago  de  Cali,App,10,7,2824000,2729000,aprobado,0
REC-001927,POL-004807,2024-07-21,2024/08/05,2024-09-24,  Hospitalización,Cali,Oficina,2,0,11451000,0,Rechazado,Sí
REC-002530,POL-008262,2025-01-31,2025/02/05,2025/02/10,Cirugía,Santa Marta  ,Oficina,14,5,18140000,16839000,aprobado,0
REC-003737,POL-005539,31/03/2025,INVALID_DATE,2025/04/06,COLISION,  Bogotá,Oficina,15,7,3075000,3022000,Aprobado,0
REC-001002,POL-002743,2025/04/27,2025-05-04,03/06/2025,Medicamentos,Bogotá,Call center,12,4,2464000,2441000,Aprobado,0
REC-000506,POL-007752,14/03/2022,14/03/2022,2022/03/29,Inundación,Bogotá,Corredor,11,7,5855000,0,Rechazado,0
REC-001180,POL-006280,02/07/2024,2024-07-06,2024/07/18,Colisión  ,Bogotá,App,17,9,7333000,6875000,Aprobado,0
REC-002989,POL-001397,22/06/2021,02/07/2021,08/07/2021,Consulta especializada,Cali  ,Oficina  ,7,5,947000,522000,  Pagado parcial,0
REC-001964,POL-000883,2024-05-09,2024/06/09,2024/07/04,ROBO,BOGOTÁ,Corredor  ,5,2,34447000,0,Rechazado,1
REC-001143,POL-007279,02/10/2022,19/10/2022,2022/11/10,Colisión,Santa Marta,Corredor,22,0,4686000,0,Rechazado,1
REC-000063,POL-000966,29/12/2023,31/12/2023,2024-01-28,MEDICAMENTOS,Medellín,App,14,2,,3208000,  Aprobado,NO
REC-003078,POL-000946,2024/06/07,2024-06-12,2024-06-21,Consulta especializada,Santiago de Cali,APP,20,4,-1510000,1346000,Aprobado,0
REC-000651,POL-002253,2025-10-02,08/10/2025,,Hospitalización,Cúcuta,Oficina,14,6,6287000,,EN REVISION,0
REC-001137,POL-005688,2021-07-10,12/07/2021,29/08/2021,Consulta especializada,Bogotá,oficina,13,7,1391000,0,Rechazado,0
REC-000167,POL-000736,,2024-04-01,2024/04/28,  Incendio,Medellín,Call center,12,4,13038000,12931000,Aprobado,0
REC-003956,POL-001671,2024-02-04,2024-02-08,11/02/2024,Cirugía,Medellín,App,15,2,7943000,7390000,Aprobado,0
REC-003780,POL-000016,09/07/2024,2024-07-09,02/08/2024,Vidrios,Bogotá,Oficina,20,8,1274000,1120000,Aprobado,0
REC-003942,POL-008262,2025-02-22,2025/03/01,2025-04-22,Consulta especializada  ,Santa Marta,App,17,4,1335000,1270000,Aprobado,0
REC-001623,POL-005227,2023-07-19,20/07/2023,2023-07-22,Colisión,Bogotá,Call center,16,4,2375000,0,Rechazado,0
REC-002050,POL-002107,2024-11-04,08/11/2024,25/11/2024,Daños eléctricos  ,Bucaramanga,Oficina,12,8,2948000,2804000,Aprobado,0
REC-000908,POL-005551,2024/08/13,2024-08-25,2024-09-12,Consulta especializada,Medellín,Call center,14,4,4172000,3804000,Aprobado,0
REC-003794,POL-007112,2025-12-14,2025-12-19,2025/12/24,Consulta especializada,Cali,Oficina,6,8,674000,640000,Aprobado,0
REC-001405,POL-005564,2024/01/27,2024-01-29,2024/02/29,Consulta especializada,MANIZALES,CORREDOR,11,6,853000,317000,Pago parcial,0
REC-002124,POL-005719,2024/01/09,09/01/2024,05/02/2024,CONSULTA ESPECIALIZADA,Bucaramanga,Call center,16,5,1157000,1048000,Aprobado,0
REC-000573,POL-006629,20/05/2023,2023-05-23,27/05/2023,Consulta especializada,Medellin,App,15,3,6970000,0,Rechazado,0
REC-001962,POL-000128,2024-05-08,12/05/2024,2024-05-19,Colisión,BOGOTÁ,APP,10,4,4030000,3722000,APROBADO,0
REC-001580,POL-005889,2023-04-09,09/04/2023,2023-04-20,Daños eléctricos,  Medellín,Corredor,15,10,1084000,926000,Aprobado,0
REC-002437,POL-001312,07/04/2024,2024/04/10,2024-04-16,Consulta especializada,Medellín,Corredor,10,4,3123000,2974000,APROBADO,0
REC-000685,POL-007265,2022/09/22,2022/09/22,,Colisión, Cali ,App,20,7,7028000,6721000,Aprobado,0
REC-001010,POL-006126,2025-01-25,2025-01-27,2025/02/24,Daño a terceros  ,Medellín (Antioquia),Corredor,15,9,6366000,5492000,Aprobado,0
REC-003641,POL-007539,05/03/2025,,2025-03-12,Enfermedad grave,Bogotá,call center,13,5,41991000,0,Rechazado,0
REC-000606,POL-005998,2022-08-12,12/08/2022,2022/09/14,Daño a terceros, Manizales ,Call center,14,6,2083000,0,Rechazado,N
REC-004286,POL-001734,01/10/2021,2021-10-04,2021/10/18,  Fallecimiento,CUCUTA,App,17,6,111024000,70627000,Pagado parcial,0
REC-003275,POL-006657,2022/12/12,2022-12-14,2022-12-23,Medicamentos,Cali,App,13,3,2917000,2895000,Aprobado  ,0
REC-001293,POL-000097,2024/03/18,2024-03-18,2024-04-01,Colisión,BOGOTÁ,Call center,19,5,2453000,2097000,Aprobado,0
REC-002472,POL-001390,21/05/2025,2025-05-21,2025/06/05,Daño a terceros,Manizales,Oficina,15,3,2995000,2919000,Aprobado,0
REC-003560,POL-002367,,2022-11-11,16/11/2022,HOSPITALIZACION,BARRANQUILLA,Oficina,19,6,2697000,2454000,  Aprobado,0
REC-000197,POL-006051,2024-09-13,2024-09-14,16/09/2024,Hospitalización,Cúcuta,App,15,5,6083000,4082000,Pagado parcial,0
REC-002147,POL-008133,14/07/2025,18/07/2025,2025/08/03,Hospitalización,Bogotá,Oficina,11,6,1898000,1749000,Aprobada,0
REC-001272,POL-007813,27/08/2025,2025-09-02,,Consulta especializada,Bogotá  ,Corredor,13,5,3234000,, En revisión ,0
REC-002807,POL-002627,21/03/2023,2023-04-12,2023-05-01,Consulta especializada,Bogotá,Oficina,15,5,631000,0,Rechazado,0
REC-003309,POL-007405,2023-05-15,2023-05-26,11/06/2023,Medicamentos,Cartagena,Call center,10,1,9643000,0,Rechazado,1
REC-000003,POL-007247,26/09/2023,2023-09-26,2023-10-13, Inundación ,Cartagena,App,11,2,6595000,6535000,Aprobado,0
REC-000747,POL-006689,23/12/2021,2021-12-24,2022/01/02,Medicamentos  ,Cartagena,Oficina,6,2,2622000,0,Rechazado,0
REC-004224,POL-007577,05/05/2022,2022-05-10,2022/05/12,Consulta especializada,Cúcuta,CALL CENTER,14,5,1469000,1352000,Aprobado,0
REC-000270,POL-001873,2021-07-07,2021-07-08,2021-08-01,Vidrios,Cartagena,Corredor,17,2,4138000,,Aprobado,0
REC-004189,POL-007775,2023-07-27,2023-08-01,2023-08-03,Daño a terceros,MANIZALES,Call center,16,7,3755000,3406000,Aprobado,0
REC-003372,POL-002351,2025-08-01,2025-08-13,2025-09-05,Daños eléctricos,Medellín,Call center,9,6,3383000,3203000,Aprobado,0
REC-001932,POL-005147,2022-08-04,2022-08-04,2022/08/19,Robo,Barranquilla,Oficina,12,3,15871000,14512000,Aprobado,0
REC-001876,POL-000625,2023-07-30,2023-08-17,2023-09-14,Colisión,  Manizales,Corredor,23,3,10328000,7127000,Pagado  parcial,1
REC-000797,POL-004939,02/06/2025,2025-06-12,2025-06-21, Cirugía ,Bucaramanga,Call center  ,15,4,8981000,8453000,Aprobado,N
REC-003003,POL-006738,2024-08-07,2024/08/10,2024-08-28,Cirugía,Bogotá,Call center,20,3,11523000,0,Rechazado,0
REC-003678,POL-003959,2023/07/07,,24/08/2023,COLISIÓN,Barranquilla,App,15,6,2223000,1897000, Aprobado ,No
REC-000363,POL-007439,18/02/2025,17/04/2025,03/05/2025,Colisión,Bogotá,Call center,22,0,2075000,1195000,Pagado parcial,true
REC-003048,POL-006965,2023-06-08,2023/06/09,2023-06-15,Inundación,Bucaramanga,Call center,21,6,1609000,1456000,APROBADO,0
REC-001220,POL-000499,2024-12-31,31/12/2024,2025-01-27, Medicamentos ,PEREIRA,Call center,25,4,2146000,2137000,Aprobado,0
REC-004101,POL-006015,05/01/2024,2024/01/09,2024-04-18,Hospitalización  ,Bogotá D.C.,Call center,23,4,33052000,0,Rechazado,1
REC-000218,POL-006408,2023-03-06,2023/03/09,2023-03-12,Colisión,Medellín,Oficina,13,7,2524000,2244000,Aprobado,0
REC-001217,POL-005857,23/02/2021,2021-02-23,2021/03/11,Consulta especializada  , Bogotá ,Corredor,23,7,379000,324000,Aprobado,0
REC-000389,POL-003536,14/12/2022,2022-12-26,2022-12-29,CONSULTA ESPECIALIZADA,Medellín,Oficina  ,14,4,8639000,7810000,Aprobado,0
REC-003644,POL-005551,2024/06/03,2024-06-11,2024-06-14,Consulta  especializada,Medellín,App  ,12,5,10204000,9417000,Aprobado,0
REC-000161,POL-005018,2022/06/05,2022/06/08,2022-06-16,Vidrios,Medellín,Call center,13,6,6242000,5439000,Aprobado,0
REC-000141,POL-004766,19/04/2022,2022-04-25,2022-05-16,Daños  eléctricos,Cartagena,Call center,19,5,8558000,8272000,Aprobado,1
REC-004110,POL-006044,2025-01-17,2025-01-22,2025-02-02,Daños eléctricos,Medellín (Antioquia),Call center,18,9,9116000,8416000,Aprobado,0
REC-003999,POL-005807,2024-02-27,2024-04-03,03/05/2024,Incendio,Barranquilla,Oficina,12,2,166469000,151613000,Aprobado,1
REC-000589,POL-007445,11/10/2024,INVALID_DATE,2024-10-21,Consulta especializada,Bogotá,Oficina,15,,5777000,5656000,Aprobado,0
REC-003713,POL-001897,2023-11-07,2023-11-09,2023-11-23,Consulta especializada,Bogotá,Call center,17,2,1936000,1855000,Aprobado,false
REC-003315,POL-006644,2022-04-06,2022-04-06,09/04/2022,Daño a terceros,Medellín, Oficina ,17,4,3463000,3186000,Aprobado,0
REC-002331,POL-005714,08/06/2023,17/06/2023,2023-06-19,Hospitalización,Cali,App,12,4,6010000,5450000,Aprobado,0
REC-000609,POL-003489,2022-11-11,16/11/2022,2022-12-04,Colisión,Bogotá,Oficina,18,5,1729000,743000,Pagado parcial,N
REC-001839,POL-001990,2022/04/10,30/04/2022,26/06/2022,Vidrios,,App,0,0,10240000,9537000,Aprobado,1
REC-003413,POL-004585,2021/11/06,12/11/2021,2021/12/23,Hospitalización,Cali,Call center,15,,9715000,8397000,Aprobado,0
REC-002268,POL-004900,2024/10/18,2024-10-20,2024/10/25,Medicamentos,  Bogotá,App,15,8,3326000,0,Rechazado,0
REC-000100,POL-007342,2024/06/16,2024-06-16,2024-06-20, Robo , Medellín ,App,11,3,8148000,7129000,Aprobado,0
REC-001641,POL-001014,2022/12/22,2022-12-24,2023-01-01,Medicamentos,Bucaramanga  ,Call center,5,6,1241000,1216000,Aprobado,0
REC-003988,POL-001494,2025/06/27,2025-07-02,11/08/2025,Daño a terceros,Bogotá,Corredor,16,3,13411000,6943000,Pagado parcial,0
REC-000381,POL-004090,2025-03-14,2025-03-16,2025-03-22,daños eléctricos, Barranquilla ,Call center,9,8,4311000,4295000,Aprobado,0
REC-002683,POL-004775,2025-02-18,2025-02-18,27/02/2025,Medicamentos,Cali,Oficina,22,6,925000,918000,Aprobado,0
REC-003202,POL-003285,2021-09-20,2021/11/03,02/02/2022,Robo,Cúcuta,App,23,1,33005000,28513000,APROBADO,1
REC-001492,POL-001740,2025/01/02,2025-01-06,19/01/2025,Consulta especializada,Bucaramanga,CORREDOR,20,3,1404000,1249000,Aprobado,0
REC-002202,POL-000086,2024-05-05,05/05/2024,INVALID_DATE,DANO A TERCEROS,Barranquilla,OFICINA,15,5,4590000,2729000,Pagado parcial  ,0
REC-003848,POL-005236,2024/10/23,25/10/2024,2024-11-16,Consulta especializada,Bucaramanga,Call center,14,4,1870000,1066000,Pagado parcial,0
REC-004280,POL-006344,2022/04/09,2022-04-19,2022-04-21,Colisión,,App,14,7,2297000,0,Rechazado,0
REC-002922,POL-007542,19/08/2025,2025-08-24,INVALID_DATE,Vidrios, Cúcuta ,App,17,6,3496000,3455000,AUTORIZADO,No
REC-003895,POL-003481,2023-07-04,2023-07-08,2023-07-13,Consulta especializada,Barranquilla,Call center,17,6,4629000,4267000,Aprobado,0
REC-002624,POL-007211,2024/02/10,2024/02/16,2024-03-14,Colisión,Santiago de Cali,Call center,9,5,2316000,1069000,PAGADO PARCIAL,0
REC-003972,POL-008031,2025-01-15,20/01/2025,26/01/2025,Robo, Medellín ,Corredor,19,3,69995000,63854000,Aprobado,N
REC-002506,POL-007222,2023-05-26,2023-05-28,,Cirugía,Medellín,Call center,9,7,11746000,0,Rechazado,0
REC-000975,POL-001485,2024-02-11,2024-02-13,23/02/2024,Robo,Bogotá,Corredor,13,7,17617000,15148000,Aprobado,0
REC-000189,POL-002049,2024-07-06,2024-07-08,16/07/2024,Vidrios,CARTAGENA DE INDIAS,Call center,12,6,5977000,3029000,Pagado parcial,0
REC-002696,POL-001484,2023-12-17,2023/12/21,2024-01-08,ROBO,pereira,Call center,22,3,11583000,5165000,Pagado parcial,0
REC-001325,POL-004760,2023-12-10,2023-12-12,28/12/2023,Consulta especializada,Cartagena,Call center,13,4,4129000,3578000,Aprobado,NO
REC-002099,POL-001088,2024-08-04,2024-08-07,2024-08-09,Daños eléctricos,Medellín  ,Call center,-1,3,3523000,3322000,Aprobado,0
REC-001467,POL-001424,2025-07-20,2025/07/21,2025-07-24,Vidrios,Medellín,Call center,13,5,3349000,3091000,  Aprobado,0
REC-004210,POL-006701,2023/05/16,2023/05/17,03/06/2023,consulta especializada,Medellín,Call center,11,6,2260000,1949000,Aprobado,0
REC-002752,POL-007007,21/06/2024,,04/08/2024,DAÑO A TERCEROS, Medellín ,Call center,20,8,1053000,0,Rechazado,false
REC-002773,POL-008022,02/05/2024,2024-05-10,22/05/2024,Cirugía,Cúcuta,Call center,23,2,20376000,17870000,Aprobado,0
REC-003922,POL-007293,2021/06/05,06/06/2021,12/06/2021,COLISION,Bogotá,Call center,5,10,2109000,1875000,Aprobado,0
REC-003719,POL-005469,12/06/2022,2022-06-12,14/07/2022,Colisión,Pereira,App,10,7,6456000,0,Rechazado,0
REC-003800,POL-007876,15/06/2025,2025-06-17,2025/06/29,Colisión,  Bogotá,call center,13,10,3352000,2940000,  Aprobado,0
REC-000097,POL-000791,2025-03-24,2025/03/26,03/04/2025,ROBO,Santa Marta,Oficina  ,19,8,28500000,12460000,Pagado parcial,0
REC-001689,POL-001909,2024-03-28,14/04/2024,19/07/2024,Cirugía,Bogotá,APP,1,5,22252000,21511000,Aprobado,1
REC-002395,POL-002782,06/11/2021,2021/11/06,2021-11-13,Daño  a  terceros,Bogota,Oficina,15,5,,5698000,Aprobado,0
REC-000937,POL-000644,2024/09/23,2024/09/25,2024-10-02,CIRUGÍA,B/manga,Oficina,11,6,5942000,5525000,Aprobado,0
REC-001072,POL-000249,2024-07-08,15/07/2024,2024-07-19,Colisión,Bogotá  ,App,15,5,5246000,5120000,Aprobado,0
REC-001658,POL-005699,,2025/11/01,,Consulta especializada,Barranquilla,Call center,15,5,2501000,,En revisión,0
REC-004026,POL-003663,2025-11-04,2025/11/08,2025-11-14,Daño a terceros,Bogotá,App,6,2,10013000,8890000,aprobado,0
REC-002334,pol-007289,2023/04/26,2023/04/26,2023-05-26,Inundación,Barranquilla, Oficina ,18,5,11650000,0,Rechazada,0
REC-001424,POL-005657,29/12/2025,2025-12-29,31/12/2025,Cirugía,Bogotá,App,9,7,7248000,6715000,aprobado,0
REC-002465,POL-006694,INVALID_DATE,2023/10/07,2023-11-01,Daños eléctricos,Medellín,call center,16,4,1323000,1319000,  Aprobado,0
REC-003427,POL-005998,2021-12-06,07/12/2021,2021-12-19,Colisión,Manizales,App,23,7,2176000,2131000,Aprobado,0
REC-000091,POL-003257,,2025-07-30,2025/08/11,Daños eléctricos,Barranquilla,Call center,10,6,997000,315000,Pago parcial,0
REC-003324,POL-007970,2025-05-13,2025-05-19,2025-06-09,  Cirugía,Cartagena,Oficina,13,3,12747000,7276000,pagado parcial,0
REC-000237,POL-001397,12/10/2021,2021-10-17,INVALID_DATE,Consulta especializada,Cali,Corredor,19,10,3216000,3170000,Aprobado,N
REC-003040,POL-000625,2023-06-12,17/06/2023,2023/07/01,Colisión,Manizales,App,11,6,8457000,7695000,Aprobado,0
REC-000650,POL-005818,10/02/2025,,2025-02-18,Consulta especializada,Santa Marta, Call center ,16,9,2858000,0,Rechazado,false
REC-001712,POL-000464,2024-05-22,2024/05/22,2024/06/01,Robo,Cartagena,oficina,17,2,6344000,3174000,Pagado parcial,false
REC-001344,POL-007399,14/05/2025,20/05/2025,24/05/2025,Colisión  ,Bogotá  ,corredor,19,3,8804000,0,Rechazado,0
REC-003145,POL-006899,09/02/2025,2025-02-09,2025-03-03,Medicamentos,MEDELLÍN,App,15,5,,8316000,Aprobado,0
REC-004158,POL-006684,2025-12-26,2025-12-31,,Daño a terceros  ,Pereira,Call center,11,5,7887000,,EN REVISION,0
REC-002057,POL-006423,2022-09-27,2022-09-28,07/10/2022,Robo,Bogotá  ,Oficina,14,8,19248000,17805000,Aprobado,N
REC-001048,POL-002915,2025/10/07,2025-10-11,,Colisión,Bogotá,call center,12,5,4032000,,En revisión  ,0
REC-002309,POL-001179,2025-01-13,18/01/2025,2025/02/24,Daños eléctricos,  Bucaramanga,Corredor,12,9,5812000,5076000,Aprobado,0
REC-001033,POL-001548,2024-01-24,2024-01-25,2024-01-29,Hospitalización,Bucaramanga,Call center,10,10,4663000,2326000,Pagado parcial,0
REC-002231,POL-004444,2022-10-11,16/10/2022,2022-11-16,  Colisión,  Manizales,App,8,7,10727000,10613000,Aprobado,0
REC-003117,POL-003384,2025-06-28,2025/07/03,2025-07-13,Daño a terceros,Cartagena de Indias  ,Call center,3,4,2345000,2163000,Aprobado,0
REC-001193, POL-002742 ,2021-08-26,2021-08-26,2021/09/08,consulta especializada,cali,Call center,11,6,7365000,6786000,aprobado,0
REC-002011,POL-002777,2025-06-24,2025-07-03,18/07/2025,Consulta especializada,Cartagena,Oficina,6,7,3436000,3370000,Aprobado  ,0
REC-000545,POL-003287,08/12/2024,11/12/2024,2024/12/13,Colisión,  Cúcuta,Corredor,14,6,6775000,6209000,Aprobado,NO
REC-000675,POL-007722,2022-09-30,2022-10-10,2022-10-13,Hospitalización,BUCARAMANGA,Oficina,10,5,10432000,0,Rechazado,0
REC-002882,POL-004345,06/04/2025,2025-04-06,22/04/2025,Consulta especializada,Santa Marta,Corredor,9,10,3601000,,Aprobado,0
REC-000612,POL-001810,2023/04/18,29/04/2023,2023-05-01,Hospitalización,BOGOTA,Oficina,18,8,3052000,2794000,Aprobado,0
REC-004080,POL-006375,2024-01-29,2024/01/31,2024-02-24, Vidrios ,MEDELLÍN,App,18,5,5777000,0,Rechazado  ,0
REC-003128,POL-000751,2022/02/14,2022-02-15,21/02/2022,Vidrios,Sta. Marta,Call center,18,1,2537000,2512000,Aprobado,0
REC-002914,POL-004910,29/03/2024,2024/03/30,2024-04-13,Consulta especializada,Barranquilla,App,11,7,1717000,1462000,Aprobado,0
REC-002256,POL-008092,2023-12-10,2023-12-12,2023-12-17,Cirugía,manizales,App,23,5,13305000,11632000,Aprobado,NO
REC-004070,POL-003669,2024-09-05,,15/09/2024, Daño a terceros ,Bogotá,Oficina,5,8,28498000,0,Rechazado,0
REC-003455,POL-002718,2025-01-06,07/01/2025,2025-01-17,ROBO,Barranquilla,App,10,5,19271000,18637000,Aprobado,0
REC-000525,POL-002742,2021-12-13,2021-12-14,2021-12-18,Cirugía,Cali,Oficina,12,7,13264000,11296000,Aprobado,N
REC-004015,POL-006083,2025/08/22,2025-08-24,26/08/2025,Consulta especializada,Medellín,Corredor,8,5,3308000,3141000,Aprobado,0
REC-000899,POL-000643,2025-07-07,,2025-08-12,COLISIÓN,CARTAGENA,Call center,11,4,1584000,1048000,Pagado parcial,0
REC-002483,POL-002409,03/09/2025,,2025-09-13,Colisión,Bogotá,App,20,3,3119000,2741000,Aprobado,0
REC-002668,POL-005052,2025/02/26,2025-02-27,2025-03-04,Vidrios,Medellín,Call center,10,3,3711000,3616000,Aprobada,0
REC-000354,POL-002744,02/09/2024,03/09/2024,2024-09-05,Incendio,Santiago de Cali,Call  center,12,5,169170000,158180000,Aprobado,0
REC-000444,POL-002058,10/07/2023,,2023-07-31,Consulta especializada,Bogotá,Call center,20,5,919000,854000,Aprobado,0
REC-002485,POL-000409,2024/10/07,2024/10/09,2024-10-20,Hospitalización,Bogotá,Call center,15,3,2643000,0,Rechazado,0
REC-000877,POL-003452,2022-01-08,2022-01-11,2022-01-21,Colisión,Bogotá,Call center,16,2,1579000,1408000,aprobado,N
REC-002085,POL-002309,2025-11-23,2025-12-04,,Robo,  Santa Marta,Oficina,6,5,11141000,,Pendiente,0
REC-002975,POL-007267,29/03/2024,29/03/2024,16/04/2024,Colisión,PEREIRA,Corredor,12,9,8066000,7524000,Aprobado,NO
REC-003050,POL-004584,2025-10-11,14/10/2025,2025-11-02,Medicamentos,MEDELLÍN,App,17,7,2244000,1971000,APROBADA,0
REC-000046,POL-008326,2021-08-28,2021/08/30,08/10/2021,Colisión,Bogotá,App,14,8,3158000,2745000,Aprobado,NO
REC-003712,POL-003280,22/03/2023,23/03/2023,2023-04-19,Robo,bogotá,  Corredor,20,4,12020000,12003000,Aprobado,0
REC-001093,POL-004295,10/12/2024,2024-12-10,2024-12-15,Medicamentos,Bogotá,App,14,10,649000,585000,Aprobado,0
REC-003069,POL-007382,2025/01/10,2025-01-13,2025/01/19,Daños eléctricos,Medellín,corredor,13,9,1898000,1782000,Aprobado,0
REC-002093,POL-006436,2022-03-01,01/03/2022,03/03/2022,Colisión,Cali,app,13,7,4285000,4193000,Aprobado,0
REC-002096,POL-001588,2025-04-12,12/04/2025,2025-04-15,Consulta especializada  ,Cúcuta,OFICINA,23,3,1249000,1199000,APROBADA,NO
REC-001625,POL-006974,16/10/2021,20/10/2021,2021-11-09,CONSULTA ESPECIALIZADA,Cartagena,App,5,4,2723000,,Pagado parcial,0
REC-004300,POL-004046,2024-10-27,27/10/2024,27/11/2024,Colisión,,APP,18,4,2641000,0,Rechazado,0
REC-002305,POL-001315,2024-08-26,2024/09/04,2024-09-10,Medicamentos,Barranquilla,Oficina,7,6,2637000,2471000,Aprobado,0
REC-001880,POL-004060,18/08/2025,2025/08/20,2025/09/14,Robo,Cartagena  ,Call center,21,6,44747000,41475000,Aprobado,0
REC-002055,POL-007888,2025/03/02,02/03/2025,2025-04-01,Daño a terceros,Bogotá,Oficina,18,5,1555000,1515000,Aprobado,0
REC-004075,POL-007298,2024-12-14,15/12/2024,31/12/2024,Daño a terceros,Bogotá,Oficina,8,5,3995000,3588000,Aprobado,0
REC-002760,POL-005852,09/10/2025,2025-10-09,2025/11/13,Hospitalización, Bogotá ,Corredor,2,4,4346000,4122000,Aprobado,0
REC-000544,POL-006882,2025/01/15,2025-01-20,2025-01-29,Colisión,,Corredor,15,4,3313000,3050000,AUTORIZADO,0
REC-002160,POL-005890,2023/09/16,19/09/2023,2023/09/28,Consulta especializada,Bogotá,CORREDOR,14,2,3249000,3112000,Aprobado,0
REC-002654,POL-000681,2024-11-20,25/11/2024,2024-12-11,Robo,Bogotá,Oficina,13,10,36135000,33238000,Aprobado,0
REC-001846,POL-000599,29/12/2024,2025-01-02,2025/01/17,Colisión,  Cartagena de Indias,App  ,19,6,5980000,5605000,Aprobado,0
REC-003381,POL-001607,2024/02/03,2024/02/04,2024-02-09, Medicamentos ,Manizales,Corredor  ,11,4,2211000,2087000,Aprobado,0
REC-001617,POL-002228,2025-05-06,2025-05-06,01/06/2025,Dano a terceros,BOGOTA,Oficina,10,4,2099000,1815000,Aprobado,NO
REC-002759,POL-001416,25/05/2025,2025/05/25,06/07/2025,Hospitalización,Bogotá,App,16,2,1378000,1244000,Autorizado,0
REC-003610,POL-007663,2023-01-17,20/01/2023,2023-02-04,CONSULTA ESPECIALIZADA,Bogotá, App ,10,4,1796000,1130000,Pagado parcial,0
REC-002303,POL-008293,2025/06/02,2025/06/05,2025-07-03,Inundación,SANTA MARTA, Call center ,23,8,5366000,4951000,Aprobado,0
REC-004264,POL-006791,29/05/2025,31/05/2025,07/06/2025,Daños  eléctricos,Medellín,App,21,6,5493000,4993000,Aprobado,0
REC-001378,POL-001439,15/02/2022,22/02/2022,2022-03-01,Medicamentos,Pereira,App,7,5,4219000,3765000,Aprobado,0
REC-002942,POL-004020,2024-07-14,2024-07-22,27/07/2024,Cirugía  ,  Manizales,Call center,19,8,6723000,0,Rechazado,false
REC-001385,POL-003335,2024-04-28,2024-05-01,28/05/2024,Medicamentos,Barranquilla,App,9,7,2062000,1170000,Pagado parcial,0
REC-001830,POL-000693,2024-09-22,2024-09-27,2024-10-04,Medicamentos,Bogotá,Oficina,8,6,13349000,0,Rechazado,0
REC-003883,POL-006754,2022-12-17,18/12/2022,20/12/2022,Hospitalizacion,bogotá,CALL CENTER,13,7,2533000,2236000,Aprobado,0
REC-004096,POL-002271,2025-06-03,03/06/2025,2025-06-05,Vidrios,Cartagena de Indias,Oficina,16,2,1892000,1886000,Aprobado  ,0
REC-000370,POL-006789,2024/02/13,2024/02/22,INVALID_DATE,Consulta  especializada,Bucaramanga,App,14,3,1186000,1026000,Aprobado,0
REC-001189,POL-001934,2023-08-28,2023-09-01,2023-09-03,Cirugía,Bogotá,App,12,6,4939000,4499000,Aprobado,0
REC-000343,POL-004828,2024/01/28,01/02/2024,24/02/2024,Consulta especializada,Medellín,App,6,1,2249000,1914000,Aprobado,0
REC-000761,POL-004518,12/02/2025,2025/02/14,2025-04-13,Colisión,Cúcuta,app,17,9,4608000,4076000,APROBADO,0
REC-001261,POL-000213,2025-05-26,2025/05/27,2025/06/24,Cirugía,Bogotá,Oficina,23,5,7454000,6508000,Aprobado,0
REC-000214,POL-002997,2023-03-16,2023/03/23,2023-03-25,Colisión,Medellín,App,17,3,4955000,4532000,APROBADO,0
REC-000894,POL-925686,2025-03-23,2025-03-23,01/04/2025,Enfermedad grave,Bogota,Oficina,13,5,37056000,36352000,Aprobado,0
REC-001771,POL-008228,2024/05/10,2024/05/23,13/07/2024,Vidrios,Bogotá,Call center,18,7,1578000,1405000,Aprobado,0
REC-003694,POL-936032,01/03/2024,2024-03-02,07/03/2024,Robo,BOGOTÁ,  Oficina,8,6,23427000,12561000,Pagado  parcial,0
REC-001118,POL-003103,2023/10/18,2023-10-23,2023-10-25,Daño a terceros,Cúcuta, Oficina ,14,6,5449000,4976000,Aprobado,0
REC-002300,POL-000727,2023/09/18,2023-09-20,2023-09-27,Hospitalización,Medellín,Corredor,18,7,5369000,4619000,  Aprobado,0
REC-003570,POL-003986,2021-09-30,30/09/2021,2021-10-20,Cirugía  ,Bogotá,Oficina,20,,7614000,6727000,Aprobado,0
REC-001877,POL-006608,2025-06-16,INVALID_DATE,2025/09/15,Vidrios,Cartagena,Oficina,4,2,18109000,6114000,Pagado parcial,true
REC-002393,POL-004798,2023/04/30,01/05/2023,2023-06-18,Medicamentos,Barranquilla,Oficina,18,5,2827000,2758000,APROBADO,0
REC-003174,POL-007619,2023-11-29,30/11/2023,21/12/2023,Consulta especializada,Bogotá, App ,18,6,1144000,976000,Aprobado,0
REC-002064,POL-000528,2025-07-17,2025/07/19,2025-07-28,Colisión,Santa  Marta,App,12,1,5382000,5046000,Aprobado,0
REC-001427,POL-008393,2023-01-07,2023-01-14,2023-01-16,Colisión,Cali,Call center,14,9,1955000,1717000,Aprobado,N
REC-002040,POL-001408,2023-04-20,25/04/2023,27/04/2023,  Medicamentos,Medellín,App,10,3,939000,861000,Aprobada,0
REC-002740,POL-008180,2025/08/24,24/08/2025,2025/08/31,  Daños eléctricos,BARRANQUILLA,Corredor,14,6,3501000,3287000,Aprobado,0
REC-000540,pol-006272,2023-09-14,2023-09-14,23/09/2023,Inundación,Barranquilla,Corredor,14,3,4977000,0,Rechazado,0
REC-001938,POL-004431,21/07/2024,2024-07-24,10/08/2024,Daños eléctricos,Bucaramanga,App,20,4,0,631000,Aprobado,0
REC-003980,POL-001753,2022/05/24,25/05/2022,2022-06-03,Vidrios,Medellín (Antioquia),Call center,15,5,865000,852000,Aprobado,0
REC-003239,POL-001491,20/10/2023,2023-10-26,2023-11-02,Vidrios,  Bucaramanga,Oficina,17,5,4854000,4152000,Aprobado,0
REC-002332,POL-001523,2023/08/12,2023-08-12,21/08/2023,Consulta  especializada, Bogotá ,Call center,16,6,1940000,0,Rechazado,0
REC-000231,POL-001810,26/05/2023,2023-06-01,05/06/2023,Medicamentos,bogotá,CORREDOR,17,5,2123000,2040000,Aprobado,0
REC-002017,POL-002381,2024-04-28,,2024-05-10,Cirugía,Pereira,Oficina,11,4,11893000,10658000,Aprobado,false
REC-002750,POL-005893,2022-07-12,2022-07-14,23/07/2022,Hospitalizacion, Bogotá , Call center ,14,4,2807000,2635000,Aprobado,0
REC-002770,POL-003773,2023-08-26,2023-08-29,2023/08/31,DAÑOS ELÉCTRICOS,CÚCUTA,Oficina,8,4,3942000,3813000,Aprobada,0
REC-001057,POL-008054,12/10/2024,2024-10-13,29/10/2024,Enfermedad grave, Bogotá ,  App,17,4,115375000,104678000,Aprobado,0
REC-002228,POL-005483,2023-12-17,2023/12/31,09/01/2024,Incendio,Bogotá  ,App,17,4,23070000,0, Rechazado ,0
REC-002438,POL-001638,2025-12-06,2025/12/07,17/12/2025,  Medicamentos,BOGOTÁ,Corredor,13,4,1081000,0,  Rechazado,0
REC-000238,POL-002025,13/03/2025,2025-03-13,2025-04-05,Colisión,Medellín,Oficina,12,4,2841000,2450000,Aprobado,0
REC-003818,POL-001845,30/06/2023,01/07/2023,2023-07-16,ROBO,Medellín,  Oficina,13,2,33676000,20057000,Pagado parcial,0
REC-002404,POL-004091,2024-02-29,2024-03-04,2024-03-19,Vidrios,Santa Marta,App,14,9,7942000,0,Rechazado,0
REC-004180,POL-006195,2024-11-16,18/11/2024,2024/11/24,Daño a terceros,Bogotá,app,17,10,,1510000,Pagado parcial,0
REC-000488,POL-000591,2024-01-22,2024/01/22,2024-02-04,Daño a terceros,bogotá,App,22,3,3741000,3724000,aprobado,0
REC-003673,POL-008126,2025/07/28,04/08/2025,21/08/2025,Colisión,Bogotá,Corredor,18,6,1955000,1941000,  Aprobado,0
REC-001916,POL-007980,2023/03/12,2023-03-20,2023-03-29,Medicamentos,B/quilla,Oficina,7,3,977000,864000,Aprobado,NO
REC-002067,POL-001252,2023-12-22,24/12/2023,2023-12-31,Medicamentos,Cali,Call center,16,3,1629000,1542000,Aprobado,0
REC-000314,POL-000026,16/01/2024,2024-01-19,07/02/2024,Consulta  especializada, Medellín ,Oficina,13,4,4583000,4189000,Aprobado,0
REC-000081,POL-007360,08/08/2022,10/08/2022,,Consulta especializada,Bucaramanga,Call center,13,4,5829000,5042000,Aprobada,N
REC-002878,POL-004510,05/08/2023,2023-08-07,10/08/2023,Hospitalizacion,Cúcuta,app,9,3,3517000,3360000,  Aprobado,0
REC-003591,POL-001953,09/05/2025,2025-05-10,2025-05-20,Colisión,Pereira,App,20,4,3314000,0,Rechazado,0
REC-003023,POL-004102,INVALID_DATE,31/03/2025,18/04/2025,Daño a terceros,Cartagena,Call center,7,10,7399000,2487000,Pagado parcial,0
REC-000599,POL-008256,2022/07/07,15/07/2022,2022-07-25,Daño a terceros,Bogotá,Call center,23,1,25546000,0,Rechazado  ,1
REC-002373,POL-004276,2022-07-16,2022-08-28,2022/09/09,Colisión, Bogotá ,Call center,11,3,13445000,12661000,Aprobado,SI
REC-000386,POL-003154,2023/12/04,2023-12-06,2023-12-14,DANOS ELECTRICOS,BOGOTA,Oficina,16,5,6687000,5965000,Aprobado,0
REC-002294,POL-006655,2024-04-13,16/04/2024,2024-06-09,Medicamentos,CARTAGENA,  Oficina,10,10,1697000,0,Rechazado,0
REC-000791,POL-002461,2024-05-27,23/06/2024,2024-10-06,Colisión,Cali,Call center,15,3,12029000,0, Rechazado ,1
REC-003476,POL-008065,16/07/2025,16/07/2025,2025-07-19,Consulta especializada,Santa Marta,Call  center,14,7,2434000,2343000,Aprobado,0
REC-001477,POL-000319,16/04/2025,2025/04/16,2025-04-18,Enfermedad grave,Medellín,App,13,4,24412000,22119000,APROBADO,0
REC-002913,POL-002253,2025-08-18,2025-08-23,2025-08-25,Hospitalización,Cúcuta  ,Oficina,16,3,1699000,634000,Pagado parcial,0
REC-003529,POL-005801,2024/07/21,24/07/2024,08/08/2024,Colisión,Cúcuta,Call center,21,0,7261000,7225000,Aprobado,1
REC-000301,POL-002300,24/03/2024,2024/03/26,2024-04-02,Incapacidad, Manizales , Oficina ,13,7,81026000,81025000,Aprobado,0
REC-002149,POL-003609,2024-05-27,31/05/2024,02/06/2024,Colisión,SANTIAGO DE CALI,Oficina,9,4,804000,0,Rechazado,0
REC-003940,POL-001246,2024-01-01,,2024/01/11,Vidrios, Santa Marta ,App,13,,2298000,2250000,Aprobado,0
REC-000154,POL-006656,31/08/2025,31/08/2025,2025-09-13,Colision,CARTAGENA,App,8,3,3643000,3184000,Aprobada,0
REC-002831,POL-001212,18/12/2023,2023-12-26,03/01/2024,Colisión,Cartagena,Call center,9,9,3501000,,Aprobado,0
REC-000067,POL-003966,2025-04-10,2025/04/17,2025-04-21,Colisión,Bogotá,Corredor,6,4,6520000,5919000,  Autorizado,0
REC-002912,POL-002860,,2024-07-04,2024-07-27,Daño a terceros,Medellín,Call center,11,3,20783000,11647000,Pagado parcial,1
REC-003797,POL-007112,2025/05/21,2025-05-26,2025-05-29,Medicamentos,Santiago de Cali,App,10,10,2974000,2061000,Pagado  parcial,0
REC-003881,POL-005241,27/10/2024,2024-11-05,26/11/2024,Medicamentos,Medellín,Call center,11,4,1019000,945000,Aprobado,0
REC-002288,POL-004581,2025-12-07,2025-12-31,31/12/2025,Cirugía,Bogotá,Call center,10,0,3386000,0,Rechazado,1
REC-001046,POL-003701,18/12/2023,2023-12-19,21/12/2023, Vidrios ,,App,19,5,2066000,,Aprobado,0
REC-001152,POL-002713,2021-11-03,2021-11-05,08/11/2021,Daño a terceros,MEDELLÍN,App,12,,3436000,2126000,Pagado parcial,0
REC-001695,POL-004200,2024/01/20,2024-01-25,2024/02/01,Daño a terceros,Santiago de Cali,App,13,7,8623000,7872000,Aprobado,0
REC-000549,POL-001388,2025-10-29,2025/10/29,,Robo, Bogotá ,App,16,5,55406000,,En  revisión,0
REC-003503,POL-004785,2024-09-28,2025/11/08,2025-11-10,Colisión,BARRANQUILLA,App,16,4,8470000,8041000,Aprobado,0
REC-002501,POL-001257,2021/11/04,2021/11/16,11/12/2021,Colisión,MEDELLÍN (ANTIOQUIA),App,13,8,3331000,2995000,Aprobado,0
REC-002637,POL-003821,2025/07/18,2025-07-21,11/08/2025,Colision,Bogotá,CALL CENTER,10,4,3488000,3401000,Aprobado,NO
REC-001786,POL-001966,12/06/2024,2024-06-12,,Hospitalización,Bogotá,Oficina,21,6,6471000,5574000,Aprobado,0
REC-000128,POL-000289,2025-10-23,2025/10/24,2025-10-30,Colisión  ,Cartagena,Corredor,17,6,2491000,2433000,Aprobado,0
REC-004137,POL-001192,INVALID_DATE,2024/02/05,2024/02/15,Colisión, Bucaramanga ,App,16,2,9941000,0,  Rechazado,1
REC-001804,POL-004949,2022/05/22,2022-05-23,31/05/2022,Daños eléctricos, Manizales ,Call center,20,6,4871000,2777000,Pagado parcial,0
REC-002568,POL-006734,19/09/2023,2023-09-19,05/11/2023,  Daño a terceros,Barranquilla,Corredor,18,9,3147000,2760000,Aprobado,0
REC-002199,POL-001612,2023-11-03,07/11/2023,15/11/2023,Medicamentos,Bogotá,App,13,8,1135000,971000,Aprobado,0
REC-001685,POL-004662,2022-01-27,08/03/2022,2022/03/27,  Colisión,Medellín,App,11,3,16542000,16170000,Aprobado,1
REC-000148,POL-005152,2024-01-25,2024/01/27,03/02/2024,Consulta especializada,Cartagena,App,15,7,1975000,1810000,Aprobado,0
REC-001186,POL-003657,2022-11-23,2022-11-27,2022-12-17,Daños eléctricos,Medellín,CORREDOR,0,4,9612000,5023000,Pagado parcial,0
REC-003492,POL-002945,2023-05-01,2023-05-04,16/05/2023,Consulta especializada,Bucaramanga,App,21,8,136100000,1283000,  Aprobado,0
REC-003274,POL-006665,2022-05-10,2022-05-12,2022-07-14,Medicamentos,Cali,Oficina,12,2,1271000,1256000, Aprobado ,0
REC-001312,POL-002901,04/09/2025,2025-09-08,INVALID_DATE,Medicamentos, Pereira ,App,16,9,748000,,En revisión,0
REC-001044,POL-005477,2021-09-05,2021/09/08,2021-09-27,Daño a terceros,BOGOTA,Oficina,14,5,2455000,2363000,Aprobado,0
REC-003326,POL-000973,2024/03/07,2024-03-10,17/03/2024,Hospitalización,Bucaramanga,App,20,3,7162000,6478000,Aprobado,0
REC-002573,POL-008385,INVALID_DATE,2023/12/12,2023-12-24,Colisión,Bogotá D.C.,Call center,20,7,4340000,3751000,Aprobado,0
REC-000654,POL-002457,29/10/2024,12/11/2024,28/11/2024,Cirugía,Bogotá,Oficina,19,5,3696000,1665000,Pagado parcial,NO
REC-000377,POL-000713,18/06/2024,2024/06/20,INVALID_DATE,Dano a terceros,Santa Marta  ,Corredor,19,8,2739000,900000,Pagado parcial,0
REC-001464,POL-003113,2021-11-15,2021-11-16,2021-12-04,Daño a terceros,Bogotá,App,12,2,3242000,3231000, Aprobado ,false
REC-004142,POL-008084,2024-12-25,2025-01-16,2025/01/29,Daños eléctricos,BARRANQUILLA,Call center,3,8,4092000,0,Rechazado,0
REC-003674,POL-002721,24/06/2024,2024/06/24,2024/06/30,Robo,Bogotá,Call center,13,4,37064000,33881000,APROBADO,0
REC-001358,POL-004582,2025-04-05,2025-04-09,2025/05/08,Colisión,Bogotá,CALL CENTER,18,9,14474000,0,Rechazado,0
REC-000355,POL-008230,2024-09-29,2024-10-04,2024-10-15,Daño a terceros,Bogotá,App,19,4,3350000,3142000,  Aprobado,0
REC-002122,POL-003726,2023-09-05,05/09/2023,16/09/2023,Medicamentos, Cúcuta ,Call center,12,9,1318000,0,Rechazado,No
REC-000222,POL-005355,2025-02-05,06/02/2025,15/02/2025,Colisión,Medellín,Corredor,11,8,2200000,2046000,Aprobado,0
REC-003663,POL-004660,2024-01-26,2024/01/27,2024-02-02,Medicamentos,MEDELLIN,Call center,14,5,427000,371000,Aprobado,0
REC-001740,POL-001021,2025-03-19,2025-03-19,2025-03-27,Colisión,Cartagena,App,19,10,5516000,4857000,Aprobado,0
REC-002346,POL-000821,07/05/2025,2025-05-07,01/06/2025,Medicamentos,Cali,Call center  ,15,1,1285000,1228000,APROBADO,0
REC-001495,POL-006331,2025/06/13,2025-06-14,2025-06-16,Colisión,pereira,App,20,10,7965000,7919000,Aprobado,false
REC-002131,POL-004342,13/08/2022,2022/08/18,2022-08-27,Vidrios,BOGOTÁ,CALL CENTER,8,5,23384000,,Aprobado,0
REC-002136,POL-001125,2024-03-15,19/03/2024,11/05/2024,Cirugía,Bucaramanga, App ,8,8,8684000,0,Rechazado,0
REC-001110,POL-005382,26/10/2022,2022-10-28,31/10/2022,Consulta especializada,Barranquilla,Oficina,18,7,2068000,0,Rechazado,0
REC-003352,POL-002204,2023/05/05,07/05/2023,2023-06-12,Daños eléctricos,Pereira,Call center,11,8,3664000,3294000,Aprobado,NO
REC-000104,POL-003498,2025-02-10,,2025-02-24,Inundación,Bogotá,Oficina,7,9,2173000,2085000,AUTORIZADO,0
REC-001561,POL-007847,06/04/2023,2023-05-01,2023-06-08,Robo,BUCARAMANGA,Call center,3,1,13250000,0,Rechazado,1
REC-001084,POL-005782,2025-06-01,2025-06-02,03/07/2025,Daños eléctricos,Medellín,App,12,4,2314000,0,Rechazado,0
REC-000144,POL-006191,2025-09-30,2025/10/05,,Daño a terceros,Bogotá,Oficina,14,7,4582000,,En revisión,0
REC-004222,POL-006014,2023-09-25,2023-09-26,2023-10-06,Hospitalización,Medellín,App,19,6,15570000,14465000,Aprobado,0
REC-003590,POL-001979,2024/09/14,2024/09/17,23/09/2024,Daño a terceros,Cali,Oficina,8,3,,2520000,Aprobado,0
REC-000897,POL-001120,05/08/2022,2022/08/17,2022-08-21,CIRUGIA,Barranquilla,App,13,4,2880000,2472000,Aprobado,0
REC-001875,POL-003284,2025-03-07,08/03/2025,,Robo,Bogotá,Corredor,15,4,24558000,23796000,Aprobado,0
REC-001159,POL-008285,15/10/2021,2021-10-20,24/10/2021, Consulta especializada ,Bta,Corredor,23,5,2899000,2867000,Aprobado,0
REC-001028,POL-000152,2022-03-04,2022/03/04,2022-03-08,Vidrios,Bogotá,Call center,8,4,931000,0,Rechazado,0
REC-003884,POL-001303,2025-05-01,2025/05/02,2025/05/14,Vidrios,BOGOTA,Call center,11,,1158000,1033000,Aprobado,0
REC-003982,POL-002268,09/12/2022,2022-12-10,2023-01-20,Vidrios,Cartagena,Oficina,12,6,1800000,1532000,Aprobado,0
REC-004239,POL-005266,2021-06-20,2021/06/25,2021/07/13,Cirugía,BOGOTA,Corredor,16,8,15837000,15288000, Aprobado ,0
REC-003812,POL-006874,2023-03-15,2023-03-16,INVALID_DATE,Consulta especializada,BOGOTÁ,Oficina  ,23,9,689000,674000,Aprobado,0
REC-000336,POL-001481,2023-12-08,2023/12/11,2023-12-15,Colisión,Manizales,Corredor,7,7,2457000,0,Rechazado,0
REC-004133,POL-003907,,07/02/2024,2024/02/24,Daño a terceros,Barranquilla,App,17,6,1716000,1626000,Aprobado,0
REC-001826,POL-003178,2025/04/09,15/04/2025,2025-04-18,Enfermedad grave,BOGOTÁ,Call center,9,6,31438000,27575000,Aprobado,0
REC-003714,POL-000375,2023-10-06,2023-10-07,2023/10/20,HOSPITALIZACIÓN,Pereira,oficina,19,5,5156000,5066000,Aprobado,0
REC-002030,POL-007695,2023-08-18,2023-08-20,2023-09-01,Vidrios,Cúcuta  ,App,8,2,3482000,3446000,Aprobado,0
REC-003380,POL-008314,2022-05-09,13/05/2022,2022-05-15,Medicamentos,Cali,Call center,3,3,6327000,6085000,Aprobado,0
REC-003519,POL-005322,,08/09/2023,2023-09-19,Robo,Medellín,Call center,14,7,7860000,7671000,Aprobado,0
REC-001338,POL-007222,14/07/2023,15/07/2023,18/07/2023,CIRUGIA,Medellín,Call center,14,7,5941000,0,Rechazado,0
REC-002817,POL-004520,04/02/2025,2025-02-05,16/02/2025,Colisión,Medellín,corredor,23,5,1496000,1448000,Aprobado,0
REC-000069,POL-001909,2024/03/30,2024-03-30,01/04/2024,Medicamentos,Bogotá,CORREDOR,19,8,1899000,1869000,Aprobado,0
REC-000050,POL-008049,2025/03/08,2025-03-19,2025-03-21,CONSULTA ESPECIALIZADA,CARTAGENA,Oficina,15,7,2635000,0,Rechazado,0
REC-001559,POL-007311,2022-09-30,07/10/2022,2022-10-17,Daño a terceros,Cali,Oficina,13,8,3136000,0,Rechazado,0
REC-001355,POL-007660,2025-01-18,2025/02/03,31/03/2025,Vidrios,Bogotá,Call center,16,7,2283000,0,Rechazado,0
REC-003167,POL-007459,2025-06-23,25/06/2025,2025-07-15,  Medicamentos,Medellín (Antioquia)  ,Oficina,17,3,1118000,1052000,Aprobado,0
REC-002244,POL-004333,21/02/2025,2025-02-22,02/03/2025,Cirugía,Bogotá  ,Corredor,99,1,19942000,19619000,Aprobado,0
REC-002406,POL-006978,15/03/2023,20/03/2023,2023/03/30,Colisión,Santa Marta,App,14,7,1641000,1532000, Aprobada ,0
REC-001824,POL-004358,2021-06-01,2021-06-04,25/06/2021,  Daños eléctricos,Cúcuta,Call center,21,5,1612000,0,Rechazado,0
REC-000056,POL-007099,2022/05/14,2022/05/16,2022-06-25,Hospitalización,Bogotá,App,15,4,10927000,9337000,Aprobado,No
REC-000092,POL-000474,2025-10-20,2025/11/01,2025/11/10,Cirugía,Bogota,Call center,14,5,,6629000,Aprobado,0
REC-002777,POL-003826,22/12/2024,2024-12-24,2025-01-08,medicamentos,Bogotá,oficina,17,6,2784000,1431000,Pago parcial,false
REC-003477,POL-005307,2025-10-13,2025-10-29,,Colisión,Manizales,Oficina,13,8,5016000,,EN REVISION,0
REC-001105,POL-001964,2025-03-28,,2025-04-19,Dano a terceros,Bogotá,Call center,14,4,5407000,4647000,Aprobado,0
REC-000498,POL-004057,05/03/2025,18/03/2025,01/05/2025,Vidrios,Medellín,Call center,0,3,11073000,0,Rechazado,1
REC-001856,POL-008309,20/06/2024,2024/06/21,27/06/2024,Medicamentos,Bogota,Corredor,8,4,1136000,1080000,Autorizado,0
REC-003796,POL-000854,19/06/2023,20/06/2023,2023-07-23,Cirugía,Cali,Oficina,14,5,6654000,0,rechazado,0
REC-001534,POL-005705,2025/05/10,20/05/2025,14/06/2025,hospitalización,CARTAGENA,App,4,3,7778000,3873000,Pagado parcial,1
REC-002986,POL-003798,2025-01-08,2025/01/09,,Consulta especializada,  Bogotá,App,13,6,4843000,4415000,Aprobado,0
REC-001323,POL-003877,01/07/2021,06/07/2021,2021-07-15,Medicamentos,Manizales,Call center,16,1,2509000,0,Rechazado,0
REC-000185,POL-002519,2024-12-23,2024-12-23,26/12/2024,Consulta especializada,  Bucaramanga,Call center,22,7,1474000,549000,Pagado parcial,0
REC-002246,POL-001452,20/01/2022,2022-01-22,2022/02/24,Vidrios,Cali,CORREDOR,21,,2070000,, Rechazado ,0
REC-002787,POL-007214,26/11/2022,2022-11-26,2022-11-28,Daño a terceros,Sta. Marta,App,11,6,2474000,2364000,Aprobado,0
REC-000560,POL-002361,04/03/2022,INVALID_DATE,2022-03-12,Hospitalización,Cúcuta,Call center,12,5,5327000,4673000,Aprobado,NO
REC-002126,POL-001266,2025-08-20,22/08/2025,28/09/2025,Daño a terceros,Cartagena,Oficina,13,6,10938000,10847000,Aprobada,0
REC-003510,POL-008106,28/04/2025,28/04/2025,2025-05-06,medicamentos,Cúcuta,Corredor,16,7,,1584000,Aprobado,0
REC-001066,POL-007806,18/03/2025,2025-03-22,31/03/2025,Colisión,Bogota,Call center,13,3,6796000,6706000,Aprobado,0
REC-000532,POL-000681,2024-10-16,,2024-11-02,  Daño a terceros,Bogotá,Oficina,19,6,5204000,4501000,  Aprobado,NO
REC-001136,POL-006966,03/06/2023,2023/06/05,2023-06-18,Consulta especializada,bogotá,App,18,4,5704000,5059000,aprobado,0
REC-003586,POL-002950,2022-06-20,22/06/2022,2022/07/14,Vidrios,BOGOTA,App,15,4,21519000,19732000,Aprobado,0
REC-001986,POL-001673,2025-09-22,2025-09-24,,Medicamentos,Medellín,App,15,4,3011000,,En revisión,0
REC-000827,POL-001670,29/12/2024,02/01/2025,2025-01-04,Consulta especializada,Barranquilla,App,12,6,905000,872000,Aprobado,0
REC-001196,POL-007223,13/12/2024,2024/12/13,15/01/2025,Colisión,Cartagena,App,14,8,2022000,1854000,Aprobado,0
REC-000875,POL-006966,2023-03-13,2023-03-14,2023-03-20, Cirugía ,Bogotá,Call center,13,7,2659000,2464000,Aprobado,N
REC-002801,POL-003089,2022-06-07,2022-06-15,2022-06-19,MEDICAMENTOS,Cartagena,Corredor,19,5,2016000,0,Rechazado,0
REC-000410,POL-002061,2021-09-24,2021-09-28,2021/09/30,Cirugía,Medellín,App,17,6,5229000,5062000,Aprobado,0
REC-001733,POL-003088,2022/05/04,INVALID_DATE,21/05/2022,Medicamentos,Santiago de Cali,Corredor,16,3,864000,834000,Aprobado,0
REC-002281,POL-002528,2025-07-01,2025-07-09,16/07/2025,Cirugia,  Bogotá,Call center,15,9,8133000,0,Rechazado,0
REC-000957,POL-005502,2021-04-22,2021/04/25,,Medicamentos,CÚCUTA,App,20,7,4429000,4286000,  Aprobado,0
REC-001914,POL-007567,2023-05-11,2023-05-27,06/06/2023,Robo,  Manizales,Corredor,17,3,6188000,5952000,Aprobado,0
REC-002059,POL-007110,2025-01-27,2025-01-29,2025-02-04,Daños eléctricos  ,Medellín,Call center,11,8,4359000,3888000,Aprobado,0
REC-003992,POL-004325,17/08/2022,2022-08-21,2022-09-17,Colisión,Bogotá,Oficina,10,2,1167000,994000,Aprobado,0
REC-001897,POL-005174,2024/05/07,,2024-06-16,Cirugía,  Bogotá,Call center,6,8,8813000,0,RECHAZADO,0
REC-000235,POL-005769,2023-07-16,16/07/2023,31/07/2023,Colisión,Bogotá,Oficina,17,6,4573000,4389000,Aprobado,0
REC-000186,POL-007691,2024-04-26,2024/04/29,2024-05-05,Cirugía,Cartagena,Call center,15,,26502000,22654000,Aprobado,0
REC-003721,POL-004535,2024-10-13,23/10/2024,2024-11-01,Consulta  especializada,Sta. Marta  ,App,14,2,2176000,0,Rechazado,0
REC-002120,POL-000252,2023-08-24,2023-08-27,12/10/2023,Hospitalizacion,Bogotá,Corredor,5,1,16700000,0,Rechazado,1
REC-002978,POL-004942,2021-12-14,22/12/2021,2021/12/24,Colisión,Barranquilla,App,16,3,1465000,1306000,Aprobado  ,0
REC-002711,POL-005339,2025-10-13,,2025-11-21,Medicamentos,Medellín, App ,19,,7070000,7070000,Aprobado,false
REC-001232,POL-004234,18/02/2024,2024-02-18,2024-02-20,Daño a terceros,Cartagena,CORREDOR,15,4,4338000,2355000,Pagado parcial,0
REC-002044,POL-000681,2024-12-24,,INVALID_DATE,Daño a terceros,Bogotá,Call center,8,2,3739000,1634000,Pago parcial,1
REC-003950,POL-007957,18/04/2023,INVALID_DATE,2023-04-22,Colisión,Manizales,Oficina,11,8,2678000,2431000,Aprobado,0
REC-003747,POL-006563,2024-08-14,2024/08/15,12/09/2024,Vidrios,Bogotá,App,7,3,2352000,2281000,Aprobado,0
REC-003853,POL-002434,INVALID_DATE,2022/06/10,2022/06/26,Colisión,Bta,Call center,1,0,6106000,5366000,Aprobado,1
REC-001372,POL-006892,2023/07/04,2023-07-04,2023-07-24,Robo,Santa Marta,App,16,7,24700000,21944000,Aprobado,No
REC-002792,POL-001579,13/04/2025,2025-04-13,2025/05/08,Colisión,Barranquilla,App,10,8,1939000,1745000,Aprobado,0
REC-003411,POL-000449,03/12/2023,2025-01-06,2025/01/08,Colisión,bogotá,OFICINA,11,4,1504000,1469000,Aprobado,0
REC-003605,POL-006284,2025-11-11,2025-11-13,,CONSULTA ESPECIALIZADA,Pereira  ,App,15,4,2190000,,En revisión,N
REC-004170,POL-005804,2024/12/13,17/12/2024,2025/02/08,Colisión,bogotá,App,6,6,3139000,2985000,Aprobado,0
REC-002074,POL-006888,2025-03-09,2025/03/14,2025/03/19,Colisión,Bogotá, App ,7,2,2075000,1009000,Pagado parcial  ,0
REC-002189,POL-001903,08/09/2024,2024-09-08,2024-09-10,Medicamentos,Cartagena,App,16,7,3053000,3011000,Aprobado,0
REC-003899,pol-005320,2025-10-06,2025-10-09,,Medicamentos,Manizales,App,14,4,,,  En revisión,0
REC-002963,POL-003932,2025/07/10,10/07/2025,15/07/2025,Medicamentos,Bogotá,Call center,12,4,921000,874000,Aprobado,0
REC-004196,POL-006660,2024-07-18,2024-07-18,20/07/2024,Medicamentos,Manizales,CALL CENTER,16,4,1969000,1888000,Autorizado,0
REC-000919,POL-007803,2025-03-03,2025-04-23,2025-07-04,HOSPITALIZACION,cali,APP,1,0,8228000,4519000,pagado parcial,1
REC-002706,POL-001902,2023-06-03,2023-06-12,2023-06-19,Daños eléctricos,,Call center,11,5,4587000,4267000,Aprobado,N
REC-002109,POL-002476,2024-04-21,2024-04-28,2024-05-03,Daño a terceros,Cúcuta  ,App,13,10,2577000,0,rechazado,0
REC-002081,POL-007526,2025-02-24,2025-02-27,2025-03-20,  Consulta especializada,Medellín,  Oficina,17,6,1915000,1651000,aprobado,0
REC-002380,POL-001220,2024-09-07,10/09/2024,2024-09-19,Colisión,Bucaramanga,App,15,4,3495000,2104000,Pagado parcial,0
REC-002474,POL-002626,2024-10-07,2024-10-07,2024-11-20,Colisión,Santa Marta,Oficina,23,6,915000,781000,Aprobado,0
REC-000608,POL-000086,2024-09-01,2024/09/01,2024-09-08,Colisión,BARRANQUILLA,App,17,8,1331000,1190000,Aprobado,0
REC-004253,POL-001629,2025/03/19,22/03/2025,06/04/2025,Colisión,Cúcuta  ,Corredor,14,9,5193000,5004000,Aprobado,0
REC-000980,POL-007275,2025-02-18,2025-02-18,2025-02-21,Medicamentos,cali,Oficina,18,9,5235000,4529000, Aprobado ,0
REC-002278,POL-005719,19/12/2023,2024-01-07,2024-01-11,Medicamentos,Bucaramanga,  Call center,10,5,13865000,12491000,Aprobado,0
REC-001119,POL-004532,04/12/2024,2024/12/05,2025-01-29,Daño a terceros,Cúcuta,App,2,4,816000,796000,Aprobado,0
REC-001820,POL-004191,17/06/2024,2024-06-17,23/06/2024,Incapacidad,Cartagena,App,20,3,78991000,26871000,Pagado parcial,0
REC-000785,POL-000476,2024-05-06,2024-05-07,2024-05-27,Colisión,BOGOTA,Oficina,11,4,11366000,10685000,APROBADO,0
REC-001865,POL-000334,2023/07/24,2023-07-31,2023-08-02,Daños eléctricos,Bucaramanga  ,Oficina,14,2,10322000,4387000,Pagado parcial,0
REC-002778,POL-004774,06/07/2025,,19/07/2025,Consulta especializada,Medellín  , Oficina ,16,4,1589000,1579000,Aprobado,0
REC-000930,POL-002207,2025/06/25,27/06/2025,08/08/2025,consulta especializada,Pereira,Call center,19,5,4547000,0,Rechazado,0
REC-001860,POL-004243,2025-02-17,19/02/2025,2025-03-09,Medicamentos,bogotá,Call center,15,5,4567000,3932000,Aprobado,0
REC-000998,POL-001492,15/07/2025,,2025/07/31,Daño a terceros,Cali,Call center,23,3,3367000,0,Rechazado,0
REC-002527,POL-000906,2025-12-09,2025-12-10,2025-12-20,Colisión,Cartagena  ,Call center,21,,7158000,4313000,PAGADO PARCIAL,0
REC-000150,POL-004889,30/06/2024,2024-07-08,2024/07/28,Consulta especializada,Cali,Corredor,16,3,2725000,2631000,Aprobado,0
REC-003374,POL-004578,2025-01-04,04/01/2025,2025-01-06,Colisión,Cali,Oficina,16,2,1615000,1442000,Aprobado,0
REC-001603,POL-004542,02/06/2022,06/06/2022,2022-06-26,  Daño a terceros,Bogotá,App,11,5,12404000,4794000,Pagado parcial,0
REC-001100,POL-007472,INVALID_DATE,2022-11-23,07/12/2022,Consulta especializada,Bogotá,Call center,16,6,1449000,0,Rechazado,0
REC-004009,POL-003511,2023/10/28,2023/10/31,2023-11-07,Daño a terceros, Cali ,Corredor,11,3,4638000,4193000,Aprobado,false
REC-000421,POL-006121,2022-06-09,2022-06-11,15/07/2022,Colisión,Medellín (Antioquia),CALL CENTER,15,7,873000,0,Rechazado,0
REC-002651,POL-001671,2024/01/22,24/01/2024,02/02/2024,Medicamentos,Medellín,App,12,4,2215000,0,Rechazado,0
REC-003317,POL-000644,2024/03/23,2024/04/05,2024-05-25,Medicamentos,BUCARAMANGA,Corredor,10,3,7024000,0,Rechazado,1
REC-003405,POL-002406,2021/05/30,09/06/2021,2021/07/03,Robo,Barranquilla,App,20,2,19755000,17094000,Aprobado,1
REC-003580,POL-002981,2022-12-13,2022/12/19,21/12/2022,inundación,,Oficina,17,5,3211000,1791000,Pagado  parcial,0
REC-003319,POL-006293,2025-04-23,26/04/2025,2025-05-08,Cirugía,CARTAGENA,Oficina,18,7,18971000,16393000,APROBADO,0
REC-002150,POL-001794,,2022-11-28,27/12/2022,Robo,medellín,Corredor,16,2,7686000,6632000,Aprobado,0
REC-001662,POL-006242,22/06/2022,2022-06-24,2022-07-26,Medicamentos  ,Medellín (Antioquia),Call center,22,8,4316000,4256000,Aprobado,0
REC-000470,POL-006247,2022-08-24,2022-08-31,02/09/2022,Vidrios,PEREIRA,OFICINA,20,3,1779000,0,Rechazado,0
REC-000864,POL-002011,2023-07-06,2023-07-09,2023-08-13,Hospitalización,Cartagena,Call center,17,7,8254000,0,Rechazado,0
REC-004078,POL-000250,2021-10-20,2021/10/26,2021-11-03,cirugía,Medellín (Antioquia),APP,12,3,25291000,22408000,APROBADO,0
REC-002175,POL-000995,2025-05-19,27/05/2025,2025-06-01,COLISION,manizales,App,11,3,5327000,0,RECHAZADO,0
REC-002412,POL-007115,2025-03-31,,2025-05-02,Medicamentos,Bogota,Oficina,15,6,2316000,1972000,Aprobado  ,0
REC-001300,POL-008291,2022/01/08,13/01/2022,2022-02-09,Daños eléctricos,Pereira,Call center,13,8,2218000,2194000,Aprobado,0
REC-002394,POL-007373,2022-12-11,2022-12-11,2022-12-13,Medicamentos,Bucaramanga  ,Call center,19,3,1404000,949000,Pagado parcial,0
REC-000961,POL-007085,INVALID_DATE,2024-09-23,2024-10-07,Colisión, Cúcuta ,Call center,22,2,12076000,0,Rechazado,1
REC-002336,POL-003382,09/11/2025,2025-11-09,,Colisión,Barranquilla,Call center,18,6,4472000,,En revision,0
REC-003952,POL-004067,2022-03-23,2022-03-28,24/04/2022,Vidrios,Cúcuta  ,Call center,11,5,8736000,0,Rechazado,0
REC-004102,POL-002773,01/05/2023,2023-05-08,2023/08/11,Daño a terceros,Bogota,App  ,18,0,8386000,0,Rechazado,1
REC-001451,POL-008273,27/07/2023,31/07/2023,2023-08-12,  Colisión,,Oficina,17,6,1790000,1522000,APROBADO,0
REC-000367,POL-000142,2025/01/16,16/01/2025,08/02/2025,Cirugía,Cartagena,Call center,17,3,4468000,0,denegado,0
REC-004010,POL-007842,2025/01/13,2025-01-13,2025-01-23,Hospitalización  ,  Bogotá,App,8,4,3046000,2603000,APROBADO,0
REC-003200,POL-001320,2025-10-11,11/10/2025,2025-10-14,Robo,Santiago de Cali  ,call center,16,5,7838000,7795000,Aprobado,0
REC-000171,POL-005133,28/02/2022,2022-03-10,,Inundación,Bogotá,Call center,16,5,8872000,7971000,Aprobado,0
REC-003443,POL-001380,05/12/2022,06/12/2022,2022/12/10,Medicamentos,Medellín  ,App,15,5,3141000,3047000,APROBADO,0
REC-000485,POL-007359,2024-08-16,2024-08-20,2024-08-27, Daño a terceros ,Bogotá,App,17,10,14919000,5529000,Pagado parcial,0
REC-001407,POL-002495,2025/01/02,,2025/01/11,Consulta especializada,Medellín,Corredor,10,6,2499000,2130000,Aprobado,0
REC-003391,POL-001405,21/04/2025,,2025-05-06,Cirugía,Bucaramanga,Corredor,20,2,1932000,1886000,aprobado,0
REC-002957,POL-004967,28/11/2021,01/12/2021,20/12/2021,Medicamentos,Santa Marta, Corredor ,14,4,1282000,1228000,Aprobado,0
REC-003453,POL-001247,20/02/2023,20/02/2023,2023-02-22,Daño a terceros,Cali,Call center,15,5,3198000,2873000,Aprobado,No
REC-001774,POL-003320,2022/12/28,10/01/2023,05/04/2023,Inundación,Medellín  ,Corredor,4,3,4649000,0,Rechazado,1
REC-001680,POL-000518,2025-08-26,2025/08/27,2025/10/16,Colisión,Bogotá  ,Call center,15,5,9633000,,Aprobado,1
REC-000968,POL-002283,24/03/2024,2024-03-27,2024-03-31,Colisión,Bogotá,Call center,17,4,3883000,3420000, Aprobado ,0
REC-002948,POL-007220,2024-06-21,2024-06-27,07/07/2024,Cirugía  ,Bogotá,Oficina,17,6,0,5912000, Aprobado ,0
REC-000058,POL-002154,2022/02/06,2022/02/10,2022/02/20,Colisión, Bogotá ,App,16,1,5527000,0,Rechazado,0
REC-000465,POL-000644,2024-12-22,2024-12-30,2025-02-24,Medicamentos,Pereira,App,12,7,1451000,1380000,Aprobado,0
REC-000253,POL-000035,2025-02-23,01/03/2025,25/03/2025, Daño a terceros ,Bogotá,App,4,0,4448000,4194000,Aprobado,1
REC-001866,POL-001588,20/04/2025,2025/04/23,2025-05-14,Cirugía,Cúcuta,App,11,7,18345000,16386000,Aprobado,N
REC-000990,POL-003144,2022-03-06,2022-04-10,29/04/2022,Vidrios,Cartagena,Call center,4,1,10015000,0,Rechazado,1
REC-004275,POL-002034,2023-04-26,2023-04-30,23/05/2023,Hospitalización,Cali,Call center,16,1,2424000,2193000,APROBADO,NO
REC-000453,POL-007805,2022-12-17,2022-12-17,2022-12-29,Hospitalización,Cartagena,App,12,3,2531000,2414000,Aprobado,0
REC-001230,POL-006289,17/05/2021,2021-05-17,2021/05/24,COLISION,Cali,Call center,8,4,5004000,4263000,Aprobado,0
REC-001173,POL-001751,2025/04/26,2025-04-30,2025/05/16,Daño a terceros,Cúcuta,App,15,6,1088000,984000, Aprobado ,0
REC-003839,POL-001801,2024-04-28,2024/05/01,2024-06-03,Colisión,Bucaramanga  ,Corredor,6,4,4327000,4203000,Aprobado,0
REC-001417,POL-003481,27/07/2023,2023/07/28,03/08/2023,Consulta especializada,Barranquilla,App,22,8,995000,993000,Aprobado,0
REC-004285,pol-002098,2024/05/29,2024-06-02,2024/06/25,Daño a terceros,CALI,App,15,1,3845000,3761000,  Aprobado,0
REC-002152,POL-006386,2022-01-01,02/01/2022,2022/01/07,cirugía,BOGOTÁ,App,18,6,9228000,7888000,Aprobado,N
REC-001632,POL-000143,2025-03-26,2025-03-30,12/04/2025,Consulta especializada,Bogotá,Call center,7,5,1346000,1224000,Aprobado,0
REC-001747,POL-004828,2023-09-20,25/09/2023,2023-10-04,Cirugía,Medellín,App,9,10,2364000,0,Rechazado,0
REC-000901,POL-005547,08/06/2022,2022-06-09,25/06/2022,Medicamentos,Bogotá, Oficina ,14,8,2480000,2303000,Aprobada,0
REC-003945,POL-004954,INVALID_DATE,2025-12-27,,Colisión,Bogotá,Corredor,13,10,3897000,,En revisión,0
REC-001430,POL-005366,2023/07/28,2023/07/29,17/08/2023,Colisión,  Bogotá,Call  center,8,5,1580000,1345000,Aprobado,0
REC-000178,POL-001728,27/12/2024,INVALID_DATE,23/01/2025,Daño a terceros,  Medellín,Oficina,18,6,2661000,2537000,Aprobado,0
REC-002744,POL-007604,2022-08-31,2022-09-01,03/09/2022,Consulta especializada,  Bogotá,Call center,12,4,9814000,3611000,Pagado parcial,0
REC-002611,POL-000972,17/02/2023,2023-02-20,2023-03-15,Daños eléctricos,MEDELLIN,App,15,7,7905000,6867000,Aprobado,0
REC-001124,pol-006211,06/07/2022,2022/07/07,2022/08/16,Consulta especializada,Cúcuta,App,10,2,1230000,1135000,Aprobado  ,0
REC-004211,POL-000665,2024/12/12,14/12/2024,2025/02/09,Robo,Bogotá,Oficina,22,5,27494000,27383000,Aprobado,0
REC-001727,POL-006548,2025/07/19,2025/07/20,05/09/2025,Robo, Bogotá ,App,16,4,22879000,21319000,Aprobada,0
REC-004256,POL-002713,2021-12-24,26/12/2021,28/12/2021,Colisión,Medellín,Call center,10,4,5805000,5442000,Aprobado,0
REC-002038,POL-000451,26/10/2025,2025-10-29,2025/11/02,Hospitalización,Medellín,App,7,5,6488000,3362000,PAGADO PARCIAL,0
REC-001006,POL-004879,2024/09/10,10/09/2024,2024/09/26,Consulta especializada,Cucuta,  App,12,2,1177000,0,Rechazado,0
REC-003549,POL-003828,02/09/2024,02/09/2024,2024-09-30,Consulta especializada,Medellín  ,Call center,15,4,2228000,0,Rechazado,0
REC-002718,POL-003262,17/11/2022,2022/11/21,2022-11-28,Colisión,  Medellín (Antioquia),app,13,4,3086000,1115000,Pagado parcial,0
REC-003643,POL-001179,03/10/2024,04/10/2024,16/10/2024,Robo,Bucaramanga,Call center,11,4,14035000,0,Rechazado,0
REC-002689,POL-006541,2023/11/09,19/11/2023,2023-12-26,Cirugía,Bogotá, Corredor ,12,6,3020000,2952000,Aprobado,0
REC-003235,POL-001509,2022-09-01,04/09/2022,2022-09-08,Daño a terceros,,App,16,7,2936000,2758000,Aprobado,0
REC-003162,POL-005793,30/08/2024,2024-08-30,2024-09-07,Medicamentos,  Medellin,Corredor,11,9,1215000,1206000,Aprobado,No
REC-002844,POL-001580,24/02/2023,2023/03/04,2023/03/09, Medicamentos ,Medellín,App,13,6,742000,289000,Pagado parcial,0
REC-000766,POL-008062,2024/07/01,2024-07-06,17/07/2024,Colision,Bogotá,App,8,5,4042000,3635000,Aprobado,false
REC-002264,POL-004152,2024-08-02,2024-08-02,2024-08-04,Vidrios,Bogotá  ,Call center,16,7,3261000,0,Rechazado,0
REC-001299,POL-006536,2023-07-11,2023-07-23,2023-08-09,Daño a terceros,  Bucaramanga,  App,13,1,1609000,1522000,  Aprobado,0
REC-000166,POL-005303,17/11/2021,18/12/2021,18/01/2022,Robo,Bogotá,Oficina,22,3,29450000,26030000,Aprobado,Sí
REC-003178,POL-007234,28/07/2025,2025-07-29,14/08/2025,Colisión,Pereira  ,App,15,2,4697000,4424000,Aprobado,0
REC-001551,POL-000183,2023/02/22,15/03/2023,2023-03-23,Medicamentos,bucaramanga,Corredor,17,3,5554000,4949000,Aprobado,0
REC-000884,POL-000159,2024-11-12,,2024/11/20,CONSULTA ESPECIALIZADA,Medellín,App,21,7,5216000,0,Rechazado,0
REC-001475,POL-002085,2022-05-07,12/05/2022,, Daño a terceros ,Cartagena,App,11,7,1250000,657000,Pagado parcial,0
REC-002333,POL-005585,2024/07/14,14/07/2024,2024/07/31,Daño a terceros,Santiago de Cali,Oficina,8,5,1306000,0,rechazado,0
REC-001224,POL-005929,2022-10-23,2022-10-28,14/11/2022,Consulta especializada,Cartagena,Corredor,19,4,2222000,2057000,Aprobado,0
REC-003031,POL-006833,15/06/2025,15/06/2025,INVALID_DATE,Consulta especializada,Pereira  ,Corredor,17,6,14185000,0,Rechazado,N
REC-003944,POL-007096,2024/02/07,2024-02-09,2024/02/11,Consulta especializada,Bogotá,App,17,8,881000,0,Rechazado,0
REC-000006,POL-003139,2024-11-13,2024-11-14,19/11/2024,Daño a terceros,Cali,App,12,5,3690000,3258000,Aprobado,0
REC-001115,POL-003948,2024/11/03,03/11/2024,2024/11/09,Daño a terceros,CARTAGENA,Call center,13,6,,,Aprobado,0
REC-001375,POL-007142,2025/03/17,2025-03-17,2025-03-29,Robo, Bogotá ,Oficina,10,6,10365000,9871000,Aprobado,0
REC-000070,POL-007462,,2025-06-11,2025/07/14,Consulta especializada, Medellín ,Call center,14,5,3962000,3378000,Aprobado,0
REC-000627,POL-007766,2022-07-26,2022/07/26,04/08/2022,Colisión,Cartagena,APP,15,2,4658000,0,RECHAZADO,0
REC-003158,POL-002458,2024-11-24,2024-11-24,2024/11/29,Robo,Sta. Marta,Call center,5,,9814000,0,Rechazado,N
REC-001287,POL-007364,13/09/2025,2025-09-13,,Hospitalización,Medellín,App,18,10,1948000,,En revisión,0
REC-000121,POL-005511,2022/08/10,2022-08-11,2022/08/15,Consulta especializada,Manizales,App,23,4,5989000,5460000,Aprobado,0
REC-000371,POL-006966,2023-07-14,2023-07-16,26/07/2023,Medicamentos,Bogotá,Call center,7,6,630000,607000,APROBADO,0
REC-002068,POL-002420,2025-05-02,09/05/2025,INVALID_DATE,Daño a terceros,cartagena,App,23,5,2444000,,aprobado,0
REC-001235,POL-003114,26/07/2023,2023-07-27,2023/08/29,Daño a terceros,Manizales,App,15,4,4298000,3938000, Aprobado ,0
REC-002639,POL-001445,2023-11-18,2024/01/30,2024-02-14,Daño a terceros,Barranquilla,Corredor,15,2,10759000,9454000,Aprobado,1
REC-002042,POL-001226,2024-05-18,06/06/2024,2024-06-19,Consulta especializada,Bta,App,12,9,1324000,1224000,Aprobado,0
REC-001128,POL-005764,12/07/2025,2025-07-12,2025-07-22,Vidrios,Bogotá,Oficina,12,5,1211000,,Pagado parcial,0
REC-003819,POL-002889,04/03/2024,2024-03-24,2024-04-29,Vidrios, B/quilla ,Call center,10,3,8862000,7682000,Aprobado,1
REC-004089,POL-003084,02/08/2025,07/08/2025,2025-08-18,Robo, Bogotá ,CORREDOR,18,8,22988000,14427000,Pagado  parcial,0
REC-000521,POL-003122,2023/05/22,26/05/2023,2023-06-14,CONSULTA ESPECIALIZADA,Cali,Call center,16,6,653000,605000,Aprobado,NO
REC-000663,POL-001595,16/05/2023,2023/05/19,2023/07/02,daño a terceros,Cartagena,App,14,5,395000,366000,Aprobado,0
REC-002858,POL-005791,20/01/2024,2024-01-22,2024-01-25,consulta especializada,BOGOTA,APP,9,6,7254000,3753000,Pagado parcial,0
REC-002797,POL-002383,2025-07-04,2025-07-04,2025-07-18,COLISION,Bogota,App,10,5,2303000,2233000,Aprobado,0
REC-003033,POL-008388,05/08/2025,2025/08/08,2025-09-05,Vidrios,Bogotá,Oficina,9,7,5385000,3750000,Pagado parcial,0
REC-001934,POL-006492,2025-04-01,2025/04/03,2025-04-05,Medicamentos,Barranquilla,App,23,5,4395000,0,Rechazado,0
REC-002290,POL-000250,2021-10-02,07/10/2021,2021-10-12,Medicamentos,Medellín  ,Call center,18,5,2207000,1957000,Aprobado,0
REC-000440,POL-001610,2022-09-11,2022-09-14,2022/09/18,  Inundación,Barranquilla,Corredor,12,6,7772000,6730000,APROBADO,0
REC-002704,POL-004578,12/09/2025,2025/09/21,,Robo,cali,App,10,9,20203000,,En revisión,0
REC-002877,POL-002313,2025/10/02,2025-10-02,,Hospitalización,Cali,OFICINA,13,3,4563000,,En revisión,0
REC-000423,POL-003241,2025/03/03,03/03/2025,06/03/2025,Consulta especializada,Bogotá,App,15,5,604000,565000,Autorizado  ,0
REC-003876,POL-003065,2022-06-20,2022-06-21,09/07/2022,Robo,Medellín,Call center,18,5,36100000,35483000,Aprobado,NO
REC-000106,POL-002486,2023-10-26,2023-11-18,04/12/2023,Robo,Medellín,App,4,2,102600000,0,RECHAZADO,1
REC-001645,POL-003914,2025-01-25,2025-01-29,INVALID_DATE,Cirugía,Medellin,Oficina,11,8,43499000,40970000,Aprobado,0
REC-002700,POL-005497,02/05/2021,03/05/2021,2021/05/27,Vidrios,Pereira,call center,12,3,2295000,761000,Pagado parcial,0
REC-001725,POL-002032,2023/10/11,15/10/2023,2023/11/01,HOSPITALIZACION,cali,App,15,2,3628000,1332000,Pagado parcial,0
REC-002005,POL-001038,2025-09-04,2025-09-08,2025-09-14,Colisión,BOGOTÁ,Corredor,13,10,2285000,0,Rechazada  ,0
REC-000588,POL-005250,2023-06-29,2023-06-29,2023-07-27,Enfermedad grave,Bogotá,Oficina,5,1,35375000,32433000,Aprobado,0
REC-000107,POL-001618,2021-12-30,01/01/2022,10/01/2022,Medicamentos,Bogotá,Oficina,12,5,1892000,1631000,Aprobado,0
REC-001819,POL-007686,2025-07-13,2025-07-13,20/07/2025,DAÑO A TERCEROS,Medellín,Call center,12,5,853000,452000,Pagado  parcial,0
REC-000820,POL-008313,25/11/2024,27/11/2024,09/12/2024,Daño a terceros,Bogotá,Oficina,17,10,1147000,1058000,Aprobado,0
REC-001678,POL-000542,2024-10-29,2024-10-29,12/11/2024, Incendio ,Medellín,Oficina,5,4,19032000,18355000,Aprobado,0
REC-000559,POL-002450,2024-12-07,29/12/2024,2025/01/21,Colisión,Manizales,App,16,3,17392000,0,Rechazado,1
REC-001893,POL-002157,2024-03-20,2024-03-20,2024-03-22,DANO A TERCEROS,Bucaramanga,Corredor,20,4,6493000,6086000,Aprobado,0
REC-000631,POL-000408,2024-06-24,2024-07-13,11/08/2024,Vidrios,Medellín,Oficina,14,5,1091000,982000,Aprobado,0
REC-000649,POL-001226,21/01/2024,2024-01-23,2024-02-01,Hospitalización,Bogotá,Corredor,20,7,,3953000,Aprobado,0
REC-001952,POL-007613,2025-09-26,2025-09-27,,Consulta especializada,Medellín,Oficina,17,5,3700000,3196000,Aprobado  ,0
REC-004055,POL-007907,2023-08-08,2023/08/10,2023-09-22,Cirugia,  Cali,App,16,4,17252000,,Pagado parcial,0
REC-000275,POL-002094,2025-12-15,2025-12-15,, Daños eléctricos ,Bogotá,App,14,3,1928000,,En revisión,0
REC-002397,POL-005658,15/09/2025,2025-09-17,,Vidrios,Cali,APP,14,4,654000,,En revisión,0
REC-001555,POL-000205,2024-04-29,30/04/2024,11/05/2024,Vidrios,,Call center,18,1,1371000,1201000,Autorizado,0
REC-001360,POL-004662,2022-08-14,2022/08/14,20/08/2022,Vidrios,Medellín,Oficina,15,4,3868000,0,Rechazado,0
REC-002862,POL-005510,07/04/2022,2022/04/09,2022/04/11,Colisión,Medellin  ,App,23,3,3060000,2855000,Aprobado,0
REC-001162,POL-000496,29/11/2024,30/11/2024,2024/12/13,Robo,Cartagena,App,14,6,6737000,5822000,Aprobado,0
REC-002941,POL-008397,17/04/2024,2024-04-17,13/05/2024,Vidrios,  Bogotá,App,13,5,936000,838000,Aprobado,0
REC-000987,POL-004584,2025-08-12,13/08/2025,28/10/2025,Consulta especializada,Medellín,Call center,18,4,756000,509000,Pago parcial,0
REC-002647,POL-008289,2024-08-28,2024-09-02,03/10/2024,Daño a terceros,BOGOTÁ,Oficina,15,8,3598000,3536000,Aprobado,0
REC-002676,POL-004640,2024/06/20,2024/07/02,2024/07/05, Daño a terceros ,Cartagena,App,14,4,2932000,2771000,Aprobado,0
REC-002388,POL-005647,02/09/2024,2024-09-04,2024/09/29,Robo,Bogota,Call center,12,10,13495000,13131000,APROBADO,0
REC-001484,POL-002349,2021-12-22,2021-12-23,30/12/2021,Daño a terceros,Medellín, Corredor ,8,,1253000,1121000,Aprobado,0
REC-000992,POL-007647,2025/10/19,22/10/2025,27/10/2025,Cirugía,Medellín,Corredor,13,10,10829000,9840000,APROBADO,0
REC-003609,POL-008241,2025-02-20,2025-02-20,2025-02-22,Colisión,BOGOTA DC,Call center,15,6,3108000,2887000,Aprobado,0
REC-000505,POL-004844,2025-07-02,04/07/2025,11/07/2025,Medicamentos,Medellín (Antioquia),Corredor,14,3,1175000,1009000,Aprobado,false
REC-000041,POL-007745,2022-11-03,2022-11-08,13/12/2022,Daño a terceros,Bogotá,app,10,4,9891000,8567000,  Aprobado,0
REC-003930,POL-003462,2022-12-31,2022-12-31,2023-01-30,Consulta especializada,,App,8,8,3801000,2506000,pagado parcial,0
REC-003473,POL-005606,2021-12-03,03/12/2021,2021/12/23,Hospitalización,Medellín,App,12,7,1256000,1154000,Aprobado,0
REC-001108,POL-007125,14/07/2024,2024/07/16,2024/08/11,Medicamentos,Barranquilla,  Corredor,8,8,1988000,0,RECHAZADO,0
REC-003904,POL-006307,2025-04-01,2025/04/04,15/04/2025,Hospitalización,Bucaramanga,Call center,13,4,4468000,3905000,Aprobado,0
REC-003245,POL-003966,21/06/2025,2025/06/21,2025-06-26,Daño a terceros,Bogotá,Corredor,18,7,4832000,4328000,Aprobado,0
REC-001842,POL-004844,05/04/2025,12/04/2025,2025-04-14,Cirugía,Medellin  ,CALL CENTER,23,8,1668000,1483000,Aprobado,0
REC-001677,POL-007451,2025-08-14,2025-08-14,17/08/2025,COLISION,Bogotá,Corredor,15,1,3985000,1676000,Pagado parcial,0
REC-002663,POL-000519,2023/01/06,2023-01-20,08/02/2023,Inundación,Barranquilla,APP,8,3,6663000,0,Rechazado,0
REC-002162,POL-000900,2024-12-15,2024/12/16,2025-01-02,Daño a terceros,Cali,Call center,9,7,,9148000,Aprobado,0
REC-000844,POL-003773,2023-11-15,18/11/2023,12/12/2023,Daños eléctricos,Cúcuta,App,22,6,4834000,4593000,Autorizado,0
REC-001079,POL-006147,2025-05-06,2025/05/06,, Consulta especializada ,Cartagena de Indias,App,13,7,3329000,2193000,Pagado parcial,NO
REC-002564,POL-003353,23/10/2024,2024/10/23,27/10/2024, Robo ,Cúcuta,Call center,12,3,10780000,,APROBADO,0
REC-000577,POL-006371,2024-09-01,02/09/2024,28/09/2024,Colisión,Barranquilla,Call center,20,6,694000,592000,Aprobado,0
REC-002299,POL-007140,2025-02-13,2025-02-19,2025-02-22,Medicamentos,Cali,Corredor,15,4,3489000,3014000,Aprobado,0
REC-000962,POL-006970,2023-01-05,08/01/2023,INVALID_DATE,Robo,Bucaramanga,Corredor,10,3,22275000,20550000,Aprobado,0
REC-002930,POL-004196,2021-07-17,20/07/2021,2021/07/22,Robo,Barranquilla,App,10,10,54294000,47201000,aprobado,0
REC-003858,POL-004889,2024/04/24,2024-04-28,19/05/2024,Medicamentos,Cali  ,Corredor,17,6,12436000,11421000,Aprobado,0
REC-002743,POL-007328,2024-07-07,2024-07-12,18/07/2024,Daños eléctricos,Cúcuta,Call center,19,7,4678000,4599000,Aprobado,0
REC-002682,POL-008231,2025/06/22,2025-06-23,2025/06/29,Daños eléctricos,Barranquilla,Call center,17,6,2739000,2422000,Aprobado,No
REC-003906,POL-005142,2022-12-01,2023-01-21,06/02/2023,Daños eléctricos,Bogotá,App,2,2,10305000,0,Rechazado,1
REC-002319,POL-002230,2025-10-29,2025-11-03,2025-11-23,Consulta especializada,Bogotá,App,22,2,772000,0,Rechazado,0
REC-000678,POL-007088,27/11/2024,2024-11-27,2024-12-21,Colision,Cali,APP,13,2,2222000,2127000,Aprobado,0
REC-003955,POL-007358,2025/10/17,01/11/2025,08/11/2025,Daño a terceros,Cúcuta,Call center,15,7,3050000,1075000,Pagado parcial,N
REC-001817,POL-001204,2024-01-07,2024-01-07,2024-01-31,Daño a terceros,,App,13,6,2337000,1338000,Pagado parcial,0
REC-003016,POL-002320,2023-08-12,,2023-08-24,Colisión,,Call center,10,10,12375000,12036000, Aprobado ,0
REC-002434,POL-000918,2022-01-31,2022-01-31,21/02/2022,Medicamentos,Pereira,Call center,14,10,1277000,1260000,Aprobado,0
REC-001063,POL-000114,2023/12/20,2023-12-22,29/12/2023,Medicamentos,BOGOTA DC,App,7,7,1185000,,Aprobado,0
REC-002476,POL-004905,09/09/2024,2024-09-10,23/10/2024,Consulta especializada,Cali,Call center,11,6,1421000,1348000,Aprobado,0
REC-002471,POL-001520,31/08/2024,2024-08-31,03/09/2024,Consulta especializada,cúcuta,call center,12,7,1432000,1298000,  Aprobado,NO
REC-002484,POL-002375,16/06/2025,2025/06/16,2025-06-30,DANO A TERCEROS,Medellín,App,7,10,11634000,11158000,Aprobado,0
REC-001726,POL-006603,2023-05-30,2023-06-02,2023/06/09,Daño a terceros,Bucaramanga,App,10,8,2886000,2500000,Aprobado,0
REC-002039,POL-004503,2022-06-26,2022/06/27,2022/07/06,Consulta especializada,Bucaramanga,APP,10,8,1090000,931000,Aprobado,0
REC-002661,POL-007416,11/01/2025,19/01/2025,2025/01/22,Vidrios,Bogotá D.C.,Call center,19,4,2409000,1100000,Pagado parcial,NO
REC-004183,POL-005795,2025/02/09,09/02/2025,28/02/2025,Medicamentos,Bogotá,Call center,18,5,1124000,1050000,Aprobado,0
REC-000254,POL-006324,2023-03-31,18/04/2023,2023-04-24,Consulta especializada,Medellín,Call center,16,6,5316000,3477000,Pagado parcial,0
REC-003849,POL-003550,19/06/2025,2025-06-20,2025-07-02,Daño  a  terceros,Cúcuta,Call center,17,9,1466000,1396000,Aprobado,0
REC-001461,POL-007225,2022-05-22,2022-05-22,INVALID_DATE,  Daño a terceros, Barranquilla ,Oficina,12,4,2889000,2854000,Aprobado,0
REC-002925,POL-002673,2024/11/23,02/12/2024,,Daños eléctricos,Bogota DC,Corredor  ,18,8,11294000,10195000,Aprobado,0
REC-003706,POL-001765,2024-09-01,02/09/2024,2024/09/29,colisión,Bucaramanga,App,6,7,1756000,746000, Pagado parcial ,0
REC-000227,POL-005573,2025-12-03,2025-12-03,,Colisión,barranquilla,Call center,10,,2679000,,En revisión,0
REC-000400,POL-005767,2025-05-14,2025-05-18,28/05/2025,Daño a terceros, Bogota DC ,App,13,3,5835000,5165000,Aprobado,0
REC-001345,POL-001140,2025-11-19,19/11/2025,2025-11-29,Medicamentos,Bogotá,Oficina,12,5,1352000,1269000,Aprobado,0
REC-001795,POL-000085,05/11/2023,2023/11/06,2023/11/21, Inundación ,  Cúcuta,Oficina,11,9,1131000,1124000,Aprobado,0
REC-003116,POL-001029,2024-03-03,2024-03-12,22/03/2024,CONSULTA ESPECIALIZADA,Medellín,Corredor,20,3,635000,556000,Aprobado,0
REC-001288,POL-007590,2022-06-06,2022-06-06,2022/06/23,Vidrios,,Call center,20,2,10654000,,Pagado parcial,0
REC-000293,POL-003364,2024-11-23,2024-11-30,2024-12-05,Colisión  ,  Cúcuta,App,15,2,3430000,3099000,Aprobado,0
REC-002621,POL-005639,2023-06-23,2023/06/25,2023-06-29,Colisión,Bogotá,call center,9,6,9905000,,Aprobado,0
REC-000239,POL-000610,2023-01-10,2023/01/14,20/01/2023,vidrios,Medellín,Oficina,21,,5377000,5143000,Aprobado,0
REC-003255,POL-000190,09/06/2025,2025-06-15,2025-06-24,  Daños eléctricos,Cúcuta,Call center,10,8,2221000,2136000,APROBADO,0
REC-002714,POL-006482,16/07/2024,2024/07/20,08/08/2024,medicamentos,Bogotá,Call center,14,4,1767000,1740000,Aprobado  ,0
REC-003146,POL-006867,12/08/2024,2024-08-14,31/08/2024,Incendio,Bogotá,Oficina,18,10,53200000,45536000,Aprobado,0
REC-003279,POL-000134,2022/04/26,2022/04/29,2022-05-14,Vidrios,Bogotá,Call center,3,3,13918000,9083000,Pagado parcial,1
REC-000411,POL-007805,2021-11-25,2022/12/31,28/01/2023,Medicamentos,Cartagena,Oficina,16,3,3608000,3244000,Aprobado,0
REC-000414,POL-006387,2023/02/27,2023/03/04,2023-03-07,Robo,BOGOTA,Oficina,15,6,10385000,10155000,Aprobado,0
REC-000837,POL-004063,07/10/2022,08/10/2022,2022-10-21,Colisión,Medellín,App,14,10,1985000,0,Rechazado,N
REC-000073,POL-000372,2022/08/01,04/08/2022,23/08/2022,Colisión,Bogotá,Call center,12,7,7213000,0,Rechazado,0
REC-002341,POL-002942,11/07/2023,2023/07/11,2023-07-13,Daño a terceros,Barranquilla,Call center,19,,4662000,4605000, Aprobado ,0
REC-002717, POL-000670 ,04/10/2021,,20/10/2021,Cirugía,Manizales,APP,8,7,6757000,6552000,Aprobado,0
REC-000661,POL-005222,2022-05-27,06/06/2022,2022-06-11,Consulta especializada  ,Cartagena,Oficina,16,5,1213000,0,Rechazado,false
REC-000327,POL-001114,2025-09-28,30/09/2025,29/10/2025,DANO A TERCEROS,  Cali,Corredor,13,3,2739000,2526000,Aprobado,0
REC-002499,POL-000677,2024-12-08,13/12/2024,2024/12/19,Daño a terceros,Medellín,Oficina,8,5,2539000,0,Rechazado,0
REC-002012,POL-008100,22/12/2024,2024/12/23,08/01/2025,Colisión,Cartagena,Call center,15,3,2063000,1801000,Aprobado,0
REC-002107,POL-006223,INVALID_DATE,2024/06/14,21/06/2024,Vidrios,Cúcuta,Call center,16,6,5155000,4996000,Aprobada,0
REC-004115,POL-001861,2021-11-28,2021-11-28,2021/12/07,Incapacidad,Cali,Corredor,12,5,12803000,11346000, Aprobado ,0
REC-003139,POL-004063,21/11/2021,2021-11-21,18/12/2021,Colisión,MEDELLÍN,Call  center,20,8,2465000,0,Rechazado,NO
REC-002075,POL-003570,2024/09/01,05/09/2024,2024-09-24,Cirugía,Bta,Call center,13,5,12045000,10785000,Aprobado,0
REC-001438,POL-008202,23/11/2023,,2023/12/02,Hospitalización,Pereira,App,14,4,10003000,8621000,Aprobado,0
REC-003241,POL-000819,02/09/2022,2022-09-02,07/10/2022,Incendio,Barranquilla,App,13,2,37695000,0,Rechazado,1
REC-001134,POL-004305,2025-04-17,18/04/2025,2025-04-26,Colisión,  Medellín,Oficina,13,7,4059000,3557000,Aprobado,0
REC-001602,POL-000848,2021-04-24,2021/04/29,2021-05-20,Consulta especializada,Pereira,App,15,,3585000,0,Rechazado,0
REC-003267,POL-007868,30/01/2022,2022/02/02,2022-02-21,Medicamentos,Bogotá,App,15,3,1633000,1496000,Aprobado,0
REC-002262,POL-004577,2024-08-26,2024/09/03,2024-09-07,Daño a terceros,Bogotá,APP,16,5,1257000,1182000,Aprobado,0
REC-001895,POL-006041,2021-10-04,17/10/2021,2021/10/22,Cirugía,Bogotá,Corredor,12,5,7330000,6436000,  Aprobado,0
REC-003981,POL-001065,02/05/2025,2025-05-06,2025-05-10,Consulta especializada,Bogotá,call center,8,10,7111000,6920000,Autorizado,0
REC-002509,POL-002962,2024/10/31,2024-10-31,INVALID_DATE,Robo,Cartagena,Corredor,16,4,9224000,8038000,Aprobado,0
REC-000047,POL-006350,2022/09/13,14/09/2022,2022-10-03,Hospitalización,Bogotá,App,18,7,5411000,4972000,Aprobado,N
REC-001097,POL-000630,2023-12-09,2023/12/09,13/12/2023,Consulta especializada,Medellín,Call center,15,8,6421000,6274000,Aprobado  ,0
REC-001356,POL-004812,2024/12/11,2024-12-16,2024-12-19,Cirugía,,Oficina,11,4,8346000,0,Rechazado  ,0
REC-003439,POL-004302,2023-03-13,2023/03/18,2023/05/06,ROBO,Bogotá,Call center,12,2,19950000,18691000,Aprobado,SI
REC-002193,POL-006249,2024/07/21,21/07/2024,2024/07/31,Daño a terceros,Medellín,App,11,2,2055000,660000, Pagado parcial ,0
REC-002265,POL-000917,2023-05-03,05/05/2023,2023/05/26,  Enfermedad grave,Santa Marta  ,App,1,3,54738000,48899000,Aprobado,0
REC-001987,POL-007094,2022-03-30,01/04/2022,2022-05-04,CONSULTA ESPECIALIZADA,Barranquilla,Oficina,14,6,4062000,3539000,Aprobado,0
REC-004072,POL-005843,17/09/2023,,28/10/2023,Cirugía  ,Cali,Call center,8,5,7484000,5028000,Pagado parcial,NO
REC-001447,POL-007766,2022/05/08,2022/05/15,2022/06/08,Colisión,Cartagena,App,9,7,2831000,2786000,Aprobado,0
REC-003456,POL-003345,13/02/2025,2025/02/19,2025-03-13,COLISIÓN,,App,17,6,1516000,965000,Pagado parcial,N
REC-004090,POL-001561,15/12/2021,,21/12/2021,Colisión,MEDELLIN,Oficina,10,7,2362000,2084000,Aprobado,0
REC-003701,POL-005301,16/12/2024,23/12/2024,2024/12/25,Daño a terceros,Pereira,Oficina,10,9,3144000,2745000,Aprobado,0
REC-003855,POL-004695,2022-04-24,2022-04-30,2022/05/05,Inundación,Cali,App,10,4,2213000,2133000,Aprobado,0
REC-000233,POL-005801,2024-09-09,2024-09-11,2024/09/26,Daño a terceros,Barranquilla,Oficina,12,9,2336000,2273000,Aprobado,0
REC-002532,POL-005643,2025-05-09,2025/05/19,23/05/2025,Vidrios,Bogotá,Corredor,21,7,2142000,2057000,Aprobada  ,0
REC-002823,POL-006086,2022/09/25,2022-09-27,28/10/2022,Consulta especializada  ,Bogotá,Oficina  ,18,7,379000,0,Rechazado,0
REC-001844,POL-004810,2021-11-20,27/11/2021,2021/12/15,Medicamentos,,Corredor,20,3,9802000,3664000,Pagado parcial,NO
REC-000287,POL-007466,2022-09-06,07/09/2022,2022-09-17,Daños eléctricos,Pereira,Corredor,12,4,10108000,9477000,Aprobado,0
REC-003828,POL-005732,2025/09/12,12/09/2025,,  Vidrios,Cúcuta,Call center,7,6,1783000,,En revisión,0
REC-001194,POL-006596,28/07/2023,2023/08/02,11/08/2023,Colisión,Pereira,Corredor,9,7,4160000,3730000,Aprobado,0
REC-000796,POL-003522,2024-03-07,07/03/2024,2024/03/11,CONSULTA ESPECIALIZADA,Cartagena,OFICINA,6,6,5624000,0,Rechazado,0
REC-000668,POL-007063,2025-07-24,28/07/2025,26/08/2025,  Consulta especializada,Bogotá,Call center,21,5,12000000,10896000,aprobado,0
REC-002678,POL-002086,2025-07-23,25/07/2025,2025-07-30,Daño a terceros,Bucaramanga  ,  Oficina,15,4,8027000,7512000,Aprobado,0
REC-002186,POL-005574,2024-07-24,25/07/2024,2024-08-12,Hospitalización,Pereira,Call center,13,4,6076000,5756000,autorizado,0
REC-002702,POL-001653,2025/10/13,2025-10-13,,Colisión,Santiago de Cali,App,22,8,7491000,,En revisión,0
REC-000923,POL-000530,2025-04-22,22/04/2025,2025-05-08,Daño a terceros,Cali,App,13,3,1130000,1052000,APROBADO,0
REC-000202,POL-000271,2025-04-15,16/04/2025,19/04/2025,Robo,Bogotá,App,10,10,36100000,34349000,Aprobado,0
REC-002643,POL-007554,2025-04-26,2025-05-20,14/10/2025,Robo,Pereira,Call center,9,2,16809000,16461000,Aprobado,1
REC-001708,POL-000114,,2024-03-16,19/03/2024,Medicamentos,  Bogotá,App,19,10,4648000,1922000,PAGADO PARCIAL,0
REC-000666,POL-005166,2021-08-20,2021/08/20,,Consulta especializada,,App,19,10,4127000,0,Rechazado,0
REC-000331,POL-007339,2022-07-08,2022-07-09,2022-07-13, Cirugía ,Medellín,Call  center,12,10,23104000,23080000,APROBADO,0
REC-003977,POL-004961,05/02/2024,06/02/2024,2024-02-08,Colisión,Cartagena,Oficina,18,6,2833000,2664000,APROBADO,0
REC-003101,POL-001691,2022-01-01,2022-01-01,06/01/2022,Medicamentos,Bogotá,App,11,4,9236000,8206000,Aprobado,No
REC-003705,POL-001971,31/05/2023,2023/06/03,2023/06/14,Robo,Bogotá,Oficina,13,10,-19658000,17699000,APROBADO,0
REC-003423,POL-007878,2023-03-05,2023-03-05,11/03/2023,Vidrios  ,Bogotá,Call center,19,4,5382000,4889000, Aprobado ,0
REC-000583,POL-004518,2025-06-20,22/06/2025,2025/07/02,ROBO,CUCUTA,call center,9,4,9879000,5778000,Pagado parcial,0
REC-002205,POL-007805,2022-09-24,INVALID_DATE,2022-10-09,Consulta especializada,Cartagena,Corredor,13,4,1747000,1552000,Aprobado,0
REC-002685,POL-002644,2023-07-03,2023-07-20,2023-07-26,Consulta especializada,Manizales,Call center,16,9,3932000,3798000,APROBADO,0
REC-000368,POL-006578,2025/05/17,2025-05-19,2025/06/08,Colisión,Barranquilla,Call center,10,4,1583000,1486000,Aprobado,N
REC-003836,POL-007005,2024-01-23,2024/01/31,05/02/2024,Dano a terceros,Santa Marta,Call center,19,7,1112000,557000,Pagado parcial,0
REC-002340,POL-006025,2022-09-30,2022-10-02,05/10/2022,Consulta especializada,Santiago de Cali,APP,25,4,2009000,1714000,Aprobado,0
REC-004216,POL-004848,2025-07-06,08/07/2025,2025-07-20,Medicamentos,Bucaramanga,Corredor,17,3,1619000,0,Rechazado,0
REC-000731,POL-003727,2022/12/03,08/12/2022,2022-12-12,Colisión,Cartagena  ,App,20,7,3929000,2574000,Pagado parcial,0
REC-001285,POL-004105,2021/09/01,2021-09-03,2021-09-10,Cirugía,Manizales,Call center,10,,15162000,13937000,Aprobado,0
REC-000430,POL-008142,27/11/2023,2023/11/28,2023-12-01,Robo,Cartagena,App,13,8,18467000,16639000,Aprobado,0
REC-004151,POL-006976,07/04/2024,2024-04-13,2024-05-08,Colisión,  Medellín,Oficina,8,1,4218000,4051000,Aprobado,0
REC-001422,POL-001485,2023/09/29,30/09/2023,2023-10-10,Daño a terceros,Bogotá,Corredor,13,7,893000,822000,Aprobado,NO
REC-004083,POL-005651,2023/02/19,07/03/2023,15/03/2023,Robo,Medellín,App,18,8,20116000,17989000,Aprobada,NO
REC-002118,POL-007377,26/05/2024,2024-05-28,2024-06-18,Colisión,Cali,Call center,13,7,4071000,0,rechazado,0
REC-000446, POL-000453 ,2025/01/29,2025/01/29,2025-02-24,Vidrios,Manizales,App,15,2,3690000,3493000,Aprobado,0
REC-002367,pol-000052,2024-01-27,2024-01-28,2024-02-03,Consulta especializada,Bogotá,Oficina,15,8,1292000,1245000,Aprobado,0
REC-000985,POL-003511,31/08/2024,2024-09-03,2024-09-12,Vidrios,Cali,Oficina,12,1,3061000,3028000,Aprobado  ,0
REC-002060,POL-003510,2024-04-13,2024-04-14,2024-04-28,Consulta especializada,Barranquilla,APP,13,6,1548000,1041000,Pagado parcial,0
REC-000835,POL-002492,15/12/2023,2023-12-15,2023/12/29,Hospitalización,CARTAGENA,APP,7,6,,1929000,Aprobado,0
REC-003296,POL-007140,2025-07-04,2025-07-08,2025-07-20,Consulta especializada,CALI,Call center,13,8,3485000,2993000,Aprobado,0
REC-001449,POL-002000,24/02/2025,2025-03-03,2025-03-11,Colisión,Bogotá,APP,15,6,3321000,1547000,Pagado parcial,0
REC-004005,POL-003936,2022/02/04,2022-02-06,2022-02-19, Colisión ,  Bogotá,Corredor,13,3,8526000,7732000,Aprobado,0
REC-000026,POL-007581,2022/12/30,31/12/2022,2023-01-24,Consulta especializada,MEDELLÍN,App,5,2,1197000,1031000,Aprobado,0
REC-002424,POL-006180,2024-01-10,15/01/2024,2024-01-20,Colisión,Pereira,Call center,21,5,6734000,3875000,Pagado parcial,0
REC-004276,POL-005689,2023-06-30,2023/06/30,2023-07-06,Daño a terceros,Cartagena,Call center,14,7,3283000,2906000,Aprobado,0
REC-003517,POL-007442,2024/08/02,02/08/2024,05/08/2024,Daño a terceros,Medellín,Oficina,17,7,4557000,4293000,  Aprobado,0
REC-003461,POL-000704,2022/06/02,2022-06-10,2022-06-15,Hospitalización,,Call center,7,2,3044000,2621000,Aprobado,0
REC-003579,POL-002626,2025-01-10,2025-01-11,20/01/2025,Colisión,Sta. Marta,Corredor,18,8,942000,461000,Pagado parcial,0
REC-002928,POL-007689,2022/02/01,,20/03/2022,Consulta especializada,BOGOTA,Oficina,6,2,2960000,2661000,Aprobado,0
REC-004058,POL-004499,2024-05-20,2024/06/03,17/07/2024,  Medicamentos,PEREIRA, Call center ,14,8,1195000,412000,pagado parcial,No
REC-002355,POL-007145,2025-10-19,22/10/2025,2025-11-06,Consulta especializada  ,Pereira,Oficina,13,3,664000,601000,Aprobado,0
REC-001082,POL-002706,20/12/2025,2025/12/22,2025-12-31,cirugía,Cúcuta,App,14,6,7919000,7090000,Aprobado,0
REC-000333,POL-005945,2022-04-21,2022-04-28,2022/05/02,Consulta especializada,Barranquilla,Call center,13,7,7750000,7566000,Aprobado,false
REC-004112,POL-004798,2023-04-05,13/04/2023,21/04/2023,Consulta especializada,BARRANQUILLA,Corredor,19,9,1278000,1238000,Aprobado  ,0
REC-004162,POL-005798,28/05/2025,04/06/2025,2025-07-03,Daño a terceros  ,Cartagena,Corredor,12,10,482000,220000,Pagado parcial,0
REC-001610,POL-004439,2025-07-19,2025-07-19,2025/07/22,Cirugía,Cúcuta,  Oficina,18,7,5679000,0,Rechazado,0
REC-004143,POL-008267,2025-10-23,27/10/2025,07/11/2025,Daño a terceros,Pereira,App,20,3,2855000,2843000,APROBADO,No
REC-000670,POL-005703,07/03/2023,11/03/2023,2023-03-13,Consulta especializada,Barranquilla,Corredor,8,5,2470000,0,Rechazado,0
REC-000335,POL-007035,2021-01-31,2021-02-18,2021-04-19,Robo,Bogotá,Call center,22,1,24700000,0,Rechazado,1
REC-002819,POL-003833,2023-11-09,12/11/2023,2023-11-18,Colisión,CARTAGENA,Corredor,8,8,2891000,2771000,Aprobado,No
REC-004238,POL-001295,2022-06-07,10/06/2022,2022-06-19,Danos electricos,Bogotá,call center,5,5,8579000,7776000,Aprobado,0
REC-002789,POL-005709,05/01/2023,05/01/2023,2023-01-12,Vidrios,Cali,Oficina,14,5,760000,695000,Aprobado,0
REC-001813,POL-006673,2025-04-02,2025-04-07,2025/04/12,Medicamentos,Bogota DC,Call center,7,8,2960000,2856000,Aprobado,0
REC-000409,POL-006919,2024/08/15,22/08/2024,31/08/2024,Consulta especializada,Medellin,APP,15,10,2603000,2292000,  Aprobado,0
REC-003584,POL-006720,2022/08/30,2022-08-30,2022-09-03,VIDRIOS,Barranquilla,CORREDOR,11,6,2911000,2694000,Aprobado,0
REC-001770,POL-000322,2022-01-20,24/01/2022,2022/02/01,Cirugía,Cali,Oficina,13,6,5785000,5746000,Aprobado,NO
REC-004024,POL-003644,2023-12-18,2023/12/22,09/01/2024,Daño a terceros,Cali,Corredor,15,,1365000,1328000,Aprobado,0
REC-003822,POL-005494,2023-04-15,2023/05/01,2023-06-26,Vidrios,bucaramanga,App,4,3,6171000,0,Rechazado,1
REC-003060,POL-000902,2025-10-27,2025-11-07,10/11/2025,ROBO,Bogotá,Call center,17,1,33776000,29527000,Aprobado,0
REC-003276,POL-007676,2023-11-16,07/12/2023,06/01/2024,Daños eléctricos,  Santiago de Cali,Corredor,4,7,7393000,0,rechazado,1
REC-003997,POL-001911,02/07/2023,2023-07-02,05/07/2023,Daño a terceros,Cúcuta,App,20,5,1953000,1730000,Aprobado,0
REC-003753,POL-005161,2023-01-01,01/01/2023,2023-01-08,Dano a terceros,Bogotá,App,11,6,2460000,0,Rechazado,0
REC-004030,POL-003650,2022-01-29,31/01/2022,2022/02/05,Daño a terceros,  Cali,App,15,5,4998000,0,Rechazado,0
REC-003524,POL-002592,21/02/2023,2023-03-05,2023-03-25,Cirugía,Barranquilla  ,App,14,6,,6453000,Pagado parcial,0
REC-000623,pol-000632,03/11/2025,2025-11-09,03/12/2025,Consulta especializada,Bogotá,Corredor,13,10,2269000,1327000,Pagado parcial,0
REC-002176,POL-007031,2024-05-03,2024/05/04,2024-05-09,Hospitalización,Bogotá,Call center,10,10,7645000,4361000,Pagado parcial,0
REC-002938,POL-005218,11/11/2025,15/11/2025,06/12/2025,Consulta especializada  ,Medellín  ,App,16,7,2375000,2350000,Aprobado  ,0
REC-004244,POL-002362,2024/04/04,2024-04-09,2024/04/13,Daño a terceros,Bogotá,Call center,12,5,4495000,4177000,Aprobado,0
REC-003553,POL-006330,08/08/2023,,24/08/2023,Daño a terceros,Barranquilla,Call center,16,6,2672000,2318000,Aprobado,0
REC-000890,POL-002046,30/09/2022,2022-10-17,12/11/2022,Daños eléctricos,Bucaramanga,Call center,12,5,34855000,0,Rechazado,1
REC-001021,POL-002548,2024-10-25,2024-11-03,2024/12/07,Colisión,  Barranquilla,App,8,4,536000,0,Rechazado,0
REC-002725,POL-003165,2024-05-04,2024-05-06,09/06/2024,Robo,Bogotá  ,Call center,4,0,0,18850000,Aprobado  ,1
REC-002215,POL-001306,06/06/2025,07/06/2025,19/06/2025,Daño a terceros,CARTAGENA,Call center,15,4,1833000,0,Rechazado,0
REC-000002,POL-007668,01/01/2022,03/01/2022,2022/01/23,Consulta especializada,Bogotá,Call center,15,5,704000,635000,Aprobado,0
REC-003798, POL-001872 ,27/04/2025,2025-04-30,2025-05-02,Colisión  ,CARTAGENA,App,12,10,6536000,5639000,Aprobado,0
REC-001284,POL-001967,28/01/2022,2022/01/29,2022-02-01,Medicamentos,Bogotá,Oficina,7,3,1513000,1415000,aprobado,0
REC-000581,POL-006883,2024/06/02,2024-06-06,2024-06-22,Medicamentos,Bogotá,App,7,8,1830000,1815000,Aprobado,0
REC-003140,POL-004615,2022-12-21,2022-12-31,2023-01-25,Daño a terceros,Bogotá,Oficina,13,2,9435000,8145000,Aprobado  ,0
REC-002944,POL-003504,2023-04-11,22/04/2023,2023/04/25,  Vidrios,Cali,Oficina,19,2,3437000,3198000,Aprobado,0
REC-000033,POL-008053,2025-08-26,2025-08-28,2025-09-09,Daño a terceros,Medellin,Call center,8,6,3823000,3561000,Aprobado,N
REC-001742,POL-001217,2023-09-28,2023-10-02,08/10/2023,Consulta especializada,Medellín,Call center,17,2,3289000,2987000, Aprobado ,0
REC-003622,POL-007391,2022/06/16,2022/06/17,2022/07/04,Colisión,Medellín  ,Corredor,15,,1482000,1261000,APROBADO,0
REC-002578,POL-000753,02/10/2025,2025-10-07,,Hospitalización,CALI,App,18,6,11722000,,En revisión,N
REC-001489,POL-004143,2022-08-20,2022-09-10,2022-09-25,Medicamentos,Medellín,App,11,6,-2283000,0,Rechazado,0
REC-003731,POL-002633,24/12/2025,2025/12/24,,Cirugía,Bucaramanga,Call center,12,5,10854000,,En revisión,0
REC-004097,POL-006540,2024/07/08,2024/07/11,28/07/2024,Medicamentos,Bucaramanga, Corredor ,20,7,3928000,2085000, Pagado parcial ,0
REC-000385,POL-002092,2021-06-13,2021-06-17,2021-07-31,Hospitalización,CARTAGENA,Corredor,15,7,8528000,8417000,Aprobado,0
REC-003020,POL-002906,2025/04/02,2025/04/11,26/04/2025,Daño a terceros,Barranquilla,Oficina,14,6,4382000,0,RECHAZADO,N
REC-004173,POL-002236,02/01/2025,19/01/2025,2025-01-23,Colisión,BOGOTA,Call center,8,6,1841000,1778000,Aprobado,0
REC-001713,POL-003265,2023-06-05,2023/06/07,13/06/2023,Medicamentos,Bogotá,App,2,2,5527000,4854000, Aprobado ,0
REC-000149,POL-003686,22/04/2024,2024-04-23,02/05/2024,Colisión,MEDELLÍN,Call center,19,4,3202000,2847000,APROBADO,0
REC-000632,POL-004186,2025/11/16,2025-11-17,,Dano a terceros,Medellín,Oficina,14,7,2895000,,En revisión,0
REC-003767,POL-005911,2025-08-16,2025-08-20,2025-08-31,Consulta especializada,  Barranquilla,Oficina,13,4,1726000,919000,Pagado parcial,0
REC-001259,POL-003643,2024-11-19,21/11/2024,2024/12/08,Hospitalización,Cali,Oficina,8,6,3448000,3093000,Aprobado,false
REC-003892,POL-008331,2024-10-03,,2024-10-28,Enfermedad grave,Barranquilla,Oficina,17,6,24196000,23873000,Aprobado,false
REC-001724,POL-004678,2024-04-15,16/04/2024,26/04/2024,Medicamentos,Cúcuta,Call center,6,5,2738000,2334000,Aprobado,No
REC-002188,POL-002289,07/09/2025,2025-09-18,,Colisión,Bogotá,App,10,,2136000,,en revisión,0
REC-003878,POL-003771,2022-04-28,2022/04/29,2022-05-15,Vidrios,Bta  ,App,8,3,9911000,8792000,Aprobado,0
REC-001646,POL-000418,2024/02/17,2024-02-23,2024-03-07,Vidrios,Bogotá,App,13,3,2255000,2056000,Aprobado,0
REC-003568,POL-007782,2025-03-16,2025-03-17,2025-03-22,Medicamentos,CALI,Call center,12,3,3498000,3020000,Aprobado,0
REC-002980,POL-003300,24/05/2022,2022/05/24,2022-05-26,ROBO,Bucaramanga, Corredor ,17,5,15271000,0,Rechazado,0
REC-001553,POL-004902,2025/12/09,INVALID_DATE,2025-12-19,Incapacidad,Bogotá,CORREDOR,12,6,29875000,13671000,Pagado parcial,0
REC-000834,POL-005800,2023-03-10,2023-03-14,16/03/2023,Incapacidad,Bucaramanga,Oficina,12,10,59001000,54441000,Aprobada,0
REC-003984,POL-001319,2025/11/29,2025-12-01,2025-12-14,Vidrios,Medellín,Oficina,9,6,3397000,0,Rechazado,0
REC-002366, POL-002150 ,09/06/2023,2023/06/11,2023-06-16,Vidrios,Cali,App,14,5,2897000,1680000,  Pagado parcial,0
REC-000843,POL-003401,17/01/2025,23/01/2025,2025-01-28,Cirugía,  Medellín,Corredor,8,4,6458000,5727000,Aprobado,0
REC-001398,POL-002436,21/11/2024,2024/11/21,2024/11/28,Daño a terceros,Medellín  ,Call center,16,6,7748000,7609000,Aprobada,NO
REC-000949,POL-006889,2025-10-18,2025-10-19,2025-10-25,  Consulta especializada,,Call center,15,5,971000,0,Rechazado,false
REC-002640,POL-008149,2025-06-26,2025/07/01,2025-07-03,Colisión  ,Bogotá,Call center,17,5,2167000,1887000,Aprobado,0
REC-003209,POL-006301,2023-11-19,19/11/2023,23/11/2023,daño a terceros,Pereira, App ,16,4,6126000,6042000,Aprobado,0
REC-003494,POL-006170,08/10/2023,2023/10/20,2023-11-03,Consulta especializada,Cali,Oficina,19,2,2045000,1908000,Aprobado,0
REC-000636,POL-000662,15/08/2022,21/08/2022,2022-08-23,Medicamentos,  Bta,Corredor,18,5,3176000,2749000, Aprobado ,0
REC-002065,POL-006020,2024-12-11,2024/12/14,2024-12-29,Hospitalizacion,Cali,Corredor,20,4,4687000,4613000,Aprobado,false
REC-001223,POL-008081,03/09/2025,2025-09-04,,Cirugía,Bogotá,Call center,13,7,3776000,,En revisión,0
REC-002746,POL-000073,2024/11/05,2024/11/10,14/11/2024,Daño a terceros,Pereira,Corredor,10,9,2101000,1902000,Aprobado,N
REC-001306,POL-007516,2025/07/07,08/07/2025,2025-07-16,colisión,Medellín,Call center,9,5,,2185000,Autorizado,0
REC-002041,POL-001325,2022-06-20,2022-06-22,2022-06-26,Consulta especializada,Bogotá  ,App,18,2,5192000,4417000,Aprobado,0
REC-002182,POL-001484,2023-08-27,2023-08-27,2023-08-30,Inundación,pereira,App,12,8,3476000,3093000,Aprobado,0
REC-002636,POL-003122,2023-10-31,2023-11-27,2023/12/04,Consulta  especializada,CALI,App,13,1,2214000,2125000,Aprobado,0
REC-003922,POL-007293,2021/06/05,06/06/2021,12/06/2021,COLISION,Bogotá,Call center,5,10,2109000,1875000,Aprobado,0
REC-000224,POL-005490,2025-07-17,21/07/2025,2025/07/31,ROBO,  Bogotá,CALL CENTER,21,7,37050000,36562000,Aprobado,0
REC-004233,POL-007767,2025-05-04,2025-05-12,2025/05/17, Consulta especializada ,Medellín,Corredor,7,4,1906000,1903000,Aprobado,0
REC-000760,POL-000236,2022-07-24,2022-07-26,2022-07-29,Consulta especializada,,App,22,6,4176000,3623000,Aprobado,0
REC-003247,POL-006564,16/06/2025,,2025/06/26,Medicamentos,Manizales,Call center,13,5,3552000,3547000,Aprobado,0
REC-002076,POL-000691,2024-02-18,2024-02-21,2024-03-03,Colisión,Bucaramanga,  Corredor,12,4,3658000,3458000, Aprobado ,0
REC-002895,POL-007680,2024-05-26,2024-05-26,2024-06-04,Daño a terceros,BOGOTÁ,App,0,5,1626000,1504000,Aprobado,0
REC-003511,POL-001236,07/06/2024,2024/06/20,2024/07/31,Consulta especializada,Medellín  ,App,12,5,1968000,1848000,APROBADO,0
REC-001009,POL-001676,2025-10-04,06/10/2025,2025-10-23,VIDRIOS,Pereira,Call center,10,5,-2252000,2212000,Aprobado,0
REC-001684,POL-005298,2021-11-21,21/11/2021,12/12/2021,Robo,Pereira,Oficina,9,9,11096000,9471000,Aprobado,false
REC-003978,POL-000329,2024-11-27,2024/12/01,2024-12-16,Inundación,Pereira,Oficina,12,5,1238000,1067000,Aprobado,NO
REC-003914,POL-006924,10/09/2021,2021-09-10,2021-09-29,Colisión,Medellin,App,14,8,9353000,0,Rechazado,0
REC-001346,POL-005931,2021-03-07,2022/04/17,2022-05-22,Colisión,Bogotá,App,10,8,,1968000,Aprobado,0
REC-002399,POL-008392,2025-12-14,2025-12-14,,Daño a terceros, Manizales ,Call center,15,3,2203000,,En revisión,0
REC-003767,POL-005911,2025-08-16,2025-08-20,2025-08-31,Consulta especializada,  Barranquilla,Oficina,13,4,1726000,919000,Pagado parcial,0
REC-000339,POL-002755,27/02/2025,01/03/2025,2025-03-05,Consulta especializada,Medellín,  Call center,13,4,4991000,4252000,Aprobado,0
REC-002252,POL-004500,2024-10-02,04/10/2024,2024-10-19,Robo,Medellín,Corredor,7,3,4797000,4352000,Aprobado,0
REC-003224,POL-001790,2022-12-09,2022/12/16,2022/12/19,Vidrios,Bogotá,Oficina,19,1,1100000,0,Rechazado,0
REC-003426,POL-003948,2024-04-14,2024-04-18,2024-04-21,Daño a terceros, Cartagena ,App,16,2,1857000,1793000,Aprobado,0
REC-000146,POL-004106,08/01/2023,2023/01/08,03/02/2023,Colisión,Cúcuta,Call  center,13,5,3903000,3826000,Aprobado,0
REC-001809,POL-007456,2023-09-22,2023-09-24,2023-09-27,Robo,MEDELLIN,App,18,3,33250000,0,Rechazado,0
REC-000221,POL-001388,2025-09-21,22/09/2025,2025-10-05,Colisión,Barranquilla,Oficina,16,6,4425000,2306000,Pagado parcial,0
REC-000256,POL-001957,11/06/2025,2025/06/14,2025-07-02,Vidrios,Bucaramanga,Call center,18,2,1473000,1422000,Aprobado,0
REC-001836,POL-001061,17/07/2025,21/07/2025,31/07/2025,Hospitalización,Bogotá,Call center,14,3,6215000,5873000,Aprobado,0
REC-001711,POL-003523,2025-09-24,27/09/2025,,Consulta especializada,Bogotá,Call center,16,7,3525000,,En  revisión,0
REC-000071,POL-001011,28/10/2023,2023/11/04,INVALID_DATE,Daños eléctricos,Cartagena,Corredor,13,6,3093000,1373000,Pagado parcial,0
REC-002658,POL-007630,2022-05-12,2022-05-13,2022/05/29,Colisión,Bucaramanga,Call center,17,6,2621000,2518000,Aprobado,NO
REC-001266,POL-002514,30/08/2024,2024-08-31,2024-09-15,Consulta especializada,Cucuta,Corredor,16,6,2305000,2043000,Aprobado,0
REC-000926,POL-001245,2024-01-14,2024-01-18,2024/02/22,Robo,Bogotá,Call center,1,4,4920000,0,Rechazado,1
REC-000917,POL-002741,,05/11/2024,2024-11-12,Incapacidad,Manizales,Call center,15,3,12350000,0,Rechazado,0
REC-003571,POL-000233,24/11/2024,2024-11-24,2024-12-14,Colisión,Barranquilla,Call center,2,5,7190000,0,Rechazado,0
REC-002031,POL-002901,24/05/2025,27/05/2025,2025-06-12,Hospitalización,PEREIRA,Corredor,10,10,7316000,7199000,APROBADO,0
REC-000340,POL-004846,2024/02/20,2024/02/21,2024/03/09,Fallecimiento,MEDELLÍN,Call  center,10,8,87465000,75234000,Aprobado,0
REC-003488,POL-008030,2024/02/23,08/03/2024,2024-03-27,Colisión,  Bogotá,Call center,11,4,4752000,4460000,Aprobado,0
REC-003160,POL-007629,09/11/2023,09/11/2023,2023-11-15,HOSPITALIZACIÓN,Bogota DC,OFICINA,17,8,5174000,3079000,Pagado parcial,0
REC-000535,POL-002022,2022/06/17,2022-07-02,2022/07/15,Vidrios  ,Bogotá,Corredor,17,6,1508000,0,  Rechazado,0
REC-001569,POL-006889,2025-08-24,2025-08-29,2025/09/05,Consulta especializada,Manizales,App,20,10,3871000,0,Denegado,0
REC-001506,POL-001322,2025-06-24,26/06/2025,13/07/2025,Consulta especializada,CALI,Oficina,14,3,2129000,1873000,Aprobado,0
REC-004271,POL-005769,2023-07-29,2023-07-30,2023-08-14,Vidrios,bogotá,oficina,8,6,1734000,1630000,  Aprobado,false
REC-001732,POL-008350,2025/09/29,2025-10-01,2025-10-07,Colisión,Manizales,Call center,8,8,2123000,1893000,Aprobado,0
REC-001869,POL-001757,2025-01-14,15/01/2025,23/01/2025,Robo,Cali,Call center,12,5,57404000,49516000,APROBADO,0
REC-001408,POL-007735,05/07/2025,02/08/2025,2025-08-27,Vidrios,Medellín,Corredor,19,3,12057000,11454000,APROBADO,1
REC-003531,POL-001905,2024-01-03,2024-01-07,2024-01-09,consulta especializada,Cali,Call center,14,3,1197000,1046000,  Aprobado,0
REC-000135,POL-003332,2024/02/08,09/02/2024,2024/02/12,Daños eléctricos, Barranquilla ,App,2,4,1028000,1017000,Aprobado,0
REC-000956,POL-004297,2025-11-20,22/11/2025,14/12/2025,Consulta especializada,Bogota, Oficina ,15,3,3582000,3296000,Aprobado,0
REC-000093,POL-003901,,2024/09/20,2024-09-22,Robo,Cali  ,Oficina  ,9,1,26692000,25702000,Aprobado,0
REC-000199,POL-007560,2024-09-07,2024/09/07,2024-09-17,colisión,Cartagena de Indias,App,10,8,5253000,2858000,Pagado parcial,0
REC-003773,POL-001528,2025-06-22,2025-06-22,2025-06-27,Colisión,Bogotá,App  ,5,5,2998000,2944000,APROBADO,0
REC-003962,POL-002108,28/01/2023,2023-01-31,2023/02/12,Hospitalización,Cali,Oficina,12,5,2106000,0,Rechazado,0
REC-000008,POL-002016,2023-01-30,2023-02-01,2023-02-04,Daño a terceros,MEDELLÍN,App,10,3,2779000,2693000,Aprobado,0
REC-000979,POL-008131,2023-01-29,2023/02/05,2023-03-28,Robo,,Corredor,16,,9473000,8812000,Aprobado,No
REC-001326,POL-007149,2022-08-13,2022-08-18,2022-08-31,CIRUGIA,Cartagena, Corredor ,8,4,,2991000,Aprobado,0
REC-004166,POL-006512,05/03/2022,12/03/2022,2022-03-18,Hospitalización,Cartagena,Call center,9,4,19711000,17763000,Aprobado  ,false
REC-002861,POL-001438,30/01/2024,2024/02/05,2024-02-07,Cirugía,Bogotá,App,23,6,9099000,8926000,Aprobado,0
REC-003676,POL-008103,2021-04-19,2021/04/22,08/05/2021,Daños eléctricos,Barranquilla,App,18,3,9152000,8841000,Aprobado,1
REC-000695,POL-005581,2025-06-28,2025-07-02,06/07/2025,Vidrios,Cali,Corredor,23,3,17436000,16159000,Aprobado,0
REC-001743,POL-007178,01/12/2023,2023-12-01,2023-12-20,Colisión,Medellín,call center,14,6,4518000,4103000,Aprobado,0
REC-002198,POL-001658,2021/10/26,2021/10/31,2021-11-07,Hospitalización,Cali,App,12,9,3734000,1707000,Pagado parcial,false
REC-003445,POL-005276,03/07/2024,,08/07/2024,Colisión,BOGOTA,Call center,12,9,5348000,5036000,AUTORIZADO,0
REC-001570,POL-008392,2025-08-30,2025-09-04,,Daño a terceros,Bogotá,  Oficina,15,,943000,,En revisión,0
REC-002370,POL-000807,2021/12/27,2021-12-31,2022/01/05,Consulta especializada,CARTAGENA,Call center,18,6,2943000,2884000,Aprobado,0
REC-000970,POL-007638,2023-11-13,2023/11/14,2023/11/18,Robo,Pereira,Corredor,16,,15132000,14255000,Aprobado,NO
REC-001389,POL-000858,2022-08-18,2022/08/18,2022-08-29,Colisión, Cali ,Call  center,14,6,3778000,3641000,Aprobado,0
REC-002762,POL-006162,12/06/2025,2025/06/16,18/06/2025,Colisión,Barranquilla,Corredor,11,6,4691000,4407000,Aprobado,0
REC-002365,POL-004602,2025-05-23,29/05/2025,10/07/2025,Incapacidad,Santa Marta,CALL CENTER,19,2,96239000,82305000,Aprobado,1
REC-000900,POL-001038,2025-04-07,09/04/2025,2025/04/17,  Daño a terceros,Bogotá,Oficina,9,4,10822000,5287000,Pagado parcial,0
REC-003067,POL-001440,06/06/2024,16/06/2024,2024/06/22,Robo,SANTA MARTA,App,18,7,6642000,4026000,Pago parcial,0
REC-002534,POL-007720,2024/04/09,,2024-04-22,Medicamentos,Bucaramanga,Call center,10,6,1213000,1097000,Aprobado,0
REC-000462,POL-002628,2024-08-16,2024-08-25,2024-08-30,Enfermedad grave,Barranquilla,Oficina,15,4,51221000,0,Rechazado,0
REC-001942,POL-000994,2024-12-19,15/01/2025,2025/01/31,Robo,Bogotá,Oficina,5,0,45519000,42238000,aprobado,1
REC-003251,POL-000052,2024-03-29,2024/04/07,2024-04-15,Consulta especializada,Bogotá,App,15,6,2610000,1276000,Pagado parcial,0
REC-000265,POL-000412,08/02/2024,2024-02-10,2024-03-17, Daño a terceros ,bogotá,App,5,6,5675000,0,Rechazado,0
REC-002834,POL-004640,2023/10/03,INVALID_DATE,2023-11-18,Daño a terceros,Cartagena,Oficina,3,5,40850000,17507000,Pagado parcial,Sí
REC-003514,POL-005401,2023-06-20,2023/06/21,25/06/2023,Medicamentos,Medellín,App,23,9,1115000,1051000,Aprobado,0
REC-001902,POL-006603,2023-02-13,2023-02-14,24/03/2023,Colisión,Bucaramanga  ,Oficina,7,6,17012000,,Aprobado,0
REC-003389,POL-005748,2022-06-23,2022-06-24,2022-06-26,INUNDACION,BOGOTA,Oficina,22,6,921000,798000,Aprobado,false
REC-003295,POL-003127,2024-05-21,2024/05/21,24/05/2024,Vidrios,SANTA MARTA,App,12,2,1911000,1689000,Aprobado,N
REC-003119,POL-003214,2025-01-12,2025-01-22,2025/01/29,Enfermedad grave,Medellín,Oficina,7,6,55063000,54478000,Aprobado,0
REC-001803,POL-000852,2022-03-16,,2022-03-22,colisión,Bogotá,Oficina,14,5,1918000,1755000,Aprobado,0
REC-002185,POL-000632,2025/06/04,2025-06-11,13/07/2025,Consulta especializada,Bogotá,Call center,3,7,2055000,1832000,Autorizado,0
REC-003451,POL-005211,2022-01-06,2022-01-07,2022/01/22,Colisión,medellin,Call center,17,5,4641000,4538000,Aprobado,0
REC-003311,POL-002188,21/08/2024,31/08/2024,2024/09/15,Incapacidad,Manizales,Call  center,10,6,92519000,84237000,Aprobado,0
REC-002894,POL-001137,2025-01-06,2025-01-06,2025-01-08,Hospitalización,Medellín,Call center,6,5,2915000,2910000,Aprobado,false
REC-000737,POL-004553,2024-11-02,03/11/2024,2024-11-19,Cirugía,Cartagena,Call center,5,9,2313000,0,Rechazado,0
REC-002659,POL-004606,2025-05-23,2025-05-24,2025/06/14,Hospitalización, Cali ,App,14,5,2814000,2771000,Aprobado,0
REC-000114,POL-004590,09/11/2024,23/11/2024,24/12/2024,Colisión,Bucaramanga,APP,14,6,9346000,8531000,Aprobado,0
REC-004021,POL-000622,2025/10/07,2025-10-12,04/11/2025, Consulta especializada ,Bogotá D.C.,App,10,7,720000,651000,Aprobado,0
REC-003976,POL-005114,2025-10-02,2025/10/06,,Colisión,Manizales,App,15,7,2609000,,en revisión,0
REC-001978,POL-004295,2024-07-23,2024/07/23,26/07/2024,Consulta especializada,Bogotá,Call center,10,4,2015000,1966000,Aprobado,0
REC-003470,POL-007250,2024-03-15,17/03/2024,26/03/2024,MEDICAMENTOS,Cartagena,Corredor,23,6,2255000,0,Rechazado,0
REC-003871,POL-000129,2022-03-23,2022-03-25,2022-03-27,Consulta especializada,Cúcuta,App,11,9,928000,0,Rechazado,0
REC-002116,POL-002377,18/07/2022,,2022-08-16,Vidrios,Cartagena,Call center,10,2,4945000,1672000,Pagado parcial,0
REC-000372,POL-000095,14/08/2025,2025-08-18,28/08/2025,Robo,Pereira, Call center ,9,10,17394000,17282000,Aprobado,0
REC-002681,POL-008210,2022/06/17,2022/06/21,,cirugía,Pereira,App,17,10,7385000,6507000,Aprobado,0
REC-000879,POL-001612,27/03/2024,2024-04-03,2024-04-23,Medicamentos,Bogotá,App,17,4,2286000,2129000,Aprobado,0
REC-002544,POL-002194,2023-09-19,2023-09-25,2023-10-09,Robo,Bogotá,  Call center,12,6,8997000,8836000,Aprobado,0
REC-003986,POL-000404,2024-04-22,2024/04/23,2024-05-02,Colisión,Bogotá,App,11,3,,2026000,APROBADO,0
REC-003947,POL-007341,13/12/2024,2024-12-14,2024-12-21,Medicamentos,Bogotá,App,14,9,2831000,2691000,Aprobado,0
REC-003025,POL-007543,2024-12-05,2024-12-13,2024-12-20,Hospitalizacion,Medellín,Call center,0,6,2991000,1769000,Pagado parcial,0
REC-000309,POL-003937,2022/05/30,31/05/2022,02/06/2022,Consulta especializada,Bogotá  ,Call center,18,10,645000,441000,PAGADO PARCIAL,0
REC-000713,POL-002245,2021/09/20,2021-09-23,2021/09/29,Cirugía,Cali,Oficina,12,9,10491000,10148000,Aprobado,0
REC-001274,POL-008150,2025-10-21,2025-10-29,2025/11/01,Colisión,Cali,App,18,5,2282000,2202000,APROBADO,0
REC-001161,POL-001345,02/08/2022,2022-08-03,2022-08-14,Medicamentos,Bogotá,App,16,10,2333000,2154000,Aprobada,0
REC-003555,POL-007941,2023-02-02,2023-02-08,,Colisión,BTA,Call center,15,4,11368000,9991000,Aprobado,0
REC-001251,POL-003758,10/02/2023,17/03/2024,2024/03/19,Cirugía,Bogotá,Corredor,14,9,4227000,2324000,PAGADO PARCIAL,0
REC-003216,POL-007397,09/12/2022,09/12/2022,16/12/2022,Vidrios,BOGOTA,App,10,4,2944000,2807000,Aprobado,0
REC-000717,POL-005964,2023-03-27,27/03/2023,2023-04-08,Vidrios,BOGOTÁ,Oficina,12,3,3838000,3403000,Aprobado,N
REC-002386,POL-006684,2025-08-09,2025-08-15,2025-09-07,Daño a terceros,Pereira,  Call center,15,5,3776000,3710000,Aprobado  ,0
REC-000205,POL-006359,2022-02-07,,12/02/2022,Medicamentos,Bogotá,Corredor,17,10,1500000,1294000,Aprobado,false
REC-001753,POL-002927,29/12/2023,2023-12-31,09/01/2024,Hospitalización,Sta. Marta,Call center,14,2,17807000,16291000,Aprobado,0
REC-004120,POL-008268,2021-08-28,2021-08-29,08/09/2021,Consulta especializada,Barranquilla,App  ,19,7,1583000,0,Rechazado,0
REC-002142,POL-001352,17/11/2023,2023-11-17,07/12/2023,Hospitalización,Bta,Oficina,12,8,0,2945000,Aprobado,0
REC-001997,POL-003557,2025-09-30,2025-09-30,,Medicamentos,Bogotá,Call center,11,5,11181000,,En revisión,0
REC-002962,POL-006371,2024-09-22,2024/09/22,INVALID_DATE,Vidrios,Barranquilla,app,9,5,2102000,2097000,Aprobado,0
REC-002043,POL-001181,30/08/2025,2025/09/04,,Consulta especializada,Manizales,Call  center,20,,2010000,,  En revisión,0
REC-001529,POL-005522,2023/10/10,2023-10-21,06/11/2023,Daño a terceros,Bucaramanga,App,2,,15915000,8340000,Pagado parcial,1
REC-004051,POL-005276,2024-10-09,2024/10/12,03/11/2024,  Daño a terceros,BOGOTA,App,10,4,11158000,10292000,Aprobado,0
REC-000872,POL-002538,2022-01-13,2022-01-14,2022/02/17,Consulta especializada,Bogota,Call center,5,1,5158000,0,Rechazado,1
REC-002289,POL-002275,2022-09-21,2022/09/27,25/10/2022,Inundación,Barranquilla,  Corredor,19,4,3467000,3270000,Aprobado,0
REC-001249,POL-002997,14/06/2023,2023-06-14,2023-06-19,DANO A TERCEROS,Medellin,Oficina,12,2,6069000,6060000,Aprobado,0
REC-002052,POL-004971,INVALID_DATE,2024/09/06,2024-09-30,Colisión, Barranquilla ,Oficina,5,3,997000,955000,Aprobado,0
REC-002734,POL-000173,2025-02-11,11/02/2025,2025-02-21,Robo,  Bogota DC,Call center,13,6,11061000,0,Rechazado,NO
REC-000334,POL-007263,29/01/2021,2021-01-30,2021/02/24, Inundación ,Cali,Call center,18,10,14147000,13196000,Aprobado,0
REC-003241,POL-000819,02/09/2022,2022-09-02,07/10/2022,Incendio,Barranquilla,App,13,2,37695000,0,Rechazado,1
REC-002686,POL-005622,08/01/2022,08/01/2022,18/01/2022,Cirugía,Cali,Oficina,16,8,4950000,8704165,Aprobado,0
REC-000452,POL-001972,02/12/2024,2024/12/06,19/12/2024,Medicamentos,Bogotá,App,10,5,1639000,1629000,Aprobado,No
REC-000910,POL-002480,2025/08/08,2025-08-09,2025/08/17,Daño a terceros,Cartagena de Indias,Corredor,19,2,6006000,5172000,Aprobado,0
REC-004153,POL-003890,2025-12-08,2025-12-10,,Colision,  Cúcuta,APP,12,3,2492000,,En revisión,0
REC-002375,POL-005306,2024/10/02,07/10/2024,2024-10-19,Hospitalización,Medellín,App,17,4,4324000,4288000,Aprobado,0
REC-000526,POL-003277,18/07/2025,19/07/2025,28/07/2025,Consulta especializada,Bogotá,Call center,18,6,8619000,3060000,Pago parcial,0
REC-004204,POL-000841,2025-06-20,,2025-07-15,Daños eléctricos,BOGOTA,Corredor,21,5,2772000,2541000,Aprobado,0
REC-000610,POL-004547,2022-11-09,2022-11-09,2022-11-20,Cirugía,Bogotá,App,8,6,8122000,7863000,Aprobado,N
REC-003014,POL-003631,2025-05-23,2025-05-26,2025-06-02,Cirugía,  Cali,Corredor,23,3,16679000,15519000,Aprobado,0
REC-003345,POL-001823,2025-08-15,2025-08-19,2025/08/23,Consulta especializada,Bogotá,oficina,16,8,964000,833000,Aprobado,0
REC-001351,POL-000612,2025-10-08,2025-10-09,,Hospitalización,Cartagena, App ,20,10,2845000,,En revisión,0
REC-003189,POL-001006,2023/09/06,,2023-09-18,Consulta especializada,Cali,App,12,4,3213000,3148000, Aprobado ,No
REC-001780,POL-001266,2025-05-03,2025-05-04,2025-06-10,Vidrios,Cartagena,App  ,14,4,3648000,0,Rechazado,0
REC-000032,POL-002917,28/12/2023,2024-01-07,2024/03/05,Consulta especializada,Bogotá,Corredor  ,16,5,4153000,3644000,  Aprobado,0
REC-002464,POL-007548,12/11/2024,2024-11-17,2024-12-03,DAÑO A TERCEROS,Cali,App,10,6,3091000,2766000,Aprobado,0
REC-000754,POL-008075,2023-10-16,2023-10-23,2023-11-01,Robo,Manizales,Corredor,11,4,17100000,15563000,APROBADO,0
REC-000876,POL-003907,2024-06-20,20/06/2024,22/06/2024,Vidrios,Barranquilla,  Call center,22,5,7510000,4876000,  Pagado parcial,NO
REC-001466,POL-001685,18/11/2024,2024-11-19,25/12/2024,  Vidrios,Bucaramanga,Call center,17,3,4405000,4145000,Aprobado,0
REC-001305,POL-005887,2025-11-16,21/11/2025,2025/12/11,Daño a terceros,Medellín,App,11,8,33756000,31864000,Aprobado,0
REC-002958,POL-001312,2024-07-19,2024-07-20,2024-07-29,Consulta  especializada,Santa Marta  ,App,12,8,1116000,0, Rechazado ,0
REC-000143,POL-006458,2022/07/30,2022-07-30,2022-08-09,Colisión, Manizales ,Oficina,11,8,6541000,5737000,Aprobado,0
REC-002933,POL-000538,2024-11-18,20/11/2024,2024-11-24,Colisión,Cali,  Call center,13,10,2366000,2064000,APROBADO,0
REC-001479,POL-004472,2022/06/11,14/06/2022,2022/07/28,Hospitalización,  Bogotá,Corredor,16,6,3132000,3010000,Aprobado,NO
REC-002604,POL-007887,2025/07/24,2025-07-24,2025-08-08,Daño a terceros,Manizales  ,Call center,6,8,3114000,3100000,Aprobado,No
REC-003351,POL-001649,2023/07/11,2023-07-11,2023/08/17,Enfermedad grave,Cali,App,20,5,115940000,105931000,Aprobado,0
REC-001971,POL-001445,20/08/2024,2024-08-28,2024-09-24,Vidrios,,Oficina,9,2,10935000,0,Rechazado,0
REC-000928,POL-003482,16/02/2023,2023-02-16,2023-02-19,daño a terceros,Barranquilla,App,10,5,1507000,1506000,Aprobado  ,0
REC-002500,POL-002777,29/04/2025,2025/05/03,26/05/2025,Consulta especializada,Cartagena,App,5,2,13598000,0,Rechazado,1
REC-000772,POL-002337,02/12/2023,02/12/2023,2023-12-17,  Consulta especializada,,  App,13,4,2780000,2399000,Aprobado,0
REC-000244,POL-002058,2023-06-08,14/06/2023,2023/06/17,Hospitalización,Bogotá,Call center,15,9,7071000,6671000,Aprobado,No
REC-001511,POL-006365,2023-06-29,2023-07-02,2023-07-13,CONSULTA ESPECIALIZADA, Bucaramanga ,App,11,8,3186000,3178000,Aprobado,0
REC-002618,POL-004225,2024-06-13,2024-06-15,23/06/2024,Inundación,Medellín,Call center,11,4,7507000,3711000,Pagado parcial,0
REC-003129,POL-008025,2024-11-11,21/11/2024,24/11/2024,Inundación,Cali,call center,10,6,8365000,7864000,Aprobado,0
REC-002583,POL-000234,30/11/2025,2025-11-30,2025-12-04,  Consulta especializada,  Bogotá,APP,9,7,537000,486000,Aprobado,0
REC-000881,POL-007982,16/07/2025,2025-07-17,20/07/2025,CONSULTA ESPECIALIZADA,Bogotá,Call center,20,6,1948000,1768000,Autorizado,0
REC-003825,POL-005875,31/10/2025,2025/11/04,2025-11-19,Hospitalización,Cali,App,6,4,7680000,6948000,Aprobado,0
REC-001388,POL-000020,2024/09/23,2024-09-24,03/10/2024,colisión,Cartagena de Indias,App,14,5,3376000,3216000,Aprobado,0
REC-001905,POL-000850,18/01/2024,2024-01-18,2024-01-29,colisión,  Medellín (Antioquia),App,13,6,1796000,1701000,Autorizado,NO
REC-002112,POL-001408,2023/03/07,16/03/2023,2023-03-25,Hospitalización,Medellin,Oficina,12,3,17569000,10168000,Pagado parcial,0
REC-003184,POL-002930,2025/04/08,2025/04/08,2025-04-13,Consulta especializada, Manizales , Corredor ,18,7,1392000,0,Rechazado,0
REC-002139,POL-006104,2025/07/20,22/07/2025,,Consulta especializada,Bogotá,CALL CENTER,17,7,6097000,5601000,Aprobado,0
REC-002212,POL-007383,05/09/2025,08/09/2025,,Daño a terceros,Cartagena,App,2,5,3745000,,  En revisión,0
REC-003457,POL-006146,25/02/2025,2025-02-25,2025-03-01,Robo,Bogotá,Call center,14,5,10171000,8783000,Aprobado,0
REC-002874,POL-002222,2023/07/29,2023-08-06,2023-08-13,ROBO,Santiago de Cali,CALL CENTER,22,9,25059000,22103000,Aprobado,0
REC-001537,POL-007833,2021-08-27,2021-09-05,19/09/2021,Cirugía,PEREIRA,App,15,8,5374000,4843000,Aprobado,0
REC-002060,POL-003510,2024-04-13,2024-04-14,2024-04-28,Consulta especializada,Barranquilla,APP,13,6,1548000,1041000,Pagado parcial,0
REC-002595,POL-008242,2025-04-17,19/04/2025,04/05/2025,Consulta especializada,,App,11,6,1244000,1235000,Aprobada,0
REC-003567,POL-005027,18/04/2022,2022-04-19,2022-05-09, Cirugía ,Cartagena  ,Oficina  ,15,2,6382000,6149000,Aprobado,0
REC-001364,POL-005804,05/02/2025,,08/02/2025,Daño a terceros,BOGOTA,Call center,16,3,1924000,1917000,Aprobado,0
REC-001122,POL-003432,2025-06-28,2025-07-02,2025-07-10,Daños eléctricos,Pereira,APP,13,3,2917000,2851000,Aprobado,0
REC-003312,POL-000088,2024/07/14,,2024-08-02,Cirugía,Medellín, Corredor ,10,10,21084000,0,Rechazado,0
REC-001735,POL-002979,12/01/2023,,2023/01/23,cirugía,Cúcuta,App,13,5,23756000,22788000,  Aprobado,0
REC-002209,POL-007875,INVALID_DATE,2024/02/20,04/03/2024,Consulta especializada,Medellín,App,9,10,2647000,1064000, Pagado parcial ,No
REC-003588,POL-003676,2022/12/21,2023-01-01,05/01/2023,Daño a terceros,Bogotá,Call center,12,5,1185000,1082000,Aprobado,0
REC-002520,POL-002517,INVALID_DATE,2025/09/01,14/09/2025,Colisión,Bogotá,Call center,15,5,9126000,8003000,Aprobado,false
REC-000755,POL-003293,2023-10-21,2023-10-27,14/11/2023,Medicamentos,Bucaramanga,Call center,9,6,4615000,0,Rechazado,0
REC-000758,POL-003979,2024/03/02,2024/03/08,2024-03-25,Consulta especializada,Cúcuta,Call center,21,7,5412000,4827000,aprobado,0
REC-002635,POL-001427,09/07/2025,2025/07/12,2025-07-16,Daño  a  terceros,Cali,CORREDOR,11,8,7853000,7839000,Aprobado,0
REC-003066,POL-003940,2022-06-21,,2022-07-02,Vidrios,Cúcuta,Oficina,17,7,3065000,2074000,Pagado parcial,0
REC-003574,POL-001601,2022-10-02,02/10/2022,2022-10-06,CONSULTA ESPECIALIZADA,Barranquilla,Call center,14,,2189000,953000,Pagado parcial,0
REC-002145,POL-003870,2022-11-12,2022-11-14,2022-12-22,Daño a terceros,Cúcuta,Call center,14,6,5999000,5252000,Aprobado,0
REC-000413,POL-006581,2025-11-17,2025-11-18,2025-12-31,Daño a terceros,Manizales,Corredor,10,7,1525000,1315000,Aprobado,0
REC-001227,POL-003850,2023-11-08,28/11/2023,2024-03-16, Daño a terceros ,Bogotá,Corredor,22,0,13765000,12064000,aprobado,1
REC-003083,POL-006627,07/04/2025,2025-04-11,2025-04-26,Consulta especializada,Bogotá,Corredor,10,9,1241000,,Rechazado,0
REC-000247,POL-007090,2024-06-30,2024/06/30,2024-07-13,Daños eléctricos,Medellín,Corredor,21,10,2297000,2151000,Aprobado,0
REC-001316,POL-005069,2025-11-18,24/11/2025,,Daño a terceros,,Corredor,10,9,4348000,,En revisión,0
REC-000291,POL-007420,2023-07-18,2023-07-19,30/07/2023,Consulta especializada,Cartagena,Oficina,19,4,2740000,2439000,Aprobado,0
REC-003975,POL-007837,,2024/07/31,2024-08-17,Colisión, Bogotá ,Call center,21,1,20807000,0,Rechazado,1
REC-000266,POL-008191,2025-10-12,2025/10/14,,Cirugía,cartagena,Call center,8,8,1025000,,En revisión,0
REC-002967,POL-003551,2023-10-03,03/10/2023,16/10/2023,Daño a terceros, Bogotá ,App,6,8,1323000,1129000,Aprobado,0
REC-001321,POL-002006,2021-09-12,20/09/2021,2021-10-22,Colisión,PEREIRA,OFICINA,11,10,1617000,1535000,  Aprobado,0
REC-000344,POL-000820,01/08/2025,01/08/2025,16/08/2025,Vidrios,Medellín,Call center,13,3,5978000,5665000,Aprobado,0
REC-000783,POL-008135,2024-05-13,,2024-05-24,Colisión,Pereira,Call center,19,9,2465000,2154000,Aprobado,0
REC-001286,POL-000246,2025-04-27,2025/04/28,2025-05-01,robo, Santa Marta ,Call center,16,5,,29776000,Aprobado,0
REC-003010,POL-001999,2022-09-20,22/09/2022,2022/09/27,Daños eléctricos,Cali,Oficina,15,10,1288000,1125000,Aprobado,0
REC-001703,POL-001172,2023-08-05,2023-08-06,2023-08-30,Colisión, Cúcuta ,Call center,12,10,2261000,868000,Pagado parcial,0
REC-002970,POL-000312,2025-01-11,15/01/2025,01/02/2025,Cirugía,CÚCUTA,App,9,2,9146000,8352000,Aprobado,0
REC-003355,POL-005623,2021-08-08,2021-08-09,22/08/2021,Consulta  especializada,Bogotá,Corredor,15,8,1870000,1764000,Aprobado,0
REC-000096,POL-007303,2023-05-19,27/05/2023,2023-06-11,Robo,Medellin,Oficina,15,3,22043000,8974000,Pagado parcial,0
REC-001587,POL-001925,2023/11/26,26/11/2023,03/02/2024,Hospitalización,Cali,Corredor,12,2,12535000,10919000,Aprobado,
REC-000132,POL-006389,2023/04/11,15/04/2023,2023-04-18,Vidrios,barranquilla,Call center,14,4,1892000,1635000,Aprobado,0
REC-003874,POL-000931,27/10/2025,2025-10-27,2025-10-31,Cirugía  ,Santiago de Cali,Call center,15,8,13331000,12516000,Aprobado,0
REC-002105,POL-005461,2023-09-17,2023/09/19,21/10/2023,Daño a terceros,,Corredor,15,6,4742000,4494000, Aprobada ,0
REC-000851,POL-001243,2025-09-27,2025-09-29,2025-10-04,Vidrios,Bucaramanga,App  ,18,5,1093000,600000,  Pagado parcial,0
REC-000850,POL-000057,2022/05/04,2022-05-05,2022-05-11,Daño a terceros,Cali,App,20,4,3641000,1486000,Pagado parcial,0
REC-002525,POL-008218,2025-06-18,21/06/2025,2025-06-27,Robo,Barranquilla,App,7,5,8306000,8148000,  Aprobado,0
REC-001976,POL-004455,2024-08-24,26/08/2024,17/09/2024,COLISIÓN,Medellin,App,9,6,9681000,8986000,Aprobado,0
REC-001554,POL-000154,2022/09/14,2022-09-18,20/09/2022,Daño a terceros  ,BOGOTA,App,10,2,1721000,1624000,Aprobado,0
REC-001594,POL-004065,2025-10-07,2025-10-08,,Colisión,bogotá,App,17,9,1546000,,EN REVISIÓN,0
REC-003710,POL-007921,03/09/2023,2023-09-03,2023-09-11,medicamentos,MEDELLIN,Corredor,17,4,2831000,2502000,Aprobado,N
REC-003635,POL-001924,2023-10-10,2023-10-12,22/10/2023, Colisión ,Bogotá,Oficina,12,7,5801000,4978000,Aprobado,0
REC-000223,POL-004572,17/12/2025,30/12/2025,2025-12-31,  Robo,SANTA MARTA,App,15,5,4239000,0,Denegado,0
REC-000946,POL-001166,2023/11/26,2023-11-27,2023/12/01,vidrios,Barranquilla,Corredor,11,6,3106000,2940000,Aprobado,0
REC-000604,POL-007946,2025-12-14,,,Consulta especializada,Bogotá,Oficina,10,4,2056000,,En revisión,0
REC-003616,POL-007580,11/09/2023,2023-09-12,27/09/2023,Daño a terceros,CÚCUTA,Corredor,12,3,8313000,8078000,Aprobado,0
REC-002251,POL-004461,26/02/2023,2023-02-26,2023/03/10,Consulta especializada,Medellin,APP,12,7,824000,714000,Aprobado,0
REC-003957,POL-000379,18/09/2023,2023-09-27,2023-10-14,Medicamentos,Bogotá,Call center,1,2,9107000,0,Denegado,1
REC-002964,POL-004700,INVALID_DATE,15/05/2023,2023-06-01,Robo,BARRANQUILLA,Oficina,12,,27269000,0,Denegado,0
REC-004289,POL-002727,2024-04-26,2024/04/27,2024-04-29,Daño a terceros, Medellín ,Corredor,8,5,3506000,3416000,Aprobado,0
REC-003433,POL-005135,04/06/2022,2022-06-04,10/06/2022,Medicamentos  ,Barranquilla,App,16,3,3084000,2801000,APROBADO,
REC-001967,POL-000659,2024/05/20,23/05/2024,02/07/2024,colisión,Bucaramanga,App,1,5,,1441000,Pagado parcial,1
REC-001990,POL-001435,2024-09-21,INVALID_DATE,2024-10-30,Daño a terceros,Cali,Corredor,9,4,7854000,7796000,Aprobado,N
REC-002728,POL-005687,2022-10-24,25/10/2022,2022/11/19,daño a terceros,Medellín,Call center,7,4,4524000,3863000,Autorizado,0
REC-002046,POL-000330,23/09/2025,2025-09-23,2025/10/03,Medicamentos,Bogotá,Call center,16,6,1470000,1334000, Aprobado ,0
REC-003860,POL-006303,2023-05-05,INVALID_DATE,2023-05-16,Consulta especializada,Cali  ,Corredor,10,6,2305000,2190000,Aprobado,0
REC-001918,POL-004016,15/04/2024,,22/04/2024,CIRUGIA,pereira,Oficina,10,8,2721000,2409000,Autorizado,0
REC-003313,POL-000397,2022-04-17,2022-04-22,30/04/2022,Daño a terceros,Bta,Corredor,7,7,869000,0,Rechazado,0
REC-001146,POL-006816,2023/07/04,2023/07/04,2023-07-06,Medicamentos,Cartagena,  Oficina,7,3,3432000,0,Rechazado,0
REC-003743,POL-007120,2024/04/29,2024-05-18,2024/05/27,Vidrios,Cartagena,Call center,21,6,2565000,2225000,Aprobado,0
REC-002451,POL-002093,2025/02/05,2025/02/13,2025/02/25,Consulta especializada,manizales,App,13,5,2049000,1972000,aprobado,0
REC-002541,POL-006513,2024/02/29,,18/03/2024,Robo,Cúcuta,Oficina,9,5,21302000,20744000,Aprobado,0
REC-004274,POL-002147,2025/10/21,2025-10-23,,Colisión,Cartagena,Call center,14,7,3635000,,En revision,N
REC-004033,POL-000520,2023-11-16,2023/11/16,2023-12-21,Colisión,Cali,App,15,5,987000,872000,Aprobado,0
REC-003376,POL-006455,19/05/2025,2025-06-11,2025-06-25,Hospitalización, Cali ,Call center,20,6,4053000,3524000,Aprobado,0
REC-002909,POL-000590,2025/09/14,16/09/2025,2025-09-21,Fallecimiento,Medellín,Call center  ,8,7,39631000,37573000,Aprobado,0
REC-002078,POL-002963,22/07/2022,24/07/2022,30/07/2022,Inundación,bta,  Corredor,14,5,5544000,0,Rechazado,0
REC-004022,POL-006126,2025-03-09,2025/03/09,2025-04-10,Daño a terceros,Medellín,Oficina,12,1,5322000,5213000,Aprobado,0
REC-000674,POL-006010,2023/05/25,2023/05/26,2023-05-28,Cirugía,Medellín  ,Call center,13,8,10807000,10694000,Aprobado,0
REC-000740,POL-006604,2025-04-12,2025/04/13,2025-04-15,Robo,Cartagena,Corredor,12,3,11337000,11197000,Aprobado,0
REC-000718,POL-007856,2025-07-15,2025-07-22,2025/08/13,Colisión  ,Cartagena,Corredor,10,4,4403000,4069000,Aprobado,0
REC-001858,POL-004071,16/01/2023,2023-01-22,2023/01/27,Daño a terceros,Bogotá D.C.,Call center,17,3,3541000,3159000,APROBADO,0
REC-000491,POL-003256,2022/03/24,2022-03-30,2022-04-06,Daño  a  terceros,Bucaramanga,Call center,12,4,10174000,8969000,Aprobada,0
REC-002769,POL-004765,2025-03-15,2025/03/15,09/04/2025,Consulta especializada,CÚCUTA,Call center,19,6,2000000,1709000,Aprobado,0
REC-003292,POL-005564,2024-01-05,2024/01/09,2024-01-20,Cirugía,Manizales,App,13,4,3803000,0,Denegado,0
REC-001473,POL-005857,2021-10-29,30/10/2021,2021/11/17,Cirugía,Bogota,Oficina,18,7,12747000,12731000,Aprobado,0
REC-003698,POL-000838,2025-10-28,2025-11-02,2025-11-10,Cirugía,  Cali,  Call center,22,5,4887000,0,Denegado,0
REC-002971,POL-001645,,2025-12-24,,Hospitalización,manizales,Call center,22,5,3586000,,En revisión,0
REC-002156,POL-007179,2025-01-01,01/01/2025,06/01/2025, Consulta especializada ,Barranquilla,Oficina,20,7,3099000,1036000,Pagado parcial,No
REC-001169,POL-006496,2022-01-15,2022-01-16,2022/01/21,Consulta especializada,Bucaramanga,Call center,17,9,3071000,2996000,Aprobada,0
REC-001613,POL-002489,2025-03-20,2025/03/21,2025-04-02,Colisión,Bogota DC,CORREDOR,19,7,4760000,4356000,Aprobado,0
REC-003151,POL-008158,18/10/2024,2024-10-21,2024-10-31,Hospitalización,Medellín,App,20,4,1468000,1421000,APROBADO,0
REC-001757,POL-001456,2024-11-10,2024-11-23,2024-11-27,Daño a terceros,Cúcuta  ,Corredor,23,7,11765000,0,Rechazado,0
REC-001164,POL-003866,30/07/2021,31/07/2021,10/08/2021,  Daños eléctricos,Pereira,Oficina,11,10,1399000,1367000,Aprobado,0
REC-003847,POL-002286,2024-11-29,29/11/2024,04/01/2025,Consulta especializada,,Call center,11,8,4149000,3860000,Aprobada,0
REC-003949,POL-004981,2025-05-30,2025-06-02,2025-06-22,Consulta especializada,Medellín,App,5,7,3609000,3394000,Aprobado  ,0
REC-003852,POL-004800,12/07/2023,INVALID_DATE,2023-08-08,Incendio,Medellín, Call center ,11,6,11208000,9594000,Aprobado,0
REC-003474,POL-006010,2023-01-25,2023/01/31,2023-02-09,Medicamentos,Medellín,Call center,9,7,2609000,2489000,Aprobado,0
REC-002364,POL-005923,2021/11/08,2021-11-08,2021/11/16,Danos electricos,Pereira,Corredor,6,4,2676000,1782000,pagado parcial,0
REC-000053,POL-002758,2023/07/13,2023/07/15,27/07/2023,Medicamentos,Cúcuta,Call center,13,5,8023000,7178000,aprobado,0
REC-001114,POL-006716,2024-05-29,2024-05-30,13/06/2024,Consulta especializada,Medellín,Call center,18,4,3164000,2960000,Aprobado,0
REC-003263,POL-000854,2023/05/19,22/05/2023,2023/05/26,Consulta especializada,,Call center,19,5,2649000,2295000,  Aprobado,0
REC-001540,POL-002289,2024/12/16,2024-12-31,21/01/2025,Colisión,Bogotá,App,1,1,9115000,0,Rechazado,1
REC-001273,POL-004041,06/06/2024,2024-06-07,2024-06-12,Consulta especializada,Bogota,Call center,14,4,1637000,1544000,APROBADO,0
REC-004125,POL-008055,2024-03-21,22/03/2024,2024/03/31,Consulta especializada,Cúcuta,Call center,21,3,,1250000,Autorizado,0
REC-000882,POL-007321,29/12/2024,29/12/2024,09/01/2025,Daño a terceros  ,BARRANQUILLA,Call center,16,4,3305000,2848000,Aprobado,0
REC-000898,POL-004287,2022-08-29,2022/08/31,05/10/2022,Daños eléctricos,Bogotá,APP,13,4,2359000,2034000,Aprobado,false
REC-001190,POL-001613,2024-03-14,14/03/2024,25/03/2024,Colisión, Pereira ,Call center,20,8,3957000,3572000,Aprobado  ,NO
REC-001510,POL-007854,2021-05-24,2021-05-25,2021-06-06,MEDICAMENTOS, B/quilla ,Corredor,14,6,640000,572000,Aprobado,0
REC-000614,POL-000585,16/09/2025,2025-09-16,,Consulta especializada,Cartagena,App,16,6,5509000,,En revisión,0
REC-004282,POL-004232,2023-04-20,2023/04/24,2023-05-11,Consulta especializada,Bucaramanga,Call center,12,7,2353000,2196000,Aprobado,0
REC-001701,POL-003226,20/04/2023,2023-04-21,2023-04-28,  Robo,Bogotá,App,17,8,11150000,10550000,Aprobado,0
REC-001746,POL-002596,29/10/2023,2023-10-31,2023-11-03,daños eléctricos, Bogotá D.C. ,Call center,15,8,2104000,2045000,Aprobado,0
REC-003435,POL-007459,18/12/2024,2024-12-18,21/12/2024,Cirugía,Medellín,CALL CENTER,12,5,4268000,3849000,Aprobado,0
REC-003424,POL-003099,2023-05-10,2023-05-24,2023/06/06,Consulta especializada,Cali,App,16,9,1213000,1175000,Aprobado,0
REC-000892,POL-007118,2022-08-08,2022-08-10,2022/08/14,Medicamentos,Santa Marta,Oficina,20,7,646000,291000,PAGADO PARCIAL,0
REC-000072,POL-005551,2024-12-22,2025-01-03,26/01/2025,Hospitalización,  Medellín (Antioquia),App,17,6,11205000,10995000,Autorizado,0
REC-002026,POL-000844,2025-04-14,2025-04-20,2025-04-24,Hospitalización,Cali,Call center,23,5,6175000,6148000,Aprobado,0
REC-001439,POL-002543,2024-10-24,2024-10-29,02/11/2024,Daño a terceros,Medellín,App,14,6,5804000,3947000,  Pagado parcial,0
REC-003442,POL-007727,2025-06-24,2025-06-25,2025-07-14,Medicamentos,Medellín,Corredor,18,5,2763000,2709000,Aprobada,false
REC-000706,POL-003636,30/08/2025,2025-09-05,,Daño a terceros,Bogotá,Oficina,12,9,1843000,, En revisión ,0
REC-001640,POL-007066,INVALID_DATE,2024-07-12,2024/07/17,Hospitalización,Bogotá,Call center,10,3,28701000,27939000, Aprobado ,0
REC-002098,POL-002592,2023/02/25,2023/03/03,04/04/2023,Cirugía,Barranquilla,call center,14,5,7326000,6461000,aprobado,0
REC-003862,POL-007577,2022-02-14,2022-02-20,2022-02-23,Consulta especializada,,App,20,8,5092000,0,Rechazado  ,0
REC-003240,POL-001365,12/09/2022,12/09/2022,2022-10-08,Medicamentos,Bucaramanga,CORREDOR,7,4,2446000,0,Rechazado,0
REC-004023,POL-003292,2023-12-31,07/01/2024,2024-02-12,Colisión,BOGOTA,Oficina,11,10,1114000,1059000,Aprobado,No
REC-000571,POL-001634,2025-03-03,2025-03-04,2025-03-07,hospitalización,Cartagena,App,12,1,11128000,9672000,APROBADO,0
REC-003063,POL-007686,2025-11-24,30/11/2025,2025-12-31,Dano a terceros,Medellín,App,19,3,8021000,6834000,Aprobado,0
REC-001925,POL-003658,2023-07-03,2023-07-04,2023/07/09,hospitalización,Manizales,Call center,11,8,1441000,1380000,Aprobado,0
REC-003658,POL-001583,2024/05/23,2024-06-01,09/06/2024,Robo,Bogotá,Call center,22,5,46908000,41522000,Aprobado,0
REC-003085,POL-001960,18/01/2024,2024-01-20,23/01/2024,Colisión,Medellín  ,  Oficina,14,4,5011000,4887000,Aprobado,0
REC-003088,POL-002493,09/03/2025,2025-03-10,2025/03/17,Daño a terceros,Bogotá,APP,19,4,10545000,10172000,Aprobado,0
REC-003368,POL-003477,2025-06-28,2025-06-29,2025/07/15,Vidrios,Cali,Oficina,14,3,3444000,2988000,Aprobado,0
REC-002599,POL-007754,2024-07-04,2024-07-06,2024-07-28,Robo,Cartagena,app,13,7,38229000,,Rechazado,0
REC-000179,POL-007404,18/12/2025,,, Consulta especializada ,Cali,Call center,13,4,3557000,,Pendiente,0
REC-003243,POL-002377,2023-01-10,2023-01-10,28/01/2023,Daño a terceros,CARTAGENA,Oficina,16,3,2067000,1782000,Aprobado,0
REC-002977,POL-006145,2025-06-02,2025/06/15,21/06/2025,Medicamentos,Medellín,Oficina,23,2,1934000,1924000,Aprobado,0
REC-002428,POL-005859,2022-09-21,20/12/2022,09/01/2023,Robo,Cúcuta,Corredor,15,0,26948000,0,Rechazado,1
REC-000806,POL-002852,30/03/2023,2023-03-30,07/04/2023,Daño a terceros,Bogotá,App,14,2,2901000,0,Rechazado,0
REC-000181,POL-003187,2024/01/11,2024-01-12,2024-01-24,Consulta especializada,  Cali,  App,18,8,1563000,522000,Pagado parcial,0
REC-004028,POL-003932,2025-02-05,2025-02-20,2025-03-15,Medicamentos,Bogotá,Call center,19,7,1544000,1349000,Aprobado,0
REC-001147,POL-007161,28/01/2025,2025-02-04,2025-02-15,Colisión,  Cali,Corredor,6,5,2557000,2466000,aprobado,0
REC-003268,POL-006874,2023-02-03,2023-02-06,2023-02-19,Consulta especializada,Bogotá,Corredor,14,3,4297000,1912000,Pagado parcial,0
REC-002062,POL-002784,2025/01/03,2025-01-15,2025-01-18,Cirugía,Bogota DC,Call center,18,2,4354000,3890000,Aprobada,0
REC-000639,POL-007920,16/07/2024,29/07/2024,2024-09-29,Vidrios,Cúcuta,App,19,2,4624000,3984000,Aprobado,SI
REC-000174,POL-006347,2025/04/09,2025-04-09,2025-04-13,Inundación,Pereira,App,16,7,9878000,3131000,Pagado parcial,0
REC-000074,POL-003494,2024/09/25,2024-09-25,2024-10-02,Hospitalización,Cali,  Oficina,1,,18927000,8784000,Pagado parcial,0
REC-002608,POL-003314,29/12/2024,2025-01-04,12/01/2025,Cirugía,Cartagena,Corredor,7,5,14156000,12670000, Aprobado ,0
REC-001840,POL-001875,2025-03-10,2025-03-14,2025-03-19,Robo,MEDELLÍN,Call center,17,9,14165000,12409000,Aprobado,NO
REC-000068,POL-006379,2025-11-26,05/12/2025,2025/12/09,Cirugía,Bogotá,Call center,9,3,7211000,6333000,Aprobado,0
REC-000906,POL-006670,2024-05-21,2024-05-23,2024-05-28,DAÑO A TERCEROS,Medellín  ,App,18,10,4146000,3678000,Aprobado,0
REC-001886,POL-005965,2024/07/23,2024-07-23,2024-07-26,Daño a terceros,,App,3,8,840000,416000,Pagado parcial,0
REC-000364,POL-005130,2024/12/29,2024-12-30,01/01/2025,Inundación,CUCUTA,App,15,5,2744000,0,Rechazado,0
REC-000972,POL-003700,16/09/2025,2025-09-24,2025-10-05,Hospitalización,Bogota,App,19,4,3694000,3626000,Aprobado,0
REC-004270,POL-003914,18/10/2024,2024-10-18,2024-10-23,Medicamentos,, Call center ,16,2,1782000,0,Rechazado,0
REC-003757,POL-006952,2022-05-03,2022/05/04,2022/05/26,Cirugía,Manizales  ,Call center,12,8,,5968000,Aprobado,0
REC-003212,POL-006032,2025-09-24,2025-09-26,,Inundación,,Corredor,19,7,1942000,,En revisión,0
REC-000578,POL-000267,2024/09/03,04/09/2024,2024/09/20, Vidrios ,CALI,Oficina,16,6,,0,Rechazado,0
REC-004221,POL-000108,2025/06/07,2025-06-14,2025-07-09,Colisión,Cartagena,Oficina,12,1,2036000,1953000,Aprobado,NO
REC-000517,POL-008347,2025/04/24,2025-04-24,2025-04-27,Medicamentos,  Medellin,Oficina,17,4,5908000,5059000,Aprobado,0
REC-001618,POL-004829,07/11/2022,2022-11-13,18/11/2022,Cirugía,Bogotá,Call center,17,9,6621000,6512000,Autorizado,0
REC-002833,POL-007344,2024-10-04,2024-10-16,17/11/2024,Colisión,Cali,Oficina,11,4,3691000,3489000,Aprobado,0
REC-002242,POL-001301,2024-05-23,2024-05-24,06/06/2024,Cirugía  ,Bogotá  ,Call center,8,7,7645000,7395000,Aprobado,
REC-003983,POL-007347,08/06/2022,09/06/2022,30/06/2022,Incendio,Pereira,App,13,3,3371700000,32073000,Aprobado,No
REC-003938,POL-005219,2025/07/20,04/08/2025,06/08/2025,Hospitalización,Cartagena,App,16,4,5750000,5118000,Aprobado,0
REC-001992,POL-004651,23/08/2023,2023-08-23,2023/08/27,Daño a terceros,Bogotá,Corredor,14,8,6771000,6447000,Aprobado,0
REC-002837,POL-002966,2024-10-17,,2024-10-23,Daño a terceros,,APP,16,5,3052000,2715000,APROBADO,0
REC-001234,POL-008133,2025-09-30,07/10/2025,2025-10-09,Medicamentos,bogotá,App,9,1,3242000,2871000,Aprobado,0
REC-002739,POL-004883,,2023-06-06,2023-06-27,DAÑO A TERCEROS,Cartagena  de  Indias,Oficina,2,3,8198000,0,Rechazado,1
REC-001970,POL-001917,06/04/2025,,19/04/2025,Daños eléctricos,Barranquilla,App,8,1,43569000,40863000,Aprobado,0
REC-000941,POL-004986,2025-04-22,2025-04-24,2025-04-29,Consulta especializada,CARTAGENA,CALL CENTER,8,8,2800000,2468000,Aprobado,0
REC-003375,POL-004867,01/04/2025,01/04/2025,2025/04/04,consulta especializada,Santa Marta, App ,20,7,8336000,7549000,Aprobado,NO
REC-000883,POL-000610,2022/12/24,2022-12-24,2023-01-06,Vidrios,Medellín,Oficina,11,2,2468000,2411000,Aprobado,0
REC-000515,POL-005627,2024-06-25,2024/07/04,2024-07-16,Medicamentos,Bucaramanga,Call center,19,7,3243000,0,Rechazado,0
REC-002419,POL-001055,23/01/2022,2022-01-24,2022/02/07,Daño a terceros,Medellín,call center,16,,2348000,2342000,Aprobado,0
REC-003683,POL-005237,2024-10-02,2024-10-03,2024/10/28,Vidrios,Bogotá  ,App,10,5,8125000,2939000,Pagado parcial,0
REC-002992,POL-003536,2023-03-31,2023-04-07,,Hospitalización,Medellín,Corredor,23,7,6896000,2450000,Pagado parcial,0
REC-003198,POL-007616,2025-01-20,2025-01-21,2025/01/23,Inundación,Cali,Oficina,14,2,2155000,1472000,Pagado parcial,false
REC-000039,POL-007247,2023/10/03,2023/10/05,2023/10/09,Robo,Cartagena,App,16,4,6865000,6576000,Aprobado,N
REC-002115,POL-007099,2022-08-22,2022-08-23,INVALID_DATE,  Hospitalización,Bogotá  ,Call  center,8,7,11656000,10260000,APROBADO,0
REC-002540,POL-001081,2025-12-28,2025-12-31,,DANO A TERCEROS,Bogotá,Call center,23,2,6008000,,En revisión,1
REC-002707,POL-002042,16/12/2023,2023-12-17,2024/01/14,Colisión,BOGOTA DC,Oficina,8,10,1149000,1140000,Aprobado,0
REC-001086,POL-003916,2023/12/17,2023-12-18,2024/01/12,Consulta especializada,Bta,Call center,12,5,2221000,2048000,Aprobado,0
REC-000691,POL-005061,2024-05-07,2024-05-07,2024-05-22,Consulta especializada,Pereira,Call center,18,,2486000,2306000,Aprobado,0
REC-001457,POL-004641,24/12/2024,2024-12-26,,vidrios,Santiago de Cali,App,14,3,6979000,6557000,  Aprobado,0
REC-003166,POL-004879,24/09/2024,2024-09-26,2024-09-30,Medicamentos,Medellín,Corredor,15,5,3035000,2717000,Aprobado,0
REC-003002,POL-002397,11/06/2021,15/06/2021,2021/06/27,Vidrios,Cartagena,Corredor,11,1,8726000,7966000,Aprobado,0
REC-001949,POL-000862,2025/07/24,2025-07-24,2025-08-04,Colisión,Bogotá,Oficina,18,6,647000,567000,Aprobado,0
REC-003321,POL-001794,19/11/2022,2022-11-27,2022-12-12,  Colisión,MEDELLÍN,Corredor,5,4,27653000,0,Rechazado,1
REC-001348,POL-001466,15/08/2025,2025-08-21,2025-08-26, Consulta especializada ,Medellín,oficina,12,3,1295000,1209000,Aprobado,0
REC-000387,POL-002371,02/10/2025,2025/10/04,,Daño a terceros,Cartagena,Call center,12,8,1457000,,En revisión,0
REC-002662,POL-004487,02/07/2025,13/07/2025,2025/07/19,Colisión,Medellín,Call center,14,5,1895000,1750000,Aprobado,0
REC-002951,POL-006461,08/10/2022,2022-10-21,02/12/2022,Robo,,Call center  ,5,2,46550000,0,Rechazado,1
REC-000541,POL-007307,13/09/2024,2024-09-22,2024/10/17,Hospitalización,Bogotá,Oficina,18,5,4117000,0,Rechazado,0
REC-000723,POL-008234,2023/02/18,2023/03/20,2023/04/16,Robo,Cali,Call center,4,2,46550000,0,Rechazado,1
REC-001581,POL-000638,2024-11-06,06/11/2024,2024-12-02,Consulta especializada,MEDELLÍN,App,11,6,6863000,2441000,Pagado parcial,0
REC-003821,POL-007293,03/11/2021,2021/11/20,24/11/2021,Colisión,Bogotá,App,18,4,4856000,0,Rechazado,No
REC-000435,POL-006516,12/04/2021,2021/04/12,2021-04-14,Consulta especializada,Bucaramanga,App,15,5,1249000,1064000,Aprobado,0
REC-003165,POL-913770,2025-10-20,2025/10/25,2025-11-08,Colisión,BOGOTÁ,App,12,7,8856000,8183000,  Aprobado,0
REC-002272,pol-001123,2025-09-30,01/10/2025,,Daño a terceros,Cali,Call center,13,5,1539000,,En revisión,0
REC-002261,POL-001586,2023-08-07,07/08/2023,2023-08-10,Daño a terceros,Cali,Call center,7,4,964000,909000,Aprobado,0
REC-003408,POL-001951,2021-08-27,2021-08-27,2021-09-01,robo,Cúcuta,Corredor,10,,32154000,,Rechazado,0
REC-000246,POL-002007,2024/11/18,18/11/2024,2024-11-30,Hospitalización,Cali,Oficina,19,6,3474000,3106000,Aprobado,0
REC-004006,POL-005061,2024-07-13,2024/07/15,2024/07/24,Consulta especializada,Pereira,Corredor,16,6,4728000,0,  Rechazado,N
REC-001195,POL-001137,01/10/2024,2024/10/04,2024/10/08,Medicamentos,Medellín,App,14,5,1411000,1262000,Aprobado  ,0
REC-001624,POL-000201,2025/03/12,INVALID_DATE,2025-03-19,Medicamentos,Manizales,Corredor,11,4,6444000,6204000,Aprobado,0
REC-000914,POL-002088,2025-02-24,2025/03/08,2025-03-18,CONSULTA ESPECIALIZADA,BOGOTÁ D.C.,app,13,4,6516000,6119000,APROBADO,0
REC-004258,POL-008308,2025/09/30,03/10/2025,,Colisión,Medellín,Call center,11,4,3634000,,En revisión,0
REC-002619,POL-003013,2023/07/12,2023-07-29,2023/08/22,Vidrios,Bogotá,Call center,0,2,4090000,0,Rechazado,1
REC-000375,POL-005928,28/01/2024,2024-01-30,02/02/2024,Daño a terceros,CALI,  Call center,19,6,1872000,1163000,Pagado parcial,
REC-003233,POL-006432,2022-12-04,2022-12-04,24/12/2022,Incapacidad,Bogotá,Call center,14,4,85259000,77757000,Aprobado,0
REC-004290,POL-006293,2025-09-23,25/09/2025,,Hospitalización,Cartagena,Corredor,15,3,8696000,,En revisión,0
REC-004297,POL-007500,11/10/2025,20/10/2025,2025-10-26, Daño a terceros , Bogotá ,App,15,8,2411000,2304000,Aprobado,0
REC-001935,POL-006479,22/03/2024,2024-03-26,2024/03/28,Daño  a  terceros,Cali,App,14,3,1089000,0,Rechazado,0
REC-002166,POL-007733,2025/04/07,08/04/2025,2025-05-30,Daños eléctricos,Medellín,Call center,3,0,15377000,0,Rechazado,S
REC-002313,POL-001431,2025/05/08,2025-05-17,2025-07-07,ROBO,Bucaramanga  ,Call center,15,1,24945000,22036000,Aprobado,1
REC-001320,POL-002950,2022-04-06,2022-04-07,2022-04-12,Daño a terceros,Bogotá,Corredor,9,3,2839000,2612000,Aprobado,0
REC-004295,POL-004378,2021-10-01,06/10/2021,2021-10-14,Fallecimiento,CALI,  App,14,6,17350000,15644000,aprobado,0
REC-000324,POL-005984,12/07/2024,2024-07-13,2024/10/04,Daño  a  terceros,,App,16,3,3693000,3280000,Aprobado,0
REC-003856,POL-000649,2024-07-03,09/07/2024,2024-08-10,Daños eléctricos,Bogotá,  Oficina,16,7,8231000,7013000,Aprobado,0
REC-000320,POL-004287,2022/08/17,2022-08-21,2022/08/29,Daños  eléctricos,BOGOTÁ,Call center,18,9,513000,463000, Aprobado ,0
REC-004081,POL-000932,2023/01/25,2023-02-03,06/02/2023,Medicamentos,Bogotá, Call center ,18,10,2761000,0,Rechazado,0
REC-002206,POL-008301,2024/05/27,07/06/2024,2024-06-10,Cirugía,Manizales,Corredor,11,5,19059000,16507000,Aprobado,0
REC-003691,POL-005427,2024-06-23,2024-06-24,2024/07/13,Consulta especializada,Medellín,Call center,11,3,2171000,2091000,Aprobado,0
REC-000628,POL-005045,2025-10-05,07/10/2025,2025/11/10,Medicamentos,Bogotá,Oficina,-1,8,3096000,2924000, Aprobado ,0
REC-001138,POL-007778,2022-08-20,2022/08/23,2022-09-11,Consulta especializada,Medellín,call center,23,4,500000,438000,Aprobado,0
REC-002263,POL-004185,2022-03-28,,2022-04-12,Colisión,  Medellín,App,13,2,2510000,0,  Rechazado,0
REC-002007,POL-008330,19/04/2024,19/04/2024,2024-05-17,  Daño a terceros,  Barranquilla,Call center,14,4,3915000,3660000,Aprobado,0
REC-001399,POL-007027,09/04/2025,2025-04-16,2025-04-22,Daño a terceros  ,B/quilla,  Call center,14,7,2825000,2689000,Aprobado,0
REC-002415,POL-001172,2022-11-20,22/11/2022,2022-11-29,Colisión,MEDELLIN,App,2,7,1348000,1171000,Aprobado,0
REC-000911,POL-002785,2024-11-18,2024-11-18,05/12/2024,Consulta especializada,Medellín,App,14,4,798000,765000,APROBADO,0
REC-001831,POL-006769,2023/04/12,2023/04/14,2023-05-13,Colisión,Bogotá  ,app,13,8,5272000,4922000,Aprobado,0
REC-003036,POL-002611,2025-03-08,2025-03-08,2025/03/20,Consulta especializada, Bogotá ,App,17,9,2037000,1761000,Aprobado,0
REC-002816,POL-005184,2025-05-20,2025/05/25,2025-06-08,Dano a terceros,Medellín,Oficina,10,8,2082000,1812000,Aprobado,0
REC-002570,POL-006263,15/04/2025,2025/04/20,2025-04-28,Hospitalización,Cali,Call center,9,4,4043000,4032000,APROBADO,0
REC-001030,POL-006904,2024-09-19,21/09/2024,2024-10-04,Inundación,Medellín,Oficina,6,6,8467000,7463000, Aprobado ,0
REC-000705,POL-004694,2022-02-02,2022-02-02,22/02/2022,Fallecimiento,Medellín,App,7,7,114775000,106249000,Aprobado,N
REC-003465,POL-008037,2025-03-06,06/03/2025,10/03/2025,MEDICAMENTOS,Cúcuta,Oficina,12,3,3691000,10774414,  Rechazado,0
REC-003724,POL-003281,28/04/2025,03/05/2025,2025-05-24,  Hospitalización, Bogota DC ,Oficina,18,2,1451000,1416000,  Aprobado,0
REC-001218,POL-001665,05/08/2024,2024-08-10,29/08/2024,Colisión,Cali,App,6,9,1453000,1448000,Aprobado,0
REC-000646,POL-001442,07/10/2025,19/10/2025,,Consulta especializada,Cúcuta,Call center,13,5,3214000,,  En revisión,0
REC-000891,POL-008097,2022-11-22,2022/11/28,2022-12-16,COLISIÓN,Barranquilla,Oficina,11,2,2173000,683000,Pagado parcial,0
REC-001794,POL-003758,2023-12-12,2023/12/13,2023/12/27,Medicamentos,Bogotá,Corredor,5,3,1545000,1335000,Aprobado,0
REC-003339,POL-005341,2021-07-05,2021/07/05,2021-07-08,Incapacidad, Bogotá ,App,12,8,58048000,22926000,Pagado parcial,0
REC-000486,POL-001416,2025/05/27,01/06/2025,2025/06/07,CONSULTA ESPECIALIZADA,Pereira,Corredor,13,,3216000,3086000,Aprobado,0
REC-002260,POL-001406,2025-03-15,17/03/2025,2025-03-21,  Colisión,Barranquilla,App,14,6,10635000,10296000,Aprobado,0
REC-000412,POL-007014,INVALID_DATE,2024-01-24,2024-01-26,Medicamentos,Bogotá  ,Call center,6,1,1680000,0,Rechazado,0
REC-003361,POL-007249,26/01/2025,2025-01-30,2025-02-05,Cirugía,Pereira,App,13,10,6124000,5389000,Aprobado,0
REC-004243,POL-002697,2021-07-31,2021-07-31,2021-08-15,Medicamentos,Medellín,App,19,5,1766000,1691000,Aprobado,0
REC-000829,POL-003171,,2025-09-07,,Cirugía,Cartagena,App,10,10,11180000,,  Pendiente,N
REC-002626,POL-004265,2021-01-30,2021/02/02,20/02/2021,Consulta especializada,Medellín,Call center,10,10,4027000,3527000,Aprobado,0
REC-001583,POL-003171,2025-09-18,18/09/2025,03/10/2025, Cirugía , Bogotá ,Oficina,21,5,6536000,6057000,APROBADO,0
REC-000502,POL-005799,2023/10/14,14/10/2023,2023-10-19,Robo,Medellín  ,Oficina,14,2,6694000,, Aprobado ,0
REC-003615,POL-002828,2023-11-25,2023-11-25,2023-12-02,robo,Bogotá, Call center ,12,4,16600000,7562000,  Pagado parcial,0
REC-001267,POL-002462,2023-05-29,2023-06-01,2023-06-30,Medicamentos,Bogotá,Oficina,6,7,1088000,427000,  Pagado parcial,0
REC-003082,POL-002753,2025/04/12,2025/04/13,16/05/2025,Robo,Cali,App,12,7,19906000,6554000,Pagado parcial,0
REC-001490,POL-006541,2024-07-22,2024-08-01,2024-08-04,Medicamentos,Bogotá,Oficina,19,8,1218000,0,Rechazado,0
REC-004126,POL-001369,2021/10/31,2021/11/09,2021-11-22,Consulta especializada, Cali , Oficina ,11,6,-4934000,4877000,Aprobado  ,0
REC-002754,POL-000153,INVALID_DATE,2024-11-18,2024-12-12,Consulta especializada,Bogotá,Oficina,10,5,10217000,9250000,Aprobado,0
REC-003774,POL-000313,09/12/2025,2025-12-09,,Cirugía,Cartagena,Corredor,10,3,6517000,,EN REVISION,0
REC-002461,POL-000508,2022/02/04,05/02/2022,18/02/2022,Daño  a  terceros, Bogota DC ,Call center,12,5,3068000,2797000,Aprobado,0
REC-004064,POL-007569,2024-10-08,2024/10/08,2024-10-20,Vidrios,Cúcuta,App,23,8,19518000,16643000,Aprobado,0
REC-002650,POL-005016,2024-06-18,20/06/2024,2024-07-12,Daño a terceros,Santa Marta,Call center,18,6,6241000,5960000,Aprobado,0
REC-002956,POL-001950,10/01/2025,2025-01-12,2025-01-15,Colisión,  Cali,App,2,5,1324000,1243000,Autorizado,0
REC-003282,POL-008304,03/12/2023,2023/12/10,2023-12-17,VIDRIOS,Bogotá,Call center,13,7,,5174000,Aprobado,0
REC-003913,POL-004079,06/11/2025,07/11/2025,,  Consulta especializada,Bogota,Oficina,8,7,6356000,,En revisión  ,0
REC-001040,POL-002462,2023-10-18,2023-10-18,2023-10-22,Consulta especializada,Bogotá,Call center,16,1,2565000,0,  Rechazado,0
REC-001759,POL-006568,2024/08/23,2024-08-25,2024-10-02,robo,Santa Marta,App,14,2,37397000,32078000,APROBADO,0
REC-000431,POL-000492,17/10/2025,2025-10-23,2025-11-18,colisión,Pereira,Corredor,22,6,2164000,2107000,Aprobado,0
REC-000584,POL-006531,2025/07/02,2025-07-02,20/07/2025,Consulta especializada,Santa Marta,App,15,7,2538000,801000,PAGADO PARCIAL,N
REC-002906,POL-005429,14/05/2024,2024/05/15,24/05/2024,Colisión,  Bogotá,Oficina,16,6,5401000,5179000,Aprobado,N
REC-000277,POL-002086,,25/08/2025,2025-09-29,Robo,Bucaramanga  ,Corredor,16,6,56140000,53572000,  Aprobado,0
REC-003593,POL-003658,2023/02/11,2023-02-16,2023-03-10,Consulta especializada,Manizales,Oficina,10,5,950000,0,Rechazado,0
REC-004077,POL-004017,2024-01-04,2024-01-06,2024-01-21,Consulta especializada,cúcuta,Call center,15,2,2801000,2475000,Aprobada  ,0
REC-002526,POL-000170,07/12/2021,08/12/2021,2021/12/13,Hospitalización,Barranquilla,App,16,4,12397000,0,Rechazado,0
REC-002567,POL-005371,2023/01/13,2023-01-14,2023-02-12,Medicamentos,Bogotá,Oficina,20,4,230600000,2131000,Aprobada,0
REC-004194,POL-004034,14/06/2024,2024-06-21,18/07/2024,Consulta especializada,Cucuta,Corredor,12,6,2837000,2669000,Aprobado,0
REC-000495,POL-008031,,14/04/2025,2025-05-10,Robo,BOGOTÁ,App,16,8,5524000,5511000,Aprobado,0
REC-003585,POL-006837,2023/01/18,25/01/2023,2023-03-12,Vidrios,Medellín, App ,16,7,2167000,2007000,Aprobado,0
REC-003764,POL-000421,2023-02-21,2023/02/23,25/02/2023,Robo,MEDELLIN,Call center,14,8,19411000,17916000,Aprobado,0
REC-003851,POL-006997,2024/11/12,14/11/2024,2024/11/20,Medicamentos,BARRANQUILLA,App,5,7,2545000,2262000,Aprobado,0
REC-000075,POL-002236,2025-09-14,2025-09-20,,Daño a terceros,Bogotá,Call center,13,7,4161000,,En revisión,0
REC-003046,POL-000092,2024-04-17,2024-04-25,04/05/2024,Daño a terceros,cartagena,Call center,11,3,15569000,5799000,Pagado parcial,0
REC-003234,POL-004874,10/06/2025,2025/06/21,2025-06-24,Consulta especializada,Medellín,App,12,8,762000,712000,Aprobado,0
REC-000182,POL-008321,2024-07-24,24/07/2024,2024-07-27,Medicamentos,Bogotá,App,14,6,472000,454000,Aprobado,0
REC-004048,POL-006603,2023-01-28,INVALID_DATE,20/02/2023,Robo,Bucaramanga,App,15,4,34200000,,Pagado parcial,No
REC-000889,POL-002777,2025/09/11,2025-09-11,,Cirugía,Cartagena,Corredor,16,7,4746000,,En revisión,0
REC-000362,POL-005267,2025/08/25,27/08/2025,03/09/2025,Consulta especializada,Medellín, App ,4,7,,10543000,Aprobado,0
REC-000518,POL-000540,2025-10-01,2025-10-01,,Colisión  ,Bucaramanga,Call center,16,7,7391000,,En revisión,0
REC-003523,POL-000793,2025-01-05,2025-01-07,12/02/2025,Colisión,Bogotá,APP,7,4,1947000,0,Rechazado,0
REC-001636,POL-001684,17/02/2025,2025/02/18,2025-03-30,Daños eléctricos,Barranquilla,App,19,7,7814000,6658000,Aprobado,0
REC-002470,POL-000181,2023-04-27,30/04/2023,2023-05-09,Colisión,Bogotá,App,12,6,2742000,1393000,Pagado parcial,0
REC-001043, POL-004201 ,2025-09-24,24/09/2025,,Daño a terceros,bogotá,OFICINA,11,7,1735000,,En revisión,0
REC-000341,POL-006738,2024/12/02,2024/12/02,2024-12-04,Medicamentos,Bogotá D.C.,  Call center,8,,,1527000,Pagado parcial,0
REC-000999,POL-000444,2024-08-09,2024-08-13,16/08/2024,Medicamentos,BUCARAMANGA,Oficina,8,5,3877000,3867000, Aprobado ,0
REC-000779,POL-001237,26/06/2022,26/06/2022,15/07/2022,Consulta especializada,Medellín,Call center,19,5,2386000,0,Rechazado,0
REC-001278,POL-000501,23/02/2025,27/02/2025,05/03/2025,Vidrios,Bucaramanga,App,13,1,1746000,1572000,APROBADO,0
REC-000479,POL-002084,20/07/2022,2022-07-21,26/07/2022,Colisión  ,Bucaramanga,APP,19,9,1665000,1441000,Aprobado,false
REC-002171,POL-008238,05/06/2025,2025/06/05,14/06/2025, Consulta especializada ,Cali,  Corredor,15,7,1251000,1095000,Aprobado,0
REC-001706,POL-002370,,2025/03/28,14/04/2025,Daño a terceros,Cúcuta,Corredor,14,6,8936000,8075000,  Aprobado,No
REC-000814,POL-005683,09/07/2024,11/07/2024,18/07/2024,Medicamentos,PEREIRA,App,23,4,5101000,0,Rechazado,0
REC-002102,POL-004967,2022-01-20,2022/01/25,2022/02/02,Consulta especializada,Santa Marta,Corredor,16,6,1231000,1185000,Aprobado,0
REC-001207,POL-002574,2025-01-19,2025-01-19,2025-01-30,Hospitalización,Medellín,Corredor,12,7,1628000,1424000,Aprobado,0
REC-001807,POL-007059,2024-05-31,31/05/2024,2024/06/27,Medicamentos,Bogotá,Oficina,17,6,1166000,567000,  Pagado parcial,0
REC-002157,POL-002589,2025-07-20,2025/07/22,2025-07-24,Consulta especializada,Medellín,Call center,20,5,2899000,2713000,Aprobado,0
REC-004199,POL-002556,2024/05/02,2024-05-15,2024/05/27,Medicamentos,Cartagena,Corredor,10,8,5008000,0,Rechazado,0
REC-001478,POL-002511,2023/12/04,2023-12-10,2023-12-22,colisión,B/QUILLA,Corredor,14,5,,1003000,Aprobado,0
REC-003700,POL-003201,05/09/2025,2025/09/05,,Hospitalización,Medellín,Corredor,19,5,6784000,,En revisión,0
REC-004142,POL-008084,2024-12-25,2025-01-16,2025/01/29,Daños eléctricos,BARRANQUILLA,Call center,3,8,4092000,0,Rechazado,0
REC-000065,POL-007922,2024-09-18,2024-09-25,11/10/2024,Cirugía,Medellín,Call center,19,4,7460000,6630000,Aprobado,0
REC-000230,POL-007121,2023/01/03,2023-01-05,2023/01/12,Medicamentos,sta. marta,Oficina,20,7,3337000,3149000,Aprobado,0
REC-003562,POL-007646,2022-08-16,18/08/2022,2022-09-05,Robo,Bogotá,CORREDOR,16,6,1266000,1084000,Aprobado,NO
REC-000561,POL-005952,2025-11-07,2025/11/09,26/11/2025,Incapacidad,Cartagena,App,7,4,22492000,13966000,Pagado parcial,0
REC-000158,POL-001975,25/05/2022,28/05/2022,2022/07/19,Daño a terceros,Bogotá,Oficina,1,0,6072000,0,Rechazado,1
REC-000622,POL-004705,2025-09-27,INVALID_DATE,,  Medicamentos,Cali,App,20,6,2060000,,En revisión,0
REC-002589,POL-006506,2023-05-07,14/05/2023,2023-05-17,Daños eléctricos, Santa Marta ,App,17,9,3663000,1141000,Pagado parcial,false
REC-002677,POL-004575,2022-07-15,2022-07-17,19/07/2022, Daños eléctricos ,  Pereira,App,11,6,2311000,0,Rechazado,0
REC-002448,POL-001985,2023-03-24,2023/03/25,2023-04-14,Vidrios,BOGOTA,App,14,4,5202000,4780000,Aprobado,false
REC-002241,POL-005947,05/07/2024,2024/07/05,2024-08-08,Colisión,Bucaramanga,App,16,8,11710000,10268000,Aprobada,0
REC-000936,POL-006606,2022-06-16,18/06/2022,2022-07-09,Colisión  ,Barranquilla,Oficina,7,6,3610000,0,Rechazado,0
REC-002196,POL-008148,2024-12-19,28/12/2024,2025-01-04,Colisión,bogotá,call center,18,6,2266000,1004000,Pagado parcial,0
REC-000136,POL-005544,2024-01-14,24/01/2024,2024-01-28,Cirugía,,Call center,7,8,13903000,12039000,Aprobado,0
REC-003323,POL-002401,19/09/2022,2022-09-19,2022-09-28,Cirugía,Cali,Oficina,17,5,4235000,0,Rechazado,0
REC-004025,POL-000224,2023/06/13,15/06/2023,2023-06-23,Consulta especializada,Medellín,APP,23,3,3757000,3431000,Aprobado,0
REC-003384,POL-004630,2024/12/31,01/01/2025,06/01/2025,Medicamentos,Manizales,App,18,10,1184000,1092000,Aprobado,N
REC-003364,POL-003667,2023-11-23,26/11/2023,2023-11-30,Colisión,Manizales,Corredor,10,7,2297000,2217000,Aprobado,0
REC-000982,POL-005392,2022/09/06,09/09/2022,21/09/2022,Colisión  ,Manizales,Call center,8,5,5137000,4417000,Aprobado,0
REC-002408,POL-007764,2022-03-16,2022/03/20,2022/04/10,Consulta especializada,Cali  ,App,14,9,1558000,1387000,aprobado,0
REC-000629,POL-006522,2025-11-20,2025/11/20,2025-11-24,Colisión,  Cúcuta,Corredor,17,6,3289000,1913000,  Pagado parcial,0
REC-001206,POL-006301,2024/03/17,2024-03-26,29/03/2024,Daño a terceros,Manizales,corredor,6,2,2910000,2765000,Aprobado,0
REC-001065,POL-004134,2025-02-05,2025-02-14,17/02/2025,Incendio,Bucaramanga,Corredor,23,4,15753000,13752000,Aprobado,0
REC-003786,POL-008183,2023-04-01,2023-04-01,17/04/2023,Hospitalización,CALI,Call center,22,6,5948000,5405000,Aprobado,0
REC-002585,POL-000417,07/09/2025,2025/09/09,2025-09-13,Daño a terceros,Bogotá,corredor,13,4,14532000,12911000,Aprobado,0
REC-001802,POL-001891,2024/07/28,2024-08-03,2024/08/06,Vidrios,Bogotá,App,11,6,1439000,1316000,Aprobado,0
REC-000153,POL-003796,09/04/2024,2024-04-26,INVALID_DATE,Medicamentos,Bogotá,Corredor,14,1,5865000,5742000,Aprobado,1
REC-001682,POL-001653,INVALID_DATE,2025-11-07,12/11/2025,Colisión,Cali,Call center,12,2,4182000,0,Rechazado,0
REC-002898,POL-003995,2023-10-27,28/10/2023,02/12/2023,CIRUGÍA,Bogotá,Call center,17,4,15701000,15104000,Autorizado,0
REC-003073,POL-007665,2023-09-30,2023-09-30,07/10/2023,Medicamentos,Medellín,Oficina,15,,3319000,2908000,Aprobado,0
REC-001476,POL-006975,2024-12-04,2024-12-04,2024-12-22,Medicamentos,MANIZALES,Oficina,20,4,1021000,977000,Aprobado,0
REC-001670,POL-007487,2024-03-05,05/03/2024,2024-04-02,Cirugía,Cali,App,10,9,7792000,3011000,Pagado parcial,0
REC-004057,POL-007567,2024/03/07,2024-03-08,2024/04/07,Daños eléctricos,Manizales,Oficina,21,10,2727000,2656000,Aprobado,0
REC-002146,POL-001216,2025/07/16,18/07/2025,2025-07-24,VIDRIOS,BOGOTA,Oficina,7,5,2903000,2890000,Aprobado,0
REC-002755,POL-003817,2025/07/02,2025-07-03,2025-08-01,Daño a terceros,BOGOTA,Call center,21,5,1116000,0,Rechazado,0
REC-002006,POL-002994,2025-02-15,2025/03/06,29/07/2025,Robo,Cartagena  ,Call center  ,23,1,33250000,31764000,Autorizado,1
REC-001347,POL-001647,2025-02-01,2025-02-04,2025-03-08,Medicamentos,Cúcuta,Call center,17,4,2362000,2141000,Aprobado,0
REC-003662,POL-006136,2025/09/22,2025-09-22,,Consulta especializada,Bogota,App,14,9,3674000,,En revisión,0
REC-000380,POL-004588,2023-06-01,2023-06-06,2023-06-11,Consulta especializada,Pereira,Call center,5,8,7902000,0,Rechazado,0
REC-001937,POL-003226,2023-11-10,2023-11-22,15/12/2023,Daño a terceros,Bogotá  ,App,11,2,1481000,1313000,Aprobado,0
REC-001753,POL-002927,29/12/2023,2023-12-31,09/01/2024,Hospitalización,Sta. Marta,Call center,14,2,17807000,16291000,Aprobado,0
REC-003437,POL-005331,2023-08-08,2023-08-09,27/08/2023,Hospitalización,Bogotá,APP,16,7,9956000,8830000,Aprobado,0
REC-000379,POL-002048,2022-05-12,2022-05-15,2022-06-07,Hospitalización,CALI,App,9,7,16800000,14651000,Aprobado,NO
REC-002306,POL-002394,2025/12/16,2025-12-16,,Hospitalización,Barranquilla,App,13,3,6162000,,En revisión,0
REC-002191,POL-005850,2023-04-07,11/04/2023,,Consulta especializada,,Call center,15,8,1664000,1663000,Aprobado,
REC-003765,POL-000363,,20/06/2024,2024-06-25,Inundación,Cartagena,app,15,7,14922000,0, Rechazado ,0
REC-001546,POL-007423,2025-10-16,2025-10-20,2025-11-05,colisión,Barranquilla,Oficina,18,6,1919000,1637000,Aprobado,0
REC-003840,POL-004262,14/01/2025,18/01/2025,23/02/2025,  Fallecimiento,Medellín,Call center  ,14,5,32501000,18470000,Pagado parcial  ,0
REC-000449,POL-001434,12/04/2025,21/04/2025,2025-04-24,Daño  a  terceros,Barranquilla,App,8,3,3893000,3410000, Aprobado ,0
REC-004003,POL-006840,2025-01-21,01/02/2025,08/02/2025,Daño a terceros,Bta,Call center,16,4,3021000,1445000,Pagado parcial,0
REC-000192,POL-006839,2024/05/15,20/05/2024,2024-05-24,VIDRIOS,,Call center,8,9,2531000,1298000,Pagado parcial,0
REC-000903,POL-003604,2025-05-09,2025/05/10,06/06/2025,  Daño a terceros,Santa  Marta,App,12,5,,5581000,Aprobado,0
REC-000570,POL-001992,2025-12-24,2025/12/26,,Medicamentos,Pereira,Call center,14,4,4318000,,En revisión,0
REC-001222,POL-002353,28/12/2021,2022-01-07,2022/01/16,Daño a terceros,Cali,App,10,3,4901000,4557000,APROBADO,0
REC-000791,POL-002461,2024-05-27,23/06/2024,2024-10-06,Colisión,Cali,Call center,15,3,12029000,0, Rechazado ,1
REC-002916,POL-004876,2024/07/15,2024/07/29,2024-08-11,Robo,BOGOTÁ,App,16,10,19714000,18043000,Aprobado,0
REC-001752,POL-004789,2022/04/08,11/04/2022,2022-04-22,Daño a terceros,Bucaramanga,Corredor,17,3,2316000,2294000,Aprobado,0
REC-003133,POL-007398,2025-06-15,,20/06/2025,Consulta especializada,Bogotá,Corredor  ,17,2,1308000,0,Rechazado,0
REC-001070,POL-007457,2025-11-03,,2025-12-27,Hospitalización,Medellín,App,6,6,2107000,1938000,APROBADO,0
REC-001153,POL-004878,22/01/2023,23/01/2023,2023-02-13,Consulta especializada,Medellín,App,19,4,992000,961000,Aprobado,0
REC-002721,POL-004757,2025-07-05,2025-07-05,14/07/2025,Hospitalización,  Cali,App,15,9,7492000,6999000,Aprobado,
REC-003228,POL-006690,2023-07-21,2023-07-22,15/08/2023,ROBO,Bogotá,CORREDOR,8,5,5408000,4702000,Aprobado,No
REC-003782,POL-005285,22/04/2025,2025/04/25,27/07/2025,Vidrios,Cúcuta,Oficina,10,3,4238000,3901000,Aprobado,0
REC-002505,POL-000240,2024/04/02,2024-04-02,13/04/2024, Medicamentos ,Santa Marta,App,15,8,2844000,0,Rechazado,0
REC-003475,POL-001474,2022-07-28,2022/07/30,2022-08-20,Vidrios, Bogotá , Call center ,23,3,3237000,2819000,Aprobado  ,0
REC-001420,POL-004210,10/09/2024,2024-09-10,2024-09-15,hospitalización,Cúcuta,App,17,9,1536000,1311000,Aprobada,0
REC-002037,POL-005024,2025-07-20,2025/07/21,14/08/2025,Daño a terceros,BOGOTÁ,Call center,12,3,9817000,0,Rechazado,0
REC-002551,POL-008289,14/10/2024,2024/10/15,2024-12-07,Robo, Bogotá ,Call center,8,10,6406000,0,Denegado,0
REC-003969,POL-004067,30/05/2022,2022/06/10,2022-06-19,Colisión,,Oficina,17,4,2378000,2335000,Aprobado,0
REC-002181,POL-008245,2022-04-20,,29/04/2022,Robo,Bogotá,Call center,9,9,3163000,2825000,APROBADO,0
REC-003801,POL-006126,2025-03-20,2025-03-22,03/05/2025,Daño a terceros,Medellín,App,12,8,7764000,6718000,Aprobado,0
REC-004084,POL-006738,2025-02-08,2025-02-08,2025/02/11,Consulta especializada,manizales,App,21,5,1306000,564000,PAGADO PARCIAL,0
REC-003153,POL-004626,11/01/2023,2023-01-25,2023/04/26,Colisión,Bucaramanga,CORREDOR,1,5,9430000,0,Rechazado,1
REC-002828,POL-006697,2022-09-15,2022/09/18,2022-10-27,Consulta especializada,  Bta,App,22,9,6991000,6139000,Aprobada,false
REC-002796,POL-007123,2024/09/20,,07/10/2024,Colisión,Cúcuta,App,18,6,3585000,3072000, Aprobado ,0
REC-001341,POL-005283,2022-11-17,2022-11-18,2022-12-10,Hospitalización,Bogotá,Call  center,8,,13018000,12420000,Aprobado,0
REC-003467,POL-003584,2021/05/23,2021-05-25,2021-06-02,Colision,Barranquilla,Corredor,17,4,3550000,1186000,Pago parcial,0
REC-001663,POL-005856,2023-07-24,2023/07/31,2023-08-08,Vidrios,Bogotá,App,12,8,2828000,2616000,  Aprobado,N
REC-003971,POL-003487,02/04/2025,2025-04-02,2025-04-29,Cirugía,Cali,Oficina,16,8,13119000,12454000,Aprobado,0
REC-000958,POL-001410,2024-01-02,2024-01-02,16/01/2024,Cirugía,Bogotá,App,15,9,8957000,7707000,Aprobado,0
REC-001322,POL-005083,2025-12-20,20/12/2025,,Fallecimiento,Santa Marta,app,9,10,82945000,,En revisión,N
REC-000116,POL-008152,2025-05-15,28/07/2025,21/08/2025,Daño a terceros,Bogotá,Call center,0,2,5421000,0,Rechazado,1
REC-003576,POL-000155,2022-07-07,2022/07/08,2022-08-06,  Consulta especializada,barranquilla,Call center,20,6,987000,958000,Aprobado,0
REC-001039,POL-001142,,2025-02-20,31/03/2025,Cirugía,Medellín,Oficina,16,4,8870000,8132000, Aprobado ,0
REC-001825,POL-005618,02/07/2024,2024-07-16,03/08/2024,Daño a terceros,medellín,App,15,4,9643000,0,Rechazada,0
REC-001659,POL-003602,2024/09/21,21/09/2024,24/09/2024,Inundación,Pereira,App,9,4,3826000,3564000,Aprobado,0
REC-001892,POL-000228,2024/01/14,2024-01-14,19/01/2024,Colisión,Bogotá,CALL CENTER,99,,1941000,0,Rechazado,0
REC-000278,POL-000307,2024-04-04,2024/04/13,16/04/2024,CIRUGÍA,Bogotá,CORREDOR,11,4,1702000,1654000,  Aprobado,0
REC-004056,POL-006794,2025-05-16,2025/05/23,2025-05-27,Colisión,Barranquilla,Call center,10,4,1790000,1722000,Aprobado,No
REC-003192,POL-002457,2024-05-25,01/06/2024,2024/06/04,Consulta especializada,Bogotá,APP,11,5,677000,638000,Aprobado,0
REC-001785,POL-003827,2024-01-24,2024-01-24,2024-01-31,Consulta especializada,Bogotá,Oficina,17,5,3031000,2849000,Aprobado,0
REC-004147,POL-006666,2025-07-16,20/07/2025,2025-08-04,Medicamentos,Bogota,  Call center,16,8,1863000,1774000,Aprobado,0
REC-001769,POL-002634,13/11/2024,2024-11-17,01/12/2024,daño a terceros, Bucaramanga ,Oficina,13,6,1146000,1009000,aprobado,0
REC-002310,POL-002362,28/10/2024,01/11/2024,2024-12-17,Colisión,Bogotá,APP,16,5,5139000,,Aprobado,0
REC-000447,POL-001951,07/07/2022,2022/07/08,20/07/2022,Daño a terceros,Cúcuta,App,13,2,4347000,,Aprobado,0
REC-000735,POL-004261,2023-06-10,2023-06-17,20/06/2023,Robo,medellín,Corredor,10,5,25288000,23426000,Aprobado,0
REC-004175,POL-004324,2025-06-11,2025-06-13,16/06/2025,Daños eléctricos, Bogotá ,App,20,8,3369000,3238000,Aprobado,0
REC-001158,POL-000727,2023/06/02,2023-06-04,2023-06-25,Consulta especializada,Medellín,App,17,6,3601000,1874000,Pagado parcial,0
REC-003726,POL-001833,2023/09/03,2023-09-04,2023-09-19,Daños eléctricos,Bogotá,Corredor,14,4,1068000,552000,Pagado parcial,0
REC-001845,POL-005422,2025/04/11,15/04/2025,2025-05-14,Daño a terceros,Bucaramanga,App,13,3,1758000,1667000,Aprobado,0
REC-001783, POL-007978 ,28/06/2024,2024-07-10,2024-07-23,Incapacidad,Medellín,App,17,4,52636000,16251000,Pagado parcial,0
REC-001032,POL-007725,2023-01-03,05/01/2023,2023/01/27,Incendio,Cúcuta,Oficina,12,8,9451000,3877000,Pagado parcial,N
REC-000594,POL-002979,2022-07-11,2022-07-14,2022-07-17,Medicamentos,cúcuta,Call center,12,3,1305000,1139000,  Aprobado,N
REC-003665,POL-002424,2022-01-28,2022-01-28,2022/02/08,Cirugía,Cali,Oficina,18,9,2820000,0,Rechazado,N
REC-002521,POL-003523,2025-06-05,2025-06-10,2025-06-28,Hospitalización,Bogotá,Call  center,13,7,15782000,15300000,Aprobado,0
REC-001149,POL-002901,2025-08-07,2025/08/07,10/08/2025,Consulta especializada,Pereira,App,14,4,2670000,0,  Rechazado,0
REC-000439,POL-004083,26/07/2025,2025-07-30,2025-08-05,Medicamentos,BOGOTÁ,App,15,2,1472000,1286000,Aprobado,0
REC-003869,POL-004789,26/12/2022,02/01/2023,2023/01/17,Robo,Bucaramanga,Oficina,16,4,14775000,13128000,Aprobado,0
REC-003481,POL-008353,2025-05-19,2025-05-20,06/06/2025,Robo,Medellín,Oficina,12,4,5489000,2697000,Pagado parcial,0
REC-003179,POL-000358,15/01/2024,2024/01/23,2024-02-11,Cirugía,Bogotá,Corredor,10,5,8269000,7841000,Aprobado,0
REC-002512,POL-004593,2022/10/30,2022/11/02,2022-11-08,Consulta especializada,Cali,Oficina,16,5,4651000,0,Rechazado,0
REC-000790,POL-008152,2025-09-04,2025/09/11,2025-09-30,Robo,Bogotá  ,Oficina,13,9,13450000,13212000,Aprobado,0
REC-000329,POL-007600,05/08/2025,2025-08-06,2025-08-15,Colisión, Cali ,App,11,10,2618000,0,Rechazado,0
REC-001674,POL-002512,2023-09-11,12/09/2023,2023-10-10,Consulta especializada,Bogotá,Call center,11,6,834000,791000,Aprobado,0
REC-001231,POL-001364,26/07/2024,27/07/2024,2024/07/31,Enfermedad grave,Bogotá,App,14,5,16129000,0, Rechazado ,0
REC-000759,POL-004822,2023-08-18,20/08/2023,2023/08/28,Inundación,Manizales,Call center,9,4,5886000,5713000,Aprobado  ,0
REC-003762,POL-000723,2024-01-23,25/01/2024,2024/02/27,Robo,Bogotá,Call center,8,5,41790000,41521000,Aprobado,0
REC-001838,POL-004799,2025-05-31,2025/06/07,22/06/2025,Colisión,Cali,Call center,20,5,1373000,1168000,Aprobado,0
REC-002829,POL-006014,19/10/2023,,2023/10/31,Cirugía,Medellín,Oficina,7,3,45600000,0,Rechazado,0
REC-002985,POL-003542,2023-09-07,10/09/2023,19/09/2023,Colisión,Medellín,App,17,8,3928000,3759000,Aprobado,0
REC-003278,POL-005775,,2025-11-01,11/11/2025,Colisión,Medellín, Oficina ,18,3,3683000,3224000,Aprobado,No
REC-003428,POL-004097,2022-01-07,15/01/2022,2022-02-09,Medicamentos,Bogotá  , Call center ,17,3,3983000,2202000,Pagado parcial,0
REC-003686,POL-000932,05/10/2022,2022/10/07,2022-10-27,consulta especializada,Bogotá,App,14,7,762000,0,Rechazado,0
REC-003478,POL-003673,2021-06-20,2021-06-21,09/07/2021,Consulta especializada,Manizales,Call center,20,4,2915000,2662000,Aprobado,0
REC-002561,POL-004486,23/07/2024,2024-07-23,2024-07-27,Colisión,Bogotá,OFICINA,12,9,2777000,2706000,Aprobada,0
REC-002301,POL-002623,2025-09-15,2025-09-22,,Daños eléctricos,Bucaramanga,Call center,12,6,5118000,,En revisión,0
REC-004292,POL-005243,2025-10-24,2025-10-28,,Colisión,B/manga,Corredor,19,4,2897000,,En revisión,0
REC-000885,POL-001318,26/02/2023,2023-02-27,2023-03-22,Daño a terceros,Bogotá, Call center ,0,3,14174000,0,Rechazado,1
REC-001132,POL-004007,25/12/2022,2022-12-25,2023-01-10,Daños  eléctricos,Bogotá,App,5,5,3720000,3410000,Aprobado,0
REC-002757,POL-006009,06/12/2023,,2023-12-23,Robo,Cali,App,10,2,23672000,8553000,Pagado parcial,0
REC-004043,POL-005297,24/06/2025,2025-06-27,30/06/2025, Cirugía ,SANTA MARTA,Call center,11,4,6355000,5459000,Aprobado,No
REC-004149,POL-004451,2023-12-18,25/12/2023,31/12/2023,Enfermedad grave, Cali ,App,12,5,85197000,74847000,Aprobado,0
REC-002698,POL-001525,2023/03/12,INVALID_DATE,17/04/2023,Consulta especializada,Bogotá,App,14,4,2964000,2720000,Aprobado,0
REC-002351,POL-001952,2022/11/21,2022-11-21,INVALID_DATE,Colisión,Bogotá,Oficina,6,4,676000,360000,pagado parcial,0
REC-001107,POL-005763,2022/12/31,10/02/2024,16/02/2024,Daño a terceros,BOGOTA,  App,17,,1749000,1586000,Aprobado,0
REC-002767,POL-005060,13/01/2021,2021/01/13,2021/01/30,Daño a terceros  ,MEDELLÍN,Oficina,21,5,3125000,2821000,Aprobado,0
REC-002929,POL-003520,2025-09-28,2025-10-07,2025-10-27,Robo,Medellín,Call center,14,7,14643000,0,Rechazado,0
REC-002446,POL-004731,2022-06-14,2022/06/16,2022-06-30,Daño a terceros,Bucaramanga,Corredor,11,3,3201000,2755000,Aprobado,0
REC-001533,POL-001284,11/11/2025,2025/11/11,,Colisión,Cúcuta,App,10,6,6306000,,En revision,0
REC-001660,POL-006210,INVALID_DATE,14/10/2024,2024-10-21,Colisión,Medellín,Oficina,12,6,3936000,3741000,Aprobado,0
REC-000994,POL-003352,2024-02-14,,2024-02-28,Consulta especializada,Bta,CALL CENTER,20,2,13837000,11793000,Aprobado,1
REC-000527,POL-004037,2025/12/08,2025-12-27,INVALID_DATE,Robo, Medellín ,Call center  ,19,5,22841000,19862000,Aprobado,0
REC-000308,POL-002942,21/12/2022,22/12/2022,2022-12-26,COLISION, Barranquilla ,Call center,14,2,2663000,2268000,APROBADO,0
REC-004159,POL-000123,2025-09-09,2025/09/15,,Consulta especializada, Medellín ,Corredor,12,6,6025000,,En revisión,0
REC-003733,POL-002996,2025-07-25,2025/07/25,2025/07/30,Daños eléctricos,Bogotá,Oficina,8,7,2157000,,Aprobado,0
REC-002095,POL-004183,2023/01/15,17/01/2023,2023-01-19,Consulta especializada,Cúcuta,CALL CENTER,19,1,1839000,1661000,Autorizado,0
REC-003834,POL-007744,2024/03/26,,2024-04-18,Colisión,Bogotá D.C.,App,12,6,3001000,2590000,Aprobada,0
REC-003394,POL-002904,2023-04-22,2023-05-07,15/05/2023,Hospitalización,  Manizales,Call center,3,10,1840000,1820000,aprobado,0
REC-002959,POL-006567,2022-12-13,2022-12-26,2022-12-31,Medicamentos,Bogotá,Oficina,17,9,2241000,2217000,APROBADO,0
REC-002602,POL-005422,2025-11-18,27/11/2025,2025-12-01,Daño a terceros,B/manga,  Call center,14,1,7156000,0,Denegado,0
REC-003252,POL-005369,2022-04-09,2022-04-16,18/04/2022,Hospitalización,,Oficina,22,3,19797000,0,Rechazado  ,0
REC-004007,POL-007700,2024-12-10,2024-12-10,2024-12-17,Consulta especializada,  Medellín,App,8,4,1991000,1857000,Aprobado  ,0
REC-002926,POL-000891,2023-11-24,2023/11/29,05/12/2023,Consulta especializada,  Pereira,Call center,17,7,1424000,1271000,Aprobado,0
REC-003112,POL-008337,23/06/2023,2023-06-23,2023-07-20,Consulta especializada,Cartagena,Oficina,23,,775000,0,Rechazado,0
REC-000572,POL-000279,2024-12-22,25/12/2024,31/12/2024,Daño a terceros  ,Cali  ,Call center,20,3,5548000,0,Rechazado,0
REC-000467,POL-002906,2024-12-15,19/12/2024,2025/01/05,colisión,Barranquilla,App,10,6,5186000,4958000,Aprobado,0
REC-004174,POL-002750,2021/06/16,2021-06-17,2021-06-25, Consulta especializada ,Bogotá, Call center ,22,1,1587000,1371000,Aprobado  ,0
REC-000542,POL-008016,2025/01/24,2025/02/05,07/02/2025,Colisión,Pereira,Call center,21,1,3459000,3108000,Aprobado,0
REC-001175,POL-001661,2025/11/21,2025/11/23,,Dano a terceros,Barranquilla,App,10,4,5821000,,En revisión,0
REC-003238,POL-003937,2022/05/10,10/05/2022,2022-05-16,Medicamentos,Bogotá,App,23,1,4334000,3959000,Aprobado,0
REC-002392,POL-001384,,11/10/2025,,  Robo,Bogotá D.C.,Oficina,22,1,6127000,,En revisión,1
REC-001828,POL-004565,2025-11-09,21/11/2025,16/12/2025,Daños eléctricos,Bogotá, Oficina ,12,3,3074000,2836000,Aprobado,0
REC-000191,POL-007299,2024/12/05,2024-12-07,2024-12-09,Consulta  especializada,Bucaramanga,App,13,5,5152000,4858000,Aprobado,0
REC-004254,POL-002575,2025-07-08,2025/07/12,2025-08-06,Colisión,Medellín,App,23,7,4271000,3801000,  Aprobado,0
REC-001071,POL-007225,2022/07/01,04/07/2022,22/07/2022,Daño a terceros,  Barranquilla,App,20,5,7209000,,Aprobado,0
REC-002056,POL-005150,2023/09/18,2023/09/19,24/10/2023,Daño a terceros,Barranquilla,Corredor,16,3,709000,661000,Aprobado,0
REC-001370,POL-004479,2023/02/15,2023-02-17,10/03/2023,Robo,Bucaramanga,App,23,6,8661000,7744000,Aprobado,0
REC-002066,POL-005906,2022/11/26,10/12/2022,2023-01-07,Daños eléctricos,Medellín,Oficina,11,4,,1813000,Autorizado,0
REC-000226,POL-002033,2022-02-13,2022-02-18,2022-02-23,Daños eléctricos,Santa Marta,App,10,9,1601000,1363000,Aprobado,0
REC-003979,POL-007587,2024-10-08,2024-10-13,2024/10/22,Inundación,bogotá,Oficina,12,9,4626000,3208000,Pagado parcial,0
REC-003739,POL-000601,01/11/2025,2025-11-04,,Consulta especializada,Cali,Corredor,17,5,351000,,En revisión,0
REC-001538,POL-007639,2024-11-29,2024/12/08,2025/01/04,Colisión,Bogotá,Corredor,15,4,11198000,,Aprobado,0
REC-001491,POL-005566,2024-02-04,07/02/2024,26/02/2024,Colisión,Barranquilla,App,20,5,2156000,1883000,Aprobado,0
REC-001255,POL-006848,2025-05-02,04/05/2025,2025-05-15,Daño a terceros,Barranquilla,Oficina,6,4,1947000,0,Rechazado,1
REC-000264,POL-003122,22/08/2023,01/09/2023,2023-09-16,Consulta especializada,Cali,Call center,13,2,1468000,1389000,Aprobado,0
REC-004134,POL-005713,2023-04-21,22/04/2023,16/05/2023,Medicamentos  ,manizales,  Call center,10,9,5805000,5183000,Aprobado,0
REC-002333,POL-005585,2024/07/14,14/07/2024,2024/07/31,Daño a terceros,Santiago de Cali,Oficina,8,5,1306000,0,rechazado,0
REC-004087,POL-006030,2021/08/17,2021-08-19,12/10/2021, Colisión ,Medellín,Call center,14,1,4605000,3932000,Aprobado,0
REC-002549,POL-000324,2025-08-01,2025-08-02,2025-08-09,Consulta especializada,BTA,Oficina,14,10,1236000,, Aprobado ,0
REC-001953,POL-008342,2025/07/31,2025-10-04,,Colisión,Bogotá,App  ,23,2,8343000,,En revisión,1
REC-002274,POL-002631,20/04/2025,21/04/2025,INVALID_DATE,Inundación,Medellín,Call center,8,,2968000,1428000,PAGADO PARCIAL,0
REC-001211,POL-000431,2025-10-29,2025-10-29,,Daños eléctricos,Bogotá  ,App,17,5,2055000,,En revisión,0
REC-003704,POL-007687,2023-12-14,2023/12/15,25/12/2023,Daño a terceros,Bogotá,Call center,23,1,11097000,9827000,Aprobado,1
REC-003485,POL-001177,2023-04-07,07/04/2023,22/04/2023,Medicamentos,Medellín,App,22,5,5719000,5221000,aprobado,0
REC-003186,POL-000560,2023-05-25,2023-05-31,2023/06/05,Enfermedad grave,Bogota DC,App,16,4,58546000,57931000,Aprobado,0
REC-003546,POL-004768,2021-10-24,27/10/2021,2021/11/08,  Hospitalización,Bogotá,Corredor,15,4,14808000,8404000,Pagado parcial,0
REC-000420,POL-006420,2022-02-21,23/02/2022,2022/02/25,Colisión,Bogotá,Call center,12,10,3124000,3041000,Aprobado  ,0
REC-004079,POL-004372,29/07/2025,2025/07/31,2025/08/09,Colisión,MEDELLÍN,  App,12,3,2175000,1975000,Aprobado,0
REC-002225,POL-004004,,2025-03-10,2025-03-31,colisión,Santiago de Cali,Call center,17,3,1686000,1676000,APROBADO,0
REC-000563,POL-004542,24/09/2021,2021-09-25,2021-10-19,Robo,Bogotá,Oficina  ,12,1,31867000,31686000,Aprobado,0
REC-003080,POL-000586,05/12/2022,2022/12/11,25/12/2022,Hospitalización,BOGOTÁ,Call center,15,1,5883000,5334000,Aprobado,0
REC-003696,POL-003207,2023-10-20,2023/10/23,2023-11-03,Consulta especializada,Barranquilla,  App,18,6,,2995000,Aprobado,NO
REC-002892,POL-001991,2024-08-11,12/08/2024,2024-09-02,  Hospitalización,cali,Call center  ,22,9,6412000,5477000,Aprobado,0
REC-003404,POL-006797,2024/06/03,2024-06-06,16/06/2024,Hospitalización,  Bogotá, App ,12,2,9796000,8423000,Aprobado,0
REC-003897,POL-004459,28/11/2024,2024/11/28,2024/12/08,Dano a terceros,Cúcuta,Corredor,10,3,7109000,6754000,Aprobado,No
REC-002555,POL-006150,18/04/2024,18/04/2024,2024-05-12,Medicamentos,Medellín,App,8,6,5433000,5125000,Aprobado,0
REC-000770,POL-001669,2023-01-08,09/01/2023,2023-02-22,Colisión,BARRANQUILLA,App,12,,8415000,7527000,  Aprobado,0
REC-002764,POL-008080,2023-06-19,2023-06-21,2023-07-07,  Hospitalización,Manizales,Corredor,15,3,1807000,1729000,Aprobado,0
REC-004192,POL-008329,21/11/2025,22/11/2025,2025/11/29,Daño a terceros,Cali,Call center,16,4,7686000,3227000,Pago parcial,0
REC-001133,POL-004873,2025-04-20,2025/05/03,2025-05-11,medicamentos, Santa Marta ,Corredor,13,7,3825000,3539000, Aprobado ,0
REC-002155,POL-005766,2024-09-04,14/09/2024,2024-09-16,Vidrios,Bogotá,app,13,2,7303000,5111000,Pagado parcial,0
REC-001881,POL-007644,2021/12/01,2021/12/02,08/12/2021,Vidrios, Medellín ,Oficina,17,5,1275000,1132000,Aprobado,0
REC-002153,POL-001141,2024-11-19,20/11/2024,30/12/2024,Daño a terceros,Cali,Call center,12,6,17511000,15754000,Aprobado,0
REC-002237,POL-005314,2023-01-27,30/01/2023,01/02/2023,Colisión,Bogotá,Call center,17,6,1187000,0,Rechazado  ,0
REC-003971,POL-003487,02/04/2025,2025-04-02,2025-04-29,Cirugía,Cali,Oficina,16,8,13119000,12454000,Aprobado,0
REC-000395,POL-003923,2025-02-05,2025-02-06,2025/02/13,  Cirugía,Bogota DC,Call center,11,6,5837000,5652000,Aprobado,0
REC-002345,POL-006858,2025-07-13,,20/07/2025,Consulta especializada,,App,14,,3078000,2898000,Aprobado,0
REC-004262,POL-006683,18/03/2025,2025-03-18,2025-03-26,Colisión,Bogotá,Corredor,12,5,8994000,0,Rechazado,0
REC-000817,POL-006973,12/03/2025,2025-03-12,2025-04-04,Robo,  Barranquilla,App,17,7,22202000,0,Rechazado,0
REC-002208,POL-005359,2021-12-27,2021-12-29,2022-01-28,Daño a terceros,Bogotá,Call center,17,5,633000,618000,Aprobado,0
REC-001061,POL-005854,20/12/2025,2025-12-20,,Incapacidad,Bogotá  ,Call center,17,7,69076000,,En revisión,No
REC-000529,POL-007691,22/10/2024,2024-11-01,2024-11-19,Medicamentos,Cúcuta,App,20,7,4419000,0,Denegado,0
REC-003316,POL-002622,2024-07-25,,02/08/2024,Vidrios,Bogota,App,13,2,3810000,1921000,Pagado parcial,0
REC-004235,POL-007624,2022-06-21,2022-06-21,16/08/2022,Robo,Bucaramanga,App,22,8,11917000,10729000,Aprobado,0
REC-003293,POL-003980,13/05/2025,2025-05-19,2025-05-23,Colisión  ,Cali,App,10,,2360000,2282000,Aprobado,0
REC-001257,POL-005624,2022-02-26,03/03/2022,2022/03/19,Daño a terceros,Cartagena,Oficina,7,2,2748000,1870000,Pagado parcial,0
REC-002875,POL-007322,2022-11-21,2022-11-29,2022/12/06,Consulta especializada,Sta. Marta,Oficina,11,6,888000,355000,Pagado parcial,0
REC-001374,POL-007913,2024/04/23,26/04/2024,2024/05/05,Consulta especializada,Medellín  ,App,7,10,3457000,0,Rechazada  ,0
REC-001469,POL-002747,2023-12-13,2023-12-13,2023-12-30,Robo,BOGOTÁ,Call center  ,16,7,5377000,2661000,  Pagado parcial,0
REC-004185,POL-004569,2025-08-23,2025-08-29,2025-09-10,Colisión,Barranquilla,Oficina,5,3,2971000,2696000,Aprobado,0
REC-004277,POL-004788,2025-07-05,2025/08/17,20/09/2025,COLISION,Bucaramanga,Call center,15,1,7441000,6655000,Aprobado,1
REC-002560,POL-000440,INVALID_DATE,2022/10/16,2022-10-25,Daño a terceros,Bogota  DC,Corredor,6,6,6157000,5817000,Aprobado,0
REC-002947,POL-002344,2025-08-13,24/08/2025,2025-09-05,Daños eléctricos  , Cartagena , Corredor ,14,3,2335000,1987000,Aprobado,0
REC-003492,POL-002945,2023-05-01,2023-05-04,16/05/2023,Consulta especializada,Bucaramanga,App,21,8,136100000,1283000,  Aprobado,0
REC-001209,POL-006667,2023-09-24,,11/10/2023,Colisión,Bogotá  ,App,17,4,4198000,4029000, Aprobado ,0
REC-003304,POL-002701,2025-03-01,05/03/2025,27/03/2025,Medicamentos,manizales, Call center ,15,5,1401000,456000,Pagado parcial,0
REC-002803,POL-001744,02/05/2024,13/05/2024,2024-06-04,Hospitalización,MANIZALES,APP,17,5,233400000,2009000,aprobado,0
REC-002841,pol-007326,2022/10/07,2022/10/13,29/10/2022,Medicamentos,Medellín (Antioquia),Call center,3,3,1582000,535000,Pagado parcial,0
REC-003603,POL-002841,2021-09-27,08/10/2021,2021-11-08,Medicamentos,Barranquilla,Call center,15,9,1643000,1420000,Aprobado,0
REC-003017,POL-005998,2022-10-03,2022-10-07,21/10/2022,Colisión,,App,8,2,1918000,1649000,APROBADO,0
REC-000680,POL-004779,2022/11/12,2022-11-15,21/11/2022,MEDICAMENTOS,Bogotá,Oficina,13,3,771000,744000,Aprobado,0
REC-001651,POL-008157,2022-11-17,22/11/2022,INVALID_DATE,Colisión,Cali,Call center,15,7,1700000,,Pagado parcial,0
REC-002887,POL-006191,2024-12-16,2024-12-18,24/12/2024,Colisión, Bucaramanga ,Call center,18,7,1355000,1185000,APROBADO,N
REC-000088,POL-001911,2022/10/16,INVALID_DATE,2022/11/06,Vidrios,Cúcuta,Call center,18,1,2536000,2510000, Aprobado ,0
REC-002293,POL-006268,02/01/2025,04/01/2025,2025-01-10,Enfermedad grave,Medellín,oficina,12,5,22692000,21354000,Aprobado,0
REC-003131,POL-006198,2025-07-04,2025-07-06,14/07/2025,Vidrios,medellín, App ,10,5,10880000,0,Rechazado,0
REC-002226,POL-003516,22/07/2021,29/07/2021,2021/08/08,Consulta especializada,Santa Marta,Oficina,11,4,10520000,9983000,Aprobado,0
REC-000808,POL-001774,2021-05-11,12/05/2021,2021-06-16,Consulta especializada,bogotá,App,12,9,2156000,2087000,Aprobado,0
REC-002771,POL-001891,2024/07/31,2024-08-06,09/08/2024,  Colisión,Bogotá,Corredor,20,5,3409000,3291000, Aprobado ,0
REC-001499,POL-001466,15/06/2025,15/06/2025,2025-06-23,Consulta especializada,Medellin  , Oficina ,9,6,5168000,5091000,Aprobado,0
REC-002575,POL-000866,2025-11-04,2025-11-04,,Hospitalización,MEDELLÍN,Call center,10,3,6613000,,En revisión,0
REC-001376,POL-006485,,INVALID_DATE,2024/11/08,Colisión,Bogotá,Call center,14,5,3028000,2964000,Aprobado,0
REC-003784,POL-007876,2025-07-02,05/07/2025,16/08/2025,Daño a terceros,Bogotá,Corredor,16,5,1705000,1541000,Aprobado,0
REC-000263,POL-005725,2024-04-12,2024-05-07,21/05/2024,Robo,Cúcuta,Call center,22,3,15911000,15450000,Aprobado,1
REC-001837,POL-001318,2022-06-16,2022/06/27,2022-07-24,Colisión,Bogotá,Call center,3,2,18174000,0,Rechazado,1
REC-004207,POL-000936,2023/10/25,2023-11-01,2023-11-09,Consulta  especializada,Barranquilla,Call center,10,,1671000,0,Rechazado,0
REC-001827,POL-006302,13/04/2024,2024-04-16,2024-04-27,Vidrios,BARRANQUILLA, Oficina ,14,5,6495000,0,Rechazado,0
REC-000751,POL-005880,2025-02-22,2025-02-24,2025-03-21,Colisión,  Cali,Call center,23,3,6051000,5194000,Aprobado,0
REC-003720,POL-002200,30/10/2024,2024/11/03,2024-11-12,Inundación,Cali,App,17,7,1253000,1145000, Aprobado ,0
REC-004230,POL-007899,03/09/2021,2021-09-05,2021-09-21,Robo,Barranquilla,App,6,7,26379000,,Rechazado  ,0
REC-000810,POL-927541,2022-12-27,2022/12/31,2023-01-11,Vidrios,Bogotá,Oficina,14,9,5978000,5164000,Aprobado,0
REC-003923,POL-008031,12/06/2025,2025/06/12,2025/07/19,colisión,Santa Marta,Oficina,14,5,865000,532000,Pago parcial,0
REC-003759,POL-003710,2023-01-12,21/01/2023,2023/03/27,Cirugía,Bogotá,Oficina,11,4,30618000,0,Rechazado,1
REC-004186,POL-007332,2022/09/21,INVALID_DATE,27/09/2022,Vidrios,,App,10,7,2177000,2097000,  Aprobado,N
REC-000781,POL-005726,2025-11-05,2025-11-07,,DANOS ELECTRICOS,Bucaramanga,Call center,12,9,3101000,,En  revisión,0
REC-000749,POL-001220,2024-06-17,2024-06-24,2024-06-26,Daño a terceros,Bogotá,App,14,7,1395000,1200000,Aprobado,0
REC-004215,POL-003012,29/09/2024,2024-10-04,2024-10-16,  Colisión,Cali,Oficina,9,1,4621000,4140000,Aprobado,0
REC-000456,POL-002260,26/05/2025,2025/06/05,2025/06/11,DAÑO A TERCEROS,Barranquilla,App  ,23,8,5801000,1881000,Pago parcial,0
REC-001450,POL-007985,2025-11-23,2025/11/23,2025/12/20,Consulta especializada,Bogotá,app,1,2,15287000,13100000,Aprobado,S
REC-003122,POL-001614,,2025-03-19,27/03/2025,Hospitalización,Bogotá,Call center,18,6,5809000,2113000, Pagado parcial ,0
REC-000690,POL-004042,2023-11-06,2023-11-08,2023-12-11,Hospitalización,BOGOTÁ,Call center,17,3,5645000,5271000,Aprobado,0
REC-000028,POL-007157,2025/09/28,29/09/2025,,Consulta especializada,Medellín,Call center  ,18,7,1717000,,En revisión,0
REC-003535,POL-006658,2025-07-03,2025-07-03,2025-07-13,Daños eléctricos,Medellín  ,App,19,7,11350000,10446000,APROBADO,0
REC-002799,POL-001657,25/06/2022,2022-06-27,2022-07-20,Daño a terceros, Barranquilla ,Call center,17,6,2700000,2410000,Aprobado,0
REC-000856,POL-000378,25/12/2022,2022-12-27,2022-12-29,Daño a terceros,Manizales,Call center,6,6,1036000,911000,Aprobado,0
REC-002337,POL-000223,14/04/2025,19/04/2025,2025-06-07,Cirugía,Barranquilla,Call center,15,2,14371000,7470000,Pagado parcial,0
REC-001808,POL-004019,2023-10-19,2023-10-23,2023-10-30,Medicamentos,Bogotá,Corredor,16,7,4024000,3963000,Aprobado  ,0
REC-002321,POL-001864,31/08/2024,2024-09-02,04/09/2024,Robo,Cartagena,App,17,4,6248000,5756000,  Aprobado,0
REC-004031,POL-005300,2023/09/29,2023/09/29,INVALID_DATE,Daño a terceros,Bogotá,App,3,5,3099000,0,Rechazado,0
REC-001244,POL-008360,2021-04-12,2021-04-14,2021-05-07,ROBO,Cali  ,CALL CENTER,14,5,41960000,41452000,Aprobado,0
REC-000534,POL-004945,2025/06/28,2025-06-28,16/07/2025,Cirugía,Bogotá,Call center,11,7,1435000,897000,Pagado parcial,0
REC-004124,POL-005892,2025/05/16,2025/05/17,2025-06-04,Colisión  ,,App,14,4,1246000,1101000,Aprobado,0
REC-003281,POL-005814,2022/03/03,2022-03-24,2022-06-04,VIDRIOS,Medellín,App,6,2,7332000,7224000,Aprobado,S
REC-000510,POL-000561,2025-06-09,2025-06-11,10/07/2025,Hospitalización,Pereira,APP,15,9,5535000,5343000,Aprobado,No
REC-003783,POL-002296,2025/10/17,2025-11-04,2025/11/13,Robo,  Medellín,Call center,14,3,38321000,36475000,  Aprobado,0
REC-000778,POL-000095,19/11/2024,2024-11-30,,Daño a terceros,Pereira,App,11,3,2435000,2337000,Aprobado,0
REC-002761,POL-005343,24/08/2025,2025/08/24,2025/09/06,Fallecimiento,Bucaramanga,Call center,15,5,32545000,30422000,Aprobado,0
REC-000643,POL-002407,2024-10-05,2024-10-10,2024-12-03,DANO A TERCEROS,Cúcuta,Call center,10,3,21880000,20759000,APROBADO,1
REC-001975,POL-007852,06/11/2025,23/11/2025,,Hospitalización,Medellín,APP,14,0,1916000,,En revisión,1
REC-003120,POL-004535,2024-10-03,2024-10-22,2024-12-29,Consulta especializada,Cali,App,0,1,2205000,0,Rechazado,1
REC-002385,POL-002886,2024/01/27,2024-01-28,2024-02-04,MEDICAMENTOS,medellín,Call center,15,6,415000,401000,Aprobado,0
REC-002097,POL-007619,31/03/2023,2023-04-02,2023-04-07,consulta especializada,Bogotá,Corredor,14,3,1765000,1700000,Aprobado,0
REC-002695,POL-004760,2023-04-13,2023/04/17,29/04/2023,MEDICAMENTOS,Cartagena,Call center,15,2,652000,556000,Aprobado,N
REC-002847,POL-000725,2025-07-07,2025-07-07,2025-08-09,Inundación,Cali,Oficina,15,5,2820000,2795000,Aprobado,0
REC-003464,POL-001065,2025-06-06,09/06/2025,2025-06-18,  Consulta especializada,Bogotá,Call center,9,8,1424000,1295000,Aprobado,0
REC-000417,POL-002552,23/03/2024,2024-03-23,INVALID_DATE,Hospitalización,Bucaramanga,Call center,17,1,6213000,0,Rechazada,No
REC-002623,POL-005409,2024-07-26,28/07/2024,2024-08-09,Medicamentos,CUCUTA,App  ,12,10,5300000,4575000,Aprobado,0
REC-000201,POL-008208,2022-11-29,2022-12-04,2022-12-19,Medicamentos,Cartagena,Call center,11,10,3611000,3207000,AUTORIZADO,0
REC-000602,POL-005224,2023-11-18,2023/11/28,2023/12/04,Colisión,Cartagena,Call center,13,4,15823000,6155000,Pagado parcial,0
REC-001523,POL-001138,2024/07/27,2024/07/31,01/09/2024,Colisión,Cali,Call center,5,1,3684000,3498000,Aprobada,1
REC-001414,POL-006099,2025-04-27,2025-04-30,2025-05-26,Consulta especializada,Barranquilla,Call center,12,3,4708000,4396000,Aprobado,0
REC-001524,POL-003542,2022/11/25,2022-11-25,2022-11-27,Colisión,Medellín,Call center,18,5,4721000,4521000,APROBADO,0
REC-002946,POL-005940,,2025-06-23,2025-08-15,Daño a terceros,Medellin,Corredor,13,2,3986000,0, Rechazado ,No
REC-004197,POL-000809,2025/05/01,2025-05-02,,Incapacidad,CALI,Call center,18,7,46586000,45976000,Aprobado,0
REC-003132,POL-003541,2023/09/17,20/09/2023,2023-09-28,consulta especializada,Bogota DC,Call center,14,4,1281000,447000,Pagado parcial,0
REC-002548,POL-001946,2021-09-27,2021-09-29,18/10/2021,daño a terceros,Bogotá,App,13,3,3248000,2813000,Aprobado,No
REC-001979,POL-002988,2025-07-08,2025-07-08,2025-07-23,Robo,Barranquilla,Call center,23,4,8752000,0,Rechazado,0
REC-002731,POL-007902,2025/09/12,2025-09-16,,Hospitalización,BOGOTA,App,8,1,2614000,,En  revisión,0
REC-003793,POL-002904,2023-07-16,2023/07/16,2023-07-19,Consulta especializada  ,Manizales,Oficina,16,10,4001000,1852000,Pagado parcial,0
REC-001265,POL-002182,2025-08-26,31/08/2025,2025-09-03,Hospitalización,Bucaramanga,App,11,8,3053000,2890000,Aprobado,0
REC-002666,POL-000016,2024-11-22,22/11/2024,26/11/2024,Colisión,Bogotá  ,App,12,3,6408000,6120000,Aprobado,0
REC-001544,POL-001653,2025-04-29,2025-05-01,2025-05-13,Colisión,Cali,Call center,23,2,1512000,0,rechazado,0
REC-004150,POL-000987,2024-06-14,2024/06/14,2024/06/24,Hospitalización,Cali  ,Corredor,15,4,7409000,0,Rechazado,0
REC-004229,POL-005471,14/01/2023,2023/01/19,2023-01-24,Fallecimiento,Bogotá, App ,19,4,66272000,58279000,Aprobado,0
REC-003407,POL-000401,2024-11-21,2024/11/25,09/12/2024,Daños eléctricos,Cali,App,14,3,2023000,1846000,  Aprobado,
REC-001850,POL-003937,15/09/2022,18/09/2022,2022-10-01,Consulta especializada,Bogotá,App,19,5,1432000,1421000,Aprobado  ,0
REC-003966,POL-006482,2024/06/16,2024-06-27,,Consulta especializada,Bogotá,OFICINA,13,7,3933000,0,Rechazado,0
REC-000014,POL-000512,2023-02-27,03/03/2023,2023-03-05,  Consulta especializada,Santa Marta,CALL CENTER,11,4,2030000,1958000,Aprobado,0
REC-000492,POL-003028,2025-04-27,2025-04-28,08/05/2025,Colisión,Medellin,Corredor,13,10,3113000,3041000,aprobado,0
REC-000630,POL-001142,30/01/2025,2025-02-05,20/02/2025,Medicamentos,Medellín,Oficina,16,4,1091000,572000,Pagado parcial,0
REC-000351,POL-003814,22/08/2024,2024-08-24,28/08/2024,Robo,Cúcuta,Corredor,19,6,29450000,,Aprobado,0
REC-003183,POL-001880,2023/09/26,2023-09-26,,Hospitalización,barranquilla,Call center,23,8,9504000,8463000,Aprobado,0
REC-000316,POL-000285,2021-09-27,2021-10-03,2021/10/05,Cirugía,Cúcuta,App,11,7,14043000,13047000,Aprobado,0
REC-001758,POL-001214,23/05/2024,2024-05-30,2024-06-06,colisión,Medellin,Oficina,9,5,6748000,6436000,Aprobado,0
REC-001331,POL-000652,2021-07-22,2021-07-24,2021/08/09,Vidrios,Cúcuta  ,App,19,4,2470000,2184000,Aprobado,N
REC-001730,POL-001740,2024-05-02,2024/05/10,2024-05-14,consulta especializada,B/manga  ,Call center,9,2,3340000,3088000,Aprobado,0
REC-001045,POL-000307,08/10/2023,2023-10-11,INVALID_DATE,Cirugía,Bogotá,Oficina,21,7,19577000,18583000,Aprobado,0
REC-001337,POL-002159,2025-11-30,2025/12/03,,Hospitalización,  Medellín,Corredor,13,8,16003000,,En revisión,0
REC-002768,POL-000234,2025-06-29,2025-06-29,2025-07-11,Cirugía,medellín,App,17,6,21508000,0,Rechazado,0
REC-000773,POL-001896,2025/07/23,24/07/2025,22/08/2025,Daño a terceros,Bogotá,App,13,4,1055000,2110940,Pagado parcial,No
REC-003837,POL-005042,INVALID_DATE,2023-02-04,2023/02/10,Cirugia,B/manga,App,12,6,3389000,3088000,Aprobado,0
REC-000640,POL-007924,2025/10/02,2025/10/02,INVALID_DATE,Consulta especializada,BARRANQUILLA,App,17,6,2219000,,En revisión,0
REC-003113,POL-001150,2023/03/08,2023-03-11,2023-03-23,Vidrios, Bogotá ,Corredor,23,4,3375000,0,Rechazado,1
REC-000967,POL-002338,2025-11-11,2025-11-13,2025-11-16,robo,Cali,OFICINA,6,3,9324000,0,Rechazado,0
REC-000269,POL-007914,23/02/2022,23/02/2022,2022-03-14,Cirugía,,Oficina,8,8,5455000,5159000,Aprobado,0
REC-003893,POL-006147,2025-04-24,2025/04/27,2025-05-12,HOSPITALIZACIÓN,CARTAGENA,Corredor,22,10,1847000,1804000,Aprobado,0
REC-001056,POL-003189,2025/09/13,14/09/2025,,Daños eléctricos,BARRANQUILLA,Call center,23,3,125248000,,En revisión,0
REC-002840,POL-004725,2022-01-26,03/02/2022,09/02/2022,Robo,Cali,Oficina,16,6,44650000,26446000,Pagado parcial,0
REC-000031,POL-004287,2022-05-20,2022/05/20,2022/06/13,Daños eléctricos,,Call center,18,5,2959000,2878000,Aprobado,0
REC-003887,POL-008360,12/03/2022,2022-03-17,2022-03-23,Daño  a  terceros,CALI,Corredor,10,4,7277000,6842000,Aprobado,0
REC-003369,POL-007534,2025/07/28,,2025-08-07,Vidrios,Bogotá,App,17,3,7748000,7020000,Aprobado,0
REC-004178,POL-007940,2024-04-05,08/04/2024,2024/04/20,Vidrios,medellín,Corredor,11,1,4018000,5574780,Aprobado,0
REC-003156,POL-006798,,06/04/2023,2023-05-02,Incapacidad,Medellín, App ,10,2,46051000,44118000,Autorizado,0
REC-002496,POL-003033,2022-12-27,2023/01/02,2023-01-05, Colisión ,Bogotá,Call center  ,12,7,5931000,0,rechazado,0
REC-001125,POL-003481,2023/09/22,2023/09/22,2023-09-24,Medicamentos,B/quilla,Oficina,14,4,4147000,4068000,Aprobado,0
REC-001983,POL-003200,11/03/2024,16/03/2024,2024-03-19,Medicamentos,Bogotá,Call center,11,3,4197000,4057000,Aprobado,0
REC-000142,POL-007490,2024-09-20,27/09/2024,2024/09/30,Robo,MEDELLÍN,App,22,5,4501000,1945000,Pagado parcial,0
REC-003754,POL-004952,2024/08/29,2024/09/02,23/09/2024,Medicamentos,Bogotá,App,20,3,3373000,1377000,Pagado parcial,0
REC-000115,POL-008394,04/06/2023,2023-06-04,08/06/2023,Daño a terceros,Cali,App,17,4,1805000,,Aprobado,NO
REC-000574,pol-005338,2024/07/30,2024-08-01,01/09/2024,Medicamentos,Medellín,Oficina,16,3,1114000,1040000,Aprobado  ,0
REC-001507,POL-007845,2024-08-13,2024-08-15,02/09/2024,Cirugia,Medellín,Call center,8,2,4943000,2495000,Pagado parcial,No
REC-003608,POL-000381,2025-10-11,2025-10-13,2025-11-26,Consulta especializada,CARTAGENA,Call center,12,7,5687000,5298000,  Aprobado,0
REC-000564,POL-003691,03/11/2024,2024-11-03,2024-11-05,CIRUGÍA,Bogotá,APP,19,3,4889000,0,Rechazado,0
REC-002504,POL-000356,2024-09-19,2024/10/07,2024-11-05,Colisión,Bogotá,Oficina,23,3,2235000,2035000,aprobado,0
REC-003708,POL-006052,2024-07-07,2024-07-22,2024-09-19,Cirugía,BOGOTÁ D.C.,Call center,13,1,81881000,79376000,Aprobado,1
REC-003577,POL-007477,29/12/2025,2025-12-31,,Colisión,Pereira,App,9,4,2397000,,En revisión,0
REC-002103,POL-006125,2022/04/02,2022-04-04,08/04/2022,  Colisión,Barranquilla,Call center,18,4,3478000,,Pagado parcial,0
REC-001176,POL-000381,23/10/2025,2025-10-23,,Medicamentos,Cartagena,Call center,7,10,3469000,,En revisión,NO
REC-000382,POL-004987,2024-06-13,15/06/2024,04/07/2024,Daño a terceros,Cucuta,Call center,17,7,600000,584000,Aprobado,
REC-001956,POL-000405,2025-03-01,2025-03-14,2025-03-30,Robo,Bogotá,App,7,4,28888000,27603000,Aprobado,0
REC-001293,POL-000097,2024/03/18,2024-03-18,2024-04-01,Colisión,BOGOTÁ,Call center,19,5,2453000,2097000,Aprobado,0
REC-001911,POL-004755,2024/05/09,11/05/2024,2024/05/15,Daño a terceros,Bogotá,App,21,7,4264000,3884000,Aprobado,0
REC-000077,POL-008301,2023/08/21,2023/08/24,11/09/2023,Cirugía,Medellín,App,11,5,9631000,0,Rechazado,0
REC-003148,POL-001665,2024-09-30,01/10/2024,2024-10-07,Colisión,Cali,Oficina,12,5,10359000,6490000,Pagado parcial,0
REC-000173,POL-001140,2025/09/02,2025-09-02,,Consulta especializada  ,Bogotá,Call center,19,0,5353000,,En revisión,1
REC-002528,POL-002353,2022/03/08,2022-03-09,2022-03-12,Vidrios,Cali,Call center,18,6,3982000,3672000,Aprobado,0
REC-000530,POL-008347,07/03/2025,2025-03-09,2025/05/27,Consulta especializada  ,medellín,App,14,6,777000,712000,Aprobado,0
REC-001073,POL-002717,2025-01-25,29/01/2025,2025/02/20,Colisión,Bogotá,Corredor,23,1,6817000,5871000,Aprobado,0
REC-001832,POL-000400,2023/10/02,09/10/2023,2023/10/17,Daños eléctricos,Pereira,Oficina,11,10,3740000,3317000,Aprobado,N
REC-004220,POL-005460,2025/08/07,2025-08-15,2025-08-21,Cirugía,Barranquilla,Corredor,15,6,9716000,9593000,Aprobada,0
REC-001068,POL-006645,2025-05-04,,15/05/2025,Daño a terceros,Medellín,Call center,15,4,4845000,4721000,Aprobado,N
REC-000954,POL-001041,2023-02-01,2023-02-01,2023-02-20,Incapacidad,Manizales,Corredor,15,6,72389000,62565000,Aprobado,0
REC-001809,POL-007456,2023-09-22,2023-09-24,2023-09-27,Robo,MEDELLIN,App,18,3,33250000,0,Rechazado,0
REC-000375,POL-005928,28/01/2024,2024-01-30,02/02/2024,Daño a terceros,CALI,  Call center,19,6,1872000,1163000,Pagado parcial,
REC-000176,POL-006952,01/01/2022,2022-01-06,24/01/2022,Medicamentos,Bogotá,App,18,7,623000,436000,Pagado parcial,false
REC-002502,POL-007629,2024-05-16,25/05/2024,2024/06/07,Consulta especializada,Bogotá,Corredor,14,6,1473000,1469000,Aprobado,0
REC-001998,POL-007065,2025-07-31,2025-08-02,2025/08/16,Consulta especializada,Cali,CALL CENTER,16,8,6870000,3601000,pagado parcial,0
REC-000352,POL-004590,2025/01/08,2025-01-12,2025-01-16,Colisión,Bucaramanga  ,Oficina,16,8,3093000,0,Rechazado,0
REC-002715,POL-007519,30/11/2024,2024-11-30,2024-12-08,INUNDACION,Cúcuta,App,11,8,7512000,7277000,Aprobado,0
REC-002730,POL-006167,2022-05-08,2022/05/12,2022-05-24,  Colisión,Bogotá,Corredor,23,6,3249000,2943000,Aprobado,0
REC-001637,POL-002846,2023-06-26,2023-07-01,2023-07-14,Daño a terceros,Bucaramanga,CALL CENTER,10,4,993000,849000,Aprobado,0
REC-003130,POL-002694,23/07/2025,2025/07/30,20/08/2025,consulta especializada,Manizales,app,12,9,1945000,1000000,Pagado parcial,0
REC-003406,POL-006959,2021-11-10,2021-11-15,2022/01/19, Daños eléctricos ,Santiago  de  Cali,App,20,7,19008000,0,Rechazado,0
REC-003742,POL-006852,2025-09-26,2025/10/05,15/10/2025,Daños eléctricos,Bogotá,App,20,4,2478000,2146000,Aprobado,0
REC-003632,POL-006989,2024-09-26,2024-09-26,2024-10-08,Incendio,Cali,Oficina,9,3,13358000,12980000,Aprobado,No
REC-003416,POL-003042,18/11/2023,2023-11-19,2023-11-30,Consulta especializada,,Oficina,22,6,,2151000,Aprobado,0
REC-003136,POL-003762,2023-05-15,2023/05/21,2023-06-10,Cirugía,Cartagena,Oficina,15,7,6135000,3989000,Pagado parcial,0
REC-003800,POL-007876,15/06/2025,2025-06-17,2025/06/29,Colisión,  Bogotá,call center,13,10,3352000,2940000,  Aprobado,0
REC-003236,POL-006546,01/07/2024,2024-07-01,2024/07/16,Colisión,  Bogotá,App,7,3,2398000,2344000,Aprobado,0
REC-004257,POL-003940,28/10/2022,INVALID_DATE,2022-11-03,Robo,CÚCUTA,Call center,15,5,20922000,18007000,Aprobado,0
REC-001767,POL-000260,2022-02-07,08/02/2022,21/03/2022,Hospitalización,Barranquilla,Call center,9,10,8802000,4679000,Pagado parcial,0
REC-002563,POL-003860,2025-07-30,2025/08/03,05/09/2025,Colisión,  Barranquilla,App,4,5,3137000,0,Rechazado,0
REC-000626,POL-007298,2025-08-11,20/08/2025,2025-09-27,Daño a terceros,Bogotá,Call center,21,6,2175000,1878000,Aprobado,N
REC-000478,POL-006400,28/01/2025,,2025-03-05,Consulta especializada,Bogotá,Corredor,15,2,2725000,2357000,Aprobado  ,false
REC-000313,POL-004011,13/12/2025,2025-12-20,31/12/2025,COLISION,CARTAGENA DE INDIAS,Call center  ,23,4,8979000,7982000,Aprobado,1
REC-001704,POL-003756,2024/10/28,07/11/2024,2024/12/18,Colisión,Santa Marta,  Call center,5,1,33283000,0,Rechazado,1
REC-003861,POL-004272,2025-05-08,11/05/2025,18/05/2025,Medicamentos,Cali,Corredor,21,6,3305000,2990000,APROBADO,0
REC-001053,POL-008227,2024-08-20,2024-09-01,14/09/2024,Colisión  ,Bogota  DC,Call center,17,6,3276000,3030000,Aprobado,0
REC-003126,POL-003429,15/07/2025,2025-07-23,2025-07-25,Robo,,Oficina,23,6,3354000,0,Rechazado,0
REC-003617,POL-003591,2024-03-07,2024/03/10,2024-03-15,Consulta especializada,Barranquilla,Corredor,10,3,2264000,2142000,  Aprobado,0
REC-000140,POL-003542,2023-06-27,2023/07/01,25/07/2023,Robo,Medellín,Oficina,16,,4858000,4566000,Aprobado,0
REC-003420,POL-000447,25/02/2022,25/02/2022,2022-04-02,Inundación,Bogotá D.C.,Call center,12,10,1917000,3165320,Aprobado  ,0
REC-002236,POL-007267,06/09/2023,2023-09-06,2023-09-10,Daño a terceros,Pereira,Oficina,19,7,2122000,1952000,Aprobado,0
REC-003664,POL-000322,2022/08/02,2022-08-05,12/08/2022, Medicamentos ,Cali,Corredor,14,5,2344000,1152000,Pagado parcial,0
REC-004219,POL-004921,03/06/2025,2025-06-07,2025-06-09,Colisión,cali,App,15,7,8946000,7923000,Aprobado,0
REC-001906,POL-003346,15/09/2023,2024/10/19,2024-11-01,Cirugía, Medellín ,Oficina,15,3,10566000,9972000,Aprobado,0
REC-001166,POL-007751,2023/01/20,2023-01-25,18/02/2023,Hospitalización,Bogotá, Oficina ,12,5,5675000,5573000,Autorizado,0
REC-001354,POL-007763,2024-03-08,2024-04-06,2024-04-22,Consulta  especializada,Barranquilla,App,5,2,3084000,2059000,Pagado parcial,1
REC-000010,POL-003901,2025/01/24,INVALID_DATE,29/01/2025,Colisión,Cúcuta,corredor,18,2,13458000,13398000,aprobado,0
REC-002137,POL-001739,10/12/2021,2021-12-10,14/12/2021,Hospitalización,Bogotá,Corredor,16,4,8471000,0,Rechazado,0
REC-002617,POL-003245,2022-12-08,2022-12-09,19/12/2022,Consulta especializada,Bogotá,Call center,16,4,1121000,977000,Aprobado,0
REC-001596,POL-008292,23/05/2025,25/05/2025,2025/06/04,Cirugía,Cucuta,Oficina,16,8,,7180000,Aprobado,0
REC-003770,POL-003770,2023-01-07,2023/01/07,14/01/2023, Daño a terceros ,  Cúcuta,Corredor,11,8,2489000,1608000,Pagado parcial,0
REC-001280,POL-006389,2022-11-04,06/11/2022,2022-12-25,Daño a terceros,Barranquilla,Oficina,12,6,3093000,2718000,Aprobado,0
REC-000360,POL-002599,2022-01-23,28/01/2022,2022/03/24,Medicamentos,Medellín,App,18,8,1134000,1007000,Aprobado,0
REC-002208,POL-005359,2021-12-27,2021-12-29,2022-01-28,Daño a terceros,Bogotá,Call center,17,5,633000,618000,Aprobado,0
REC-001181,POL-007784,2024/10/17,2024-10-27,2024-11-29,Robo, Cartagena ,App,15,8,33718000,31570000,Aprobado,0
REC-004088,POL-004481,2025-11-27,2025-12-29,2025-12-31,Consulta especializada,Bogotá,Call center,2,1,,0,Rechazado,1
REC-001635,POL-003035,22/04/2024,2024/04/23,2024/05/03, Consulta especializada ,Pereira,Call center,22,10,3207000,0,Rechazado,0
REC-001908,POL-004428,INVALID_DATE,15/02/2023,2023-02-18,Colisión,Pereira,app,17,3,2370000,2053000,Aprobado,0
REC-003357,POL-001052,03/07/2025,2025-07-07,2025-07-09,Consulta especializada,Bogotá,Corredor,11,5,2254000,2035000,APROBADO,0
REC-000813,POL-004859,2023/07/21,24/07/2023,2023-08-10,HOSPITALIZACION,,Call center,13,6,13641000,13639000,Aprobado,0
REC-002402,POL-004884,2023-09-07,2023-09-07,10/10/2023,Vidrios,Medellín,Call center,13,2,4159000,3976000,Aprobado,0
REC-002247,POL-003094,25/11/2025,2025/12/07,2025-12-09,Robo,CARTAGENA,App,12,6,3581000,3240000,  Aprobado,0
REC-001440,POL-006890,2024/09/15,2024-09-20,2024/10/30,Robo  ,Santa Marta,Call center,13,1,27557000,0,Rechazado,1
REC-003412,POL-954081,04/09/2025,2025-09-05,2025-09-21,Daño a terceros,Barranquilla,Corredor,11,6,3243000,0,Rechazado,0
REC-001531,POL-002184,2023/11/26,2023/11/26,2023-12-12,Colisión,Bogotá,App,9,7,4736000,4072000,Aprobado,0
REC-003989,POL-007354,2025-04-22,2025-04-23,28/04/2025,Robo,Bogotá,App,8,7,2863000,2454000,Aprobado,0
REC-003661,POL-000448,2025-02-03,2025-02-04,2025-03-03,Colisión, Bogotá ,Call center,20,7,6564000,,Aprobado,0
REC-002159,POL-006093,,2022-04-10,22/04/2022,Inundación,bogotá,Corredor,14,10,3497000,3217000,Aprobada  ,0
REC-004114,POL-008070,2025/08/20,23/08/2025,2025-09-06,Vidrios,Cali,App,15,7,2792000,2691000,Aprobado,0
REC-001796,POL-000726,22/07/2024,2024-07-23,2024-07-26,Hospitalización,Cúcuta,App,11,7,1836000,1750000,Aprobado,0
REC-004176,POL-006726,04/02/2025,2025-02-08,2025/02/13,Robo,Bogotá,Corredor,17,4,11433000,11213000,Aprobado,0
REC-000138,POL-006920,18/09/2024,2024/09/18,24/09/2024,Daño a terceros,Barranquilla,Oficina,14,5,3940000,3403000,Aprobado,0
REC-002218,POL-001159,2024-03-16,18/03/2024,2024-03-24,Medicamentos  ,Cartagena,Call center,16,9,1102000,1035000,  Aprobado,0
REC-003287,POL-004515,23/02/2024,2024-02-23,2024/03/31,Daño a terceros,  Bogotá,App,8,1,10139000,9814000,Aprobado,0
REC-002610,POL-004010,2024/02/13,2024-02-19,27/02/2024,Vidrios,Pereira,Call center,13,2,2548000,0,Rechazado,0
REC-002025,POL-000415,2021-12-28,12/01/2022,2022-03-10,COLISION,Bucaramanga  ,Oficina,23,2,5277000,0,Rechazado,1
REC-000696,POL-000559,2025-08-22,,,Medicamentos,Bogotá,Oficina,11,7,951000,,En  revisión,0
REC-003804,POL-000412,2024-03-21,2024-03-24,2024-04-03, Colisión ,BOGOTA,Corredor,15,4,1860000,1584000,Aprobada,0
REC-002832,POL-001697,2025-03-26,2025/03/27,05/04/2025,Fallecimiento,Medellín,Call center,15,3,45899000,0,Rechazado,0
REC-001957,POL-006527,2024-10-05,2024-10-10,23/10/2024,Daño a terceros,  Bogotá,Oficina,14,5,3810000,3583000,Aprobado,0
REC-003846,POL-001149,2024/01/10,2024-01-12,2024-01-25,Daño a terceros,MEDELLIN,App,10,5,8586000,7329000,APROBADO,No
REC-003624,POL-007060,2022-09-14,2022-09-14,2022/10/07,Colisión,  Bogotá,Oficina,22,3,2849000,2549000,Aprobado,0
REC-001772,POL-003867,2022/06/03,2022/06/09,2022/06/16,Hospitalizacion,bogotá,Call center,12,4,7876000,2649000,Pagado parcial,0
REC-002954,POL-007339,,2022/06/03,2022/06/11,Medicamentos,Medellín,App,12,5,3480000,0,Rechazado,0
REC-002693,POL-004578,2025/03/04,2025-03-15,2025-03-31,Colision,Cali,App,21,5,3119000,,Aprobado,0
REC-002473,POL-000037,2024-02-29,2024-02-29,2024-03-03,Medicamentos,CALI,App,19,6,3004000,2998000,Aprobado,0
REC-000679,POL-004157,2024-09-29,2024-10-03,08/10/2024,Colisión,  Santa Marta,Call center,3,4,2509000,,Aprobado,0
REC-001923,POL-003357,2025/04/14,2025-04-16,26/04/2025,Consulta especializada,Barranquilla,Call center,17,4,3690000,3549000,Autorizado,0
REC-000429,POL-000533,,2024-04-02,2024-04-04,Consulta especializada,Bogotá,Call center,11,5,3672000,3378000,Aprobado,0
REC-000416,POL-002659,02/07/2025,2025-07-10,2025-07-23,Colisión,Pereira,App,19,6,4563000,4442000,Aprobado,0
REC-002019,POL-007790,2022-12-15,2022-12-18,03/01/2023,Vidrios,Medellín,Call center,7,4,3357000,1158000,Pagado parcial,0
REC-001239,POL-003990,2021-11-26,2021-11-26,,Consulta especializada,Barranquilla,App,18,4,383100000,3686000,  Aprobado,0
REC-001683,POL-001592,2025-08-09,2025-08-09,11/08/2025,Hospitalización,bogotá,Oficina,22,10,2565000,2551000,Aprobado,0
REC-004195,POL-004046,2024/09/01,2024-09-09,2024-09-23,DANO A TERCEROS,Manizales  ,Call center,18,1,4829000,4165000,Aprobado,0
REC-002736,POL-001422,2023-11-15,2023-11-15,2023-11-17,Daños eléctricos,Medellín  ,CORREDOR,17,8,,4030000,Aprobado,0
REC-002431,POL-003438,12/12/2022,2022-12-12,2022-12-16,daños eléctricos,Bta,App,6,5,2149000,2065000,Aprobado,0
REC-000198,POL-007556,03/12/2024,04/12/2024,06/12/2024,Daño a terceros,  Medellín,Call center,8,4,982000,849000,Aprobado,0
REC-003181,POL-003122,2023-09-16,2023-09-17,INVALID_DATE,Cirugía,Cali,APP,15,6,-3918000,3804000,aprobado,0
REC-004004,POL-000233,07/02/2024,13/02/2024,2024/05/25,Vidrios,Manizales,Call  center,18,7,3047000,0,Rechazado,0
REC-004039,POL-000714,INVALID_DATE,2022-08-30,2022-09-13,Colisión,Bogotá,Corredor,10,6,5520000,4911000,Aprobado,0
REC-002130,POL-002345,2024-11-07,2024-11-17,2024-11-26,Colisión,Medellín,Call center,5,8,5412000,5316000,Aprobado,0
REC-000162,POL-004898,2025-06-09,2025-06-10,20/06/2025,Cirugía,Barranquilla,Call center,13,2,3115000,2975000,Aprobado,0
REC-000558,POL-007513,09/12/2022,2022-12-09,2023/01/30,Hospitalización, Medellín (Antioquia) ,Oficina,14,2,6209000,5880000,Aprobado,0
REC-000101,POL-001446,2025-09-10,2025-09-10,,Colisión,  Manizales,Corredor,14,4,1044000,, En revisión ,0
REC-002430,POL-004251,05/02/2021,2021-02-05,2021-02-07,hospitalización,Medellín,App,14,5,5429000,4681000,Aprobado,0
REC-002297,POL-004272,2025-11-03,2025-11-05,20/11/2025,Consulta especializada,Santiago de Cali,Call center,19,5,1534000,1358000,Aprobado,0
REC-003506,POL-006378,2025-06-14,22/06/2025,2025-06-24,MEDICAMENTOS,Cali,App,11,6,6953000,3236000,  Pagado parcial,0
REC-000321,POL-003812,2023-11-10,2023-11-27,2023/12/03,Cirugía,Medellin,App,19,3,,1309000,  Pagado parcial,0
REC-003936,POL-006664,11/04/2025,2025-04-12,26/04/2025,Cirugía,MEDELLIN,App,13,2,13990000,12323000,Aprobado,0
REC-000108,POL-007557,2025-10-25,26/10/2025,2025-11-06,Vidrios,Medellín,Call center  ,14,3,1417000,0,Rechazado,0
REC-002645,POL-004380,,2021-12-08,16/12/2021,Daños eléctricos,Cali,App,19,6,2587000,2270000,Aprobado,0
REC-002911,POL-006020,15/05/2024,2024-05-21,2024-07-27,Consulta especializada,Santiago de Cali,App,16,1,13524000,12865000,Aprobado,Sí
REC-003688,POL-003297,2023/12/31,17/01/2024,2024-01-22,Robo,Cali,App,9,6,54633000,54300000,Aprobado  ,0
REC-002079,POL-000926,07/01/2023,09/01/2023,2023-01-19,Colisión  ,Bogotá,App,15,6,3243000,2817000,Aprobado,0
REC-003010,POL-001999,2022-09-20,22/09/2022,2022/09/27,Daños eléctricos,Cali,Oficina,15,10,1288000,1125000,Aprobado,0
REC-001947,POL-001429,2024/04/23,2024/04/24,2024/04/27,Daños eléctricos,Medellín,Call center,17,7,2408000,2395000,Aprobado,0
REC-001096,POL-005045,2025-08-09,09/08/2025,2025-08-11,Consulta  especializada,Bogotá,Corredor,9,4,786000,383000,Pagado parcial,0
REC-001972,POL-000428,26/09/2023,2023/09/29,2023-10-02,Daño a terceros  ,Cartagena,App,20,10,2289000,2151000,Aprobado,0
REC-001879,POL-001945,2025-10-08,2025-10-11,,Daños eléctricos,Santa Marta,App,11,6,3824000,,En revisión,0
REC-001254,POL-005005,2024-09-09,2024-09-12,2024-10-02,Daño a terceros,Bucaramanga, App ,18,10,2448000,2272000,Aprobado,0
REC-002353,POL-008179,2023-01-01,03/01/2023,2023-01-13,Daño a terceros,Bogota  DC,Call center,8,5,3037000,2989000,Aprobado,0
REC-000613,POL-006396,2021-11-27,2021-12-02,2021-12-13,Daño a terceros,Bogotá,Oficina,16,3,1031000,0,Rechazado,0
REC-002574,POL-006962,2022/08/15,21/08/2022,2022-09-02,Inundación,Cartagena,App,13,10,4925000,0,Rechazado,0
REC-002358,POL-001865,26/11/2023,2023/11/27,2023-11-29,Inundación,Pereira,Call center,13,6,2981000,2776000,Aprobado,0
REC-001549,POL-006045,2023-04-26,2023-04-29,2023-05-08,Colisión,Medellín,Call center,13,7,2171000,1965000,Aprobado,0
REC-004198,POL-005554,02/03/2024,06/03/2024,2024/03/15,Cirugía,Bucaramanga,App,19,3,12346000,10733000,APROBADO,0
REC-001298,POL-006669,2022-01-24,30/01/2022,2022-02-21,Vidrios,Barranquilla,Oficina,9,6,,3207000,Aprobado  ,false
REC-003967,POL-002190,2024-11-15,2024-11-16,2024/11/20,  Hospitalización,Cúcuta  ,App,11,7,5985000,2700000,Pagado parcial,0
REC-000960,POL-000230,06/04/2025,2025-04-06,2025-04-11,VIDRIOS,Bogotá D.C.,OFICINA,10,7,2904000,0,RECHAZADO,0
REC-003432,pol-003574,2021-10-21,2021-10-22,2021-11-01,Robo  ,Pereira,App,17,8,3808000,3602000,APROBADO,0
REC-003007,POL-003594,2023-11-28,2023/11/28,2023-12-17,Daño a terceros,Bucaramanga,App,12,6,1770000,0,Rechazado,0
REC-003532,POL-007232,11/12/2024,2024/12/12,2024-12-24,Daño a terceros,Bogotá,App,17,4,773000,368000,Pagado parcial,0
REC-004068,POL-005300,13/04/2023,2023-04-13,2023/07/02,Colisión,Bogotá,  Call center,3,3,12675000,11815000,Aprobado,SI
REC-002487,POL-001714,2023-04-12,2023/04/18,2023/04/21,Colisión,Cali,Call center,19,9,1550000,1364000,Aprobado,0
REC-001862,POL-007446,20/07/2021,20/07/2021,31/07/2021,Robo,Bucaramanga,Call center,15,8,18696000,18370000,Aprobado,0
REC-001574,POL-007225,27/06/2022,,01/08/2022,Vidrios,Barranquilla,Corredor,14,7,5981000,5173000,Aprobado,0
REC-001629,POL-005070,2022-10-18,2022-10-18,2022-10-26,Inundación, Bogotá ,App,19,5,4303000,3729000,Aprobado,0
REC-003516,POL-006242,2022-11-18,18/11/2022,21/12/2022,Consulta especializada,Medellín, Call center ,13,5,2895000,0,Rechazado,0
REC-002852,POL-000994,2024-10-04,2024/10/18,08/11/2024,Daño a terceros,Bogotá,App,18,4,3332000,2903000,Aprobado,0
REC-002821,POL-002584,2023-04-29,2023-05-05,2023-06-04,Vidrios,Bogota,App,11,,710000,685000,Aprobado,N
REC-000045,POL-001987,2023-05-16,2023-05-16,2023-05-26,Colisión,cali,Corredor,15,3,4519000,2108000,Pagado parcial,0
REC-001264,POL-007920,10/10/2023,14/10/2023,19/10/2023,Daño a terceros,Cúcuta,Call center,7,10,5291000,4549000,Aprobado,0
REC-002457,POL-002287,2022/06/28,2022-06-28,26/07/2022,Robo  ,Medellín  ,  App,20,7,2622000,2417000,Aprobado,0
REC-002203,POL-001809,15/06/2023,2023-06-17,2023-06-24,Consulta especializada,MEDELLIN,Call center,17,2,2300000,2041000,Aprobado,0
REC-002104,POL-008040,2022/11/27,2022/11/30,05/12/2022,colisión,Medellín,CORREDOR,14,7,3467000,3260000,Aprobado,0
REC-003799,POL-002904,2023-01-28,18/02/2023,2023-02-24,  Consulta especializada,Manizales,App,18,6,2109000,1876000,Aprobado,0
REC-000294,POL-002860,2024-04-17,,2024-05-24,Colisión,Barranquilla,Corredor,4,2,6951000,6405000,APROBADO,1
REC-000419,POL-001634,08/04/2024,2024-04-09,17/04/2024, Consulta especializada ,Cartagena,App,16,7,1745000,1577000,aprobado,0
REC-001268,POL-007822,2023/10/14,2023-10-23,,Daños eléctricos  ,Medellín,  App,16,3,1555000,1388000,Aprobado,0
REC-000155,POL-002532,2022/10/07,2022/10/07,2022/10/15,Hospitalización,Medellín,App,13,9,2218000,2034000,Aprobado,0
REC-001401,POL-003749,2025-05-25,2025-05-27,31/05/2025,Colisión,Bogotá,Call center,14,7,6460000,6159000,Aprobado,0
REC-000965,POL-004306,21/04/2023,INVALID_DATE,2023-05-15,Consulta especializada,bogotá,Call center,15,0,7174000,0,RECHAZADO,1
REC-003077,POL-005980,2022-01-03,2022-01-03,2022-01-08,Hospitalización,Bogotá,App,11,7,21910000,21265000,Aprobado,0
REC-001736,POL-006789,2024-03-18,2024-03-22,2024/03/29,Cirugía,Bucaramanga,App,16,7,3648000,3595000,Aprobado,0
REC-003024,POL-003055,2023/11/04,05/11/2023,2023-11-26,Daños  eléctricos,Pereira,App,16,7,7926000,6791000,Aprobado,false
REC-002114,POL-006083,INVALID_DATE,2024-11-01,2024-11-15,hospitalización,medellín,Corredor,8,2,9558000,0,Rechazado,0
REC-003308,POL-006727,04/09/2023,08/09/2023,22/09/2023,Inundacion,BOGOTA,  Call center,15,3,3447000,0,Rechazado,0
REC-003730,POL-007524,01/07/2024,11/07/2024,2024-07-16,CIRUGIA,Cartagena de Indias,OFICINA,14,4,21074000,0,Rechazado,0
REC-000807,POL-000468,2022-08-09,2022/08/09,2022-08-13,Vidrios,Santa  Marta,  Call center,14,10,,0, Rechazado ,N
REC-001715,POL-001835,2022-01-13,2022-01-21,30/01/2022,COLISIÓN,Santa Marta,Call center,7,6,3970000,0,Rechazado,0
REC-000267,POL-005314,2023/03/06,2023-03-06,2023/03/09,Colisión,Bogotá,Oficina,9,6,1370000,1340000,Aprobado,0
REC-002445,POL-000973,2024-06-12,2024-06-13,,Consulta especializada,Bucaramanga, App ,18,5,1201000,1029000,Aprobado,0
REC-004092,POL-006683,2024/12/22,25/12/2024,2025/01/01,Colisión,Bogota  DC,OFICINA,23,7,9349000,8686000,Aprobado,No
REC-003290,POL-006559,2022-06-17,2022-06-21,2022-07-01,Vidrios,Santa  Marta,Corredor,14,7,2835000,2830000,Aprobado,0
REC-003223,POL-000213,26/11/2024,2024-11-30,2024-12-08,Cirugía,Bogotá,Call center,15,6,6286000,5692000,Aprobado,0
REC-004213,POL-005801,2025-01-16,2025/01/22,2025-01-28,Colisión,Medellin,call center,16,3,1393000,1285000,Aprobado,0
REC-002368,POL-005202,2023/12/23,2023-12-24,2024-01-01,Colisión,Bogotá,Call center,17,4,20949000,19692000,Aprobado,0
REC-001236,POL-001661,2025/06/27,29/06/2025,2025-07-07,COLISION, Barranquilla ,Call center,10,4,1797000,1677000,Aprobado,0
REC-001676,POL-008358,2022/04/02,2022-04-02,2022-04-05,Hospitalización,Bogotá,Call center,9,4,2146000,2061000,Aprobado,0
REC-002259,POL-004830,,2023-11-16,19/11/2023,Consulta especializada,Bogotá,corredor,11,10,4130000,3595000,Aprobado,0
REC-003715,POL-007385,2025/10/06,2025-10-07,,Hospitalización,Barranquilla  ,Call center,2,,11458000,,En revisión,1
REC-001504,POL-008108,2023-07-15,2023/07/15,06/08/2023,Medicamentos,CALI,App,13,4,2646000,2400000,Aprobado,NO
REC-003941,POL-000709,2022-01-04,12/01/2022,21/03/2022,COLISIÓN,Cali,Corredor,20,5,2504000,2236000,Aprobado,0
REC-001051,POL-001729,17/11/2025,2025-11-23,,  Daño a terceros,Barranquilla,Oficina,20,,3266000,,En revisión,0
REC-000945,POL-007996,10/02/2025,2025-03-02,INVALID_DATE,Colisión,Bogota,Call center,13,4,6393000,6077000,Aprobado,0
REC-001269,POL-001857,2024-07-29,30/07/2024,2024-08-30,Hospitalización,  Bogotá,Corredor,9,10,7623000,0,Rechazado,0
REC-000273,POL-000794,2022-09-04,04/09/2022,14/09/2022,Colisión,Pereira,Call center,16,6,2021000,1851000, Aprobado ,0
REC-001768,POL-005360,07/03/2025,2025/03/08,18/03/2025,Consulta especializada,Bogotá,Corredor,14,6,1464000,1457000,Aprobado,No
REC-001077,POL-001935,2023-10-19,2023-11-06,17/11/2023,Danos electricos,Medellín,Call center,21,2,6804000,6467000,Aprobado,N
REC-000123,POL-000382,30/04/2021,2021-05-03,2021-05-10,Daño a terceros,Cartagena  ,Call center,16,9,7591000,6820000,Aprobado,0
REC-002991,POL-003668,22/05/2024,2024/05/23,26/05/2024,COLISION,Bucaramanga,Oficina  ,14,5,1723000,1516000,Aprobado,0
REC-003865,POL-002037,2023-02-15,18/02/2023,28/02/2023,Daño a terceros,Bucaramanga,Corredor,13,2,4895000,4254000,Aprobado,0
REC-002646,POL-001571,2025-06-28,2025/07/03,11/07/2025,DAÑO A TERCEROS,CARTAGENA,Oficina,11,8,2674000,891000,Pagado parcial,0
REC-000328,POL-007614,2025-06-07,2025-06-07,2025/06/19,Colisión,SANTA MARTA,App,19,7,5885000,5596000,Aprobado,0
REC-004155,POL-002101,2024/06/21,2024-06-21,04/07/2024,Consulta especializada,Bogotá,App,19,9,1342000,1175000,Aprobado,0
REC-003399,POL-001654,2025/02/06,06/02/2025,2025-02-11, Medicamentos ,,Oficina,13,5,5429000,5377000,Aprobado,0
REC-002283,POL-000447,2022-10-21,2022-10-28,2022/11/11,Inundación,Manizales,Corredor,17,3,1973000,0,Rechazado,0
REC-000867,POL-000242,2022-04-17,2022-04-25,09/05/2022,COLISION,Cali,App,9,6,1052000,452000,Pagado parcial,0
REC-000742,POL-004461,2024/01/16,2024-01-16,2024-02-05,Cirugía,Medellín,App,20,5,5401000,4667000,Aprobado  ,0
REC-000274,POL-002068,2022/02/13,2022-02-18,2022-02-20,Daño a terceros,Cali,App,20,5,5513000,0, Rechazado ,0
REC-002391,POL-004030,2023-05-21,2023-05-23,29/05/2023,Robo,Bogotá,Call center,16,1,11242000,10290000,Aprobado,0
REC-001756,POL-004589,2023/11/25,2023-11-30,2023/12/05,Medicamentos,Cali,Oficina,14,4,9188000,8589000,Aprobado,0
REC-000598,POL-001350,20/02/2024,2024-03-01,2024/04/01,Colisión,Bogotá,Call center,2,1,8447000,0,Rechazado,1
REC-003634,POL-001022,2024-05-27,2024-05-27,2024-06-15,Daño a terceros,Bogotá,Oficina,19,3,3456000,3329000,Aprobado,0
REC-003153,POL-004626,11/01/2023,2023-01-25,2023/04/26,Colisión,Bucaramanga,CORREDOR,1,5,9430000,0,Rechazado,1
REC-002655,POL-000546,2025-02-01,2025/02/03,06/02/2025,Consulta especializada,Medellín,App,15,10,9584000,3044000,Pagado parcial,0
REC-001982,POL-001985,2024-02-03,2024-02-09,2024-02-16,DAÑO A TERCEROS,Bogotá,Call center,16,3,1625000,0,Rechazado,0
REC-002952,POL-000307,2024/08/02,2024/08/06,,Medicamentos,Bogotá,  Call center,8,6,5135000,4976000,Aprobado,0
REC-003509,POL-008333,2024-01-02,06/01/2024,18/01/2024,Consulta especializada,Pereira,Oficina,11,9,2916000,1042000, Pagado parcial ,0
REC-000328,POL-007614,2025-06-07,2025-06-07,2025/06/19,Colisión,SANTA MARTA,App,19,7,5885000,5596000,Aprobado,0
REC-000262,POL-000659,2024/01/16,2024-01-20,09/02/2024,Robo,Bucaramanga,App,16,6,,0,Rechazado,0
REC-004063,POL-007845,2024-07-02,2024-07-03,18/08/2024,Cirugía,Medellín,Corredor,10,5,17344000,0,Rechazado,0
REC-003841,POL-006918,,2022-11-06,2022-11-12,Colisión,Cartagena,Call center,12,2,2720000,2608000,APROBADO,0
REC-001177,POL-006492,2025-09-12,2025-09-21,2025-10-03,Consulta especializada  ,Pereira,call center,9,9,9346000,9317000,Aprobado,0
REC-001863,POL-006391,2025-07-02,2025-07-05,2025/07/26,Colisión  ,  Cartagena,App,20,6,4881000,4353000,Aprobado,0
REC-001245,POL-006358,06/11/2025,2025/11/06,,Medicamentos,,APP,17,2,2841000,,En revisión,0
REC-001647,POL-001156,2022-01-09,2022-01-09,2022-01-13,Vidrios,Pereira  ,Call center,14,1,820000,813000,Aprobado,0
REC-003746,POL-003925,25/07/2022,26/07/2022,2022-07-29,Consulta especializada,B/QUILLA,Oficina,17,4,2784000,2609000,Aprobado,0
REC-001805,POL-006062,2025/09/08,09/09/2025,,CIRUGIA,Medellín,Corredor,19,9,4336000,,En revisión,0
REC-000260,POL-002608,2023/10/03,2023-10-06,2023-10-19,Hospitalización,Bogotá,Call center,13,3,5549000,5004000,Aprobado,0
REC-000953,POL-000790,14/01/2024,2024/01/14,2024-02-05,Consulta especializada,Medellín,Oficina,16,7,2725000,2349000,Aprobado,0
REC-001707,POL-001103,15/10/2025,2025-10-15,2025-10-19,Inundación,Bucaramanga,Corredor,11,3,,0,Rechazado  ,0
REC-001212,POL-002200,2024-11-20,21/11/2024,2024/12/09,Daños eléctricos,Cali,Corredor,0,3,21740000,10815000,Pagado parcial,1
REC-001201,POL-000884,21/04/2025,2025/04/25,06/05/2025,Robo,Bogotá,APP,16,6,40850000,,Pagado parcial,0
REC-001024,POL-001639,2024-08-29,2024/08/29,2024/08/31,Inundación,Bogotá,Oficina,18,4,4315000,3705000,Aprobado,0
REC-003554,POL-002330,2023-05-21,2023-05-23,2023-05-25,Vidrios,Barranquilla,App,15,6,5847000,5703000,Aprobado,0
REC-001470,POL-000288,30/06/2023,01/07/2023,07/07/2023,Hospitalización,Bogotá  ,Corredor,14,7,28502000,,Aprobado,0
REC-002002,POL-003573,2023-01-15,2023-01-16,2023/02/05,Colisión,bogotá,App,17,2,5947000,5225000,Aprobado,0
REC-000704,POL-005618,18/07/2024,2024-07-23,2024/08/10,Daño a terceros,bucaramanga,Corredor,14,,3937000,0,RECHAZADO,1
REC-000451,POL-002426,2025-08-17,2025-09-04,23/09/2025,Colisión,Pereira,  Oficina,23,2,3095000,2809000,APROBADO,0
REC-000978,POL-007185,2025-04-08,2025-04-12,2025/04/26,Consulta especializada,  Cali,Call center,12,6,2098000,0, Rechazado ,0
REC-000658,POL-004184,2021/04/03,2021-04-08,2021-04-29,COLISION,Bogotá  ,Corredor,5,7,3225000,2891000,Aprobado,0
REC-002254,POL-005846,24/09/2024,2024-10-05,05/11/2024,Daños eléctricos,Barranquilla,App,17,6,1220000,0,Rechazado,0
REC-000489,POL-004784,13/05/2024,2024-05-14,2024-05-17,MEDICAMENTOS,Bogotá, App ,20,9,4041000,3599000,Aprobado,0
REC-000079,POL-007644,2022-03-29,2022-03-31,2022/04/03,Colisión,Medellín,App,9,3,2377000,2094000,Aprobado,0
REC-002516,POL-004912,,2025-11-15,2025/11/18,Consulta especializada,Santa  Marta,APP,15,6,3569000,3057000,Aprobado,0
REC-002835,POL-008352,2025/01/04,2025-01-07,09/01/2025,Daño a terceros,Cartagena,Call center,5,1,3178000,2834000, Aprobado ,0
REC-000920,POL-000348,INVALID_DATE,2024-07-30,03/08/2024,Cirugía,Bucaramanga,App,15,4,3482000,3286000,Aprobado,0
REC-000703,POL-006114,26/12/2024,28/12/2024,15/01/2025,Colisión,BOGOTA,App,21,1,9162000,6313000,Pagado parcial,1
REC-002749,POL-005163,2025-11-30,2025-12-06,,Daño a terceros,,App,8,6,3194000,,En revisión,0
REC-002899,POL-007068,2021-10-23,2021/11/04,2021-12-04,Consulta especializada,,App,23,2,1766000,1617000,Aprobado,0
REC-002325,POL-002610,2025/10/18,,,Consulta especializada  ,Bogotá D.C.,App,13,6,1261000,,En revisión,0
REC-000676,POL-004224,2022-09-14,2022-09-14,2022-09-16,Daño a terceros,Bogotá,App,20,3,1579000,1437000,Aprobado,N
REC-001452,POL-000997,2025/10/26,2025/11/06,,Hospitalización,Bogotá,App,12,3,15124000,,EN REVISION,0
REC-003393,POL-005122,10/03/2025,,2025/03/22,Colisión,Bogotá,Oficina,12,5,6590000,,Aprobado,0
REC-002443,POL-001525,2022-09-01,2022/09/12,2022-09-15,Cirugía,Bogotá,Corredor,17,10,2684000,2555000,Aprobado,0
REC-000681,POL-007954,04/02/2025,2025-02-04,2025-02-22,Colisión, Santa Marta ,Corredor,15,6,5091000,4625000,Aprobado,0
REC-003996,POL-003820,31/12/2021,2021/12/31,2022-01-12,Daño a terceros,Bogotá,App,8,5,3486000,2971000,Aprobado,0
REC-000694,POL-001001,2025-03-09,2025-03-09,2025-03-22,medicamentos, Bogota DC ,Call center,16,8,1169000,1166000,APROBADO,0
REC-000271,POL-007243,2023-03-30,2023/04/02,24/04/2023,Consulta especializada,Manizales,Call center,23,5,3099000,2862000,APROBADO,0
REC-001258,POL-004714,21/08/2022,2022-08-27,19/09/2022,Consulta especializada,Bogotá,Corredor,18,9,11304000,10879000,Autorizado,N
REC-003021,POL-001363,2022-07-24,2022-08-23,04/01/2023,Hospitalización,Cali,Corredor,3,3,25095000,0,Rechazado,1
REC-003947,POL-007341,13/12/2024,2024-12-14,2024-12-21,Medicamentos,Bogotá,App,14,9,2831000,2691000,Aprobado,0
REC-003859,POL-000214,2021-10-15,2021-10-23,2021/11/07,Colisión,Bogota,Corredor,12,8,776000,744000,Aprobado,0
REC-004252,POL-002742,2021-08-04,2021/08/14,18/08/2021,Hospitalización,Santiago de Cali,Oficina,11,2,2488000,2189000,Aprobado,0
REC-002597,POL-002274,27/10/2024,2024-10-28,03/11/2024,Daño a terceros,,Call center  ,8,6,9839000,9344000,aprobado,0
REC-003900,POL-001000,2021-09-29,2021-09-30,2021/10/11,Robo,Bogotá,CALL CENTER,15,9,11233000,10488000,Aprobado,0
REC-002100,POL-006281,2025/06/05,09/06/2025,2025/06/23,Daño a terceros,Cali,Corredor,8,6,3081000,2799000,Aprobado,0
REC-003903,POL-003119,2024-09-19,2024-09-21,2024-09-25,Hospitalización,Manizales,Call center,22,4,3402000,0,Rechazado,0
REC-000860,POL-004950,29/05/2022,31/05/2022,INVALID_DATE,Colision,Manizales,Oficina,11,8,2421000,2177000,Aprobado,0
REC-002849,POL-003887,2025-09-07,2025-09-17,21/09/2025,Daños eléctricos,Barranquilla, App ,13,7,2333000,2139000,Aprobado,NO
REC-003968,POL-007106,2025-01-25,2025-02-01,2025-02-03,ROBO,Manizales,App,13,7,22041000,22037000,Aprobado,No
REC-000673,POL-006126,26/12/2024,2024-12-29,2025/01/01,Daño a terceros,Medellín,Oficina,7,4,6031000,5142000,Aprobado,0
REC-001087,POL-001288,2022-02-27,02/03/2022,10/03/2022,Daño a terceros,,  App,17,,2370000,2018000,Aprobado,0
REC-001023,POL-000285,03/01/2022,2022-01-14,13/03/2022,Consulta especializada,Cúcuta,Corredor,19,3,1305000,1228000,Aprobado,0
REC-003055,POL-000198,2023/03/23,2023-03-28,2023-03-31,Consulta especializada,Bogotá,Corredor,1,7,2100000,2033000, Aprobada ,0
REC-000938,POL-004894,2025-10-02,13/10/2025,2025/10/16,Daño a terceros,Manizales,Corredor,22,8,3367000,3235000,Aprobado,0
REC-000500,POL-000267,2025-04-07,07/04/2025,2025-04-09,Colisión,Bucaramanga,  App,10,7,4794000,2400000,Pagado parcial,0
REC-001609,POL-006697,2022/03/07,2022/03/10,2022-03-20,Cirugía,Bogotá,Call center,18,7,15023000,6884000,Pagado parcial,0
REC-001633,POL-008360,2020-10-21,2021-11-30,08/12/2021,Daño a terceros,Cali,App,9,8,6160000,0,Rechazado,0
REC-001878,POL-003576,2023/04/07,2023-04-13,2023-05-12,Colisión,Medellín (Antioquia),Oficina,16,7,1429000,1372000,Aprobado,0
REC-002439,POL-000008,2025-07-09,2025/07/09,23/07/2025,Robo,Pereira,Call center,15,6,6662000,6067000,Aprobado  ,0
REC-002342,POL-003670,2023/09/06,09/09/2023,2023/09/18,Robo,Bogotá,App,5,3,28744000,11728000,Pagado parcial  ,0
REC-001948,POL-007996,2024-11-23,INVALID_DATE,23/12/2024,Colisión  ,Bogota D.C.,Oficina,13,2,7337000,4644000,Pagado  parcial,0
REC-001011,POL-007004,2025/01/27,2025-01-28,2025-01-31,Consulta especializada,Bogotá,APP,16,7,4167000,1264000,Pago parcial,0
REC-000715,POL-006219,20/01/2025,2025-01-22,2025/01/30,COLISIÓN,BOGOTA,App,14,3,2186000,1147000,Pago parcial,false
REC-000554,POL-002315,2025-04-28,2025-04-28,21/05/2025,DANO A TERCEROS,Barranquilla,Call center,17,,,1579000,Aprobado,0
REC-003533,POL-005427,2024/07/18,2024-07-18,2024-07-22,hospitalización,Medellín,Call center,20,3,1962000,1254000,Pagado parcial,0
REC-003826,POL-006588,2025/07/04,13/07/2025,18/07/2025,Consulta especializada,pereira,Call center,9,6,4172000,3548000, Aprobado ,0
REC-001924,POL-000565,2024-03-07,10/03/2024,17/03/2024,Colisión,Cartagena,Oficina,12,5,8322000,7694000,Aprobada,N
REC-002111,POL-001263,2022-11-27,28/11/2022,05/12/2022,Colisión,Bucaramanga  ,Call center,15,6,1943000,1848000,Aprobado,0
REC-001113,POL-007463,07/04/2025,2025-04-08,2025-04-14,Colisión,Cali,Corredor,11,6,909000,811000,Aprobado,0
REC-002219,POL-001275,2023/11/29,2023-11-29,2023/12/02,Colisión,Manizales,  Corredor,11,5,948000,810000,Aprobado,NO
REC-002936,POL-000020,2025/05/20,2025/05/22,04/06/2025,Daño a terceros, Bogotá ,Oficina  ,14,9,4520000,4415000,Aprobado,0
REC-002867,POL-004565,26/12/2025,2025-12-31,,Daños eléctricos,Bogotá,Call center,13,4,1769000,,En revisión  ,0
REC-003564,POL-008377,2023-06-16,2023-06-17,2023-07-06,Consulta especializada,Barranquilla,Call center,20,4,2502000,2500000,Aprobado,0
REC-002775,POL-006382,2024-05-04,16/05/2024,2024-06-06,Hospitalización,Bogotá,App,10,1,13322000,0,Rechazado,1
REC-001599, POL-003826 ,2025/11/05,05/11/2025,19/12/2025,Medicamentos,Bogotá, Call center ,12,2,10756000,0,Rechazado,1
REC-002920,POL-000465,2024/07/02,2024-07-14,2024-07-23,Consulta  especializada,PEREIRA,Corredor,12,6,6520000,5701000,Aprobado,0
REC-001665,POL-006378,2025-08-24,2025-08-25,13/09/2025,Consulta especializada,Cali,App,7,5,1296000,1114000,Aprobado,0
REC-000969,POL-000817,28/07/2025,28/07/2025,11/09/2025,CIRUGIA,Bogotá,Corredor,15,6,6251000,6058000,Aprobado,0
REC-001474,POL-000879,2024-05-01,2024-05-03,13/05/2024,Medicamentos,Bogotá,App,17,2,3389000,3194000,Aprobado,0
REC-000305,POL-002393,06/01/2025,2025-01-10,2025-01-12,Daño a terceros,Santa Marta,App,5,8,3611000,,PAGADO PARCIAL,0
REC-001080,POL-001582,2023/06/13,2023-06-18,2023/07/13,robo,Bta,Call center,11,7,4348000,3953000,Aprobado,0
REC-001310,POL-007711,2022-09-17,2022-09-17,2022-09-25,Colisión,Bogotá,App,20,5,3043000,1718000,Pagado parcial,0
REC-002779,POL-001076,14/07/2021,2021-07-19,2021-07-29,HOSPITALIZACION,manizales,Call center,23,3,1134000,1044000,Aprobado,0
REC-002463,POL-001843,08/10/2023,13/10/2023,2023-10-26,Robo,Pereira,Call center,18,5,16150000,5130000,Pagado parcial,0
REC-002222,POL-002435,18/09/2025,2025-09-21,2025/10/03,Cirugía,MEDELLIN,App,20,8,8048000,6955000,APROBADO,0
REC-001945,POL-005444,2023-05-27,2023-05-30,08/06/2023,Consulta especializada,Bogotá,Oficina,13,10,2525000,2195000,Aprobado,false
REC-002782,POL-006994,16/01/2024,,20/01/2024,Colisión,,corredor,14,4,4429000,4386000,Aprobado,0
REC-003690,POL-005819,2025-04-21,2025/04/27,2025-05-10,  Hospitalización,Bogotá,Call center,20,9,5139000,3229000,Pagado parcial,0
REC-001710,POL-003327,25/07/2025,30/07/2025,INVALID_DATE,robo,Bogotá,App,21,6,20900000,11691000,Pagado parcial,0
REC-001958,POL-004466,2024/07/22,30/07/2024,2024-08-02,Robo,Bogotá,Oficina,14,7,13027000,8557000,Pagado parcial,0
REC-001183,POL-005544,2023-11-09,11/11/2023,2023-11-25,Medicamentos, Cali ,Call center,12,7,1451000,1298000,Aprobado,0
REC-002401,POL-000982,24/10/2023,2023-10-27,INVALID_DATE,Colisión,Bogotá,Corredor,18,5,3540000,3086000,Aprobado,0
REC-000627,POL-007766,2022-07-26,2022/07/26,04/08/2022,Colisión,Cartagena,APP,15,2,4658000,0,RECHAZADO,0
REC-001435,POL-004323,2023/10/03,2023/10/07,2023-11-09,INUNDACIÓN,CARTAGENA,Oficina,9,5,,1680000,Aprobado,0
REC-002315,POL-000156,2023-10-13,2023-10-16,25/10/2023,Incapacidad,bucaramanga,Call center,15,5,225296000,197574000,Autorizado,0
REC-003607,POL-007580,02/11/2023,2023/11/09,2023/11/20,Vidrios,Cúcuta,Oficina,16,4,5755000,5337000,Aprobado,0
REC-003336,POL-004112,2025-12-01,01/12/2025,06/12/2025,Daño a terceros,santa marta,Oficina,19,9,1933000,1673000,Aprobado,0
REC-000556,POL-006391,2025-07-21,2025-07-24,29/07/2025,  Colisión,Cartagena de Indias,Oficina,3,5,6342000,5635000,Aprobado,0
REC-002091,POL-008311,2025-06-07,2025-06-09,2025-06-16,Vidrios,bogotá,App,16,4,917000,0,Rechazado,0
REC-000029,POL-005307,2025/05/18,,13/06/2025,Colisión, Manizales ,Oficina,13,5,2642000,2622000,Aprobado,0
REC-003650,POL-007459,2025-05-06,08/05/2025,14/05/2025,Consulta  especializada,Medellín,App,3,,6155000,5586000,Aprobado,0
REC-001085,POL-001198,2022-06-28,2022-06-29,2022/07/08,Colisión,Bogotá,App,13,8,3492000,3103000,Aprobado,0
REC-002995,POL-003142,2024-04-20,2024-04-25,2024/05/05,Incapacidad,Bogotá,Call center,16,1,106400000,103034000,Aprobado,0
REC-001185,POL-000237,2025/01/21,2025/01/21,12/02/2025,Incendio,Bogotá,Call center,8,6,7420000,7317000,Aprobado,0
REC-003762,POL-000723,2024-01-23,25/01/2024,2024/02/27,Robo,Bogotá,Call center,8,5,41790000,41521000,Aprobado,0
REC-004109,POL-004165,2021-05-04,INVALID_DATE,07/05/2021,Colisión,Cartagena,Call  center,14,5,1989000,956000,Pagado parcial,0
REC-003011,POL-005860,2023/07/02,2023-07-06,2023-08-29,Robo,pereira,Oficina,22,4,26218000,25070000,Aprobado,1
REC-003385,POL-006378,26/11/2024,27/11/2024,29/11/2024,Consulta especializada,Cali,App,13,5,3246000,3055000,Aprobada,0
REC-003565,POL-000828,03/12/2024,04/12/2024,2025-01-03,Daño a terceros,Barranquilla,App,15,6,2172000,1849000,Aprobado,0
REC-004071,POL-007734,13/08/2024,2024/08/18,2024-08-29,medicamentos,Pereira,Call center,8,5,3325000,3096000,Aprobado,0
REC-003115,POL-003655,2022/12/21,2022-12-24,2022/12/26,Hospitalización,Medellín,Call center,7,7,3846000,2621000,Pagado parcial,0
REC-003398,POL-002703,2022-12-26,2023/01/02,2023-02-06,Medicamentos,Cartagena,Corredor,15,,7251000,6442000,Aprobado,0
REC-003425,POL-005912,2021-06-20,2021-06-25,2021-07-15,Hospitalización,BOGOTÁ,App,6,3,,2828000,Aprobado,0
REC-003946,POL-007339,2022/08/31,2022-09-03,2022/09/11,Hospitalización,Medellín,App,13,8,4148000,4105000,aprobado,0
REC-003512,POL-002797,2025-12-04,04/12/2025,,Consulta especializada,BOGOTA,Corredor,8,9,2542000,,En revisión,0
REC-000782,POL-005304,06/08/2025,2025/08/10,2025/08/14,Consulta especializada,Bucaramanga,App,11,7,3927000,3740000,Aprobado,N
REC-002382,POL-005360,2025-06-21,2025-07-01,16/07/2025,Hospitalización,Bogotá,  App,17,3,8235000,7485000,Aprobado,false
REC-003338,POL-000954,2022/05/29,2022-06-04,09/06/2022,Hospitalización,Cúcuta,Oficina,5,4,6777000,5891000,Autorizado,0
REC-001225,POL-000613,15/08/2025,2025-08-16,2025/08/26,Colisión, Bogota DC ,Oficina,5,6,2429000,2290000,Aprobado,0
REC-002326,POL-001744,04/10/2024,2024/11/06,2025-02-06,Consulta especializada,Manizales  ,Call center,2,1,3750000,0,Rechazado,1
REC-001532,POL-001503,2024-05-07,09/05/2024,23/05/2024,Medicamentos,Bogotá,Oficina,11,8,4042000,3895000,APROBADO,0
REC-000832,POL-005936,08/09/2024,2024/09/10,2024-10-05,Robo, Bucaramanga ,App,18,7,11620000,10437000,Aprobado,0
REC-001394,POL-003764,2025-08-28,03/09/2025,,Vidrios,bogotá,Corredor,24,5,4752000,,En revisión,0
REC-002723,POL-005599,10/02/2021,17/02/2021,2021/03/04,Medicamentos,Cartagena,Oficina,-1,4,2879000,2453000,Aprobado,0
REC-002932,POL-000824,2025/07/17,2025-07-20,2025-07-26,Medicamentos,  Bogotá,App,11,5,7040000,6644000,Aprobado,false
REC-000310,POL-007520,26/07/2022,2022-07-31,2022-08-26,Colisión,Medellin,Oficina,4,10,2417000,2104000,Aprobado,0
REC-002350,POL-006263,2025-03-24,2025/03/26,2025/03/30,Consulta especializada,Cali,App,11,4,1538000,0,Rechazado  ,0
REC-002357,POL-008324,2022-02-13,2022/02/23,2022/05/11,Vidrios,Bucaramanga,App,12,3,10022000,9774000,  Aprobado,1
REC-000236,POL-000031,2024-08-08,2024-08-11,22/08/2024,Consulta especializada,Bogota DC,  Oficina,15,,2385000,1425000,Pagado parcial,0
REC-000260,POL-002608,2023/10/03,2023-10-06,2023-10-19,Hospitalización,Bogotá,Call center,13,3,5549000,5004000,Aprobado,0
REC-001631,POL-000910,24/06/2024,2024-06-25,2024-06-30, Medicamentos ,Bogota,Corredor,13,3,1385000,1263000,aprobado,No
REC-001852,POL-002394,2025-08-19,2025-08-19,11/09/2025,Consulta especializada,Bogotá,Call center,18,5,2408000,0,Rechazado,0
REC-004008,POL-000905,2025-05-31,2025-06-02,2025/07/16,  Daños eléctricos,Cali,App,12,3,6819000,6161000,Aprobado,0
REC-002684,POL-002237,12/05/2024,2024-05-19,2024/06/02,CONSULTA ESPECIALIZADA,Cartagena,Call center,23,3,3069000,3020000,Aprobado,0
REC-003916,POL-003786,15/03/2024,2024-03-16,10/04/2024,Vidrios,Barranquilla,Oficina  ,9,5,2356000,2299000,  Aprobado,0
REC-000653,POL-006949,14/09/2023,07/10/2023,09/10/2023,Colisión,Bogotá,App,15,6,2652000,0,RECHAZADO,0
REC-001931,POL-000323,2025-01-17,2025-01-17,2025-01-28,Daños eléctricos,Bogotá,CALL CENTER,17,3,1842000,642000,Pagado parcial,NO
REC-000015,POL-007943,2024-10-17,2025-11-30,2025-12-15,Consulta especializada,Bogotá,Call center,10,5,1851000,1713000,Aprobado,0
REC-003502,pol-005510,2022-02-10,2022-02-25,02/04/2022,COLISION,Medellín,Corredor,11,4,1975000,1913000,Aprobado,0
REC-001991,POL-003070,2024-04-29,2024/05/04,2024/06/02,Medicamentos,,Call center,12,2,1863000,1630000,Aprobada,0
REC-003873,POL-008205,,2025-06-22,09/07/2025,Daño a terceros,BOGOTÁ,Call center,10,2,2500000,2333000,Autorizado,0
REC-001910,POL-005217,2024/10/09,2024/10/13,27/11/2024,Hospitalización,Bogotá,Oficina,7,2,6337000,5594000,Aprobado,0
REC-000437,POL-000665,2025/06/21,2025-06-21,29/06/2025,Vidrios,Bogotá,Corredor,18,5,963000,889000,APROBADO,0
REC-001792,POL-002137,2025-04-17,INVALID_DATE,2025-04-22,Daño a terceros,,App,14,,7653000,6803000,Aprobado,0
REC-002538,POL-002355,29/10/2025,10/11/2025,2025-11-21,Daños eléctricos,Bogotá,App,10,4,1850000,1626000,Aprobado,0
REC-003047,POL-003627,07/02/2025,2025-02-08,10/04/2025,Colisión,Bogotá,Oficina  ,19,5,1967000,1699000,Aprobado,0
REC-000130,POL-001482,2025-03-05,2025-03-06,2025-04-04,Medicamentos,Bogotá,Oficina,11,3,,1126000,Pagado parcial,0
REC-000729,POL-000632,03/07/2025,05/07/2025,2025-07-10,Medicamentos  ,BOGOTA,Oficina,12,3,5359000,4995000,Aprobado,0
REC-003120,POL-004535,2024-10-03,2024-10-22,2024-12-29,Consulta especializada,Cali,App,0,1,2205000,0,Rechazado,1
REC-001397,POL-001229,2023/03/17,17/03/2023,2023-04-26, Consulta especializada ,  Bucaramanga,Corredor,16,4,4046000,3618000,Aprobado,N
REC-003472,POL-001320,2025/04/09,2025/04/09,2025-04-12,Daños eléctricos,Cali,Corredor,5,9,3275000,2862000,Aprobado,0
REC-001889,POL-000056,15/01/2024,,30/01/2024,Medicamentos,Bogotá,Corredor,9,7,425000,0,Rechazado,0
REC-001078,POL-008361,2025/02/10,12/02/2025,2025-02-16,HOSPITALIZACION,MEDELLÍN,App,12,3,8630000,0,Rechazado,0
REC-000454,POL-000662,2022-07-21,27/07/2022,2022-08-07,MEDICAMENTOS,Bogotá,Corredor,2,1,4749000,4513000,Aprobado,1
REC-000752,POL-000752,2024-03-13,INVALID_DATE,2024-04-22,Medicamentos, Medellín ,Oficina,20,7,3605000,3304000,Aprobado,0
REC-000103,POL-001530,2024-02-21,2025-04-06,2025/04/09,Colisión,B/quilla,Oficina,16,8,3089000,2674000,Aprobado,0
REC-004094,POL-000391,INVALID_DATE,2025-07-03,2025/07/05,Cirugía,Bogotá,  Corredor,18,1,8700000,8093000,Aprobado,0
REC-000803,POL-006646,2021-11-22,27/11/2021,2021-12-26,Colisión,Bogotá,Corredor,14,10,740000,661000,Aprobado,0
REC-001915,POL-007759,10/12/2022,11/12/2022,2022-12-21,HOSPITALIZACION,Medellín,Oficina,11,6,,3059000,Aprobado,0
REC-001500,POL-004788,2025-05-02,04/05/2025,2025/05/06,Daño a terceros,Bucaramanga,App,15,7,3187000,2837000,Aprobado,0
REC-001519,POL-000954,2022-06-02,,05/06/2022,Medicamentos, Cúcuta ,Oficina,20,4,5381000,5348000,Aprobado,0
REC-001307,POL-005993,2025/04/04,2025-04-05,2025-04-18,Inundación, Bogotá ,Oficina,18,3,1829000,1073000, Pagado parcial ,0
REC-000963,POL-001412,2021-06-27,2021-06-28,08/07/2021,Cirugía,Medellin,App,13,7,5916000,5316000,Aprobado,0
REC-003541,POL-001054,17/12/2024,2024/12/17,2024-12-26,Daño a terceros,Cartagena,Call center,13,8,1910000,1876000,Aprobado,0
REC-003872,POL-000942,2025/09/19,2025-09-22,24/09/2025,medicamentos,Cali,Call center,16,6,1714000,0,Rechazado,0
REC-000815,POL-000399,2023/04/25,27/04/2023,2023/05/04,Consulta especializada,Cartagena,Call center,16,5,1428000,1311000,Aprobado,0
REC-001673,POL-000152,12/10/2021,19/10/2021,2021/10/31,Colisión,Bogotá,Call center,13,9,1419000,1255000,Aprobado,0
REC-000774,POL-004617,21/07/2025,23/07/2025,2025-07-30,Daños eléctricos,Medellin,App,14,5,6537000,5901000,Aprobado,0
REC-004240,POL-003806,24/09/2023,01/10/2023,2023-11-29,Consulta especializada,Bogotá D.C.,app,22,4,1094000,968000,Aprobada,0
REC-002737,POL-001355,09/01/2022,12/01/2022,2022-01-17,Vidrios,Cali,App,3,4,8633000,7877000,Aprobado,0
REC-000688,POL-004766,2022-06-18,21/06/2022,2022-06-24,DANOS ELECTRICOS,BOGOTA,Oficina,13,7,3918000,3506000,Aprobado,0
REC-003006,POL-000607,2023-08-06,07/08/2023,2023-09-11,Consulta especializada,Cúcuta,Oficina,16,3,4821000,4419000,Aprobado,0
REC-002830,POL-007052,17/03/2024,2024/03/19,2024/04/10,Daño  a  terceros,Cartagena,Corredor,13,8,5638000,5269000,aprobado,0
REC-001936,POL-002036,2023/03/14,,2023/03/20,  Daño a terceros,Bogotá,App,11,10,3215000,3126000,Aprobado,0
REC-001421,POL-008009,23/04/2024,2024-04-25,2024-04-30,Medicamentos,Cali,Oficina,11,6,8751000,3091000,Pagado parcial,0
REC-002164,POL-001810,11/08/2023,2023-08-14,2023-08-16,Consulta especializada,Bogotá,App,6,7,2913000,0,Rechazado,0
REC-002083,POL-004746,2024-02-19,27/02/2024,2024/03/10,Consulta especializada,cali,APP,13,7,2359000,2245000,Aprobada,0
REC-000849,POL-001688,2023-12-05,2023/12/05,2023-12-23,Robo,Bogotá,App,18,8,36100000,31661000,aprobado,0
REC-000519,POL-007039,2024/07/20,21/07/2024,2024-08-06,Colisión,Medellín,Call center,11,4,3364000,3229000,Aprobado,NO
REC-000591,POL-000748,27/03/2023,2023-03-28,2023-04-21,Medicamentos,Bogotá,Oficina,15,5,1567000,1510000, Aprobado ,0
REC-003543,POL-001395,2025-04-20,20/04/2025,2025-04-23,VIDRIOS,Barranquilla,App,13,5,10305000,9087000,APROBADA,0
REC-000098,POL-001325,12/07/2022,2022-07-12,18/07/2022,consulta especializada,Bogotá,App,13,1,3737000,3219000,Aprobado,false
REC-001121,POL-005171,28/11/2023,2023-12-08,2023-12-19,Robo,medellín,App,22,7,4572000,4521000,Aprobado  ,No
REC-001167,POL-002762,25/11/2021,2021/12/02,2021-12-20,Medicamentos,Bogotá,Call center,14,4,5572000,0,DENEGADO,0
REC-003056,POL-003540,18/11/2025,2025-11-21,,Inundación,PEREIRA,App,11,3,1651000,,En  revisión,0
REC-002705,POL-004088,2024-04-25,26/04/2024,2024-05-07,Hospitalización,Bogota,App,13,3,7113000,0,Rechazado,0
REC-002973,POL-002169,2025-06-06,,21/06/2025,Cirugía,MANIZALES,App,11,3,6956000,2619000,Pagado parcial,0
REC-000049,POL-003118,11/05/2024,2024/05/12,22/06/2024,Daño a terceros,Bogotá,OFICINA,12,5,4076000,3661000,Autorizado,0
REC-000182,POL-008321,2024-07-24,24/07/2024,2024-07-27,Medicamentos,Bogotá,App,14,6,472000,454000,Aprobado,0
REC-002793,POL-003350,2025-01-02,2025/01/05,2025/01/18,DAÑO A TERCEROS, Bogotá ,Corredor,13,,2413000,848000,Pago parcial,0
REC-001415,POL-001961,2025/03/08,2025/03/13,29/03/2025,Colision,Bogotá,app,9,5,5623000,4899000,Aprobada,0
REC-001874,POL-008352,2025-06-20,25/06/2025,2025-07-05,Robo,Cartagena,  Oficina,13,3,22820000,0,Rechazado,0
REC-003307,POL-007607,2023-01-08,2023-01-10,2023-01-19,Colisión,B/quilla,Corredor,7,8,1680000,1429000,Aprobado,0
REC-004226,POL-008264,2024/04/17,2024-04-17,2024-04-20,CONSULTA ESPECIALIZADA,Cali,Corredor,15,5,383000,359000,Aprobado,0
REC-003611,POL-005187,17/09/2023,2023-09-18,2023/10/03,Daño a terceros,Bogotá,Call center,4,5,3471000,3313000,aprobado,0
REC-001920,POL-001462,2022-10-16,2022-10-17,2022-11-01,Colisión,Cartagena,App,15,9,675000,648000,Aprobado,0
REC-002517,POL-007265,2023-06-03,2023-06-30,2023/07/07,Colisión,cali,Call center,9,4,1092000,1051000,Aprobado,No
REC-003220,POL-003509,28/08/2022,2022-09-03,2022-09-18,Robo,Bucaramanga,APP,11,4,33399000,28439000,Aprobado,0
REC-003755,POL-002914,2022-05-14,2022-05-19,2022-06-27,Hospitalizacion,Cúcuta,App,12,5,3381000,3068000,Aprobado  ,NO
REC-001963,POL-004848,23/08/2025,2025-08-30,2025-09-09, Consulta especializada ,Bucaramanga,Corredor,19,5,4417000,4098000,Aprobado,false
REC-004165,POL-003693,2025-06-30,04/07/2025,10/07/2025,Robo,Bucaramanga,App,9,8,6207000,5471000,Aprobado,0
REC-000869,POL-006834,2024-09-30,2024-10-04,INVALID_DATE,Consulta especializada,Cali,App,19,5,2082000,1969000,Aprobado,0
REC-004132,POL-005368,2024/12/08,09/12/2024,05/01/2025,Vidrios,Bogotá  ,Corredor,12,8,8584000,8071000,Aprobado,N
REC-000365,POL-003819,2021/01/31,02/02/2021,17/02/2021,Hospitalización,Cali,App,17,5,4012000,3605000,Aprobada,0
REC-002827,POL-005247,,2023-11-20,2023/11/26,Consulta especializada  ,  Bogotá,Call center,15,1,1206000,450000,Pago parcial,0
REC-002728,POL-005687,2022-10-24,25/10/2022,2022/11/19,daño a terceros,Medellín,Call center,7,4,4524000,3863000,Autorizado,0
REC-000805,POL-003874,07/02/2025,2025/03/09,2025-03-12,Medicamentos,,Call  center,16,2,14411000,9864000,PAGADO PARCIAL,0
REC-003242,POL-004519,2023-01-13,2023-01-16,2023-01-27,HOSPITALIZACIÓN,Bucaramanga,Corredor,9,5,2532000,2161000,Aprobado  ,0
REC-003152,POL-008020,2023-10-02,02/10/2023,05/10/2023,Colisión,Medellín,Oficina,19,2,3607000,3133000,Aprobado,N
REC-003967,POL-002190,2024-11-15,2024-11-16,2024/11/20,  Hospitalización,Cúcuta  ,App,11,7,5985000,2700000,Pagado parcial,0
REC-004203,POL-002215,2024-06-13,15/06/2024,11/07/2024,Colisión,Bogotá, App ,16,3,6016000,5325000, Aprobada ,0
REC-002200,POL-002571,2024-10-12,2024-10-13,2024/10/19,Daños  eléctricos,Cúcuta,App,13,3,1529000,0,Rechazado,0
REC-003583,POL-005271,2023/10/12,2023-10-12,2023-10-24,Colisión, Bogotá ,call center,17,,1396000,0,Rechazado,0
REC-000955,POL-006456,2025/02/22,2025-02-22,07/04/2025,Consulta especializada,Medellín,App,19,6,4402000,4032000,Aprobado,No
REC-000359,POL-000984,2025-03-29,2025/03/31,2025-04-03,DANO A TERCEROS,Bucaramanga  ,App  ,14,5,2065000,1801000,Aprobado,0
REC-002633,POL-002195,2025-11-13,2025-11-14,18/11/2025,Colisión,Cali,Oficina,8,5,3097000,2733000,Aprobado,0
REC-001426,POL-000057,2021-05-26,INVALID_DATE,2022-10-09,Daño a terceros,Cali,Call center,2,4,3886000,0,rechazado,1
REC-002788,POL-008240,2024-10-01,2024-10-10,22/10/2024,Enfermedad grave,BOGOTA,Oficina,8,6,48358000,46006000,Aprobado,0
REC-004177,POL-003561,18/10/2021,INVALID_DATE,2021-10-26,Inundación,Bogotá,Corredor  ,11,10,2636000,2312000,Aprobado,false
REC-000007,POL-006424,2021-06-01,2021/06/04,2021-06-30,Medicamentos,Barranquilla,Corredor,12,1,4433000,0,Rechazado,0
REC-000766,POL-008062,2024/07/01,2024-07-06,17/07/2024,Colision,Bogotá,App,8,5,4042000,3635000,Aprobado,false
REC-002362,POL-008345,2025-08-22,2025-08-24,2025-08-29,Medicamentos,Cali,Oficina,11,9,4044000,0,Rechazado,0
REC-002751,POL-000726,INVALID_DATE,2024-02-12,2024/03/05,Consulta especializada  ,  Cúcuta,Oficina,16,3,10601000,9764000,Aprobado,0
REC-004036,POL-002150,2023-06-22,2023-06-24,2023-07-03,Colisión,cali,Oficina,12,5,2276000,2235000,  Aprobado,0
REC-002047,POL-003369,07/04/2025,2025-04-09,,Colisión,Cali,Corredor,13,4,2852000,2801000,Aprobado,0
REC-000200,POL-001226,2023-08-28,2023-08-29,2023/09/15,consulta especializada,Bogotá,Oficina,14,6,3517000,0,Rechazado,0
REC-000948,POL-005789,2025-07-01,2025/07/01,2025-08-09,Medicamentos,Medellín,App,15,4,8538000,7825000,  Aprobado,0
REC-003448,POL-001950,2024-10-23,25/10/2024,2024-11-04,Colisión,  Cali,Call center,13,4,9749000,9304000,aprobado,NO
REC-003314,POL-003511,2023/11/09,2023-11-12,03/12/2023,Colisión,Cali,Call center,14,4,6713000,3405000,Pagado parcial,0
REC-003045,POL-004474,2024-03-18,,2024/04/01,Robo, Cartagena ,Call center,16,10,14986000,14120000,Aprobado,0
REC-001165,POL-000703,INVALID_DATE,2025-06-21,02/07/2025,Colisión,Manizales,Call center,19,7,6075000,5947000,Aprobado,0
REC-003833,POL-007335,13/05/2025,,08/06/2025,Fallecimiento,cartagena,App,15,8,32378000,0,Rechazado,0
REC-001666,POL-006705,2022-06-09,2022/06/10,2022-07-09,Colisión,Bogotá,Call center,21,1,739000,275000,Pagado parcial,0
REC-000087,POL-004683,26/01/2025,2025-02-04,18/05/2025,HOSPITALIZACIÓN,Barranquilla,Call center,4,1,20955000,20689000,Aprobado,1
REC-003963,POL-001029,2024-02-05,2024-02-14,2024-03-16,Medicamentos,Medellín, Oficina ,22,3,6895000,6447000,Aprobado,N
REC-003379,POL-004607,28/10/2021,2021/11/05,2021-11-13,Vidrios,Bogotá,Call center,11,3,3469000,2985000,Aprobado,0
REC-000524,POL-003706,11/02/2022,2022-02-17,2022/04/17,Daño a terceros,Cali,Call center,23,4,3505000,2981000,  Aprobado,0
REC-002455,POL-001157,08/12/2024,10/12/2024,30/12/2024,Robo,Bogotá  ,OFICINA,11,7,5508000,5319000,Autorizado,0
REC-000645,POL-003773,2024-03-13,15/03/2024,2024-03-20,Robo,Cúcuta,  Oficina,8,10,1561000,660000,Pagado parcial,0
REC-002592,POL-008288,2024-05-06,2024-05-08,2024/05/16,Colisión, Bogotá ,Corredor,16,4,3296000,3064000,Aprobado,0
REC-000991,POL-007369,15/05/2024,19/05/2024,2024-05-23,Consulta  especializada,Medellín,Corredor,12,8,1437000,1293000,Aprobado,0
REC-000473,POL-003114,30/05/2023,08/06/2023,2023-06-23,Daño a terceros,  Manizales,Corredor,8,7,4064000,3735000,Aprobado,N
REC-001025,POL-003728,2022-01-30,2022-02-01,08/02/2022,Colisión,Bucaramanga,App,8,5,21713000,14180000,Pagado parcial,0
REC-000177,POL-004619,,2023-07-04,2023/07/15,Cirugía,Bucaramanga,App,16,5,19511000,16613000,Aprobado,0
REC-001790,POL-002678,2022-11-29,30/11/2022,2022-12-04,Robo,bucaramanga,Call center,15,7,13131000,11210000,Aprobado,0
REC-000406,POL-007720,2023/10/31,2023-10-31,2023-11-05,Medicamentos,Bucaramanga,Call center,9,5,5476000,2399000, Pagado parcial ,false
REC-001433,POL-005526,2022-05-02,2022/05/10,01/06/2022,DANOS ELECTRICOS,bogotá,Corredor,14,6,1140000,1069000,Aprobado,false
REC-003909,POL-004004,2024-07-11,2024-07-27,07/08/2024,Colisión,,Call center,23,9,2646000,0,rechazado,0
REC-003008,POL-002800,2023-02-21,2023-02-23,2023-02-25,COLISION,Bogotá,Corredor,9,2,1637000,1570000,Aprobado,0
REC-000698, POL-002937 ,2024-11-12,2024-11-15,INVALID_DATE,Colisión,Medellín,App,8,6,1871000,1597000,Aprobado,0
REC-003864,POL-000726,2024-07-12,2024-07-16,2024-07-21,Medicamentos,Cúcuta,Oficina,18,4,2203000,2031000,Aprobado,0
REC-001324,POL-003979,02/10/2023,05/10/2023,2023-11-17,Consulta especializada,Cali,Corredor,10,2,3263000,3228000,Aprobado  ,SI
REC-003370,POL-003234,2024-12-28,30/12/2024,2025-02-09,Consulta especializada,Bogotá,Call center,18,6,1631000,0,Rechazado,0
REC-002201,POL-006089,10/05/2025,13/05/2025,2025-05-21, Daño a terceros ,Bogotá,Oficina,16,5,6526000,6074000,Aprobado,0
REC-003863,POL-001366,2025-04-21,2025/04/25,30/04/2025,Colisión,bogotá,Oficina,15,6,2858000,2566000,Aprobado,0
REC-002984,pol-002223,2025-01-10,2025-01-10,16/01/2025,Robo,Pereira,Oficina,12,5,4842000,4418000,Aprobado,0
REC-002994,POL-006128,19/09/2023,2023-09-25,2023-09-29,  Cirugía,Manizales,Oficina,14,4,5561000,4875000,Aprobado,0
REC-001590,POL-000311,2025-11-01,2025-11-17,,Daño a terceros,Barranquilla,Call center,13,6,1637000,,En revisión,0
REC-001018,POL-001774,2021/06/14,2021-06-19,2021-08-04,Hospitalización,Bogotá,Call center,11,3,4680000,4043000,APROBADO,0
REC-004265,POL-000275,2025-05-05,2025-05-05,10/05/2025,Cirugía, Barranquilla ,Call center,14,4,3989000,3715000,Aprobado,0
REC-000284,POL-000638,2024/06/24,2024-07-02,2024-07-12,Medicamentos,MEDELLIN,APP,19,5,2633000,2523000,Aprobado,0
REC-000497,POL-003334,2021-10-24,2021-10-26,2021-11-06,Colisión,Cartagena,App,14,7,4807000,0,rechazado,0
REC-001994,POL-004436,2022-03-04,,INVALID_DATE,Colisión,Barranquilla,App,22,5,4399000,1720000,Pagado parcial,0
REC-003556,POL-001375,2023-05-09,09/05/2023,23/05/2023,Robo,Bogota,Oficina,22,7,30400000,13166000,Pagado  parcial,0
REC-001131,POL-006532,2024/11/14,2024/11/24,30/11/2024,Hospitalización  ,Medellín, Corredor ,12,10,2536000,0,Rechazado,0
REC-003269,POL-004044,2025-05-19,2025/05/21,2025-06-01,Cirugía,Barranquilla,corredor,-1,3,859000,833000,Aprobado,0
REC-003232,POL-006656,2025/06/04,2025-06-07,10/06/2025,  Vidrios, Cúcuta ,Oficina,13,7,4431000,4016000,Aprobado,0
REC-001419,POL-002570,2024-06-05,2024-06-16,2024/07/06,Colisión,Barranquilla,App,16,5,4939000,4793000,Aprobado,0
REC-003547,POL-001097,26/02/2024,2024-02-26,2024-03-07,Consulta especializada,Medellín,Corredor,7,7,1121000,985000,Aprobado  ,0
REC-002314,POL-006066,2024-08-09,12/08/2024,,Robo,Bucaramanga,  App,23,5,7028000,6675000,Aprobado,0
REC-003039,POL-005765,2024-06-09,2024-06-09,24/06/2024,colisión,Barranquilla,Call center,19,5,3169000,3110000,Aprobado,0
REC-000857,POL-004637,28/08/2022,2022/08/29,2022/08/31,Consulta especializada,Pereira,Oficina,13,7,4009000,3715000,Aprobado,0
REC-003144,POL-008186,2025-04-15,18/04/2025,16/07/2025,Daños eléctricos,Medellín,Oficina,22,3,4620000,4143000,aprobado,Sí
REC-002098,POL-002592,2023/02/25,2023/03/03,04/04/2023,Cirugía,Barranquilla,call center,14,5,7326000,6461000,aprobado,0
REC-000780,POL-004138,16/11/2024,2024-11-16,21/11/2024,medicamentos,Medellín,  App,12,5,1364000,1166000,Aprobado,0
REC-001453,POL-005163,2025-12-04,2025-12-31,,Daño a terceros,Cúcuta,  Corredor,10,2,,,En revisión,1
REC-003569,POL-005219,2025/01/06,11/01/2025,2025-01-30,Consulta especializada,Cartagena,Oficina,20,8,1088000,1006000,Aprobado,0
REC-000746,POL-008343,05/09/2024,05/09/2024,20/09/2024,Daños eléctricos,Cali,Oficina,11,7,3309000,3292000,Aprobado,0
REC-000317,POL-008035,2021/11/05,,2021-11-16,Medicamentos,Medellín,OFICINA,15,4,4037000,3534000,Aprobado,0
REC-001738,POL-005270,2021-08-03,,07/08/2021,Daño a terceros,Bogotá,Call center,7,6,4731000,4107000,APROBADO,0
REC-004138,POL-004036,2025/11/07,2025-11-13,23/11/2025,Robo,BUCARAMANGA, Call center ,9,3,5512000,4940000,Aprobado,1
REC-000686,POL-006976,2024/07/05,2024-07-11,2024-07-30,Daño a terceros,,Oficina,16,,2599000,2300000,Aprobada,0
REC-001083,POL-005741,01/05/2022,2022/05/02,2022/05/22,Vidrios,Cali,OFICINA,1,6,2037000,1830000,Aprobado,0
REC-003100,POL-005224,2024/05/25,2024-06-04,2024/06/15,  Daño a terceros,CARTAGENA,Corredor,2,6,2104000,1896000,Aprobado,0
REC-000799,POL-006140,04/12/2024,04/12/2024,2024/12/07,Colisión,Medellín,Call center,12,9,669000,615000,Aprobado,0
REC-003614,POL-003055,2023-10-09,2023/10/13,16/10/2023,Inundación,Pereira,  Call center,12,6,1300000,0,Rechazado,0
REC-000642,POL-001116,2025-09-26,2025-10-02,10/11/2025,colisión,Bogota DC,Call center,18,7,7903000,7621000, Aprobado ,0
REC-001328,POL-005116,26/07/2021,29/07/2021,2021/08/03,Colisión,Bogotá,app,20,2,2520000,2340000,APROBADO,0
REC-000299,POL-005658,2025/04/03,2025-04-03,2025-04-14,Colisión,CALI,Call center,10,7,458000,455000,Aprobado,0
REC-001288,POL-007590,2022-06-06,2022-06-06,2022/06/23,Vidrios,,Call center,20,2,10654000,,Pagado parcial,0
REC-001363,POL-004260,2023/05/13,2023-05-17,2023-06-01,Medicamentos,Bogotá,Oficina,12,2,2622000,2233000,Aprobado,0
REC-003333,POL-003557,2025-10-06,06/10/2025,2025-10-23,Hospitalización,  Bogotá D.C.,OFICINA,18,5,20791000,,Aprobado,0
REC-000866,POL-003454,2025-09-14,14/09/2025,,Incendio  ,  Medellín,App,16,6,23825000,,En revisión,0
REC-004020,POL-007144,2025-07-09,2025/07/10,2025-08-11,Daño a terceros,Medellín  ,Call center,12,10,5377000,15525935,Aprobado,N
REC-000964,pol-003117,25/07/2022,25/07/2022,29/07/2022,Daños eléctricos,Bucaramanga  ,Oficina,22,8,1247000,1203000,Aprobado,false
REC-000085,POL-001911,2022-08-29,2022/08/29,2022/08/31,Vidrios  ,Cúcuta,App,7,10,6808000,6317000,Aprobado,No
REC-004231,POL-007788,27/02/2024,2024-02-28,03/03/2024,Inundación  ,Barranquilla,Corredor,20,3,6795000,5834000,aprobado,0
REC-001919,POL-006171,2022-11-20,25/11/2022,2022-12-20,Daño a terceros,Pereira,Call center,22,2,2276000,2236000,Aprobado,0
REC-002460,POL-000279,23/06/2025,2025-06-26,INVALID_DATE,Colisión,Cali,Call center,3,9,3321000,3177000,Aprobado,0
REC-001521,POL-003206,2024-06-30,2024-06-30,2024-07-15,Daño a terceros,Pereira,App,12,5,6536000,6233000,Aprobado,0
REC-001664,POL-002843,01/10/2023,2023-10-06,2023-10-22,Medicamentos,Cali  ,Call center,17,4,783000,765000,Aprobado,0
REC-000415,POL-001192,2024-09-11,2024-09-11,2024-09-29,Vidrios,Bucaramanga,App,9,3,1467000,1316000, Aprobado ,0
REC-002405,POL-000678,2025-05-25,25/05/2025,01/06/2025,Robo,Medellín,Oficina,18,6,13153000,,Aprobado,0
REC-000180,POL-002493,01/06/2025,2025-06-06,30/07/2025,Colisión  ,BOGOTÁ,Corredor,19,7,2992000,0,Rechazado,0
REC-002996,POL-006489,2025/04/15,2025-04-20,25/05/2025,Hospitalización,Bogotá,Corredor,10,5,0,5293000,Aprobado,0
REC-003168,POL-008318,2024/06/26,01/08/2025,2025-08-09,Incapacidad,Medellin,Call center,15,1,73456000,45668000,Pagado  parcial,No
REC-000109,POL-005131,04/02/2024,2024-02-11,2024/02/22,Vidrios,Medellín,App,8,4,3710000,3646000,Aprobado,0
REC-002086,POL-006673,23/08/2025,25/08/2025,2025-09-08,Hospitalización,Bogotá,App,15,8,8293000,4790000,Pagado parcial,0
REC-003135,POL-007548,2024-11-29,29/11/2024,01/12/2024,Daño a terceros,Cali,Call center,15,5,2872000,2544000,Aprobado,0
REC-003880,POL-005297,2025-07-07,,15/07/2025,CONSULTA ESPECIALIZADA,Santa Marta,Call center,3,4,2223000,1966000,Aprobado,0
REC-003744,POL-004878,10/01/2023,2023-02-09,2023-02-16,Hospitalización,Medellín,App,15,7,1255000,703000,Pagado parcial,0
REC-003191,POL-006496,2022/03/02,06/03/2022,2022-03-20,Medicamentos,Bucaramanga,Corredor,16,9,2147000,0,Rechazado,0
REC-000575,POL-008087,27/04/2024,2024-04-28,2024-05-05,Incendio,CARTAGENA,OFICINA,17,7,35732000,30699000,Aprobada,0
REC-000790,POL-008152,2025-09-04,2025/09/11,2025-09-30,Robo,Bogotá  ,Oficina,13,9,13450000,13212000,Aprobado,0
REC-001577,POL-005140,05/07/2022,2022-07-08,2022/07/12,Medicamentos,BOGOTA,  App,16,6,3542000,3353000,Aprobado,0
REC-003022,POL-004814,26/11/2025,2025-12-01,2025-12-12,Daño a terceros,BOGOTA,OFICINA,20,10,6946000,0,Rechazado,0
REC-003256,POL-003060,2025/01/27,2025-01-27,2025-02-24,Cirugía,Manizales,Call center,11,4,7638000,3842000,Pagado parcial,0
REC-002323,POL-001406,2025-06-30,2025/07/05,2025-07-08,Robo,Barranquilla,App,14,10,2718000,2717000,APROBADO,NO
REC-003528,POL-006173,2024/12/22,2024-12-27,04/01/2025,Cirugía,Bogotá,Oficina,20,7,5868000,2525000,Pagado parcial,0
REC-001349,POL-000268,2023/09/21,2023/09/21,2023-09-24,Daños eléctricos,Pereira,Oficina,11,7,14305000,0,Rechazado,0
REC-002786,POL-007976,22/11/2025,2025-11-25,2025/11/29,Cirugía,Bogotá,Oficina,15,4,14306000,5135000,pagado parcial,N
REC-000652,POL-001955,2025/04/28,2025-05-02,2025-05-12,Medicamentos,Bogotá,Oficina,10,1,2383000,2268000,APROBADO,0
REC-002675,POL-000555,2023-10-13,13/10/2023,2023-10-31,Vidrios,Cúcuta,Call center,16,2,6153000,5323000,Aprobado,0
REC-002846,POL-001434,2025-09-22,,,Vidrios,Barranquilla,App,9,4,5889000,,En revisión,0
REC-000038,POL-007775,03/06/2023,2023/06/05,2023-06-23,Robo,Manizales,App,22,2,32248000,30447000,Aprobado,1
REC-002784,POL-005880,2025/09/10,13/09/2025,,Colisión,Cali,App,16,7,919000,,En revisión,0
REC-002287,POL-000863,06/12/2022,2022/12/09,20/12/2022,Cirugía,Barranquilla,Call center,13,4,4144000,1737000,Pagado parcial,0
REC-001226,POL-005096,2024-12-24,2024-12-27,22/01/2025, Vidrios ,Bogotá,App,15,9,3031000,0,Rechazado  ,0
REC-002292,POL-008036,2022/01/06,2022-01-07,2022/01/15,Incapacidad,Cartagena,App,19,4,69997000,44141000,Pagado  parcial,0
REC-000219,POL-005663,2023-10-18,26/10/2023,05/01/2024,  Inundación, Bogotá ,Corredor,22,3,6020000,5183000,  Autorizado,1
REC-000744,POL-001565,2025-03-17,26/03/2025,2025-04-07,Medicamentos,Cali,Oficina,11,7,1837000,1771000,Aprobado,0
REC-002632,POL-007265,2023-02-17,2023-03-18,2023/06/21,ROBO,Cali,App,20,2,71250000,64895000,Aprobado,1
REC-000460,POL-006039,25/11/2025,2025/11/28,03/12/2025,Daños  eléctricos,medellín,Call center,13,7,6370000,6198000,Aprobado,0
REC-000374,POL-007044,2023-10-04,2023/10/04,2023-10-27,Colisión,Cúcuta  ,Call center,16,5,3560000,2127000,Pagado parcial,0
REC-001760,POL-000855,2024-01-27,2024-02-02,2024-02-04,Consulta especializada,Medellín,CALL CENTER,16,3,4276000,1735000,Pagado parcial,0
REC-000125,POL-002789,2023-11-19,,2023/12/17,Robo,Bogota,App  ,11,9,47142000,44980000,Aprobado,0
REC-001515,POL-007976,2025/08/18,2025-08-18,23/08/2025,consulta especializada,Bogotá,Oficina,11,2,1828000,1693000,Aprobado  ,0
REC-001114,POL-006716,2024-05-29,2024-05-30,13/06/2024,Consulta especializada,Medellín,Call center,18,4,3164000,2960000,Aprobado,0
REC-002061,POL-002761,2025-02-01,2025/02/04,2025-02-07,Hospitalización,MEDELLIN,  Call center,18,5,1834000,1730000,Aprobada,0
REC-002420,POL-008262,06/09/2024,08/09/2024,2024/09/14,Consulta especializada,Santa Marta,app,15,6,1127000,1099000,Aprobado,0
REC-003636,POL-002416,2024/03/18,2024-04-06,INVALID_DATE,Robo,Bogotá,Corredor,11,10,19950000,18653000,Aprobado,0
REC-001762,POL-001265,2025-10-05,2025-10-05,2025-10-10,Robo,Medellín,App,11,3,68127000,66916000,Aprobado,0
REC-003155,POL-006415,24/11/2025,25/11/2025,12/12/2025,Medicamentos,Barranquilla,Corredor,13,2,0,3598000,Pagado parcial,0
REC-002949,POL-002399,2023-11-01,2023-11-07,2023/11/27,Daño a terceros,Cali,Oficina,13,6,1004000,974000,Aprobado,0
REC-000009,POL-002554,2025/05/10,2025-05-16,18/05/2025,Colisión,Barranquilla,Oficina,19,5,322000,0,Rechazado,0
REC-001188,POL-001803,2024-09-05,2024/09/23,2024-11-19,Robo,Cali,Corredor,10,1,107090000,92121000,Aprobado,1
REC-003484,POL-008308,2025-06-16,,2025-07-14,Colisión,Medellín,  Call center,9,8,5667000,5637000,Aprobado,No
REC-001653,POL-005007,2024/05/13,15/05/2024,2024-05-19,Colisión,CÚCUTA,Oficina,17,10,7755000,6659000,Aprobado,0
REC-003621,POL-007131,2025-07-08,08/07/2025,2025-07-20,CIRUGIA,Cúcuta,Call center,12,8,3216000,3079000,Aprobado,0
REC-000812,POL-005917,10/10/2025,11/10/2025,2025-11-14,Consulta especializada,Bogotá,Call center,16,7,5051000,4689000,Aprobado,0
REC-001939,POL-004077,03/07/2025,2025-07-04,2025/07/09,Colisión,Bogotá,App,14,1,2808000,0,Rechazado,0
REC-000794,POL-001738,27/12/2022,,2023/01/06,medicamentos,Bogotá,App,15,4,1541000,1457000,Aprobado,0
REC-000099,POL-003565,2023/08/11,2023/08/11,09/09/2023,Colisión,Cartagena,Call center,19,4,2708000,2627000,Aprobado,0
REC-003106,POL-007553,2021-02-27,01/03/2021,09/04/2021,Enfermedad grave,B/manga,App,22,4,128653000,116069000,Aprobado,1
REC-000741,POL-003848,20/09/2024,21/09/2024,2024-11-27,Inundación,Medellín,Call center,5,1,2302000,0,Rechazada,1
REC-000124,POL-000665,2025-01-19,2025-01-20,22/01/2025, Colisión ,Bogotá,Call center,22,6,3999000,2204000,Pagado parcial,0
REC-001974,POL-000186,2024-03-26,INVALID_DATE,2024/04/11,Daño a terceros,Bogotá,App,17,8,1417000,972000,Pagado parcial,0
REC-002312,POL-004205,2021-11-26,2021-11-30,2021-12-07,Consulta especializada,MEDELLÍN,Call center,14,6,2296000,2242000,Aprobado,0
REC-002376,POL-005663,INVALID_DATE,2024-03-18,,Robo,Bogotá,Oficina,19,4,11394000,6918000,Pagado parcial,0
REC-001498,POL-003242,2023/03/02,2023-03-04,2023-03-31,Colisión,medellín,App,10,8,7162000,6526000,Aprobado,0
REC-001493,POL-000391,2025-06-05,10/06/2025,2025/06/18,Consulta especializada, Bogotá ,App,19,3,6078000,0, Rechazado ,0
REC-001861,POL-004726,09/12/2023,,2023/12/29,Robo,Bogotá,Corredor,23,3,4978000,4734000,APROBADO,0
REC-000562,POL-005656,2025-03-04,2025-03-04,11/03/2025,DANO A TERCEROS,Cali,Call center,18,4,999000,953000,Aprobado,0
REC-002716,POL-007396,13/08/2025,2025/08/27,2025-09-01,Daños eléctricos,,App,18,3,2986000,2678000,Aprobado,0
REC-003640,POL-002705,28/04/2023,2023-05-03,2023-05-06,INUNDACION,Bogotá,App,7,5,3221000,2798000,Aprobado,0
REC-000169,POL-005634,2024-04-10,2024-04-21,26/05/2024,Medicamentos,Pereira,Call center,23,3,601000,559000,Aprobado,0
REC-002478,POL-008202,2023-05-18,21/06/2023,11/07/2023,Hospitalización,Cali,Corredor,2,2,35257000,33200000,Aprobado,1
REC-003816,POL-006467,2025-01-29,31/01/2025,2025-02-02,Vidrios,BOGOTA,Corredor,9,10,2305000,989000,Pagado parcial,0
REC-002872,POL-007234,2025/01/12,2025-01-12,17/01/2025,Vidrios,,CALL CENTER,12,6,6427000,5755000,Aprobado,0
REC-002543,POL-001951,13/01/2022,2022-01-15,19/01/2022,Daño a terceros,Medellín,App,8,,4278000,3795000,Aprobado,0
REC-003991,POL-002293,26/07/2025,2025/07/31,2025-08-11,MEDICAMENTOS,Bogota,Oficina,17,10,1349000,0,Rechazado  ,0
REC-003628,POL-005730,18/05/2025,2025-05-20,2025-05-24,Cirugía, Cali ,Oficina,11,5,4463000,0,Rechazado,0
REC-001797,POL-003099,11/03/2024,14/03/2024,2024-03-16,Consulta especializada,Cali,Oficina,23,5,3983000,3854000,Aprobado,0
REC-001271,POL-000278,2022/03/22,28/03/2022,2022-04-08,CONSULTA ESPECIALIZADA,CARTAGENA,App,17,7,1547000,1316000,Aprobado,0
REC-000795,POL-004882,20/03/2025,2025-03-31,28/06/2025,Daños eléctricos,Medellín,Corredor,16,1,14345000,14191000,Aprobado,1
REC-000225,POL-006540,2024/05/03,2024-05-06,2024/05/28,MEDICAMENTOS,Bucaramanga,App,16,1,1713000,0,Rechazado,0
REC-001816,POL-004438,13/07/2024,2024/07/16,2024/07/26,Medicamentos,Pereira, App ,10,6,4672000,0,Rechazado,0
REC-003258,POL-000710,25/02/2023,04/03/2023,09/03/2023,Colisión,Barranquilla  ,App,10,3,1336000,1143000,Aprobado,N
REC-001117,POL-007671,21/03/2023,21/03/2023,2023-03-27,HOSPITALIZACIÓN,Bogotá,Oficina,13,4,1518000,1469000,Aprobado,0
REC-002545,POL-006946,2025/01/18,2025-01-19,2025/01/21,Hospitalización,barranquilla,Oficina,21,5,6926000,6554000,Aprobado,0
REC-001191,POL-004703,2024/01/16,2024-01-17,2024-01-27,Daño a terceros,Manizales,Corredor,20,1,15366000,13678000,Aprobado,1
REC-001315,POL-004074,12/01/2025,16/01/2025,2025-01-24,Consulta especializada,bogotá,Oficina  ,19,9,1147000,1017000,Aprobado,0
REC-002601,POL-002880,2021-10-02,2021/10/05,01/12/2021,Inundación,Cali,Oficina,15,5,11744000,11682000,  Aprobado,0
REC-003601,POL-001427,2025-07-14,2025/07/14,2025-09-01,Daño a terceros,Pereira,App,21,6,3006000,2665000,Aprobado,0
REC-002868,POL-001125,16/01/2024,2024-01-17,2024-01-27,Cirugía,Bucaramanga  , Oficina ,18,4,18312000,18041000,Aprobado,0
REC-002220,POL-003216,2023-12-30,2023/12/31,2024-01-05,Colisión,Cúcuta,App,21,4,5918000,5230000,Aprobado,0
REC-001367,POL-006072,2025-02-22,2025/02/22,2025-02-28,Medicamentos,Cali,Corredor,13,4,3222000,3011000,Aprobado,0
REC-001593,POL-006150,2024-09-12,12/09/2024,2024-09-15,MEDICAMENTOS,Medellín,App,15,8,2182000,0,Rechazado,0
REC-001793,POL-005126,2022/08/19,2022-08-22,2022-08-26,Robo,Bogotá,Call center,18,8,51300000,31612000,Pagado parcial,0
REC-001279,POL-002892,25/06/2024,,2024-07-25,Medicamentos,Bogotá,Corredor,11,,3901000,3610000,Aprobado,No
REC-002427,POL-007285,2022/12/21,2023-01-01,2023/01/08,Consulta especializada,Medellín,Call center,17,7,11433000,,Rechazado,0
REC-001219,POL-007718,21/07/2022,2022/07/24,30/07/2022,Inundación,Cúcuta,Corredor,17,7,2203000,2192000,Aprobado,0
REC-003974,POL-005289,2025/05/12,2025-05-14,2025-06-06,Daños eléctricos,Cali, Corredor ,13,5,1137000,1052000,Aprobado,0
REC-000585,POL-007644,2021-10-30,2021-11-06,12/11/2021,  Colisión,Medellín,Call center,13,6,5033000,0,Rechazado,0
REC-000513,POL-001467,2025-04-05,09/04/2025,2025-04-13,CONSULTA ESPECIALIZADA,  Bogotá,Call center,4,4,1228000,1074000,Aprobado,0
REC-000220,POL-000733,2023/12/05,19/12/2023,2024-01-20,CONSULTA ESPECIALIZADA,Medellín,CALL CENTER,20,,2680000,1696000,Pagado parcial,0
REC-003329,POL-003136,2022/06/06,2022-06-06,2022-06-13,CONSULTA ESPECIALIZADA,  Cali,App,13,3,1164000,1133000,Aprobado,0
REC-002327,POL-002503,2023-09-09,2023-09-17,24/09/2023,Colisión,,App,23,8,4116000,3780000,Aprobado,0
REC-001088,POL-003458,2022/08/23,2022/08/24,27/08/2022,Consulta especializada,Medellín (Antioquia), Oficina ,7,9,2300000,2234000,aprobado,0
REC-000828,POL-000322,15/05/2022,2022-05-20,07/06/2022,Consulta especializada,Cali,App,15,2,2763000,2658000,Aprobado,0
REC-001573, POL-006818 ,12/10/2022,2022-10-12,2022-10-15,Consulta especializada,Bogota,Oficina,11,5,6898000,6303000,Aprobado,0
REC-003327,POL-002488,2025/02/27,2025/03/07,2025/03/20,Incendio,Manizales,OFICINA,9,4,45060000,0,  Rechazado,0
REC-002275,POL-003961,2025/06/19,28/06/2025,2025-07-09,Colisión, Medellín ,Call center,13,0,4237000,4045000,Aprobado  ,1
REC-003646,POL-007067,22/08/2023,23/08/2023,2023/08/31,vidrios,CALI,App,10,5,1096000,951000, Aprobado ,0
REC-001058,POL-004127,22/10/2025,2025-10-26,2025/11/01,Consulta especializada,Medellín,Corredor,12,7,4842000,2947000,PAGADO PARCIAL,0
REC-003149,POL-003485,08/03/2024,2024/03/08,2024-03-16,VIDRIOS, Barranquilla ,Call center,18,8,7103000,6358000,  Aprobado,0
REC-003302,POL-005490,10/05/2025,10/05/2025,2025/05/16,Robo,Bogotá,Oficina,9,3,11538000,11183000,Aprobado,0
REC-000727,POL-002237,2024/02/10,11/02/2024,2024-02-23,  Consulta especializada,Barranquilla,Call center,15,4,803000,695000,Aprobado,0
REC-001463,POL-004175,02/11/2024,2024/11/04,14/11/2024,Hospitalización,Bogotá  ,Corredor,13,5,6504000,5561000,Aprobado  ,0
REC-001597,POL-000968,2024/03/02,09/03/2024,2024-04-17,Cirugía,Barranquilla,Call center,5,4,20227000,17984000,Aprobado  ,1
REC-000016,POL-002454,2024-05-27,2024-06-02,2024-06-23,  Incapacidad,Cartagena,Corredor,18,4,101836000,99674000,Aprobado,0
REC-000826,POL-007391,13/11/2021,2022/02/05,04/03/2022,Robo,Medellín,Call center,3,3,18072000,12219000,Pagado parcial,1
REC-002426,POL-007258,,2024-09-07,2024-09-15,Medicamentos,Bogotá,APP,16,5,720000,0,Rechazado,0
REC-001360,POL-004662,2022-08-14,2022/08/14,20/08/2022,Vidrios,Medellín,Oficina,15,4,3868000,0,Rechazado,0
REC-002495,POL-003434,06/03/2025,2025-03-10,2025-03-27,Robo,Bucaramanga,Corredor,6,10,23363000,23105000,Aprobado,0
REC-003582,POL-001154,04/03/2025,2025-03-04,2025-04-02,Inundación,CALI,Corredor,15,5,1000000,877000,Aprobado,N
REC-000118,POL-002026,2024/07/14,2024-07-16,,Robo,Bogotá,Call center,13,10,24652000,21829000,  Aprobado,0
REC-004128,POL-002453,2023-02-14,2023-02-17,2023-02-23,Daños eléctricos  ,Bogotá,Oficina,12,2,3788000,3718000,Aprobado,N
REC-002968,POL-004517,2023-11-27,2023/11/27,2023/12/12,Robo,Medellín,Oficina,11,3,12647000,6654000,Pagado parcial,0
REC-004201,POL-008120,15/05/2025,17/05/2025,2025/05/20,Colisión,Pereira,App,12,6,2969000,2800000,Aprobado,NO
REC-000659,POL-005619,22/06/2023,2023-06-30,2023-07-10,Hospitalización,Cali,Oficina,19,8,6094000,5811000,Aprobado,0
REC-000619,POL-007136,2024-07-20,2024-07-26,28/07/2024,Hospitalizacion,,Call center,8,7,2210000,2052000,Aprobado,0
REC-000469,POL-007273,21/07/2025,INVALID_DATE,2025-07-25,Robo,Cartagena,app,6,3,37050000,22457000,Pagado parcial,0
REC-001295,POL-001064,05/07/2025,06/07/2025,2025-07-23,Inundación,Bogotá  ,App,23,5,5939000,0, Rechazado ,0
REC-000988,POL-004251,2021-03-08,2021-03-08,16/03/2021,Consulta especializada,Medellín,Call center,14,6,3771000,3675000,Aprobado,0
REC-000261,POL-001132,13/09/2022,2022-09-27,2022/10/10,Vidrios,  Bogotá,Oficina,12,8,8003000,7461000,Aprobado,0
REC-003211,POL-006578,2024/12/14,15/12/2024,19/12/2024,Colisión,barranquilla,App,12,6,1078000,1053000,Aprobado,0
REC-001898,POL-004641,15/01/2025,2025-01-15,2025/01/18,Colisión,Cali,App,11,1,8343000,7767000,Aprobado,0
REC-002407,POL-007429,2025-02-15,16/02/2025,2025/03/13,Incapacidad  ,Pereira,App,9,5,23819000,22595000,APROBADO,0
REC-003366,POL-007292,11/05/2025,2025-05-17,2025-05-21,Consulta especializada, Pereira ,Corredor,22,1,808000,760000,APROBADO,0
REC-000516,POL-006593,2025-03-18,09/04/2025,13/05/2025,Inundación,  Bogotá,App,12,1,18012000,17565000,aprobado,1
REC-000873,POL-007727,2025/09/26,2025/09/26,23/10/2025,Consulta especializada,MEDELLÍN,App  ,16,6,902000,875000,APROBADO,0
REC-002934,POL-004175,2024-12-21,2024-12-22,2024-12-30,Consulta  especializada,Bogotá,Call center,14,5,3588000,3176000,APROBADO,0
REC-002838,POL-004415,2023-04-17,2023-04-17,2023-05-05,  Daño a terceros,Cartagena de Indias,Corredor,15,3,4436000,4351000,Aprobado,0
REC-003520,POL-000792,02/10/2024,07/10/2024,2024/10/12,Hospitalización,BOGOTA,Call center,18,3,4716000,4227000,Aprobado,0
REC-002965,POL-004278,2022-11-28,2022-11-28,2022-12-02,Colision,Bogotá,App,15,5,1184000,1019000,APROBADO,0
REC-003612,POL-002572,2023-07-03,04/07/2023,2023-07-13,Medicamentos,Bogotá,Oficina,9,7,3575000,3488000,Aprobado,0
REC-000531,POL-001897,2024-01-07,2024-01-07,2024-01-14,Hospitalización,Bogotá,Oficina,14,7,,1927000,Aprobado,0
REC-004156,POL-007626,INVALID_DATE,,2023-05-02,Consulta especializada,Medellín,App,11,4,1116000,1022000,Aprobado,0
REC-003079,POL-001348,2024-01-01,2024/01/01,15/01/2024,Incapacidad,Bogotá,Call center,17,3,62169000,54931000,Aprobado,0
REC-001576, POL-004846 ,2024-06-19,2024/06/28,2024-07-04,Incapacidad,MEDELLIN,Oficina,12,8,27595000,27278000,Aprobado,No
REC-003544,POL-007042,2023-04-05,10/04/2023,2023/04/13,Consulta especializada, Bucaramanga ,Oficina,16,4,831000,0,Rechazado,0
REC-000255,POL-003458,2022-04-18,2022/04/20,2022/04/23,Cirugía,MEDELLIN,Call center,21,4,5499000,0,Rechazado,0
REC-001616,POL-003452,2022-04-08,2022/04/14,2022-04-19,Robo,Bogotá,App,14,6,19498000,16661000,Aprobado,0
REC-000040,POL-002868,2021-09-19,2021-09-20,25/09/2021,Medicamentos,Cali,Call center,12,8,2800000,1626000,Pagado parcial,0
REC-001513,POL-007677,2023/06/30,2023-07-02,2023-07-19,Consulta especializada,Cartagena,Oficina,20,6,6765000,0,Rechazado,0
REC-003868,POL-002883,2024-09-08,2024/09/09,2024-09-22,Robo,Medellín,Call center,15,8,10363000,9402000,Aprobado,0
REC-003431,POL-000986,19/09/2024,21/09/2024,2024/10/07,ROBO,CUCUTA,  Call center,13,8,,22764000,Aprobado,0
REC-002943,POL-006560,2025-07-21,23/07/2025,2025/09/14,Daño a terceros,Bogotá,Corredor,14,0,5948000,5371000,Aprobado,1
REC-004103,POL-002779,2023-12-20,2023/12/23,2023-12-28,Medicamentos,cartagena,App,12,5,3111000,2826000,Aprobado,0
REC-003076,POL-006188,2024/05/18,15/06/2024,INVALID_DATE,Consulta especializada,Medellín,Oficina,21,1,7798000,0,RECHAZADO,1
REC-001841,POL-008226,2025-10-18,2025-10-19,2025-10-21,Vidrios,Bogotá,Call center,20,7,4403000,3795000,APROBADO,NO
REC-003815,POL-005202,2023/09/29,2023-09-30,12/10/2023,Colisión,Bogotá,Call center,15,3,1926000,1844000,Aprobado,0
REC-001566,POL-002812,2025-08-08,2025-08-09,2025-08-28,Inundación,Medellín,App,14,5,2888000,1841000,Pagado parcial,0
REC-001754,POL-002326,2022-03-30,2022-05-26,30/06/2022,Robo,Bogota,Call center,23,1,10906000,0,RECHAZADO,1
REC-000997,POL-000784,2024-01-29,05/02/2024,24/02/2024,  Colisión,Bogotá,CORREDOR,5,7,5403000,4956000,Aprobado,0
REC-001777,POL-002056,01/10/2025,04/10/2025,07/10/2025,Robo,Medellín,Corredor,14,6,38950000,34442000,  Aprobado,0
REC-001308,POL-003228,2025-07-27,27/07/2025,2025-08-20,Medicamentos,Cali,Call center,14,8,7895000,7783000,Aprobado  ,0
REC-003190,POL-004477,2024-06-03,2024/06/07,2024-06-10,Daño a terceros,Medellín,App,20,10,9892000,8746000,Aprobado,0
REC-004191,POL-008121,12/12/2022,14/12/2022,2023-01-09,Daño a terceros,Bogotá,Corredor,18,10,1631000,1567000,Aprobado,0
REC-004164,POL-008136,2022/01/09,2022/01/25,2022-02-01,Colisión,cartagena,Corredor,16,9,1854000,1232000,Pagado parcial,0
REC-003237,POL-006144,2022-03-26,2022-03-29,2022-04-12, Vidrios ,Pereira,App,9,6,1980000,1718000,APROBADO,0
REC-001829,POL-003789,2025-10-23,2025-10-25,,Daños eléctricos,Cartagena, Corredor ,11,5,2823000,,En revisión,0
REC-004119,POL-003749,2024-12-31,2024-12-31,02/01/2025,Vidrios,Bogotá,App,19,7,2228000,2138000,Aprobado,0
REC-000555,POL-005749,2025-10-22,2025-10-23,,Colision,PEREIRA,App,10,,12556000,,En revisión,0
REC-000655,POL-003312,2025-09-28,2025-09-28,,Hospitalizacion,CALI,App,15,5,4403000,,En revisión,0
REC-001655,POL-005331,2023-09-10,2023/09/12,2023-12-21,Hospitalización,Bogotá,App,11,7,38126000,36572000,Aprobado,0
REC-003504,POL-003717,2024/12/25,2024-12-29,31/12/2024,Robo,  Medellín,App,20,3,39794000,18093000,Pagado parcial,0
REC-002854,POL-006436,2021-06-10,12/06/2021,14/06/2021,Vidrios,Cali  ,Corredor,19,9,6851000,6804000,Aprobado,0
REC-000036,POL-005614,2024-11-25,2024-12-04,2024-12-08,Hospitalización,bogotá,Oficina,15,6,6864000,6558000,Aprobado,0
REC-000950,POL-008365,09/07/2022,2022-08-08,2022-09-16,consulta especializada,Medellin,App,0,5,9845000,0,Rechazado,1
REC-001692,POL-007710,2025-05-04,2025/05/04,2025/06/23, Hospitalización ,Bucaramanga,App,5,6,1005000,962000,Aprobado,0
REC-002177,POL-002010,2024-06-16,2024-08-03,2024/09/03,Consulta especializada,Medellín,Oficina,16,2,2901000,2494000,Aprobado,1
REC-001604,POL-004937,2023-07-20,2023/08/24,01/10/2023,Enfermedad grave,Medellín (Antioquia),APP,16,4,203390000,0,Rechazado,1
REC-003419,POL-006381,04/12/2025,05/12/2025,,Incendio,Medellín,App,11,,29152000,,Pendiente,0
REC-004299,POL-003730,2025-04-07,2025/04/07,2025-04-23,CIRUGÍA,BOGOTÁ,Call center,11,5,8961000,8944000,Aprobado,0
REC-001527,POL-004163,2024-09-15,2024-09-15,2024-09-29,Consulta especializada,bucaramanga,Oficina,18,4,5088000,0,Rechazado,0
REC-002990,POL-003472,2025-09-16,19/09/2025,,Consulta especializada,Cali,APP,18,,486000,,En revisión,0
REC-003875,POL-007877,2025-04-02,2025-04-02,11/04/2025,Vidrios,Bogotá,Oficina,9,1,4245000,0,Rechazado,0
REC-000476,POL-000117,2025-11-01,2025/11/01,09/11/2025,Daño a terceros,Medellín,Corredor,12,6,2072000,1875000,APROBADO,0
REC-002656,POL-005147,2023/05/13,2023-05-13,15/05/2023,Daños eléctricos,Barranquilla,App,23,7,5798000,5795000,Aprobado,0
REC-002468,POL-008237,2024-11-03,03/11/2024,2024/12/18,Daño a terceros,Santa Marta,CORREDOR,23,5,7153000,4742000,Pagado parcial,false
REC-001984,POL-007812,2023-08-18,2023-08-20,2023-08-27,Medicamentos,SANTA MARTA,Call center,15,2,6879000,5985000,APROBADO,0
REC-001429,POL-002237,INVALID_DATE,26/06/2023,08/07/2023,Consulta especializada,Barranquilla,Call center,12,3,5571000,5552000,aprobado,0
REC-002069,POL-003440,2025-05-12,14/05/2025,2025-06-08,Vidrios,Bogotá,Corredor,16,3,1164000,,Aprobado,0
REC-004062,POL-005939,30/07/2021,2021-08-06,14/08/2021,Daño a terceros,Bogotá,App,16,7,4945000,3183000,Pagado parcial,0
REC-003206,POL-000229,INVALID_DATE,22/08/2025,2025/10/23,Colisión,Bogotá,Oficina,10,0,5366000,0,Rechazado,1
REC-000656,POL-004349,2021/09/08,2021-09-11,19/09/2021,Colisión,Medellín (Antioquia),Call center,15,4,1031000,977000,aprobado,0
REC-000700,POL-005828,2023-04-07,2023-04-07,2023-04-16,Robo,Barranquilla  ,App,12,5,6248000,5611000,Aprobado,0
REC-002590,POL-001279,16/12/2024,2024-12-29,2025-01-07,Daño a terceros,Cartagena,App,17,4,1650000,1644000,  Aprobado,0
REC-000404,POL-000080,2023/04/19,2023-04-24,2023-05-08,Hospitalización,BOGOTA DC,App,19,4,2823000,2419000,Aprobado,0
REC-003417,POL-007177,2024-03-18,2024/03/22,,Colisión,  Cúcuta,Call center,11,6,1091000,993000,Aprobado,0
REC-003653,POL-008283,01/04/2025,2025-04-02,2025-04-07,Hospitalización, Bogotá ,Call center,12,,9248000,5692000,Pagado parcial,0
REC-002221,POL-003151,2023-07-09,11/07/2023,2023-07-31,Medicamentos,Santa  Marta,corredor,14,8,2291000,0,Rechazado,0
REC-001941,POL-003179,INVALID_DATE,2025-10-08,2025-10-28,Consulta especializada,B/quilla,Corredor,7,2,4536000,4130000,aprobado,0
REC-002897,POL-000761,2022/01/21,24/01/2022,2022-02-13,Colisión,Barranquilla,App,14,3,8632000,8021000,Aprobada,0
REC-001462,POL-002543,INVALID_DATE,05/10/2024,10/10/2024,Robo,Medellín,Oficina,7,10,9068000,0,Rechazado,NO
REC-003219,POL-002268,2023-02-15,17/02/2023,2023-03-10,Daño a terceros,Cartagena,App,8,8,3664000,3306000,Aprobado,0
REC-000971,POL-002723,INVALID_DATE,2022-01-30,2022/02/09,Daño a terceros,Cúcuta,Oficina,14,2,15173000,13612000,Aprobado,0
REC-002820,POL-007914,2022/06/20,2022/07/05,2022-07-10,Hospitalización,Bogotá,Corredor,12,10,4216000,0,Rechazada,0
REC-000587,POL-004750,2024/07/01,2024-07-01,10/07/2024,Daños eléctricos,Bogotá,Call center,16,7,5924000,5823000,  Aprobado,0
REC-001781,POL-008158,2024/08/10,12/08/2024,2024-08-18,Consulta  especializada,Medellín,Call center,14,6,1347000,1321000,Aprobado,0
REC-002523,POL-004917,29/11/2023,30/11/2023,2023-12-14,Daños  eléctricos,Bogotá,Oficina,16,8,4849000,4414000,Aprobado,0
REC-001339,POL-005661,2024-04-08,2024-04-13,2024-04-19,ROBO,Medellín,Call center,21,5,12632000,11202000,Aprobado,0
REC-003803,POL-003115,2024/01/26,2024-01-27,2024-03-09,Colisión,Cali,App,19,2,194900000,0,Rechazado  ,1
REC-000660,POL-001768,2024/09/18,22/09/2024,2024-10-02,Consulta especializada,  Cúcuta,Call center,12,7,955000,824000,Aprobado,0
REC-001556,POL-003694,31/12/2024,2024-12-31,INVALID_DATE,Enfermedad grave,BOGOTÁ,App,17,7,225150000,114636000,Pagado parcial,false
REC-002013,POL-005688,2021-07-17,2021-07-20,2021-07-27,Medicamentos,Bogotá,App,11,5,1386000,1380000, Aprobado ,NO
REC-001041,POL-002718,2025/08/07,2025-08-08,2025-08-23,Robo,Bogota,Oficina,11,10,8358000,8337000,  Aprobado,0
REC-002657,POL-004936,15/11/2024,2024-11-16,23/11/2024,Inundación,Bogotá,Call center,17,5,1468000,1283000,Aprobado,0
REC-000543,POL-001824,2024-10-21,2024-11-01,2024-11-07,Colision,Barranquilla,Call center,11,7,7077000,4225000,Pagado parcial,0
REC-002848,POL-003669,09/05/2025,17/05/2025,2025-06-07,Daño a terceros,Bogota,Call center,9,5,4494000,4027000,Aprobado,0
REC-002983,POL-007730,2023/01/25,30/01/2023,18/02/2023,Consulta especializada,Medellín,Call center,14,3,2396000,2241000,Aprobado,0
REC-002249,POL-001550,20/04/2024,2024/04/22,2024-04-25,Medicamentos, Pereira ,Oficina,15,6,1561000,1464000,Aprobada,0
REC-002028,POL-001711,2025-09-09,2025-09-09,,Vidrios,Cartagena,App,11,4,4094000,,  En revisión,No
REC-000054,POL-004815,01/03/2024,,2024-03-24,Colisión,Medellín,Call center,18,6,1387000,1319000,Aprobado,0
REC-000366,POL-006743,2025/07/03,,24/07/2025, Colisión ,  Bogotá,Oficina,14,5,7070000,6549000,Aprobado,0
REC-002903,POL-003699,2023/04/08,2023-04-09,15/04/2023,Medicamentos,BOGOTA,Oficina,17,8,1660000,1599000,APROBADO,0
REC-003498,POL-005205,2024/01/14,15/01/2024,17/01/2024,Robo,Cali,Oficina,10,1,3872000,3522000,Aprobado,0
REC-003578,POL-007415,INVALID_DATE,2021-11-09,13/11/2021,Consulta especializada, Manizales ,App,11,1,2941000,2748000,Aprobado,0
REC-000546,POL-004484,28/12/2024,2024-12-28,03/01/2025,Colisión,Bogotá,App,15,,6264000,0,Rechazado,0
REC-000019,POL-006473,,,2023/11/16,COLISION,Bogotá,Oficina,10,6,2621000,2543000,Aprobado,No
REC-000018,POL-006644,2022/10/21,2022/10/23,2022/10/26,Vidrios,Medellín,App,19,4,3326000,0,Rechazado,0
REC-003072,POL-002225,12/05/2024,2024-05-13,2024/06/09,  Medicamentos,Bogotá,App,16,8,2887000,1709000,Pagado parcial,0
REC-002217,POL-007402,04/02/2022,2022-02-11,08/03/2022,Cirugía,Cúcuta,App,23,2,23465000,0,Rechazado,1
REC-001720,POL-000046,2021/10/28,2021/10/30,2022-04-14,Daño a terceros,medellín,Oficina,4,0,3324000,0,RECHAZADO,1
REC-003550,POL-001511,2022-10-01,2022-10-01,2022/10/22,Colisión, Manizales ,Call center,17,7,4215000,3942000,Aprobado,0
REC-003810,POL-002277,2021-11-30,2021/12/09,20/12/2021,Robo,Manizales,  Call center,22,5,12361000,0,Rechazada,0
REC-003631,POL-002388,10/02/2023,2023-02-11,2023-02-16,Consulta especializada,Pereira,App  ,11,4,3286000,2928000,Aprobado,0
REC-002576,POL-000752,29/07/2023,2023/08/02,2023/08/29,Medicamentos,Medellín (Antioquia), App ,10,6,848000,536000,Pagado parcial,false
REC-001256,POL-000190,2025-11-22,26/11/2025,,Robo,Cúcuta,  App,19,1,3965000,,En revisión,0
REC-001761,POL-007583,2024/11/25,2024-11-25,2024/11/30,Cirugía,MANIZALES,Call  center,17,3,7718000,7687000,Aprobado,0
REC-001454,POL-006649,2025/01/30,30/01/2025,2025-02-06,Daño a terceros  ,Bogotá,Call center,12,2,7041000,3989000,Pagado parcial,0
REC-002871,POL-005175,2024-02-12,2024/02/15,2024-02-20,  Medicamentos,cali,Call center,19,5,5628000,5609000,Aprobado,0
REC-003029,POL-006041,2021-11-11,13/11/2021,2021-11-29,CONSULTA ESPECIALIZADA,Bogotá,App,16,4,6813000,0,Rechazado,0
REC-002966,POL-001650,2025-12-10,2025-12-10,,Consulta especializada,Cartagena,Call center,12,10,980000,,En revisión,false
REC-003834,POL-007744,2024/03/26,,2024-04-18,Colisión,Bogotá D.C.,App,12,6,3001000,2590000,Aprobada,0
REC-001139,POL-000748,2023-09-25,,2023-10-17,Consulta especializada,Bogotá,Call center,17,5,577000,555000,Aprobado,0
REC-000580,POL-003849,2021-03-21,,2021/04/08,Daños eléctricos,Bogotá,Call center,16,4,1716000,1574000,aprobado,NO
REC-003440,POL-000404,2024-01-17,18/01/2024,2024-01-24,Daño a terceros,Cartagena,App,18,5,10963000,10289000,Aprobado,0
REC-002652,POL-006931,13/10/2024,16/10/2024,2024-11-04,Colisión,BOGOTÁ D.C.,Oficina,13,9,1621000,1521000,Aprobado,0
REC-000499,POL-001487,02/02/2023,2023/02/08,2023/03/12,Colisión,Bogotá,Call center,15,6,9299000,0,Rechazado,0
REC-003760,POL-003906,2025/01/24,2025-02-01,2025-02-10,Colisión,Bogotá  ,App,10,8,5280000,4955000,Aprobado,0
REC-003331,POL-001751,2025-05-25,2025-06-01,2025-06-25,COLISIÓN,Cúcuta,Oficina,17,4,,0,Rechazado,0
REC-003005,POL-003832,2023/01/01,2023/01/12,30/01/2023,Vidrios,Bogotá,App,16,3,2848000,0,Rechazado,0
REC-000159,POL-001710,2025-04-11,2025-04-11,,Daños eléctricos,,Corredor,13,8,4613000,2374000,Pagado parcial,0
REC-000567,POL-005251,2022-09-03,06/09/2022,2022-09-26,Vidrios,Bogotá,Oficina,9,10,,0,Rechazado,0
REC-001988,POL-008279,2025-05-30,2025-06-20,2025-07-15,Consulta especializada,Bogotá,Corredor,3,2,1433000,0,Rechazado,1
REC-003257,POL-006456,2025-04-09,10/04/2025,2025-04-17,Hospitalización,Medellín,Call center,20,6,5222000,5221000,Aprobado,0
REC-001174,POL-005140,2022-09-13,14/09/2022,2022-09-24,Medicamentos,  Bogotá,App,18,4,1270000,0,Denegado,0
REC-002648,POL-002722,2024/05/27,2024/05/29,2024-05-31,Incapacidad,Barranquilla,Call  center,13,8,24621000,21884000,  Aprobado,0
REC-003779,POL-001151,31/05/2023,2023/06/09,2023/06/20,Robo,Barranquilla,Oficina,16,5,,9886000,Aprobado,No
REC-003789,POL-006143,09/12/2024,24/12/2024,2025/01/08,  Hospitalización,Bogotá,App,16,1,14747000,9614000,Pagado parcial,1
REC-001411,POL-002701,2025/01/28,2025/02/01,2025-02-05,Cirugía,Manizales,Oficina,13,6,8843000,8180000,Aprobado,0
REC-004098,POL-002481,,2023-03-02,2023-03-21,Cirugía,Medellín,Oficina,20,4,5907000,5514000,Aprobado,0
REC-004100,POL-007688,2024-03-01,2024-03-04,14/03/2024,HOSPITALIZACIÓN,Bogotá,  App,7,5,1823000,1707000,APROBADO,0
REC-002021,POL-001918,2025-01-21,22/01/2025,2025/02/17,Robo,Barranquilla  ,App,15,5,22732000,22384000,Aprobado,0
REC-004065,POL-008001,2022-02-12,INVALID_DATE,2022-02-15,Colisión,Medellín,Oficina,15,9,1211000,1118000,Aprobado,0
REC-002756,POL-000916,21/09/2022,23/09/2022,2022-10-04,Daño a terceros,Cartagena,App,14,5,2017000,1958000,Aprobado,false
REC-002494,POL-002567,2023-04-07,2023-04-07,2023-04-13,DAÑOS ELÉCTRICOS,Bogotá  ,App,17,6,8415000,8101000,Aprobado,0
REC-001622,POL-000580,2025-04-06,2025/04/14,30/04/2025,Medicamentos,MEDELLIN,App,8,3,2796000,2459000,Autorizado,0
REC-003172,POL-001765,2024-10-03,2024-10-03,2024-10-26,Colisión,Bucaramanga  ,App,9,7,2160000,1071000,Pagado parcial,0
REC-004095,POL-001232,2025-05-20,2025/05/29,2025-06-08,Daño a terceros,Bogotá,Call center,17,3,5675000,,Rechazada,N
REC-003452,POL-002250,2024-01-24,2025/02/28,INVALID_DATE,Inundación,  Medellín,App,22,6,2119000,1321000,  Pagado parcial,0
REC-002879,POL-006797,2024-06-19,2024/06/24,2024/06/27,Consulta especializada,Bogotá,App,18,4,631000,545000,Aprobado,0
REC-001563,POL-000695,2024-04-09,12/04/2024,2024-06-05,Colisión,MANIZALES,App,11,6,1812000,1128000,Pagado parcial,0
REC-000801,POL-001654,2024-12-19,2024/12/19,27/12/2024,Consulta  especializada,Manizales,Call center,11,8,1242000,1158000,aprobado,N
REC-002234,POL-000757,2024-08-29,2024-09-01,2024-10-08,Inundación,Manizales,App,12,6,20488000,0,Rechazado,0
REC-000696,POL-000559,2025-08-22,,,Medicamentos,Bogotá,Oficina,11,7,951000,,En  revisión,0
REC-001539,POL-000309,2024/05/18,2024-05-19,2024-05-27, Robo ,Bogotá,App,18,7,2931000,0,RECHAZADO,0
REC-002322,POL-000629,19/03/2024,2024/03/22,24/03/2024,Colisión,Santa Marta,App,9,9,2398000,2361000,Aprobado,0
REC-003213,POL-002572,,,2023-06-17,Consulta especializada,Bogotá,Oficina,13,4,2553000,2432000,Autorizado,0
REC-002397,POL-005658,15/09/2025,2025-09-17,,Vidrios,Cali,APP,14,4,654000,,En revisión,0
REC-002674,POL-006429,2022/05/22,2022-05-30,2022/06/03,Colisión,Cúcuta,Call center,18,5,1450000,1323000,Aprobado,0
REC-000464,POL-003367,2025/08/02,05/08/2025,05/09/2025,Consulta especializada,Barranquilla,Call center,18,4,1619000,1608000,Aprobado,0
REC-002905,POL-006395,04/08/2024,12/08/2024,2024-08-16, Colisión ,Bogotá,OFICINA,12,5,1311000,1164000,Aprobado,0
REC-003180,POL-005427,20/04/2024,23/04/2024,29/04/2024,Medicamentos,Medellín,App,19,7,3034000,0, Rechazado ,0
REC-003618,POL-000693,2024-11-25,2024-12-01,2024/12/18,Medicamentos,Bogotá,Oficina,10,4,2224000,2048000,Aprobado,false
REC-002559,POL-003830,20/09/2022,23/09/2022,2022-10-01,Colisión  ,santa marta,Corredor,11,5,2255000,1938000,aprobada,0
REC-001787,POL-003013,2023/06/19,2023-06-24,21/07/2023,Robo,,Call center,13,8,19031000,18520000,Aprobado,0
REC-001525,POL-005904,2024-02-12,17/02/2024,2024/02/20,Colisión,Bogotá,Corredor,23,5,2070000,1831000,Aprobado,0
REC-002240,POL-008142,2023-10-02,2023-10-30,2023/11/19,ROBO,Cartagena,Corredor,21,2,6459000,5536000,Aprobado,1
REC-001340,POL-006894,2021-11-02,18/12/2021,2022-03-11,Robo,Medellín,App,7,0,76000000,30672000,Pago parcial,1
REC-000738,POL-004419,2025-08-19,2025-08-21,2025/08/28,MEDICAMENTOS,Pereira,Call center,17,3,5291000,4873000,Aprobado,0
REC-003403,POL-003662,22/01/2022,2022-01-26,2022-02-08,Daños eléctricos,Barranquilla,CALL CENTER,1,1,7752000,3677000,PAGADO PARCIAL,1
REC-002454,POL-007832,2025/11/16,21/11/2025,,Daños eléctricos,Manizales,App,13,6,,,En revisión,0
REC-003065,POL-005506,2024/07/03,2024-07-03,06/07/2024,Hospitalización,Cúcuta,Corredor,11,3,45059000,41477000,Aprobado,0
REC-003728,POL-001191,2024-10-05,2024-10-08,10/10/2024,Daños eléctricos,Bucaramanga,App,11,1,6441000,2680000,Pagado parcial,0
REC-000702,POL-006655,2023/08/20,20/08/2023,2023-08-22,Medicamentos,Manizales,Call center,10,7,1603000,1458000,Aprobado,0
REC-003953,POL-000063,2023-05-16,2023-05-19,2023-05-24,Hospitalización,Bta,App,9,4,16398000,14727000,Aprobado  ,0
REC-000880,POL-004935,13/12/2025,2025-12-18,2025/12/26,Consulta especializada,Bogota DC,Call center,20,5,1931000,1723000,Aprobado,0
REC-001296,POL-007527,2023/09/11,2023-09-14,2023-10-03,Incapacidad,BOGOTA,App,13,3,79486000,46804000,Pagado parcial,NO
REC-000924,POL-001612,2024-03-21,2024-04-08,,Cirugía,Bogotá,Call center,5,2,21838000,13216000,Pagado parcial,1
REC-000841,POL-001806,2025/12/14,2025/12/16,2025-12-31,Colisión,  Bogotá,App,15,6,3696000,3431000,Aprobado,0
REC-003225,POL-002329,2025-09-02,2025-09-05,,Robo,Barranquilla,Call center,12,4,14946000,,En revisión,0
REC-002738,POL-002104,2022/10/14,2022/10/20,2022-10-25, Consulta especializada ,BOGOTA,App,14,8,1573000,1458000,Aprobado,false
REC-003102,POL-004848,10/07/2025,2025-07-11,2025-07-16,Consulta especializada,B/manga,app,23,3,844000,762000,Aprobado,0
REC-004202,POL-000875,2025/12/02,09/12/2025,12/12/2025,Hospitalización,bogotá,App,22,5,6802000,4717000,Pagado parcial,false
REC-000821,POL-000404,2023/09/03,2023-09-09,15/09/2023,Colisión,BOGOTA, App ,14,5,2202000,2185000,Aprobado,0
REC-003926,POL-002442,10/05/2025,2025/05/14,2025/06/05,ROBO,Medellín,Oficina  ,20,2,43227000,39037000,Aprobado,0
REC-003648,POL-005991,29/01/2022,30/01/2022,2022-02-18,Robo,Bogotá,Corredor,19,7,8104000,6982000,Aprobado,No
REC-002579,POL-005253,2025-07-23,2025/08/01,2025/08/07,Daño a terceros,Cali,App,8,9,2870000,0,Rechazado,0
REC-002945,POL-004348,2023-04-05,2023-04-14,2023/04/24,Robo,Medellín,app,9,4,24700000,21079000,Aprobado,0
REC-000432,POL-006568,2025-01-15,2025-01-16,2025-01-19,Robo  ,Santa Marta,Call center  ,15,10,31691000,30759000,Aprobado,0
REC-003857,POL-003295,2022-07-24,2022-07-27,2022-07-31,Medicamentos,Medellin,Call center,11,10,3776000,0,Rechazado,0
REC-001541,POL-003459,2025/11/28,2025/11/29,2025-12-07,Cirugía,Medellin,Corredor,15,,12567000,10978000,Aprobado,0
REC-003318,POL-000430,2025-07-20,2025/08/01,2025-08-05,Colisión,Bogotá,Call center,14,8,2802000,2549000,aprobado,0
REC-000292,POL-007302,2023-12-05,2023-12-07,15/12/2023,Colisión, Cali ,App,20,7,7682000,7598000,Aprobado,0
REC-000323,POL-004699,2024-10-21,2024/10/23,2024/11/05,Colisión,Barranquilla  ,Oficina,23,6,546000,0,Rechazado,0
REC-001654,POL-004966,04/07/2022,2022-07-15,2022-07-18,  Consulta especializada,Bogotá,Call center,2,3,2671000,2572000,Aprobado,0
REC-000055,POL-006277,19/06/2025,19/06/2025,03/07/2025,Robo, Bogotá ,Call center,9,10,25621000,23541000,Aprobado,0
REC-003273,POL-000740,05/05/2022,2022/05/22,2022/05/25,Consulta especializada,Bogotá,Oficina,7,8,1101000,1046000,Aprobado,0
REC-001445,POL-004672,2024-02-28,02/03/2024,06/03/2024,Cirugía,Pereira,App,7,5,36453000,35175000,APROBADO,0
REC-000241,POL-001990,2022-02-19,01/03/2022,31/03/2022,Colisión,MANIZALES,App,8,3,3745000,2160000,Pagado parcial,0
REC-002033,POL-007454,2022-11-03,2022-11-08,2022/11/17,Robo,Medellín,Oficina,19,3,6588000,0,Rechazado,0
REC-001867,POL-003886,2025-06-23,2025/06/26,2025/07/07,Enfermedad grave,bucaramanga,Call center,11,7,74669000,71533000,Aprobado,0
REC-003013,POL-001784,2023/04/04,2023/04/05,13/04/2023,COLISION,bogotá,Oficina,12,8,1522000,0,Rechazado,0
REC-002163,POL-004618,2022-08-11,2022-08-29,2022-10-10,Consulta especializada,Bogotá,  Call center,2,1,2000000,1839000,Aprobado,1
REC-003752,POL-000934,2024/11/13,2024-11-15,2024-11-25,Daño a terceros,Santa Marta,Oficina,13,6,2827000,2756000,Aprobado,0
REC-001955,POL-003310,10/04/2025,13/04/2025,2025/04/15,DAÑOS ELÉCTRICOS,CALI,Call center,14,6,5118000,4975000,Aprobado,N
REC-002974,POL-005410,2025-10-18,2025-10-19,2025/11/10,Hospitalización,Bogotá,App,19,3,3680000,3146000,Aprobado,0
REC-001582,POL-004919,2023-06-05,05/06/2023,2023-06-21, Cirugía ,Barranquilla,Call center,22,10,13909000,12999000,Aprobado,0
REC-000045,POL-001987,2023-05-16,2023-05-16,2023-05-26,Colisión,cali,Corredor,15,3,4519000,2108000,Pagado parcial,0
REC-003094,POL-005165,13/11/2024,2024-11-15,01/12/2024,Colisión,Pereira,CORREDOR,11,5,1798000,0,Rechazado,0
REC-001996,pol-001007,2025-09-20,22/09/2025,2025-10-21,Robo  ,Cúcuta,App,13,6,46328000,43882000,  Aprobado,0
REC-003823,POL-000875,2025-01-23,2025-01-24,2025-01-26,Hospitalización,Bogotá D.C.,Oficina,17,4,14169000,14020000,Aprobado,0
REC-002577,POL-000643,2025-07-21,2025-08-05,09/08/2025,Colision,  Cartagena,App,20,3,1488000,1445000,Aprobado,0
REC-001154,POL-002587,29/08/2025,2025-09-02,14/09/2025,Colisión,Manizales,Call center,23,6,3518000,3499000,Aprobado  ,0
REC-001575,POL-000939,14/08/2025,2025-08-16,28/08/2025,Vidrios,Pereira,App,19,5,1147000,1109000,APROBADO,0
REC-000057,POL-004866,2022-07-24,2022-07-25,2022/09/04,Daños eléctricos,Bogotá,Oficina,17,2,2809000,2666000,Aprobado,0
REC-001416,POL-002282,2025/06/18,25/06/2025,2025-07-06,Consulta especializada  ,  Medellín,Call  center,20,5,1791000,1582000,Aprobado,0
REC-002855,POL-007142,2025-01-11,09/02/2025,2025-02-21,Inundación,Sta. Marta,CALL CENTER,5,2,2754000,2497000,Aprobado,1
REC-000092,POL-000474,2025-10-20,2025/11/01,2025/11/10,Cirugía,Bogota,Call center,14,5,,6629000,Aprobado,0
REC-001333,POL-006017,2025-11-25,25/11/2025,2025-12-09,Daño a terceros,Cali,Oficina,18,6,3002000,2684000,Aprobado,0
REC-000634,POL-006507,2022-03-11,2022-03-14,2022-03-16,Hospitalización,Bogotá,App,14,8,3721000,3599000,Aprobado,0
REC-003619,POL-000782,,2023-10-13,2023-11-04,Enfermedad grave,BUCARAMANGA,  Call center,12,9,27955000,24952000,Aprobado,0
REC-003187,POL-002086,2024-12-30,30/12/2024,,Colisión,Bucaramanga,Call center,18,7,11028000,10058000,Aprobado,0
REC-001155,POL-002802,2021/10/08,2021-10-12,09/12/2021,  Hospitalización,Manizales,call center,22,,6621000,6569000,Aprobado,0
REC-001705,POL-006270,2022-12-26,2023-01-04,2023/01/31,Cirugía,Medellín,Oficina,11,8,6408000,5729000,aprobado,0
REC-000300,POL-002665,22/10/2025,,2025-10-31,daño a terceros,Barranquilla,Call center  ,23,7,10346000,18375938,Aprobado,0
REC-003911,POL-000377,17/12/2021,2021-12-17,2021-12-27,Inundación,Cali,Call center,9,4,1281000,1226000,Aprobado,0
REC-001550,POL-007825,2022-08-23,2022-08-25,2022-09-08,Daños  eléctricos,Pereira,App,19,2,2053000,1989000,Aprobado,false
REC-003427,POL-005998,2021-12-06,07/12/2021,2021-12-19,Colisión,Manizales,App,23,7,2176000,2131000,Aprobado,0
REC-000565,POL-001319,2025-08-06,07/08/2025,07/09/2025,Robo,Medellín,App,11,4,31605000,30583000,Aprobado,0
REC-001050,POL-004446,2025-08-21,2025/08/25,2025-09-21,Daño a terceros,Cartagena,Call center,18,6,1889000,1795000,Aprobado,0
REC-000285,POL-003450,2021/12/08,2021-12-08,2021-12-10,Robo,Cali,Call center,7,6,18812000,16553000,Aprobado,0
REC-000552,POL-004369,01/10/2024,2024-10-05,10/10/2024,Daño a terceros,Cali,Call center,18,9,2114000,2078000,Aprobado,0
REC-004260,POL-001306,2025-06-19,22/06/2025,2025-07-04,Vidrios, Cartagena ,Oficina,17,4,,3687000,  Aprobado,0
REC-000156,POL-004143,2022-06-24,2022-07-09,2022-08-04,Consulta especializada,Medellín,App,10,7,8614000,7334000,Aprobado,0
REC-003304,POL-002701,2025-03-01,05/03/2025,27/03/2025,Medicamentos,manizales, Call center ,15,5,1401000,456000,Pagado parcial,0
REC-000090,POL-004415,2023/08/02,09/08/2023,2023-09-13,Daño a terceros,Cartagena de Indias,App,2,2,7619000,6987000,Aprobado,1
REC-000871,POL-003212,2025-09-27,2025-10-03,,Colisión,Bogotá,Call center,16,5,7880000,,En revisión,1
REC-001049,POL-006668,2025-05-17,2025-05-18,2025-05-21,Daño a terceros,Cucuta,Call center,12,5,966000,838000,Aprobado,0
REC-000436,POL-003437,2024-12-04,2024-12-04,2024-12-17,Robo,Medellín,Call center,8,5,19621000,16978000,Aprobado,0
REC-001951,POL-005281,2025-07-10,11/07/2025,2025-07-15,CONSULTA ESPECIALIZADA,Bogotá,Call center,16,4,577000,499000, Aprobado ,NO
REC-003104,POL-002428,18/07/2021,2021/07/24,2021/08/09,Vidrios, Barranquilla ,  Call center,13,5,9149000,8827000,Aprobado,0
REC-000582,POL-006278,21/10/2022,2022-10-24,INVALID_DATE,Hospitalización,Bucaramanga,Call center,16,,2583000,2304000,Aprobado,0
REC-002802,POL-005026,2025-03-18,2025-03-21,02/04/2025,robo,Bucaramanga,Oficina,17,6,11326000,10460000,Aprobado,0
REC-001471,POL-000961,11/10/2024,2025-11-17,,COLISIÓN,Cartagena,App,15,3,1379000,, En revisión ,0
REC-004268,POL-004875,28/03/2025,,2025/04/27,consulta especializada,Medellín,App,14,2,5685000,,Aprobado,0
REC-003927,POL-003457,2022/03/10,2022-03-10,2022-03-12,Consulta especializada,Bogotá,Call center,16,9,3589000,2082000,  Pagado parcial,0
REC-000337,POL-005339,2025-06-23,2025/06/25,17/07/2025,Cirugía,Medellín,Corredor,3,6,9011000,7684000,Aprobado,0
REC-001428,POL-007259,14/11/2024,2024-11-20,23/11/2024,  Colisión,Bogotá,App,12,4,3921000,0,Rechazado,0
REC-002813,POL-000349,29/12/2022,31/12/2022,2023-01-03,INCAPACIDAD,Bogotá,App,21,6,9680000,9068000,autorizado,0
REC-003929,POL-002156,2022-01-26,2022-01-31,2022-02-06,Inundación,  Medellín,Call center,12,5,2559000,0,Rechazado,0
REC-001638,POL-007600,2025-11-23,27/11/2025,,Daño a terceros,Bogotá,Call center,16,4,6578000,,En revisión,0
REC-002720,POL-007844,08/02/2024,2024-02-10,06/03/2024,Daño a terceros,Bucaramanga,App,23,7,,979000,Aprobado,0
REC-004061,POL-007516,09/06/2025,2025/06/16,2025-06-18,Daño a terceros,Medellín,App,19,3,4259000,4238000,Aprobado,0
REC-002053,POL-004908,2023-05-21,,2023-05-23, Hospitalización ,Cali,Oficina,23,6,3267000,0,  Denegado,0
REC-003527,POL-003772,2025/02/25,2025-03-05,2025-03-24,Colision,SANTA MARTA,App,14,6,3013000,2698000,APROBADO,0
REC-004237,POL-004967,27/09/2021,2021-09-29,01/10/2021,Hospitalización,Santa Marta,APP,13,1,5918000,5398000,Aprobado,0
REC-001216,POL-004871,2025-04-25,2025-04-28,2025-05-02,Daño a terceros  ,Bogotá,Call center,14,10,974000,580000,Pagado parcial,0
REC-000993,POL-000668,2025/10/08,10/10/2025,INVALID_DATE,COLISION,Medellín,Oficina,12,4,1911000,1802000,Aprobado,0
REC-001652,POL-006399,2022-10-18,2022-10-18,2022-11-12,Vidrios,Manizales,App,14,4,7842000,0,Rechazado,0
REC-002335,POL-005072,2023/07/31,2023/08/03,11/08/2023,Daños eléctricos  ,Bogotá,Corredor,4,2,1560000,1390000,Aprobado,false
REC-003808,POL-000507,2024-04-01,28/04/2024,2024-06-03,Hospitalización,BARRANQUILLA,App,0,3,4289000,1738000,Pagado parcial,1
REC-000126,POL-003169,2025-09-04,2025/09/08,,Dano a terceros,Medellín,Oficina,12,7,4625000,,En revisión,0
REC-003087,POL-000792,06/05/2025,08/05/2025,,Consulta especializada,Bogotá  ,Corredor,14,2,2300000,2169000,Aprobado,0
REC-002027,POL-002320,05/02/2024,11/02/2024,13/02/2024,Colisión,Cartagena,Oficina,13,4,6374000,5675000, Aprobado ,0
REC-003515,POL-006221,2025/04/15,2025-04-23,29/04/2025,Consulta especializada, Pereira ,Call center,9,7,1204000,1098000,Aprobado,0
REC-000024,POL-000656,2022-08-06,,2022-08-22,Colisión,Cartagena,Corredor,13,8,2472000,1358000,pagado parcial,0
REC-000427,POL-005047,2024-05-07,2024/05/07,15/05/2024,Colisión,CARTAGENA,Corredor,15,5,4732000,4447000,Aprobado,0
REC-002839,POL-004714,04/10/2022,2022/10/14,2022-10-29,CONSULTA ESPECIALIZADA,Bogotá,Call center,15,7,1726000,1541000,Aprobado,N
REC-001649,POL-002620,27/01/2024,27/01/2024,27/02/2024,Robo,Bucaramanga,App,13,8,14974000,13531000,Aprobado,0
REC-002546,POL-005415,2022-03-26,2022/04/08,09/05/2022,Inundación, Bogotá ,App,7,6,1365000,3950424,Aprobado,0
REC-001961,POL-004523,2025-03-19,2025/03/25,2025-05-02,Colisión,Cúcuta,APP,16,6,2744000,2687000,Aprobado,0
REC-002960,POL-000928,2025-08-25,30/08/2025,2025/09/25,Daño a terceros,Bogotá,Oficina,11,2,10744000,9852000,Aprobado,1
REC-000004,POL-000403,2025-05-30,2025/06/13,09/07/2025,Daños eléctricos,Bucaramanga,Corredor,15,7,13883000,13822000,Aprobado,0
REC-002123,POL-000673,03/07/2021,2021/07/03,2021-07-17,Fallecimiento,Cucuta,Call  center,10,9,49268000,44119000,Aprobado,0
REC-000356,POL-002503,2022-12-20,23/12/2022,2023-01-15,Colisión,Bogotá,App,23,8,3191000,3099000,Aprobado,0
REC-003948,POL-000770,14/02/2023,,2023-02-23,Colisión  ,Medellín,Call center,11,6,1772000,1598000,Aprobado,0
REC-003310,POL-007767,05/06/2024,2024-06-09,2024-08-08,Consulta  especializada,Medellín,Corredor,20,8,4795000,2434000,Pagado parcial,0
REC-000466,POL-003402,2025-04-05,03/05/2025,2025/05/13,Daño a terceros,Medellín  ,Call center,13,1,37050000,,Autorizado,1
REC-000547,POL-000521,2023-01-05,2023-01-08,2023/01/17,Robo,Pereira,call center,13,2,,28942000,APROBADO,0
REC-003958,POL-004704,2025-09-26,29/09/2025,2025-10-09,  Cirugía,medellín,App,23,2,3079000,2807000,Aprobado,NO
REC-004152,POL-007119,2025/08/22,2025-08-22,2025-09-10,Cirugía,Santa Marta,Oficina,15,4,3743000,3550000,APROBADO,0
REC-003360,POL-004705,2025-07-12,2025-07-15,25/07/2025,Hospitalización,Cali,Corredor,14,10,8962000,8886000,Aprobado,0
REC-001379,POL-002684,31/08/2021,09/09/2021,2021-10-08,Medicamentos,bogotá,OFICINA,14,4,730000,358000,Pagado parcial,N
REC-002119,POL-007602,2023-06-03,12/06/2023,2023-06-19,Cirugía,Cartagena,  Oficina,15,9,3626000,3559000,Aprobado,0
REC-004130,POL-004835,2021-09-30,2021-09-30,2021-10-10,Robo,Cali,oficina,11,7,20500000,19403000,Aprobado,0
REC-001157,POL-000443,2022-09-18,18/09/2022,29/09/2022,Robo,Barranquilla,App,16,,11759000,11113000, Aprobado ,0
REC-002630,POL-006035,2025-09-01,2025/09/03,2025/09/12,Vidrios,Bogotá,Corredor,1,7,9340000,8445000,aprobado,0
REC-002381,POL-007473,2023-07-01,04/07/2023,2023-07-07,Daño a terceros,Cartagena de Indias  ,App,18,2,5092000,4529000,Aprobado,0
REC-000311,POL-000063,2023/02/10,2023/02/15,INVALID_DATE,Consulta especializada,Bogotá,app,10,4,6593000,6251000,  Aprobado,0
REC-003486,POL-000635,2025/08/30,30/08/2025,2025-09-08,Medicamentos  ,Bogotá,  App,16,10,1583000,,Aprobado,0
REC-002670,POL-005874,2025-08-25,2025-08-27,2025/08/31,Enfermedad grave,Cúcuta,Call center,12,,18105000,15908000,Aprobado,0
REC-000424,POL-003038,2021-07-08,2021/07/10,14/07/2021, Cirugía ,MEDELLÍN,OFICINA,10,6,3850000,3848000,Aprobado,
REC-003766,POL-001274,2021-04-12,13/04/2021,2021-05-01,Robo,MEDELLÍN,App,8,5,5800000,5245000, Aprobado ,0
REC-002026,POL-000844,2025-04-14,2025-04-20,2025-04-24,Hospitalización,Cali,Call center,23,5,6175000,6148000,Aprobado,0
REC-003207,POL-000897,2024/12/25,2024-12-31,17/01/2025,Incapacidad,  Cúcuta,  App,17,2,90095000,77751000,Aprobado,0
REC-003530,POL-005515,05/07/2024,2024-07-12,2024-07-22,Colisión, Medellín ,App,23,5,2280000,909000,pagado parcial,0
REC-000730, POL-002840 ,19/11/2024,2024-11-27,20/02/2025,Daño a terceros,Pereira,App,5,1,3436000,3110000,Aprobado,1
REC-001443,POL-006359,03/11/2022,03/11/2022,2022-11-09,Consulta especializada,Bogotá,Oficina,8,8,2558000,2398000, Aprobado ,0
REC-003595,POL-007541,30/12/2024,01/01/2025,2025-01-31,Robo,Bogotá,Call center,12,4,33490000,29657000,Aprobado  ,N
REC-003831,POL-006359,2022-01-26,31/01/2022,07/02/2022,Hospitalización,Bogotá,Corredor,14,4,2303000,2284000,APROBADO,false
REC-001697,POL-008012,09/01/2025,2025-01-09,2025-02-08,Cirugía,B/MANGA,  Oficina,16,7,1693000,0,Rechazado,0
REC-001403,POL-005979,03/10/2021,07/10/2021,2021-10-21,Enfermedad grave,B/manga,Corredor,12,10,55371000,52109000,  Aprobada,No
REC-001716,POL-005473,19/04/2022,2022-04-24,2022-05-03,Colisión,  Cúcuta,  Oficina,14,5,3706000,3323000,Aprobado,0
REC-001303,POL-007522,2024/01/25,2024-02-01,2024/02/12,Medicamentos,Bogotá,App,10,5,793000,792000,APROBADO,0
REC-002121,POL-007387,2025-02-23,28/02/2025,2025/03/07,Medicamentos,Barranquilla,App,19,3,130600000,708000,PAGADO PARCIAL,0
REC-001147,POL-007161,28/01/2025,2025-02-04,2025-02-15,Colisión,  Cali,Corredor,6,5,2557000,2466000,aprobado,0
REC-001547,POL-007275,2025-05-15,2025-05-16,,Consulta especializada,Cali,  App,5,4,5032000,4641000,Aprobado,0
REC-000548,POL-003650,01/08/2022,2022-08-02,2022-08-06,COLISION,cali,Corredor,10,,4950000,4905000,Aprobado,0
REC-004123,POL-005936,2024-09-16,21/09/2024,,Daño a terceros,Bucaramanga,App  ,17,6,1945000,1790000,Aprobado,0
REC-000074,POL-003494,2024/09/25,2024-09-25,2024-10-02,Hospitalización,Cali,  Oficina,1,,18927000,8784000,Pagado parcial,0
REC-003814,POL-008049,29/11/2025,2025-11-29,,Consulta especializada,pereira,App,15,4,0,,En revisión,0
REC-003460,POL-004666,2025/05/15,15/05/2025,2025-06-20,Hospitalización,Bogotá,App,12,9,20130000,19227000,Aprobado,0
REC-001741,POL-005040,2025-04-11,2025/04/12,2025-04-16,Consulta especializada, Barranquilla ,Call center,15,5,3956000,0,Rechazado,
REC-002330,POL-007654,2025-05-08,2025/05/12,2025-05-20,Hospitalización,Barranquilla,App,15,4,4728000,,Aprobado,0
REC-003108,POL-004626,16/06/2023,01/07/2023,07/07/2023,Daño a terceros,Bucaramanga,App,21,1,1568000,0,Rechazado,NO
REC-002703,POL-006298,2023/03/04,06/03/2023,2023-04-05,Hospitalización,Cali,Call center,6,10,14292000,9104000,Pagado parcial,0
REC-002908,POL-004395,2025-08-17,2025-08-18,02/09/2025,Medicamentos,Medellín,App,13,6,926000,875000,Aprobado,0
REC-003436,POL-006670,02/10/2024,2024-10-03,15/10/2024,Colisión, Medellín ,Oficina,18,4,8974000,3391000,  Pagado parcial,0
REC-003001,POL-002993,16/05/2022,29/05/2022,09/06/2022,Hospitalización,Bogotá,Call center,5,1,5483000,5461000,Aprobado,1
REC-002688,POL-003691,28/05/2024,2024-06-02,19/06/2024,hospitalización,BOGOTÁ,CALL CENTER,22,8,8278000,8199000,Aprobado,0
REC-003829,POL-000014,2022-04-20,2022-04-22,2022-06-21,Consulta especializada,Bogotá,  App,19,8,2103000,855000,Pagado parcial,0
REC-001387,POL-001278,2024-06-29,04/07/2024,2024-07-17,Colisión,CALI, Corredor ,13,2,2421000,2112000,Aprobado,0
REC-003630,POL-000642,2022-05-27,2022/05/30,2022-06-02,Hospitalización,Medellín,Corredor,14,2,18021000,17770000,Aprobado,0
REC-004046,POL-003027,16/01/2024,2024-01-17,INVALID_DATE,Robo,Manizales,Oficina,23,5,13000000,11854000,Aprobado,0
REC-002372,POL-006293,2025-09-23,2025/09/23,03/10/2025, Consulta especializada , Cartagena ,App,11,7,11994000,10741000,Aprobado,0
REC-001518,POL-001777,22/10/2022,2022-10-22,25/10/2022,Consulta especializada,Medellín,Corredor,9,10,5565000,5195000,Aprobado,0
REC-001611,POL-002664,2024-05-07,12/05/2024,18/05/2024,Consulta especializada,Bogotá,Call center,12,4,2886000,2731000,Aprobado,0
REC-002883,POL-008367,,2025-11-01,,Colisión  ,Cartagena,App,12,2,6471000,,En revisión,0
REC-000940,POL-002602,2023-08-31,2023-09-04,2023-09-30,Colisión,,Oficina,21,5,2779000,2691000,Aprobado,0
REC-002318,POL-002937,13/03/2025,2025/04/01,2025-07-04,Robo,MEDELLIN,Call center,18,1,37050000,36441000,Aprobado,1
REC-003792,POL-001617,2025-03-16,2025-03-16,29/03/2025,Hospitalización,Barranquilla,Corredor,15,8,8296000,8058000,Aprobado,0
REC-004140,POL-002530,2024/05/27,2024-05-30,02/06/2024,Daño a terceros,Medellín  ,Call center  ,22,5,,,Aprobado,false
REC-003363,POL-002487,2021-04-24,29/04/2021,2021-05-10, Vidrios ,  Barranquilla,Corredor,15,7,4394000,,Rechazado,0
REC-001221,POL-002303,2023-03-12,2023/03/12,2023/04/04, Daño a terceros ,Medellín,Call center,7,7,2355000,1369000,Pagado parcial,false
REC-001702,POL-004439,12/01/2025,2025-01-17,2025-02-21,Medicamentos,Cúcuta,Corredor,14,7,879000,829000,Aprobado,N
REC-000701,POL-007433,2025-12-27,2025/12/31,,Daño  a  terceros,Bogotá,Call center,9,4,1954000,,  En revisión,0
REC-004298,POL-005147,2023-03-23,24/03/2023,2023-04-04,Daños eléctricos,BARRANQUILLA,Call center,8,6,5693000,3862000,Pagado parcial,0
REC-001600,POL-008006,07/06/2025,07/06/2025,2025-06-14,Daño a terceros,Medellín, Oficina ,18,9,5093000,0,Rechazado,0
REC-003838,POL-002433,2023-05-08,,2023-07-13,Cirugía,Medellín,App,2,,31229000,0,Rechazado,true
REC-000672,POL-004666,2025/05/01,2025-05-08,2025-05-13,Hospitalización,bogotá,Oficina,19,7,3492000,0,rechazado,0
REC-001204,POL-006097,2024-08-01,2024-08-13,2024-08-17,Daño a terceros,Cali,Call center,13,2,3468000,3330000,Aprobado,0
REC-004227,POL-006837,10/06/2022,10/06/2022,2022/06/16,Vidrios,MEDELLÍN,Oficina,18,8,1005000,952000,Aprobado,0
REC-004060,POL-003849,2022/01/05,2022/01/06,2022/01/12,Robo,Bogotá,  Call center,13,4,22406000,19903000,Aprobado,0
REC-000312,POL-003768,23/04/2025,29/04/2025,2025-05-09,Robo,Manizales,corredor,19,3,3737000,,Aprobado,0
REC-001007,POL-003229,14/07/2024,15/07/2024,2024-07-22,daño a terceros,Cali,App,17,9,9795000,5127000,Pagado parcial,0
REC-003283,POL-001037,2024-10-20,22/10/2024,2024/10/24,Colisión,Medellín,Corredor,17,8,7726000,6920000,Aprobada,0
REC-000296,POL-006884,31/03/2022,2022/03/31,04/04/2022,Inundación,Bogotá,Call center,10,5,6243000,0,Rechazado,0
REC-002270,POL-004108,04/04/2024,12/04/2024,2024/04/24,Medicamentos,Santiago de Cali,OFICINA,6,3,5053000,4430000,Aprobado,0
REC-000013,POL-004200,25/06/2024,2024/06/25,2024/07/08,Robo,Cali,App,12,8,20013000,17907000,APROBADO,0
REC-003725,POL-006450,2025-12-21,2025-12-22,,Colision,Bogotá,Corredor,16,5,3058000,,  En revisión,0
REC-002183,POL-004760,2023-02-18,18/02/2023,2023-02-26,Consulta especializada,Cartagena,Call center,18,2,1037000,908000, Aprobado ,0
REC-001509,POL-002069,2025/11/06,2025-11-07,2025/11/25,Consulta especializada,Bogotá,Call  center,13,2,929000,894000,Aprobado,0
REC-004291,POL-007068,INVALID_DATE,2021-11-20,2021-12-09,Consulta especializada,Bogotá,  Oficina,14,6,858000,742000,Aprobado  ,N
REC-003551,POL-002854,2025/06/23,2025/06/30,2025/07/13,Colisión,Bogota,App,18,6,3669000,3607000,Autorizado,0
REC-001448,POL-002259,2022-05-06,,20/05/2022,Daño a terceros, Bogotá ,  App,11,2,3627000,3404000,Aprobado,0
REC-000667,POL-003301,16/07/2023,22/07/2023,25/07/2023,Vidrios,,App,15,5,3993000,3853000, Aprobado ,0
REC-000929,POL-000580,2025-06-23,2025-06-24,2025-07-08,Consulta especializada,medellín,Call center,14,6,3058000,2696000,Aprobado,0
REC-001823,POL-007759,2023-07-30,08/08/2023,2023-08-13,Consulta especializada,  Medellín,Oficina,13,7,2246000,2081000,Aprobado,0
REC-000117,POL-006303,10/11/2022,2022-11-11,2022/11/26,Medicamentos,Bucaramanga,Corredor  ,14,3,2543000,2241000,Aprobado,0
REC-004293,POL-002470,2022-03-21,23/03/2022,2022/04/03,Robo,Pereira,App,15,6,3105000,3047000,Aprobado,0
REC-002558,POL-000474,03/10/2025,2025-10-04,2025-10-19,Cirugía,Bogotá,CALL CENTER,8,4,10449000,6273000,Pagado parcial,0
REC-000933,POL-001691,2022-02-09,2022/02/16,09/03/2022,Medicamentos,Bogotá,Call center,22,10,810000,689000,Aprobado,0
REC-001981,POL-000188,18/07/2024,2024-07-25,2024/08/01,Daño a terceros,Medellin,Oficina,11,6,3034000,2661000,Aprobado,0
REC-004044,POL-005239,2024-01-20,25/01/2024,28/01/2024,incapacidad,Cartagena  ,App,17,7,14556000,12851000,Aprobado,0
REC-000350,POL-000081,2022-10-19,,2022-10-31,Medicamentos,Bogotá,Call center,25,3,,3277000,Aprobado,0
REC-003771,POL-007264,25/07/2024,2024-08-01,2024/08/03,Daños eléctricos,Bogotá,Call center,8,5,8982000,3370000,Pagado parcial,0
REC-000342,POL-008313,2025-07-03,06/07/2025,,Colisión,Bogotá,Oficina,20,1,2210000,2185000,Aprobado,0
REC-000089,POL-007037,27/09/2021,2021/10/07,14/11/2021,Daño a terceros,Bogota,Oficina,8,2,4434000,3987000,Aprobado,0
REC-003802,POL-004001,2023-10-18,2023-10-19,11/11/2023,Robo,Bogotá,App,13,7,1603000,1511000,Aprobado,N
REC-001393,POL-008389,28/03/2024,2024/03/30,2024-04-17, Medicamentos ,  Bucaramanga, Call center ,23,8,1734000,1682000,Aprobado,0
REC-002806,POL-007972,2023-08-26,2023-08-28,2023-08-30,Hospitalización,Cali,Call center,18,7,4243000,1787000,Pagado parcial,0
REC-000113,POL-003782,,2023-09-28,2023-11-20,Daños eléctricos,Bogotá,Call  center,11,5,6656000,6583000,Aprobado,0
REC-000518,POL-000540,2025-10-01,2025-10-01,,Colisión  ,Bucaramanga,Call center,16,7,7391000,,En revisión,0
REC-002194,POL-004205,2022-07-16,2022-07-17,24/07/2022,Consulta especializada, Medellín ,App,9,4,2684000,2578000, Aprobado ,0
REC-003438,POL-003932,2024-12-25,2024-12-30,03/01/2025,Consulta especializada,Bogotá,Corredor,10,4,1562000,857000,Pagado parcial,0
REC-000322,POL-002708,2022-09-30,2022-10-02,2022-10-08,Hospitalización,cali,App,17,4,2073000,1848000,Aprobado,0
REC-002522,POL-001484,2024-05-24,2024-06-02,2024-06-08,Robo,Pereira,App,13,3,5769000,1916000,Pagado parcial,0
REC-001145,POL-002521,29/06/2022,2022-07-09,2022-07-25,Vidrios,B/manga,Oficina,9,6,1389000,1348000,Aprobado,NO
REC-001144,POL-004985,09/08/2023,2023/08/30,2023-09-01,Colisión,Cali,Oficina  ,9,6,2104000,1193000,Pagado parcial,No
REC-000035,POL-007513,2023-03-27,03/04/2023,05/04/2023, Consulta especializada ,Medellín,Oficina,18,6,,1513000,Aprobado  ,0
REC-001003,POL-982265,05/01/2025,14/01/2025,2025-02-28,Consulta especializada,Medellín,Call center,10,5,1316000,1210000,Aprobado,0
REC-001455,POL-007812,03/10/2023,2023-10-04,09/10/2023,Hospitalización,Santa Marta,Oficina,10,4,14651000,13146000, Aprobado ,0
REC-001634,POL-008116,17/10/2021,2021-10-17,23/11/2021,Hospitalización,BOGOTA,CORREDOR,12,5,4831000,4115000,aprobado,0
REC-000699,POL-004562,29/11/2021,2021/12/02,INVALID_DATE,Medicamentos,Cali,Oficina,17,9,2148000,2048000,Aprobado,0
REC-003990,POL-000157,2025-05-16,2025-05-19,2025/05/26,Hospitalización,Bogotá,APP,20,4,7185000,6736000,Aprobado,0
REC-001192,POL-005199,2023/06/20,23/06/2023,26/06/2023,  Robo,  Cúcuta,Corredor,13,2,3504000,3072000,Aprobado  ,0
REC-001851,POL-003271,2023/04/24,2023-04-26,24/05/2023,Inundación,Bogotá,APP,16,2,4080000,3935000,Aprobado,0
REC-001102,POL-004592,14/01/2025,2025/01/16,2025-02-05,Daño a terceros,MEDELLÍN,App,20,9,833000,720000,Autorizado,0
REC-000304,POL-003850,2024/05/06,2024-05-07,2024/06/01, Colisión ,B/QUILLA,Corredor,12,4,1130000,1030000,Aprobado,0
REC-000131,POL-005942,2025-07-22,2025-07-22,25/07/2025,Consulta especializada, Cali ,App,16,9,1554000,0,Rechazado,0
REC-001410,POL-007755,2024/05/20,2024/05/21,2024-06-14,Daño a terceros,Bogotá,Call center,13,4,2389000,2278000,Aprobado,0
REC-002469,POL-004205,2022-10-05,2022/10/05,11/10/2022,Medicamentos,Medellín,Call center,15,10,3561000,3125000, Aprobado ,0
REC-003722,POL-004275,28/11/2024,2024/12/05,12/12/2024,Medicamentos,Cartagena,App,6,4,2822000,2641000,Aprobado,0
REC-003965,POL-005989,2021-10-23,24/10/2021,2021/11/03,Cirugía,Bogotá,Corredor,8,2,6628000,0,Rechazado,No
REC-004294,POL-006900,2025-05-30,2025/05/31,2025-06-20,Daño a terceros,Cartagena,Corredor,14,10,6178000,5851000,Aprobado,0
REC-000840,POL-000249,2024-04-21,21/04/2024,2024/05/09,Colisión,Bogotá  ,App,17,4,8633000,8047000,Aprobado,No
REC-002598,POL-005825,,16/04/2025,2025-04-24,consulta especializada,Pereira,App,12,5,1586000,1403000,APROBADO,0
REC-001779,POL-001138,2024/04/07,2024-04-07,25/04/2024,Robo,Cali,CALL CENTER,4,5,31439000,0,Rechazado,1
REC-003124,POL-006010,2022-12-23,2022-12-24,2022-12-26,Consulta especializada,Medellín,App,13,4,3064000,0,Rechazada,0
REC-001120,POL-003650,2022-04-01,2022/04/03,2022-04-18,Colisión,Cali,Oficina,20,3,0,0,Rechazado,0
REC-000280,POL-008227,2024-08-11,11/08/2024,2024-09-19,Daño a terceros,Bogotá,Corredor,12,5,10225000,8844000,Aprobado,0
REC-001203,POL-004091,13/01/2025,17/01/2025,2025-02-28,Vidrios,Santa Marta,Oficina,19,2,6442000,5606000,Aprobado,0
REC-002808,POL-007687,2023-03-24,2023/03/24,2023-03-31,Daño a terceros,Bogotá,Oficina,13,4,1404000,621000,Pago parcial,0
REC-003289,POL-003450,24/10/2022,2022-10-24,2022-11-23,Vidrios,Medellín,Corredor,10,7,897000,296000,Pagado parcial,0
REC-002492,POL-000031,2025/03/18,26/03/2025,2025-04-03,Hospitalización,Bogotá,App,14,7,2203000,2030000,Aprobado  ,0
REC-003103,POL-007723,2024-10-20,2024-10-22,2024-11-16,Inundación,Cartagena,Oficina,15,1,3379000,0,Rechazado,0
REC-000763,POL-007812,2023-03-23,2023-03-24,2023-04-15,Medicamentos,Bucaramanga,App,14,10,1833000,1711000,Aprobado,0
REC-001857,POL-001523,2023/05/25,2023-05-29,2023-06-06,Cirugía,Bogotá,App,15,5,10775000,9673000,APROBADO,0
REC-001460,POL-005928,2024/11/16,19/11/2024,2024-12-14,Colisión,Santiago de Cali,App,11,4,3704000,3440000,Aprobado,0
REC-002168,POL-001114,2025-07-04,2025/07/08,2025/07/18,Daño a terceros,Cali,Corredor,13,9,2613000,2452000,Aprobado,0
REC-001496,POL-006479,21/09/2023,2023-10-01,2023/11/01,Daño a terceros,Cali,App,15,5,2149000,1917000,Aprobado,1
REC-003748, POL-004088 ,2024/03/22,03/04/2024,2024-04-28,Hospitalización,Bogotá,Oficina  ,10,4,12844000,12139000,Aprobado,0
REC-003468,POL-003495,2021/08/27,2021-09-05,2021-09-18,Cirugía,Pereira,Oficina,17,3,3337000,3200000,Aprobado,0
REC-001558,POL-006862,2024-06-14,2024-06-20,2024-06-28,Incendio,  Manizales,Call center,8,3,24340000,16009000,PAGADO PARCIAL,0
REC-000428,POL-006386,2021-06-18,23/06/2021,2021-06-26,Hospitalización,Medellín,App,15,7,3636000,3388000,Aprobado,0
REC-000617,POL-006081,2023-10-27,,2023/11/04,Inundación,Medellín,App,5,5,3405000,1068000,Pagado parcial,NO
REC-002851,POL-003214,2024-12-10,17/12/2024,2024/12/22,Fallecimiento,Medellín,Call center,6,2,51034000,50778000,Aprobado,0
REC-002533,POL-008326,2021-11-05,2021/11/05,15/11/2021,Colisión,Bogotá,Corredor,14,4,2147000,1830000,  Aprobado,0
REC-000484,POL-008214,2025-09-24,2025/10/02,2025-10-07,Colisión, Barranquilla ,Call center,11,4,10988000,10404000,Aprobado,0
REC-003959,POL-005710,06/01/2025,2025-01-07,18/01/2025,Colisión,Cali,Oficina,14,3,4173000,3854000,Aprobado,0
REC-003939,POL-001098,2024-01-09,09/01/2024,2024/01/15,Colisión,Bucaramanga,Oficina,1,7,4928000,4576000,aprobado,0
REC-002379,POL-005578,2021/08/15,2021-08-15,2021/09/04,Medicamentos,  Bogotá,Oficina,16,6,2628000,2343000,aprobado,0
REC-004011,POL-001107,2025/09/24,2025-09-25,2025-10-10,Robo,BOGOTA,App,13,5,5047000,1706000,Pagado parcial,0
REC-002961,POL-007438,2024/09/13,2024-09-14,2024/10/09,Colisión,Bogotá,App,12,3,3317000,2902000,Aprobada,0
REC-000076,POL-005462,2021-11-08,2021-11-10,2021/11/26,Daño a terceros,Bogotá,Call center,12,4,5003000,4894000,Aprobado,0
REC-002132,POL-004072,2023-11-01,2023-11-01,2023-11-15,Hospitalización,Bogotá  ,Corredor,10,1,5851000,5486000,Aprobado,N
REC-003053,POL-002125,2025-08-15,2025-08-17,2025-08-19,consulta especializada,Cartagena,APP,18,7,5452000,4949000,Aprobado,0
REC-002790,POL-004845,2024-08-29,2024-09-02,2024/09/04,Consulta especializada,Bogotá,Corredor,8,8,3052000,2858000,Aprobado,0
REC-001765,POL-004914,2023-10-31,2024-12-12,2024/12/29,Medicamentos,bogotá,Call center,11,1,5302000,5138000,Aprobado,0
REC-003038,POL-005584,2021-08-23,2021-08-26,12/09/2021, Enfermedad grave ,Bogotá,  App,15,7,3885000000,35505000,Aprobado,false
REC-003487,POL-000095,2025-10-16,2025-10-20,,Colisión,Pereira,  Oficina,12,9,3158000,,  En revisión,0
REC-002417,POL-005511,2022-11-21,2022-11-21,2022/12/04,Cirugía,,App,14,3,7769000,6908000,Aprobado,0
REC-002699,POL-001386,2023/10/24,2023-10-24,2023-11-16,Consulta especializada,Medellin,Call center,19,2,15259000,14902000,Aprobado,0
REC-000017,POL-002045,2024-05-02,02/05/2024,2024-05-10,Daño a terceros,Barranquilla,Call center,14,5,3650000,3591000,Aprobado,0
REC-001031,POL-004616,2023-12-20,2023-12-26,04/01/2024,Consulta especializada,Medellín,app,6,4,1761000,0,Rechazado,0
REC-000776,POL-004739,2025/03/30,04/04/2025,08/04/2025,Robo, Bogotá D.C. ,app,10,10,14982000,13800000,Aprobado  ,0
REC-003227,POL-001184,2023/04/15,2023/04/15,2023-05-01, Colisión ,Cartagena,App,13,6,1804000,667000,Pagado parcial,0
REC-003081,POL-007832,2025-08-05,2025-08-12,2025/08/14,Inundación,Bogotá,  Call center,11,5,1611000,1471000,Aprobado,0
REC-002853,POL-000409,2024/07/14,2024/07/16,2024-07-27,Consulta especializada,pereira,App,11,10,2353000,2068000,Aprobado,0
REC-000418,POL-000605,2023/01/31,2023/02/06,2023-02-11,Colision, Cali ,Call center,18,4,3067000,2805000,Aprobado,No
REC-002435,POL-005755,17/08/2024,2024/09/03,2024-09-06,Inundación,Medellín,App,13,2,,3371000,Aprobado,0
REC-003898,POL-006977,2024-10-31,2024/10/31,2024-11-08,Vidrios  ,Bogotá,APP,12,8,2471000,812000,Pagado parcial,No
REC-004045,POL-005635,2025/11/10,2025-11-18,05/12/2025,  Vidrios,Medellin,Corredor,18,7,4982000,2514000,Pagado parcial,0
REC-003573,POL-001432,2025-05-09,2025-05-09,2025-05-16,Colisión,Cúcuta,oficina,14,3,4491000,0,Rechazado,0
REC-002161,POL-004418,2024/04/02,14/04/2024,2024-04-26,Colisión,Bucaramanga,App,15,4,2143000,2119000,Aprobado,0
REC-000168,POL-007104,2025-04-29,29/04/2025,2025-05-11,Consulta especializada,Medellín,App,8,5,11349000,0,Rechazado,0
REC-000523,POL-007632,2025-05-07,2025-05-12,26/06/2025,Daño a terceros,,Call center,14,6,8766000,8736000,Aprobado,0
REC-000481,POL-003254,2021-12-10,2022-03-03,19/04/2022,Colisión,,Corredor,11,1,2575000,0,Rechazado,1
REC-001197,POL-002080,2023/05/02,2023-05-06,2023/05/12,Daños eléctricos,Bucaramanga,Call center,11,,5331000,0,Rechazado,No
REC-004145,POL-001676,17/06/2025,2025-06-27,2025-07-05,Colisión,Pereira,Call center,16,,2566000,2294000,Aprobado,0
REC-002953,POL-003786,31/10/2023,2023-10-31,2023-11-04,Colisión,Barranquilla,Corredor  ,16,8,2225000,2120000,Aprobado,0
REC-003921,POL-001729,2025-10-14,2025/10/15,,Colisión,B/quilla,App,1,2,1610000,,EN REVISION,1
REC-001074,POL-002042,2024-07-20,2024/07/27,2024/08/20,DANO A TERCEROS,Bogotá,APP,17,5,1442000,1362000,Aprobado,0
REC-004281,POL-005323,2025/05/03,18/05/2025,2025-06-16,Colisión,Manizales,Oficina,14,1,2360000,0,Rechazado,1
REC-002214,POL-000720,15/12/2024,2024-12-19,2024-12-24,Cirugía,Cali,Oficina,19,9,10359000,0,Rechazado  ,No
REC-001153,POL-004878,22/01/2023,23/01/2023,2023-02-13,Consulta especializada,Medellín,App,19,4,992000,961000,Aprobado,0
REC-002135,POL-005140,2022-09-12,2022-09-15,2022-10-13,Medicamentos,BOGOTA,App,14,6,3760000,3325000,Aprobado,0
REC-003059,POL-001920,2025/07/10,2025-07-10,2025-07-13,Consulta especializada,Bogotá,Oficina,11,7,1605000,1530000,Aprobado,0
REC-004247,POL-005370,17/04/2022,2022/04/19,2022-05-08,Hospitalización,Cali,app,16,2,5562000,5016000,APROBADO,0
REC-000662,POL-007685,08/05/2025,2025-05-11,28/05/2025,colisión,Cali,App,5,8,1411000,1335000,Aprobado,0
REC-000913,POL-002814,2025-06-19,2025-06-24,2025-06-27,Colisión,PEREIRA,Call center,12,5,9304000,8613000,Aprobado,0
REC-002644,POL-003918,2025-07-31,31/07/2025,2025-08-02,Inundación, Barranquilla ,App,17,5,3024000,0,Rechazado,0
REC-000376,POL-002785,2024-04-05,2024-04-11,14/04/2024,Hospitalización,Bogotá  ,App,15,4,3813000,3808000,Aprobado  ,false
REC-003075,POL-007029,03/07/2024,05/07/2024,20/07/2024,CIRUGIA,BARRANQUILLA,Call  center,11,5,2137000,1972000,APROBADO,0
REC-003350,POL-002208,2025-08-14,2025-08-14,,Daño a terceros, Barranquilla , Call center ,10,8,1752000,0,Rechazado,0
REC-003659,POL-006511,05/09/2025,2025/09/07,,robo,Bogotá,App,10,2,6358000,,En revisión,0
REC-002480,POL-002342,2025/02/15,22/02/2025,2025-03-01,Hospitalización,Medellin,app,7,6,1877000,1738000,Aprobado,N
REC-002158,POL-005112,2024-02-10,10/02/2024,2024/03/17,Robo,Bogotá,Oficina,16,7,4897000,4273000,Aprobado,0
REC-003446,POL-002206,2022-05-04,2022-05-06,2022-05-29,  Daño a terceros,CARTAGENA,Call center,11,7,4918000,4566000,Aprobado,0
REC-002514,POL-007532,2024-11-24,2024-11-26,2024-12-01,Colisión,Medellin,App,15,10,11253000,0,Rechazado,N
REC-000905,POL-001670,2024-07-31,2024-08-04,07/08/2024,Consulta especializada,Barranquilla,App,10,6,1258000,1204000, Aprobado ,0
REC-003778,POL-007484,2025-12-04,2025/12/05,,Daño a terceros,Bogotá,App,10,5,1311000,,En revisión,0
REC-000984,POL-007513,2023/02/07,2023-02-11,2023-02-15,Hospitalización,Medellín,App,16,3,923000,462000,Pagado parcial,0
REC-001589,POL-002147,28/03/2025,2025-04-08,,Vidrios,cartagena,App,12,4,3363000,0,RECHAZADO,0
REC-003052,POL-007339,2022-07-14,2022-07-16,2022/08/09,Hospitalización,Medellín  ,Oficina,23,5,6448000,5988000,Aprobado,0
REC-003597,POL-005347,2024-05-17,2024-05-27,29/05/2024,Medicamentos, Cali ,Corredor,9,,926000,923000,Aprobado,0
REC-003500,POL-003154,01/01/2024,2024-01-04,2024-01-22,Robo,Bogotá  ,App,15,3,1670000,1460000,Aprobado,0
REC-003735,POL-002713,2021/12/07,11/12/2021,2021/12/21,Colisión,Medellín,Oficina,12,8,,1436000,Pagado parcial,0
REC-002396,POL-001738,2022-09-21,2022/09/23,2022-09-26,  Cirugía,cali,Call center,18,8,7154000,0,Rechazado,0
REC-002924,POL-002598,2025-07-23,27/07/2025,2025-07-30,Colisión,Cúcuta,Call center,9,8,4789000,4325000,Aprobado,0
REC-002167,POL-003448,2025-01-29,30/01/2025,2025/02/15,Daños eléctricos,Bogotá,Call center,11,5,5485000,3471000,Pagado parcial,0
REC-002352,POL-008266,2024-02-03,05/02/2024,2024-04-02,Robo,Bogotá,Call center,13,2,5737000,0,Rechazado,1
REC-000804,POL-005932,14/05/2024,2024/06/13,2024-06-27,Vidrios,BOGOTA,Corredor,3,0,10614000,10194000,Aprobado,true
REC-000767,POL-006230,2025/11/23,27/11/2025,,Consulta  especializada,Manizales,corredor,17,6,10888000,,EN REVISIÓN,0
REC-003854,POL-005115,17/12/2024,2024-12-17,2024-12-24,Consulta especializada,  Barranquilla,Oficina,13,5,1025000,521000,PAGADO PARCIAL,0
REC-003430,POL-000359,2022-04-06,2022/04/09,17/04/2022,Hospitalización,Medellín,CALL CENTER,13,4,3693000,3252000,Aprobado,0
REC-000407,POL-004291,,2024/04/11,2024-04-16,Colisión,Manizales  ,Corredor,15,6,3201000,3048000,Aprobada,0
REC-002542,POL-006419,2024-12-14,18/12/2024,26/12/2024,Daño a terceros,Bucaramanga,Corredor,14,6,3193000,3158000,Autorizado,0
REC-000847,POL-001228,2024-08-19,2024-08-28,2024-08-30,Colision,,App,15,4,1667000,1546000,Aprobado,NO
REC-000895,POL-006157,2025/07/08,2025-08-13,19/09/2025,Vidrios,MEDELLÍN,Corredor,1,0,7732000,0,Rechazado,1
REC-002918,POL-003179,2025-07-09,11/07/2025,2025/07/15,Consulta especializada,Barranquilla,call center,20,4,2325000,2223000,Aprobado,0
REC-002165,POL-000926,21/11/2022,21/11/2022,2022/11/29,  Vidrios,BOGOTÁ,corredor,13,8,3295000,3168000,Aprobado,0
REC-000592,POL-005673,2025-02-14,2025/02/15,2025-02-21,daños eléctricos,Bucaramanga,App,18,6,7386000,6875000,APROBADO,0
REC-000728,POL-908400,2025/09/02,07/09/2025,2025-09-27,Daño  a  terceros,Barranquilla,App,17,4,5680000,5665000,Aprobado,0
REC-002453,POL-007681,2021/10/22,2021-10-27,2021-11-02,Hospitalización,Medellín,Call center,5,4,1198000,1148000,Aprobado,0
REC-002665,POL-007361,2023-07-12,INVALID_DATE,2023-07-19,Colisión,Bogotá,Oficina,18,10,4939000,4763000,APROBADO,0
REC-000438,POL-002034,2023/03/18,2023/03/19,2023/03/26, Consulta especializada ,Cali,App,14,2,1445000,0,rechazado,0
REC-002389,POL-000404,2023-12-04,10/12/2023,2023-12-29,Colisión,Bogotá,CORREDOR,5,6,2200000,1939000,Aprobado,0
REC-000989,POL-005943,18/07/2023,2023-07-21,24/07/2023,CIRUGÍA,Cali, Oficina ,10,1,6685000,5922000,Aprobado,0
REC-003736,POL-002611,2025-02-05,06/02/2025,2025/02/16,Consulta especializada,Bogotá  ,Call center,13,5,3969000,1895000,pagado parcial,0
REC-002606,POL-001620,2025-09-04,2025-09-13,2025/09/16,Vidrios,Medellín,Call center,19,5,10377000,9361000,Aprobado,0
REC-002363,POL-005755,31/08/2024,,,Inundación,Medellín,Oficina,17,4,6275000,5744000, Aprobado ,1
REC-002701,POL-002929,2025-02-15,2025-02-25,2025-04-21,Colisión,Bucaramanga,App,23,1,4484000,4168000,APROBADO,0
REC-003093,POL-002059,2024-07-26,2024/08/10,2024/09/15,DANO A TERCEROS,Medellín  ,Call center,20,8,3789000,1884000,PAGADO PARCIAL,0
REC-001111,POL-002956,2023-11-13,2023/11/14,23/11/2023,Consulta especializada,,App,7,2,1849000,964000,Pagado parcial,0
REC-001686,POL-001940,2024/10/28,,2024-11-17,Daños eléctricos,Bogotá,App,10,2,6637000,0,Rechazado,1
REC-002745,POL-006141,2025-01-24,24/01/2025,2025-01-26,Cirugía,Medellín,Call center,3,4,2955000,2606000,Aprobado,0
REC-002664, POL-006300 ,2023-02-11,2023/02/18,2023-02-21,Cirugia,BTA,Corredor,16,3,1471000,1269000,Aprobado,0
REC-001853,POL-003885,2024-04-11,03/05/2024,2024-05-09,Inundación,Bogotá,Oficina,12,3,3093000,2664000,Aprobado,N
REC-004167,POL-006382,2024/12/28,29/12/2024,2025-01-02,Consulta especializada,Bogotá,App,13,2,676000,253000,Pagado parcial,0
REC-001486,POL-005204,2024/10/25,2024-10-25,16/11/2024,COLISIÓN,Cartagena,Call center,18,8,1388000,1248000,Aprobado,0
REC-001431,POL-006463,2024/06/22,30/06/2024,2024/07/10,Robo,Bogotá D.C.,Corredor,16,3,,20856000,Aprobado,0
REC-000983,POL-007746,2022-05-17,2022-05-19,2022-05-23,medicamentos,MEDELLIN,App,16,7,2818000,1747000,  Pagado parcial,0
REC-003513,POL-007746,27/03/2022,2022-04-09,2022/04/20,Medicamentos,Medellín,Call center,9,0,2505000,1043000,Pagado parcial,1
REC-000618,POL-005638,19/08/2022,2022-08-27,2022-09-07,Medicamentos,Bogotá,App,15,,6244000,0,Denegado,0
REC-003685,POL-005636,14/09/2022,2022/09/16,18/09/2022,Inundación  ,Medellín,Call center,17,4,4615000,4177000,Aprobado,N
REC-001382,POL-006463,2024-11-11,2024-11-26,29/11/2024,Vidrios,Bogotá,App,9,4,5135000,4379000,Aprobado,0
REC-002356,POL-002127,20/09/2025,22/09/2025,03/10/2025,COLISION,Bogotá,App,15,7,3638000,3417000,Aprobado,false
REC-000043,POL-005700,2025-07-25,2025-07-28,2025-08-24,Inundación,BOGOTÁ,Oficina,11,1,2682000,2633000,Aprobado,0
REC-001644,POL-007274,2024-01-23,2024-01-26,2024/02/01,Vidrios,Pereira,Call center,14,6,1410000,1274000,Aprobado,0
REC-004106,POL-004110,2024/06/09,16/06/2024,2024-06-18,Daño a terceros,Pereira  ,Corredor,17,10,2701000,2340000,Aprobado,0
REC-001899,POL-002943,2025-02-26,2025-03-05,21/03/2025,Cirugía,Medellín,Call center,15,1,4007000,3899000,Aprobado,0
REC-001541,POL-003459,2025/11/28,2025/11/29,2025-12-07,Cirugía,Medellin,Corredor,15,,12567000,10978000,Aprobado,0
REC-001526,POL-006983,2025/12/18,18/12/2025,2025-12-31,COLISIÓN,Medellín,App,22,5,583000,537000,Aprobado,0
REC-001607,POL-006663,2025-04-05,2025-04-05,2025-04-25,Vidrios,Bogotá,Oficina,7,3,1138000,0,Rechazado,N
REC-001517,POL-007368,21/02/2024,,2024-03-24,Medicamentos,Cali,Call center,17,2,2443000,2201000,aprobado,0
REC-002889,POL-007149,2022/10/03,05/10/2022,2022-10-08,Medicamentos,Cartagena,App,14,4,1284000,1114000,Aprobado,0
REC-001412,POL-004772,15/06/2024,2024-06-17,2024/06/23,Colisión,Bogotá,CORREDOR,14,3,7100000,7072000,Aprobado,0
REC-001263,POL-006913,2023-11-16,2023-11-16,2023-11-22,Vidrios,PEREIRA,Oficina,13,7,2503000,2436000,Aprobado,
REC-000918,POL-002882,2021-05-03,2021-05-03,2021-05-09,Cirugía,Medellín,App,16,3,10149000,9048000,Aprobado,NO
REC-003402,POL-001719,2025-06-30,2025/07/06,2025/07/27,Consulta especializada,Bogotá,Call center,12,6,3013000,2586000,  Aprobado,0
REC-000393,POL-008078,2025-05-15,2025-05-17,2025-05-26,VIDRIOS,Bogotá,Oficina,13,,6726000,5780000,Aprobado,0
REC-001891,POL-005938,2025/09/26,2025-09-29,2025-10-18,incapacidad,Barranquilla,Call center,14,5,20644000,17600000,Aprobado,0
REC-003937,POL-002293,22/07/2025,2025/07/25,2025-08-03,Medicamentos,Bogotá,App,8,7,3367000,2967000,Aprobado,0
REC-001392,POL-004038,2023-07-08,,2023-07-14,Daño a terceros,Medellín  ,Call center,20,3,4273000,0,RECHAZADO,0
REC-003844,POL-005696,2023-12-03,23/12/2023,2024-01-02,Medicamentos,MEDELLIN,Corredor,10,1,12467000,7168000,Pagado parcial,1
REC-000257,POL-005474,2025/03/14,15/03/2025,2025-03-20,Hospitalización,Barranquilla,Corredor,12,5,2297000,2079000,Aprobado,0
REC-003035,POL-001906,29/09/2024,2024-09-29,2024-11-03,Medicamentos,Barranquilla, App ,11,6,5249000,5167000,Aprobado,0
REC-003935,POL-006961,2025-06-12,12/06/2025,2025-06-28,Hospitalización,Cartagena,OFICINA,15,4,3523000,3510000,Aprobado,0
REC-001669,POL-001458,2024/01/15,2024-01-15,2024-03-26,Fallecimiento  ,Cali,App,12,6,49163000,44728000,Aprobado,0
REC-000693,POL-005422,2025-05-21,25/05/2025,2025-05-30,Daño a terceros,Bucaramanga,Call center,12,4,4414000,4294000,APROBADO,NO
REC-000012,POL-002586,2023/12/22,2023/12/28,2023-12-30, Consulta especializada ,BUCARAMANGA,Call center,12,8,2939000,2558000,Aprobado,0
REC-000378,POL-003164,2024/08/01,2024-08-04,12/08/2024,Daño a terceros,Pereira,App,20,7,758000,645000,Aprobado,0
REC-003260,POL-004448,27/08/2023,2023-08-27,2023-09-03,Medicamentos,Bogotá,Oficina,20,4,3083000,2959000,Aprobado,0
REC-000160,POL-005128,2024-09-06,2024-09-08,29/09/2024,Consulta especializada,Medellín,Oficina,13,9,2362000,2194000,Aprobado,No
REC-000426,POL-003501,2022-01-07,10/01/2022,INVALID_DATE,Consulta especializada,Cali,CORREDOR,17,9,2298000,0,Rechazado,0
REC-002456,POL-008167,2023-08-12,17/08/2023,2023/09/08,Daño a terceros,Bogotá D.C.,Call center,1,3,5317000,5235000,APROBADO,1
REC-000888,POL-002181,2024-10-08,2024-10-08,2024/10/18,Robo,Barranquilla,Oficina,16,7,38707000,33536000,Aprobado,0
REC-001106,POL-004334,03/11/2023,2023-11-03,07/12/2023,Colisión,B/manga,Call center,13,5,3181000,2926000,Aprobado,0
REC-002810,POL-005178,23/09/2024,02/10/2024,2024/10/30,Cirugía,Bogotá,Corredor,10,1,18241000,7068000,Pagado parcial,1
REC-001843,POL-006533,21/07/2025,2025/07/23,2025/09/01,VIDRIOS,Santa Marta,App,13,4,4188000,0,Rechazado,0
REC-001098,POL-002330,02/10/2023,2023-10-05,2023/10/13,Colisión,Barranquilla,Oficina,9,2,3576000,3525000,Aprobado  ,0
REC-003410,POL-007846,,2025-11-12,30/11/2025,Cirugía,Medellín,Corredor,17,3,20678000,18063000,Aprobado,0
REC-002616,POL-002437,2021/08/12,2021-09-06,2021-11-18,Colisión,,Call center,17,4,9369000,0,Rechazado,1
REC-002320,POL-005318,2023-06-05,2023/06/11,2023/06/14,Incendio,Bogotá,Call center,8,6,136551000,121094000,Aprobado  ,0
REC-002805,POL-006584,2024/02/08,2024-02-11,2024-03-06,Consulta especializada,Cartagena,Call center,14,8,599000,531000,Aprobado,0
REC-004217,POL-000419,2025-07-19,25/07/2025,2025-07-28,Colisión,Santa Marta  ,Corredor,9,9,3486000,3245000, Aprobado ,NO
REC-001929,POL-008079,2024/07/25,26/07/2024,INVALID_DATE,  Incapacidad,Cúcuta,Oficina,11,2,32476000,30587000,Aprobado,0
REC-002414,POL-007010,,23/03/2025,2025-04-01,Daños eléctricos,,Oficina,14,8,4171000,3593000,  Aprobada,0
REC-001755,POL-002061,2022-04-14,2022/04/22,30/04/2022,Hospitalización,Medellín,oficina,12,7,2555000,2537000,Autorizado,0
REC-002077,POL-002285,2024-02-02,03/02/2024,2024/02/16,Cirugía,Bogota DC,Call center,11,2,2112000,1819000,Aprobado,0
REC-002018,POL-004549,2025-02-28,2025/03/02,INVALID_DATE,Consulta especializada,Medellín,Call center,20,5,2436000,0,Rechazado,0
REC-004042,POL-002263,2022/11/22,,02/12/2022,Colisión,Cali,Oficina,17,6,5232000,5082000,Aprobado,0
REC-003901,POL-002447,12/10/2025,2025-10-13,2025-11-05, Robo ,Medellín,Call center,15,2,5516000,2854000,Pagado parcial,0
REC-001352,POL-005595,2025/08/15,18/08/2025,2025-09-26,Consulta especializada,Bogotá,App,17,6,6337000,5438000, Aprobado ,0
REC-003214,POL-004499,2024-05-11,2024-05-11,2024-05-25, Medicamentos ,Pereira,Oficina,17,8,867000,772000,Aprobado,0
REC-002547,POL-004114,2022-02-22,2022-02-26,28/02/2022,Danos electricos,Pereira,OFICINA,9,3,2340000,2004000,Aprobado,NO
REC-001380,POL-002939,2025-11-09,2025-11-10,,Robo,Bogotá,CALL CENTER,5,4,36057000,,En  revisión,0
REC-001444,POL-007467,2024-03-07,2024/03/15,2024-03-24,Daño a terceros,Medellín,Call center,15,3,3638000,0,Rechazado,0
REC-000870,POL-003003,2024-09-04,2024-09-07,2024-09-11,DAÑO A TERCEROS, Bogotá ,Oficina,14,5,7149000,0,Rechazado,0
REC-004117,POL-004734,04/08/2025,2025/08/06,2025-08-16,Colisión, Bogotá ,App,15,7,,1124000,Pagado parcial,0
REC-003175,POL-007657,01/08/2024,2024-08-04,2024-09-16,Daño a terceros,  Manizales,Call center,18,8,5012000,0,rechazado,0
REC-002295,POL-007200,2024-07-11,2024-07-29,09/08/2024,Consulta especializada,,Oficina,21,7,1059000,1054000,Aprobado,0
REC-004228,POL-001284,27/02/2025,2025-02-27,2025-03-12, Colisión ,MANIZALES,Oficina,13,4,3094000,2819000,Aprobado,0
REC-003185,POL-000611,12/08/2021,2021-08-22,2021-08-28,Consulta especializada,Barranquilla,Call center,8,,,713000,Aprobado,0
REC-002257,POL-007722,2022/02/06,2022-02-11,15/02/2022,Hospitalización,BUCARAMANGA,Call center,6,7,7890000,7218000,Aprobado,0
REC-003651,POL-001753,2022-05-01,02/05/2022,06/05/2022, Colisión ,Medellín,Corredor,11,5,,1887000,Aprobado,0
REC-003592,POL-003024,15/11/2024,2024-11-21,2024/11/23,daño a terceros,Bogotá,Oficina,8,6,8491000,7958000,Aprobado,No
REC-002486,POL-003796,2024/02/14,15/02/2024,2024-02-21,Medicamentos,Bogotá,Oficina,16,6,1234000,1107000,Aprobado,0
REC-001238,POL-007187,17/10/2021,2021-10-22,2021-10-29,Medicamentos,Bogota, App ,11,6,2277000,2217000,Aprobado  ,0
REC-002826,POL-005339,2025/04/07,2025-04-15,2025/04/17,Medicamentos,Medellín,App,12,4,1197000,1162000,aprobado,0
REC-003599,POL-000622,2024-12-06,08/12/2024,2024-12-11,Medicamentos,Bogotá,App,16,2,1147000,352000, Pagado parcial ,
REC-002316,POL-000857,2025-03-30,2025/03/30,2025-04-27,Hospitalización,Medellín,Oficina,9,7,16328000,15250000,Aprobado,0
REC-000858,POL-006534,2022-05-17,2022/05/22,01/06/2022,Colisión,Cúcuta,App,14,5,,0,Rechazado,0
REC-000708,POL-003402,05/11/2025,2025/11/17,,VIDRIOS,Medellín,App,6,5,1996000,,En revisión,0
REC-003277,POL-007047,08/10/2022,25/11/2023,26/03/2024,Daño a terceros,Medellín,Call center,22,2,7937000,,Rechazado,1
REC-000204,POL-008085,2024/02/16,23/02/2024,2024-02-26,Medicamentos,Cali,App,23,10,3696000,3171000,Aprobado,0
REC-000330,POL-008021,2025-03-18,22/03/2025,2025-03-27,Consulta especializada,Barranquilla,App,12,7,4705000,4148000,Aprobado,false
REC-003194,POL-004653,2022/09/27,27/09/2022,10/10/2022,Colisión,Bogotá,Oficina,17,6,4556000,4467000,APROBADO,0
REC-001441,POL-007144,2025-04-08,2025-04-08,09/05/2025,Daño a terceros,Medellín (Antioquia),Oficina,22,10,6871000,6263000,Aprobado,0
REC-003217,POL-008030,2024-03-16,INVALID_DATE,2024-03-24,COLISION,Bogotá,  Corredor,15,2,1582000,1469000,Autorizado  ,0
REC-003557,POL-002382,2025/04/26,29/04/2025,2025-05-09, Hospitalización ,Medellín,App,12,4,2075000,1884000,APROBADO,0
REC-001442,POL-000818,2025-07-11,2025-07-18,2025/07/20,Colisión,Medellín (Antioquia),App,17,2,1595000,1572000,Aprobado,0
REC-003184,POL-002930,2025/04/08,2025/04/08,2025-04-13,Consulta especializada, Manizales , Corredor ,18,7,1392000,0,Rechazado,0
REC-003222,POL-003061,2024-04-30,2024-05-10,2024/05/16,Cirugía,Bucaramanga,Oficina,20,4,28068000,27044000,Aprobado,0
REC-000800,POL-000780,2022-11-21,24/11/2022,2022-12-08,Incapacidad,Bucaramanga,Corredor,13,8,101892000,91417000,Aprobado,0
REC-002629,POL-005614,2024/05/09,11/05/2024,2024-05-18,Cirugía,Bogotá,Call center,17,2,3546000,3055000,Aprobado,0
REC-001210,POL-002664,2024-10-13,2024-10-14,2024/10/26,Hospitalización,Bogotá,CALL CENTER,19,3,2859000,2738000,Aprobado,0
REC-003781,POL-007483,14/12/2024,2024/12/18,2025-01-02,colisión,Bogotá,Call  center,18,1,5269000,5163000,Aprobado,0
REC-001848,POL-008309,2024-07-12,2024-07-12,18/10/2024,consulta especializada,Bogotá  ,Call center,16,4,2380000,2054000,Aprobado,0
REC-000720,POL-006263,02/02/2025,2025-02-04,2025/02/13,MEDICAMENTOS,Cali,App,12,4,3037000,0,Rechazado,0
REC-004017,POL-004779,2022-11-25,2022-11-26,2023-01-02,Hospitalización,barranquilla,Oficina,19,7,3897000,3578000,Aprobado,0
REC-003182,POL-008003,04/09/2021,12/09/2021,2021/09/29,Consulta especializada,Medellín,App,14,1,2690000,2451000,Aprobado,No
REC-001202,POL-003529,06/03/2023,2023/03/06,26/04/2023,Cirugía,Pereira,Call center,15,10,9963000,9557000,aprobado,0
REC-004000,POL-005174,2024-09-03,2024/09/06,2024-10-03,Consulta especializada,Bogotá,Call center,11,2,5218000,5031000,Aprobado,1
REC-000080,POL-005119,2021-11-06,2021-11-06,10/11/2021,  Daño a terceros,Bogota,App,13,4,3073000,2621000,Aprobado,0
REC-004179,POL-005262,17/11/2024,2024-11-18,29/11/2024,Medicamentos,Bogotá,Oficina,12,1,,4992000,Aprobado,0
REC-001888,POL-005168,2024-09-28,28/09/2024,2024-09-30,Hospitalización,Medellín,App,22,8,3104000,0,Rechazado,0
REC-001512,POL-001271,2024-09-29,2024/10/03,2024/10/05,Daños eléctricos,Bogotá,Corredor,17,3,10430000,9552000,Aprobado,0
REC-001243,POL-004403,2024-04-30,2024-05-03,10/05/2024,CONSULTA ESPECIALIZADA,Bogotá,Call center  ,9,10,639000,638000,Aprobado,No
REC-001205,POL-004146,26/06/2023,2023-06-28,2023-07-03,Hospitalización,  Pereira,Call center,20,3,1775000,1596000,Aprobado,0
REC-001123,POL-006920,2025-04-07,2025-04-09,2025-04-23,Robo,Barranquilla,Corredor,16,7,,28477000,Aprobado,false
REC-003064,POL-003119,2024-05-19,2024/05/19,31/05/2024,Medicamentos,Manizales,Corredor,11,6,1948000,0,Rechazado,0
REC-001112,POL-004091,2024-10-01,2024/10/08,26/10/2024,Vidrios,Santa Marta,Call center,22,1,1991000,1166000,Pagado parcial,1
REC-001480,POL-006509,2025-11-01,2025-11-01,,vidrios,Manizales,Oficina,19,9,7101000,,En revisión,0
REC-003109,POL-002113,31/05/2025,2025-06-10,2025-06-13,Cirugía,Medellin,Oficina,22,5,5638000,4916000,Aprobado,0
REC-004027,POL-003005,2024-12-28,2024/12/29,01/01/2025,Daño a terceros,Bogotá,Call center,19,6,11147000,9522000,Aprobado,0
REC-001494,POL-007370,2023-09-18,18/09/2023,22/09/2023,Hospitalización,Bogotá,APP,16,8,5681000,5365000,Aprobado,0
REC-003450,POL-002506,INVALID_DATE,13/03/2023,29/03/2023,Colisión,BOGOTÁ,  App,11,6,1500000,1479000,APROBADO,No
REC-004284,POL-002822,2025-09-11,2025/09/13,,Robo,Bogotá,  Call center,18,4,4866000,,En revisión,0
REC-003388,POL-006833,2025-09-06,07/09/2025,2025-09-10,Medicamentos,Pereira,Call center,14,3,426000,391000,Aprobado,0
REC-004283,POL-001667,2024/02/18,18/02/2024,12/03/2024,Robo,  Cartagena,App,16,,33966000,32705000,Aprobado,0
REC-001099,POL-004720,2022-01-02,2022-01-02,,Medicamentos,Medellín,App,16,5,1417000,0,Rechazado,0
REC-003508,POL-004522,2025-08-12,2025/08/14,2025-08-21,Vidrios, Bogotá ,Oficina,9,7,762000,742000,Aprobado,0
REC-003463,POL-001674,2023-11-08,2023-11-08,17/11/2023,Consulta especializada, Bogotá ,APP,12,10,2786000,2649000,Aprobado,0
REC-003675,POL-001531,2022-11-09,2022-11-09,2022-11-11,Daños eléctricos,Medellin,Call center,5,6,3634000,0,Rechazado,0
REC-002800,POL-005985,2024-11-16,20/11/2024,28/11/2024,Daño a terceros, Medellin ,Corredor,9,3,4716000,4394000,Aprobado  ,0
REC-002907,POL-001566,2025-09-05,2025-09-05,29/10/2025,Daño a terceros,Medellín,App,20,8,989000,0, Rechazado ,0
REC-001739,POL-008314,INVALID_DATE,2022/05/26,2022-06-03,Consulta especializada,Cali,App,10,10,3345000,2876000,Aprobado,0
REC-003558,POL-008153,21/12/2022,28/01/2024,03/02/2024,Colisión,Medellín,Corredor,16,5,3926000,0,Rechazado,0
REC-001373,POL-002257,02/08/2025,2025/08/03,2025-09-03,Daños eléctricos,Bogotá,App,15,6,1478000,1451000,APROBADO,0
REC-004181,POL-001660,07/03/2025,07/03/2025,2025/03/09,Cirugía,Bogotá,Call center,13,10,4403000,1421000,pagado parcial,0
REC-003340,POL-008184,28/06/2025,2025-07-03,2025-07-10,Vidrios,Bogotá,Call center,15,6,5930000,5194000,Aprobado,0
REC-002004,POL-007135,2025/02/17,2025-02-24,2025/03/06,Daños eléctricos,Cali,App,12,4,7406000,17258283,Pagado parcial,0
REC-003348,POL-007097,07/03/2023,2023-03-07,2023-03-11,vidrios,  Bogotá, Corredor ,23,2,1689000,1632000,Aprobado,0
REC-000288,POL-002280,2025/06/03,2025-06-03,2025-06-07,Daño a terceros  ,Cali,App,16,4,3059000,1898000,Pago parcial,0
REC-002940,POL-003691,2024-01-26,2024-02-01,2024-02-29,Medicamentos,Bogotá,App,23,3,1981000,1971000,  Aprobado,0
REC-001571,POL-008098,28/09/2023,2023/10/06,11/10/2023,Daños eléctricos,  Bogotá D.C.,App,11,3,3693000,1207000,Pagado parcial,0
REC-003539,POL-000035,27/04/2025,29/04/2025,11/05/2025,  Colisión,Bogotá,Corredor,10,4,2523000,2182000,Aprobado,false
REC-001810,POL-004999,02/01/2025,2025/01/09,2025-01-16,Colisión,Cartagena,Call center,11,7,4266000,3657000,APROBADO,0
REC-003824,POL-005124,2025/04/12,2025-04-12,2025-04-23,Vidrios,  Pereira,Corredor,16,5,5229000,5004000,Aprobado,0
REC-004172,POL-004665,26/06/2022,2022-06-27,15/07/2022, Hospitalización ,medellin,App,17,1,3584000,2293000,Pagado parcial,No
REC-004041,POL-000349,2023-03-24,2023-03-30,2023/04/10,Fallecimiento,Bta,Call center,21,10,89373000,86603000,Aprobado,NO
REC-002307,POL-005948,27/05/2025,2025/06/01,2025-06-20,Colisión,Manizales,App,12,9,1807000,1672000,Aprobado,0
REC-003536,POL-002540,2022-11-07,2022-11-07,2022/12/06,Medicamentos,Bta,app,12,1,4066000,3732000,Aprobado,0
REC-003998,POL-007981,2021/11/20,22/11/2021,2021-12-13,Daño a terceros,BOGOTÁ,Oficina,9,9,3362000,0,Rechazado,0
REC-003284,POL-007918,2025-07-27,2025-08-28,10/09/2025,Colisión,Cúcuta,Corredor,2,0,2889000,0,Rechazado,1
REC-003322,POL-004651,2023/06/25,2023-07-04,2023-07-07,Daño a terceros,Bogotá,Oficina,12,,5342000,4677000,Aprobado,0
REC-002724,POL-006860,2024-09-23,2024-09-23,2024/10/15,Medicamentos,Cali,  App,19,2,2991000,2635000,Aprobado,0
REC-000822,POL-007402,04/06/2022,06/06/2022,2022/06/13,Cirugía,Cúcuta,Corredor,18,10,2642000,2390000,Aprobado,0
REC-002339,POL-005389,12/11/2024,2024/11/15,20/11/2024,Consulta especializada,Barranquilla,APP,20,3,1759000,869000,Pagado parcial,0
REC-002859,POL-002762,2022-03-27,2022-03-29,22/04/2022,Medicamentos,Bogotá,App,23,8,1392000,1295000,aprobado,0
REC-002539,POL-005270,,2021-11-07,2021/11/11,Daño a terceros,Bogotá,App,23,2,3591000,0,Rechazado,0
REC-000152,POL-003662,2022-09-04,2022-09-07,2022/09/10,Daños eléctricos,  Barranquilla,Corredor,16,6,4152000,3923000,Aprobado,N
REC-003594,POL-007264,2024/05/19,2024/05/23,2024-06-21,INUNDACION,Bogota,Oficina,0,1,12687000,11597000,APROBADA,1
REC-000023,POL-003157,07/11/2022,2022-11-19,2022-11-23,ENFERMEDAD GRAVE,Manizales,App,21,7,24336000,0,Rechazado,0
REC-004067,POL-000054,2021-11-27,27/11/2021,2021/12/23, Robo , Bogotá ,Corredor,14,5,5354000,5301000,Aprobado,0
REC-001368,POL-003860,2025/05/15,2025-06-26,2025/07/12,  Colisión,B/quilla  ,Call center,14,5,9097000,8711000,Aprobado,1
REC-001834,POL-008049,2025/11/25,2025-11-28,19/12/2025,  Consulta especializada,Barranquilla,Oficina,13,4,1237000,1129000,Aprobado,0
REC-003548,POL-005844,2022-09-27,,2022/10/14,Cirugía,Medellín,Corredor,9,6,5425000,4880000,Aprobado  ,0
REC-002220,POL-003216,2023-12-30,2023/12/31,2024-01-05,Colisión,Cúcuta,App,21,4,5918000,5230000,Aprobado,0
REC-002014,POL-001612,08/08/2023,08/08/2023,2023-09-05,Consulta especializada,Bogotá,App,15,7,1192000,1081000,Aprobado,0
REC-001081,POL-002361,19/08/2022,19/08/2022,29/08/2022,Medicamentos,CUCUTA,App,9,6,3612000,3347000, Aprobado ,0
REC-002279,POL-003631,2025-04-26,2025/04/26,2025-05-08,Cirugía,Manizales,App  ,8,7,14220000,13674000,Aprobado,0
REC-004135,POL-002033,2021/07/26,27/07/2021,2021/08/01,Danos electricos,Santa Marta,App,9,8,2323000,2202000,Aprobado,0
REC-002423,POL-000922,2025-07-27,2025-07-27,2025/08/13,Robo,Medellín,App  ,10,5,16838000,16479000,Aprobado,0
REC-003890,POL-002813,2024-05-02,08/05/2024,2024-05-14,Cirugía,  Bogotá,Call center,8,8,24955000,0,Rechazado,0
REC-003444,POL-005236,2024-07-06,10/07/2024,2024-07-13,Cirugía,Bucaramanga,Oficina,15,5,8868000,8251000,Aprobado,0
REC-001773,POL-006145,2025/10/15,,2025-10-22,Consulta especializada,medellín,App,10,,7615000,4685000,Pagado parcial,0
REC-003905,POL-000719,2023/02/03,03/02/2023,2023-02-06,robo,Bogotá  ,Oficina,18,5,40222000,35603000,Aprobado,0
REC-003888,POL-007757,19/09/2025,2025-09-24,,MEDICAMENTOS,Bogotá,App,5,2,9966000,,En revisión,1
REC-002818,POL-004221,2024-07-29,2024/07/30,11/08/2024,Robo,Cúcuta,App,22,7,15669000,14723000,Aprobado,NO
REC-002245,POL-000533,2024-06-22,2024/06/25,29/06/2024,  Consulta especializada,Bogotá,Oficina,6,,3250000,2964000,Aprobado,NO
REC-003288,POL-004184,2021-07-10,2021-07-11,2021-07-24,  Colisión,Bogota,App,17,3,2236000,2065000,Aprobado,No
REC-003163,POL-008114,2025/07/06,2025/07/06,2025/07/15,Colisión,B/MANGA,Call center,13,10,1161000,1097000,Aprobado,false
REC-001290,POL-003735,2023-01-31,2023-02-02,INVALID_DATE,Colisión,Bucaramanga,Call center,14,6,2631000,0,Rechazado,0
REC-000603,POL-002476,2024-01-22,27/01/2024,2024-02-03, Colisión ,Cúcuta,Call center,12,4,,7735000,pagado parcial,NO
REC-002141,POL-005334,23/10/2024,2024-10-23,2024-11-23,Hospitalización,Cúcuta,Call center,9,5,5494000,4870000,Aprobado  ,0
REC-003434,POL-003043,22/10/2022,2022-10-26,2022/10/29,Consulta especializada,Medellín,Oficina,9,5,2550000,2296000,aprobado,0
REC-004261,POL-001800,,2025-07-19,2025-07-29,Vidrios,Bogotá,Corredor,21,6,9652000,8734000,Aprobado,0
REC-001301,POL-007759,06/09/2023,2023/09/06,2023-09-09,Hospitalización,Barranquilla,Call center,13,7,7604000,4863000,pagado parcial,0
REC-003000,POL-003844,2024/04/29,30/04/2024,2024-05-02,Robo,Manizales,Corredor,20,9,19950000,18942000,Aprobado,0
REC-000703,POL-006114,26/12/2024,28/12/2024,15/01/2025,Colisión,BOGOTA,App,21,1,9162000,6313000,Pagado parcial,1
REC-003602,POL-003939,2025-06-29,2025/07/12,2025-08-22,Colisión,BOGOTÁ,CALL CENTER,13,5,3891000,2134000,Pagado parcial,0
REC-001135,POL-001745,16/04/2024,2024-04-19,2024-04-27,Hospitalización,,Call center,9,2,3220000,1133000,Pagado  parcial,0
REC-003666,POL-002665,10/09/2025,2025-09-16,17/10/2025,Colision,Barranquilla,App,20,6,635900000,6072000,Aprobado,0
REC-001215,POL-000498,2022/07/20,2022-07-20,2022-08-07,Inundación,Barranquilla,App,22,6,5916000,5319000,APROBADO,0
REC-000811,POL-004317,2024-07-31,2024-08-08,2024-08-13,colisión,Medellín,  App,10,7,2362000,1020000,Pagado parcial,0
REC-001946,POL-005019,2022/09/19,2022-09-19,2022-10-14,Colisión,Medellín,Oficina,10,3,6553000,5842000,Aprobado,0
REC-002140,POL-000684,2024-10-14,2024-10-15,2024-10-22,INUNDACIÓN,Medellín,Call center,18,10,3633000,3391000,Aprobado,0
REC-001036,POL-000544,2024-07-22,2024-08-02,2024-09-25,Consulta especializada,Bogotá,App,18,6,1150000,979000,Aprobado,N
REC-000210,POL-006238,2025/07/13,2025-07-14,2025/07/31,Colisión,Bogotá,Call center  ,13,3,3264000,1382000,Pago parcial  ,0
REC-003985,POL-001510,2023-03-01,2023-03-02,2023-03-13,Daño a terceros,Pereira,Corredor,15,10,,6175000,Aprobado,0
REC-000042,POL-002897,2023-08-21,25/08/2023,02/10/2023,Daños eléctricos,CALI,Call center,12,4,1906000,1670000,APROBADO,0
REC-002311,POL-001997,2023-06-30,2023/07/03,13/07/2023,Enfermedad grave,Santa Marta,Corredor,10,5,,142372000,Aprobado,0
REC-002477,POL-003923,2025-05-08,24/05/2025,09/06/2025,Medicamentos,Bogota,Corredor,18,8,6580000,6403000,Aprobado,0
REC-003091,POL-002610,,30/11/2025,,Consulta especializada,Bogotá,Call center,14,6,1825000,,En revisión,0
REC-002360,POL-001607,28/11/2024,2024-12-04,2025-01-05,HOSPITALIZACIÓN,Manizales,Call center,15,9,3160000,2977000,Aprobado,0
REC-003931,POL-006429,02/04/2022,06/04/2022,2022-04-10,colisión,  Cúcuta,Call center,15,3,2431000,2417000,APROBADO,0
REC-000206,POL-001665,2024-05-05,2024-05-26,2024/06/24, Colisión ,Cali,Oficina,18,2,17204000,0,rechazado,1
REC-003253,POL-007099,19/08/2022,2022-08-21,2022-08-27,Medicamentos,  Bogotá,App,16,9,626000,422000,Pagado parcial,0
REC-000750,POL-002900,2025/06/07,2025-06-09,2025-06-18,Colisión,Cúcuta,App,17,3,22046000,11554000,Pago parcial,0
REC-002498,POL-002825,2024-11-29,2024-11-29,02/12/2024,  Daño a terceros,Cali,App,14,7,7593000,6709000, Aprobado ,0
REC-002641,POL-006074,09/04/2022,15/04/2022,10/05/2022,Inundación,Bogotá,APP,8,6,3591000,,Rechazado,0
REC-001103,POL-006866,2021-07-10,2022-08-16,2022-08-23,colisión,,Call center  ,12,6,4149000,3741000,Aprobado,0
REC-000358,POL-005138,13/02/2025,14/02/2025,2025-02-19,Consulta especializada,Manizales,Oficina,17,3,1647000,1641000,Aprobado,0
